year,month,date,time,accident_type,day,hit_run,light_condition,severity,speed_zone,longitude,latitude,node_type,lga,state_div,total_persons,fatality,males,females,passengers,old_driver,young_driver,alcohol
2018,January,12/1/18,09.40.00,Collision with vehicle,Thursday,No,Day,Other injury accident,50 km/hr,144.32459,-38.31494,Intersection,SURF COAST,Country,2,0,2,0,0,0,1,No
2018,January,12/1/18,14.18.00,Collision with vehicle,Friday,No,Day,Other injury accident,70 km/hr,144.86507,-37.78129,Non-Intersection,MARIBYRNONG,Metro,3,0,1,2,0,0,2,No
2018,January,12/1/18,14.40.00,Collision with object,Friday,No,Day,Other injury accident,70 km/hr,145.04451,-37.71425,Non-Intersection,DAREBIN,Metro,2,0,2,0,1,0,1,No
2018,January,12/1/18,14.45.00,Collision with object,Friday,No,Day,Serious injury accident,60 km/hr,145.95464,-38.0209,Non-Intersection,BAW BAW,Country,1,0,1,0,0,0,0,No
2018,January,12/1/18,10.12.00,Collision with vehicle,Friday,No,Day,Other injury accident,60 km/hr,145.2434,-37.96697,Intersection,CASEY,Metro,3,0,3,0,1,0,0,No
2018,January,12/1/18,15.15.00,Collision with object,Friday,No,Day,Serious injury accident,100 km/hr,145.74963,-38.34267,Non-Intersection,SOUTH GIPPSLAND,Country,2,0,1,1,1,0,0,No
2018,January,12/1/18,15.00.00,Collision with vehicle,Thursday,No,Day,Other injury accident,50 km/hr,144.7253,-37.87191,Intersection,WYNDHAM,Metro,3,0,2,1,1,0,0,No
2018,January,12/1/18,16.40.00,Collision with vehicle,Friday,No,Day,Other injury accident,80 km/hr,145.12505,-37.91307,Intersection,MONASH,Metro,4,0,2,2,2,0,1,No
2018,January,12/1/18,16.45.00,Struck pedestrian,Friday,No,Day,Other injury accident,40 km/hr,144.95988,-37.80711,Intersection,MELBOURNE,Metro,2,0,1,1,0,0,0,No
2018,January,12/1/18,17.20.00,No collision and no object struck,Friday,No,Day,Other injury accident,50 km/hr,145.07917,-37.71197,Non-Intersection,BANYULE,Metro,3,0,1,2,0,0,0,No
2018,January,12/1/18,17.36.00,Collision with object,Friday,No,Day,Other injury accident,80 km/hr,145.46978,-37.94497,Non-Intersection,CARDINIA,Metro,1,0,0,1,0,0,1,No
2018,January,12/1/18,14.40.00,Collision with vehicle,Friday,No,Day,Other injury accident,50 km/hr,145.0228,-37.72385,Non-Intersection,DAREBIN,Metro,2,0,1,1,0,0,0,No
2018,January,12/1/18,16.15.00,Collision with object,Friday,No,Day,Other injury accident,100 km/hr,144.365,-38.04886,Non-Intersection,GEELONG,Country,2,0,2,0,0,0,0,No
2018,January,12/1/18,13.40.00,Collision with vehicle,Friday,No,Day,Other injury accident,80 km/hr,144.84972,-38.39644,Non-Intersection,MORNINGTON PENINSULA,Metro,6,0,2,3,3,0,0,No
2018,January,12/1/18,16.49.00,Collision with object,Thursday,No,Day,Serious injury accident,60 km/hr,144.93479,-37.80491,Non-Intersection,MELBOURNE,Metro,1,0,1,0,0,0,0,No
2018,January,12/1/18,21.35.00,Collision with object,Friday,No,Dark,Other injury accident,60 km/hr,145.11895,-37.91364,Non-Intersection,MONASH,Metro,1,0,1,0,0,0,1,No
2018,January,12/1/18,13.45.00,Collision with vehicle,Friday,No,Day,Other injury accident,80 km/hr,145.18099,-37.92145,Intersection,MONASH,Metro,4,0,3,1,0,1,1,No
2018,January,12/1/18,09.30.00,Collision with vehicle,Friday,No,Day,Other injury accident,80 km/hr,145.07918,-37.88761,Non-Intersection,MONASH,Metro,2,0,1,0,0,0,0,No
2018,January,12/1/18,17.45.00,Collision with object,Thursday,No,Day,Other injury accident,100 km/hr,143.49133,-38.80121,Non-Intersection,COLAC OTWAY,Country,4,0,1,3,3,0,1,No
2018,January,12/1/18,17.30.00,Collision with vehicle,Friday,No,Day,Other injury accident,60 km/hr,145.32456,-38.07313,Intersection,CASEY,Metro,3,0,2,1,1,0,0,No
2018,January,12/1/18,21.30.00,No collision and no object struck,Friday,No,Dark,Serious injury accident,100 km/hr,145.75795,-37.97207,Non-Intersection,BAW BAW,Country,1,0,1,0,0,0,0,No
2018,January,12/1/18,09.00.00,Collision with object,Friday,No,Day,Other injury accident,80 km/hr,145.20555,-38.1998,Non-Intersection,FRANKSTON,Metro,1,0,1,0,0,0,0,No
2018,January,12/1/18,01.52.00,Collision with object,Friday,No,Dark,Other injury accident,60 km/hr,145.28558,-37.79917,Non-Intersection,MAROONDAH,Metro,1,0,1,0,0,0,1,No
2018,January,12/1/18,14.20.00,Collision with vehicle,Friday,No,Day,Other injury accident,40 km/hr,144.95756,-37.82036,Intersection,MELBOURNE,Metro,3,0,2,1,1,0,0,No
2018,January,12/1/18,18.20.00,Collision with vehicle,Friday,No,Unk.,Other injury accident,50 km/hr,144.92797,-37.76287,Intersection,MOONEE VALLEY,Metro,2,0,1,1,0,0,0,No
2018,January,12/1/18,00.45.00,Vehicle overturned,Friday,No,Dark,Serious injury accident,100 km/hr,142.91901,-38.57858,Non-Intersection,CORANGAMITE,Country,2,0,2,0,1,0,1,No
2018,January,12/1/18,05.45.00,Collision with vehicle,Friday,No,Dusk/Dawn,Other injury accident,60 km/hr,144.82693,-37.78798,Intersection,BRIMBANK,Metro,2,0,2,0,0,0,0,No
2018,January,12/1/18,06.45.00,Struck animal,Friday,No,Day,Other injury accident,100 km/hr,144.85736,-37.395,Non-Intersection,MACEDON RANGES,Country,1,0,1,0,0,0,1,No
2018,January,12/1/18,08.15.00,Collision with vehicle,Thursday,No,Day,Other injury accident,80 km/hr,145.2538,-37.85611,Intersection,KNOX,Metro,3,0,2,1,0,0,1,No
2018,January,12/1/18,08.30.00,Collision with vehicle,Friday,No,Day,Serious injury accident,60 km/hr,144.99235,-37.84663,Intersection,STONNINGTON,Metro,2,0,2,0,0,1,0,No
2018,January,12/1/18,08.30.00,Collision with vehicle,Thursday,No,Day,Other injury accident,40 km/hr,144.96275,-37.7634,Intersection,MORELAND,Metro,2,0,1,1,0,0,0,No
2018,January,13/1/18,21.20.00,Collision with vehicle,Saturday,No,Dark,Other injury accident,60 km/hr,145.10235,-37.78888,Intersection,BOROONDARA,Metro,2,0,2,0,0,0,0,No
2018,January,13/1/18,10.35.00,Collision with vehicle,Saturday,No,Day,Other injury accident,50 km/hr,142.47549,-38.38237,Intersection,WARRNAMBOOL,Country,2,0,2,0,0,0,0,No
2018,January,13/1/18,10.49.00,Collision with object,Saturday,No,Day,Other injury accident,100 km/hr,144.38765,-37.85689,Non-Intersection,GEELONG,Country,2,0,1,0,1,0,0,No
2018,January,13/1/18,11.45.00,Collision with vehicle,Saturday,No,Day,Other injury accident,60 km/hr,145.28177,-37.86222,Intersection,KNOX,Metro,2,0,1,1,0,0,0,No
2018,January,13/1/18,12.08.00,Collision with vehicle,Saturday,No,Day,Serious injury accident,60 km/hr,145.02863,-37.62393,Non-Intersection,WHITTLESEA,Metro,4,0,2,2,1,0,0,No
2018,January,13/1/18,14.40.00,Collision with vehicle,Saturday,No,Day,Other injury accident,60 km/hr,145.00812,-37.74315,Intersection,DAREBIN,Metro,5,0,1,2,3,0,0,No
2018,January,13/1/18,13.20.00,Collision with vehicle,Saturday,No,Day,Other injury accident,100 km/hr,141.68768,-36.86449,Non-Intersection,WEST WIMMERA,Country,7,0,4,3,5,0,0,No
2018,January,13/1/18,15.30.00,No collision and no object struck,Saturday,No,Day,Serious injury accident,100 km/hr,146.36083,-37.06653,Non-Intersection,MANSFIELD,Country,1,0,1,0,0,0,0,No
2018,January,13/1/18,14.47.00,Collision with object,Friday,No,Day,Other injury accident,60 km/hr,145.01659,-37.66558,Intersection,WHITTLESEA,Metro,2,0,0,2,1,0,1,No
2018,January,13/1/18,12.30.00,Collision with object,Saturday,No,Day,Serious injury accident,100 km/hr,143.94078,-38.48923,Non-Intersection,SURF COAST,Country,1,0,0,1,0,0,0,No
2018,January,13/1/18,16.45.00,No collision and no object struck,Saturday,No,Day,Other injury accident,60 km/hr,144.92206,-37.77237,Non-Intersection,MOONEE VALLEY,Metro,1,0,0,0,0,0,0,No
2018,January,13/1/18,16.10.00,Collision with vehicle,Friday,No,Day,Other injury accident,80 km/hr,145.06427,-37.97377,Non-Intersection,KINGSTON,Metro,2,0,2,0,0,1,0,No
2018,January,13/1/18,17.40.00,Collision with object,Saturday,No,Day,Other injury accident,100 km/hr,145.10362,-36.2113,Intersection,CAMPASPE,Country,3,0,2,1,2,0,0,No
2018,January,13/1/18,18.00.00,Collision with object,Saturday,No,Day,Other injury accident,60 km/hr,145.25808,-37.67014,Non-Intersection,NILLUMBIK,Metro,8,0,2,0,7,0,0,No
2018,January,13/1/18,19.15.00,Struck pedestrian,Saturday,No,Day,Serious injury accident,60 km/hr,145.13144,-37.85756,Intersection,MONASH,Metro,4,0,3,0,2,0,0,No
2018,January,13/1/18,16.46.00,Collision with vehicle,Saturday,No,Day,Other injury accident,60 km/hr,144.94487,-37.74406,Intersection,MORELAND,Metro,2,0,2,0,0,0,1,No
2018,January,13/1/18,19.06.00,Collision with vehicle,Friday,No,Dusk/Dawn,Other injury accident,100 km/hr,145.04416,-38.29049,Non-Intersection,MORNINGTON PENINSULA,Metro,2,0,2,0,0,0,0,No
2018,January,13/1/18,15.40.00,Collision with vehicle,Saturday,No,Day,Serious injury accident,60 km/hr,145.20599,-37.72057,Non-Intersection,NILLUMBIK,Metro,4,0,0,4,2,1,0,No
2018,January,13/1/18,19.25.00,Collision with object,Saturday,No,Day,Other injury accident,60 km/hr,145.35717,-37.92328,Non-Intersection,YARRA RANGES,Metro,2,0,1,1,1,0,0,No
2018,January,13/1/18,16.40.00,Collision with vehicle,Saturday,No,Dusk/Dawn,Other injury accident,80 km/hr,145.31857,-38.15991,Intersection,CASEY,Metro,6,0,4,2,4,0,0,No
2018,January,13/1/18,19.50.00,Collision with object,Saturday,No,Day,Serious injury accident,80 km/hr,144.90349,-38.38766,Off Road,MORNINGTON PENINSULA,Metro,1,0,1,0,0,0,0,No
2018,January,13/1/18,19.00.00,Fall from or in moving vehicle,Saturday,No,Day,Other injury accident,40 km/hr,144.96553,-37.81331,Non-Intersection,MELBOURNE,Metro,2,0,2,0,0,0,0,No
2018,January,13/1/18,18.30.00,Collision with object,Saturday,No,Day,Serious injury accident,100 km/hr,143.76856,-37.10064,Non-Intersection,CENTRAL GOLDFIELDS,Country,1,0,1,0,0,0,0,No
2018,January,13/1/18,20.45.00,Collision with object,Saturday,No,Dark,Serious injury accident,80 km/hr,145.19425,-37.937,Non-Intersection,MONASH,Metro,5,0,4,1,3,0,2,No
2018,January,13/1/18,20.45.00,Collision with object,Saturday,No,Dark,Other injury accident,100 km/hr,145.84857,-38.46272,Non-Intersection,SOUTH GIPPSLAND,Country,1,0,1,0,0,0,0,No
2018,January,13/1/18,22.45.00,Struck pedestrian,Saturday,No,Dark,Other injury accident,60 km/hr,144.97488,-37.79795,Intersection,MELBOURNE,Metro,2,0,2,0,0,0,0,No
2018,January,13/1/18,21.44.00,Collision with object,Saturday,No,Dark,Other injury accident,80 km/hr,144.74994,-37.58743,Non-Intersection,HUME,Metro,1,0,1,0,0,1,0,No
2018,January,13/1/18,23.05.00,Collision with object,Friday,No,Dark,Other injury accident,80 km/hr,145.36806,-37.71958,Non-Intersection,YARRA RANGES,Metro,1,0,0,1,0,0,1,No
2018,January,13/1/18,23.30.00,Struck pedestrian,Saturday,Yes,Dark,Other injury accident,60 km/hr,144.99747,-37.82829,Non-Intersection,YARRA RANGES,Metro,2,0,1,0,0,0,0,No
2018,January,13/1/18,17.14.00,Vehicle overturned,Saturday,No,Day,Other injury accident,100 km/hr,145.11461,-37.79536,Non-Intersection,MANNINGHAM,Metro,1,0,1,0,0,0,0,No
2018,January,13/1/18,15.00.00,No collision and no object struck,Saturday,No,Day,Other injury accident,50 km/hr,145.08501,-37.9008,Intersection,MONASH,Metro,1,0,1,0,0,0,0,No
2018,January,13/1/18,20.46.00,Collision with vehicle,Saturday,Yes,Dusk/Dawn,Serious injury accident,60 km/hr,144.97929,-37.79345,Intersection,YARRA RANGES,Metro,4,0,4,0,1,0,0,No
2018,January,14/1/18,00.38.00,Collision with vehicle,Sunday,No,Dark,Other injury accident,60 km/hr,144.94642,-37.74954,Non-Intersection,MORELAND,Metro,2,0,1,0,0,0,0,No
2018,January,14/1/18,03.00.00,Collision with object,Sunday,No,Dark,Serious injury accident,100 km/hr,146.25673,-36.3502,Non-Intersection,WANGARATTA,Country,1,0,1,0,0,0,1,Yes
2018,January,14/1/18,04.00.00,Collision with vehicle,Sunday,No,Dark,Serious injury accident,100 km/hr,145.0341,-37.68744,Non-Intersection,WHITTLESEA,Metro,1,0,1,0,0,0,0,No
2018,January,14/1/18,06.45.00,Collision with object,,No,Day,Other injury accident,60 km/hr,144.89963,-37.80397,Non-Intersection,MARIBYRNONG,Metro,1,0,1,0,0,0,0,No
2018,January,14/1/18,08.55.00,Collision with vehicle,Sunday,No,Day,Serious injury accident,60 km/hr,144.14088,-37.35093,Non-Intersection,HEPBURN,Country,3,0,1,2,1,0,0,No
2018,January,14/1/18,09.30.00,Collision with vehicle,Sunday,No,Day,Other injury accident,60 km/hr,144.9594,-37.78472,Intersection,MELBOURNE,Metro,6,0,3,3,4,0,1,No
2018,January,14/1/18,09.45.00,Collision with vehicle,Sunday,No,Day,Serious injury accident,100 km/hr,144.2021,-36.71941,Non-Intersection,BENDIGO,Country,5,0,3,2,3,0,0,No
2018,January,14/1/18,12.35.00,Collision with vehicle,,No,Day,Other injury accident,70 km/hr,144.95116,-37.64332,Intersection,HUME,Metro,3,0,1,2,1,0,0,No
2018,January,14/1/18,13.57.00,Collision with object,Sunday,No,Day,Fatal accident,60 km/hr,145.95867,-38.4664,Non-Intersection,SOUTH GIPPSLAND,Country,1,1,0,1,0,0,0,No
2018,January,14/1/18,15.00.00,Struck pedestrian,Sunday,No,Day,Other injury accident,60 km/hr,145.12394,-37.81794,Intersection,WHITEHORSE,Metro,2,0,1,1,0,0,0,No
2018,January,14/1/18,12.00.00,Collision with vehicle,Sunday,No,Day,Other injury accident,60 km/hr,145.31479,-37.85483,Non-Intersection,KNOX,Metro,2,0,2,0,0,0,0,No
2018,January,14/1/18,11.50.00,Collision with object,,No,Day,Other injury accident,100 km/hr,146.86059,-36.69395,Non-Intersection,ALPINE,Country,1,0,1,0,0,0,0,No
2018,January,14/1/18,11.05.00,Collision with vehicle,Sunday,No,Day,Other injury accident,100 km/hr,143.9657,-37.68778,Non-Intersection,MOORABOOL,Country,2,0,1,1,0,0,0,No
2018,January,14/1/18,15.30.00,Collision with object,Sunday,No,Day,Serious injury accident,80 km/hr,145.72627,-38.33251,Non-Intersection,SOUTH GIPPSLAND,Country,1,0,1,0,0,0,0,No
2018,January,14/1/18,15.00.00,Collision with vehicle,Sunday,No,Day,Other injury accident,40 km/hr,143.86381,-38.66548,Non-Intersection,COLAC OTWAY,Country,6,0,5,1,4,0,0,No
2018,January,14/1/18,17.00.00,Collision with vehicle,Sunday,No,Day,Serious injury accident,100 km/hr,145.10808,-38.26203,Non-Intersection,MORNINGTON PENINSULA,Metro,10,0,6,4,6,1,0,No
2018,January,14/1/18,15.30.00,Collision with vehicle,Sunday,No,Day,Other injury accident,60 km/hr,144.77438,-37.77302,Intersection,BRIMBANK,Metro,3,0,2,1,1,0,1,No
2018,January,14/1/18,17.40.00,Collision with vehicle,,No,Day,Other injury accident,40 km/hr,144.98468,-37.79657,Intersection,YARRA RANGES,Metro,2,0,2,0,0,0,0,No
2018,January,14/1/18,19.35.00,Collision with vehicle,Sunday,Yes,Day,Other injury accident,60 km/hr,145.2842,-37.99894,Non-Intersection,CASEY,Metro,4,0,2,2,2,0,0,No
2018,January,14/1/18,18.40.00,Collision with vehicle,Sunday,No,Day,Serious injury accident,60 km/hr,145.06907,-37.99423,Intersection,KINGSTON,Metro,4,0,3,1,2,0,1,No
2018,January,14/1/18,18.23.00,Collision with vehicle,Sunday,No,Day,Other injury accident,80 km/hr,144.83636,-37.62961,Intersection,HUME,Metro,6,0,4,1,4,0,0,No
2018,January,14/1/18,19.10.00,Collision with vehicle,Sunday,No,Day,Other injury accident,40 km/hr,144.95919,-37.81878,Non-Intersection,MELBOURNE,Metro,3,0,1,0,1,0,0,No
2018,January,14/1/18,22.45.00,Struck pedestrian,Sunday,No,Dark,Other injury accident,80 km/hr,144.93172,-37.64091,Non-Intersection,HUME,Metro,2,0,1,1,0,0,1,No
2018,January,14/1/18,05.30.00,Vehicle overturned,Sunday,No,Dark,Other injury accident,100 km/hr,142.56626,-38.40827,Non-Intersection,WARRNAMBOOL,Country,1,0,0,1,0,0,1,Yes
2018,January,14/1/18,12.35.00,Collision with object,Sunday,No,Day,Other injury accident,100 km/hr,147.70627,-37.82578,Non-Intersection,EAST GIPPSLAND,Country,1,0,1,0,0,0,0,No
2018,January,14/1/18,12.50.00,No collision and no object struck,Sunday,No,Day,Serious injury accident,100 km/hr,141.59574,-34.37352,Non-Intersection,MILDURA,Country,1,0,1,0,0,0,0,No
2018,January,15/1/18,05.30.00,Struck animal,Monday,No,Dusk/Dawn,Other injury accident,100 km/hr,144.11172,-37.90426,Non-Intersection,GOLDEN PLAINS,Country,2,0,2,0,1,0,1,No
2018,January,15/1/18,09.30.00,Collision with object,Sunday,No,Day,Other injury accident,60 km/hr,145.35484,-37.75749,Intersection,YARRA RANGES,Metro,1,0,1,0,0,0,0,No
2018,January,15/1/18,09.57.00,Vehicle overturned,Monday,No,Day,Other injury accident,60 km/hr,145.13169,-38.15195,Non-Intersection,FRANKSTON,Metro,2,0,2,0,0,0,0,No
2018,January,15/1/18,09.03.00,Collision with vehicle,Monday,No,Day,Other injury accident,80 km/hr,145.24145,-37.87086,Intersection,KNOX,Metro,2,0,0,2,0,0,0,No
2018,January,15/1/18,08.15.00,Collision with object,Monday,No,Day,Other injury accident,60 km/hr,145.17147,-37.6498,Intersection,NILLUMBIK,Metro,2,0,1,1,0,0,1,No
2018,January,15/1/18,10.50.00,Collision with vehicle,Sunday,No,Day,Other injury accident,60 km/hr,144.9272,-37.76728,Non-Intersection,MOONEE VALLEY,Metro,2,0,1,1,0,0,0,No
2018,January,15/1/18,11.39.00,Struck animal,Monday,No,Day,Serious injury accident,100 km/hr,142.93834,-37.38988,Non-Intersection,ARARAT,Country,1,0,1,0,0,0,0,No
2018,January,15/1/18,13.21.00,Collision with vehicle,Sunday,No,Day,Other injury accident,50 km/hr,145.17342,-37.82471,Intersection,WHITEHORSE,Metro,1,0,0,1,0,0,0,No
2018,January,15/1/18,10.15.00,Collision with object,Monday,No,Day,Other injury accident,70 km/hr,144.35491,-38.11302,Non-Intersection,GEELONG,Country,1,0,1,0,0,0,0,No
2018,January,15/1/18,14.00.00,Struck pedestrian,Monday,No,Day,Other injury accident,50 km/hr,144.72879,-37.58048,Non-Intersection,HUME,Metro,2,0,2,0,0,0,0,No
2018,January,15/1/18,17.46.00,Collision with vehicle,Monday,No,Day,Serious injury accident,110 km/hr,145.03828,-37.32141,Non-Intersection,MITCHELL,Country,3,0,3,0,1,0,1,No
2018,January,15/1/18,13.00.00,Collision with object,Monday,No,Day,Other injury accident,100 km/hr,148.88876,-37.61415,Non-Intersection,EAST GIPPSLAND,Country,2,0,1,1,1,0,0,No
2018,January,15/1/18,15.45.00,Collision with object,Monday,No,Day,Other injury accident,50 km/hr,144.87321,-37.84533,Non-Intersection,HOBSONS BAY,Metro,1,0,0,1,0,0,0,No
2018,January,15/1/18,17.25.00,Vehicle overturned,Sunday,No,Day,Other injury accident,100 km/hr,145.63274,-38.57702,Non-Intersection,BASS COAST,Country,1,0,1,0,0,0,0,No
2018,January,15/1/18,17.15.00,Struck animal,Monday,No,Day,Serious injury accident,100 km/hr,143.58505,-37.71567,Non-Intersection,GOLDEN PLAINS,Country,2,0,2,0,1,0,1,No
2018,January,15/1/18,03.10.00,Collision with object,Monday,No,Dark,Other injury accident,100 km/hr,143.68001,-37.56255,Non-Intersection,BALLARAT,Country,1,0,1,0,0,0,1,No
2018,January,15/1/18,21.05.00,Collision with vehicle,Monday,No,Dark,Serious injury accident,80 km/hr,145.22498,-37.8655,Intersection,KNOX,Metro,3,0,1,2,1,0,0,No
2018,January,15/1/18,20.50.00,Collision with object,Monday,No,Dark,Serious injury accident,50 km/hr,145.26849,-38.00261,Intersection,CASEY,Metro,1,0,1,0,0,0,0,No
2018,January,15/1/18,13.13.00,Collision with vehicle,Monday,No,Day,Other injury accident,60 km/hr,143.80395,-37.4808,Non-Intersection,BALLARAT,Country,2,0,0,2,0,0,1,No
2018,January,15/1/18,07.18.00,Collision with vehicle,Monday,No,Dusk/Dawn,Other injury accident,60 km/hr,144.71213,-37.85106,Non-Intersection,WYNDHAM,Metro,2,0,1,1,0,0,0,No
2018,January,16/1/18,01.15.00,Struck pedestrian,Tuesday,Not known,Dark,Other injury accident,60 km/hr,145.3438,-37.8093,Non-Intersection,YARRA RANGES,Metro,2,0,1,0,0,0,0,No
2018,January,16/1/18,13.35.00,Collision with vehicle,Tuesday,No,Day,Other injury accident,60 km/hr,145.11562,-38.05061,Intersection,KINGSTON,Metro,2,0,0,2,0,1,1,No
2018,January,16/1/18,14.20.00,Collision with vehicle,Tuesday,No,Day,Other injury accident,60 km/hr,144.86331,-37.74299,Intersection,MOONEE VALLEY,Metro,3,0,2,1,1,0,0,No
2018,January,16/1/18,06.55.00,Collision with vehicle,Tuesday,No,Day,Other injury accident,80 km/hr,144.83636,-37.62961,Intersection,HUME,Metro,2,0,2,0,0,0,0,No
2018,January,16/1/18,08.00.00,Struck pedestrian,Tuesday,Yes,Day,Other injury accident,80 km/hr,144.69717,-37.68716,Intersection,MELTON,Metro,2,0,2,0,0,0,0,No
2018,January,16/1/18,08.15.00,Collision with vehicle,Tuesday,No,Day,Serious injury accident,80 km/hr,145.08373,-37.68935,Non-Intersection,NILLUMBIK,Metro,2,0,2,0,0,0,0,No
2018,January,16/1/18,09.30.00,Collision with vehicle,Tuesday,No,Day,Other injury accident,40 km/hr,144.96204,-37.81012,Non-Intersection,MELBOURNE,Metro,2,0,1,1,0,0,0,No
2018,January,16/1/18,09.30.00,Collision with vehicle,Tuesday,No,Day,Serious injury accident,50 km/hr,145.0909,-37.74358,Non-Intersection,BANYULE,Metro,2,0,1,1,0,0,0,No
2018,January,16/1/18,09.55.00,Collision with vehicle,Tuesday,No,Day,Other injury accident,60 km/hr,144.69943,-37.84974,Non-Intersection,WYNDHAM,Metro,8,0,5,3,6,0,1,No
2018,January,16/1/18,11.30.00,Collision with object,Monday,No,Day,Other injury accident,80 km/hr,142.93873,-37.37626,Non-Intersection,ARARAT,Country,2,0,2,0,1,0,0,No
2018,January,16/1/18,12.52.00,Collision with vehicle,Tuesday,No,Day,Other injury accident,80 km/hr,145.27529,-37.88193,Intersection,KNOX,Metro,5,0,3,2,2,0,1,No
2018,January,16/1/18,13.05.00,Collision with vehicle,Tuesday,No,Day,Serious injury accident,80 km/hr,144.65685,-37.81539,Intersection,WYNDHAM,Metro,2,0,2,0,0,0,1,No
2018,January,16/1/18,10.35.00,Collision with vehicle,Tuesday,No,Day,Fatal accident,100 km/hr,144.39936,-36.77113,Intersection,BENDIGO,Country,2,1,2,0,0,0,1,No
2018,January,16/1/18,14.00.00,Collision with vehicle,Tuesday,No,Day,Other injury accident,100 km/hr,143.4948,-38.33888,Intersection,COLAC OTWAY,Country,2,0,1,1,0,0,1,No
2018,January,16/1/18,16.38.00,Collision with vehicle,Monday,No,Day,Other injury accident,50 km/hr,144.49783,-37.6977,Non-Intersection,MOORABOOL,Country,2,0,1,1,0,0,2,No
2018,January,16/1/18,16.00.00,Collision with vehicle,Tuesday,No,Day,Other injury accident,80 km/hr,142.25343,-38.35554,Non-Intersection,MOYNE,Country,2,0,1,1,0,0,0,No
2018,January,16/1/18,16.25.00,Collision with vehicle,Monday,No,Day,Other injury accident,100 km/hr,145.72293,-38.6176,Non-Intersection,BASS COAST,Country,6,0,3,3,4,0,2,No
2018,January,16/1/18,19.40.00,Collision with vehicle,Tuesday,No,Day,Other injury accident,80 km/hr,144.98551,-37.86361,Intersection,PORT PHILLIP,Metro,2,0,2,0,0,0,0,No
2018,January,16/1/18,18.40.00,Collision with vehicle,Tuesday,No,Day,Serious injury accident,70 km/hr,144.98564,-37.85606,Non-Intersection,PORT PHILLIP,Metro,2,0,1,1,0,0,0,No
2018,January,16/1/18,21.20.00,Collision with vehicle,Tuesday,No,Dark,Other injury accident,60 km/hr,145.04235,-37.99142,Intersection,BAYSIDE,Metro,3,0,3,0,0,0,0,No
2018,January,16/1/18,05.55.00,Collision with vehicle,Monday,No,Dusk/Dawn,Other injury accident,80 km/hr,145.32883,-38.11088,Non-Intersection,CASEY,Metro,3,0,3,0,1,0,1,No
2018,January,16/1/18,23.10.00,Collision with object,Monday,No,Dark,Serious injury accident,60 km/hr,144.50223,-37.94887,Intersection,WYNDHAM,Metro,1,0,0,1,0,0,1,No
2018,January,16/1/18,22.00.00,Collision with object,Tuesday,No,Dark,Serious injury accident,100 km/hr,144.29279,-38.06756,Non-Intersection,GEELONG,Country,1,0,0,1,0,0,1,Yes
2018,January,16/1/18,19.15.00,Collision with object,Tuesday,No,Dusk/Dawn,Serious injury accident,100 km/hr,146.58598,-36.04128,Non-Intersection,INDIGO,Country,1,0,1,0,0,0,0,No
2018,January,16/1/18,10.50.00,Collision with vehicle,Tuesday,No,Unk.,Other injury accident,40 km/hr,145.05132,-37.71729,Intersection,DAREBIN,Metro,2,0,2,0,0,0,2,No
2018,January,16/1/18,15.50.00,Struck pedestrian,Tuesday,No,Day,Other injury accident,40 km/hr,144.96115,-37.81599,Non-Intersection,MELBOURNE,Metro,2,0,1,1,0,0,0,No
2018,January,17/1/18,05.30.00,Vehicle overturned,Wednesday,No,Dusk/Dawn,Other injury accident,80 km/hr,145.19445,-38.07175,Intersection,DANDENONG,Metro,2,0,1,0,0,0,0,No
2018,January,17/1/18,16.15.00,Collision with vehicle,Wednesday,Not known,Day,Other injury accident,60 km/hr,145.1575,-38.11269,Intersection,FRANKSTON,Metro,2,0,0,1,0,0,0,No
2018,January,17/1/18,21.30.00,Collision with vehicle,Wednesday,No,Unk.,Other injury accident,60 km/hr,144.98676,-37.80257,Non-Intersection,YARRA RANGES,Metro,2,0,1,1,0,0,1,No
2018,January,17/1/18,01.50.00,Collision with vehicle,Wednesday,No,Dark,Other injury accident,50 km/hr,144.3552,-38.08463,Non-Intersection,GEELONG,Country,3,0,1,0,1,0,0,No
2018,January,17/1/18,05.30.00,Collision with vehicle,Tuesday,No,Day,Serious injury accident,50 km/hr,145.14336,-38.07886,Non-Intersection,KINGSTON,Metro,1,0,1,0,0,0,0,No
2018,January,17/1/18,08.03.00,Collision with vehicle,Wednesday,No,Day,Other injury accident,60 km/hr,145.1224,-37.8257,Intersection,WHITEHORSE,Metro,3,0,0,3,1,0,0,No
2018,January,17/1/18,07.49.00,Collision with vehicle,Wednesday,No,Day,Other injury accident,100 km/hr,142.01748,-34.21575,Intersection,MILDURA,Country,3,0,3,0,1,0,1,No
2018,January,17/1/18,08.15.00,Collision with vehicle,Wednesday,No,Day,Other injury accident,60 km/hr,144.79127,-37.87463,Intersection,HOBSONS BAY,Metro,2,0,1,1,0,0,0,No
2018,January,17/1/18,09.30.00,Collision with vehicle,Wednesday,No,Day,Other injury accident,50 km/hr,142.91107,-38.23798,Intersection,CORANGAMITE,Country,4,0,2,2,2,0,0,No