year,month,date,time,accident_type,day,hit_run,light_condition,severity,speed_zone,longitude,latitude,node_type,lga,state_div,total_persons,fatality,males,females,passengers,old_driver,young_driver,alcohol
2018,January,17/1/18,07.30.00,Collision with vehicle,Wednesday,No,Day,Serious injury accident,70 km/hr,145.05001,-37.93501,Non-Intersection,KINGSTON,Metro,2,0,2,0,0,0,0,No
2018,January,17/1/18,08.10.00,Collision with vehicle,Wednesday,No,Day,Other injury accident,60 km/hr,145.00297,-37.82624,Non-Intersection,YARRA RANGES,Metro,2,0,1,1,0,0,0,No
2018,January,17/1/18,09.50.00,Collision with object,Tuesday,No,Day,Other injury accident,80 km/hr,145.24208,-38.49669,Non-Intersection,BASS COAST,Country,1,0,1,0,0,0,0,No
2018,January,17/1/18,06.45.00,Collision with vehicle,Wednesday,No,Dark,Serious injury accident,60 km/hr,144.75223,-37.8006,Non-Intersection,BRIMBANK,Metro,4,0,3,0,1,0,0,No
2018,January,17/1/18,11.35.00,Collision with vehicle,Wednesday,No,Day,Other injury accident,80 km/hr,145.54749,-37.95945,Non-Intersection,CARDINIA,Metro,6,0,3,3,3,0,0,No
2018,January,17/1/18,14.46.00,Collision with vehicle,Wednesday,No,Day,Other injury accident,40 km/hr,144.96478,-37.81166,Non-Intersection,MELBOURNE,Metro,3,0,3,0,0,0,0,No
2018,January,17/1/18,15.43.00,Collision with vehicle,Wednesday,No,Day,Other injury accident,60 km/hr,145.17398,-38.22139,Intersection,MORNINGTON PENINSULA,Metro,3,0,1,2,1,0,1,No
2018,January,17/1/18,16.00.00,Collision with object,Wednesday,No,Day,Serious injury accident,50 km/hr,144.9925,-37.86551,Non-Intersection,PORT PHILLIP,Metro,4,0,0,2,3,0,0,No
2018,January,17/1/18,15.15.00,Collision with vehicle,Tuesday,No,Day,Other injury accident,60 km/hr,145.9461,-38.48036,Intersection,SOUTH GIPPSLAND,Country,6,0,0,5,4,0,0,No
2018,January,17/1/18,15.55.00,Collision with vehicle,Tuesday,No,Day,Other injury accident,100 km/hr,146.41416,-38.27879,Non-Intersection,LATROBE,Country,4,0,0,3,2,0,0,No
2018,January,17/1/18,17.25.00,Collision with vehicle,Wednesday,No,Day,Other injury accident,80 km/hr,145.28544,-37.92503,Intersection,KNOX,Metro,5,0,1,4,3,0,0,No
2018,January,17/1/18,19.23.00,No collision and no object struck,Wednesday,No,Day,Other injury accident,60 km/hr,145.14512,-38.06797,Intersection,KINGSTON,Metro,1,0,1,0,0,0,0,No
2018,January,17/1/18,16.40.00,Collision with vehicle,Wednesday,No,Day,Other injury accident,100 km/hr,144.14055,-36.54552,Intersection,LODDON,Country,3,0,1,2,1,0,1,No
2018,January,17/1/18,19.34.00,Collision with vehicle,Wednesday,No,Dusk/Dawn,Serious injury accident,60 km/hr,144.95008,-37.8224,Intersection,MELBOURNE,Metro,2,0,1,1,0,0,0,No
2018,January,17/1/18,17.15.00,Collision with vehicle,Tuesday,No,Day,Other injury accident,50 km/hr,145.01391,-37.89163,Intersection,GLEN EIRA,Metro,2,0,0,2,0,1,0,No
2018,January,17/1/18,17.44.00,Collision with vehicle,Wednesday,No,Day,Other injury accident,60 km/hr,145.40893,-36.39861,Non-Intersection,SHEPPARTON,Country,3,0,2,1,0,0,0,No
2018,January,17/1/18,20.25.00,Collision with vehicle,Wednesday,No,Day,Other injury accident,50 km/hr,142.15362,-34.19233,Intersection,MILDURA,Country,4,0,1,3,2,0,0,No
2018,January,17/1/18,19.00.00,Collision with vehicle,Wednesday,No,Day,Other injury accident,100 km/hr,144.69964,-37.9037,Non-Intersection,WYNDHAM,Metro,4,0,2,2,2,1,1,No
2018,January,17/1/18,17.46.00,Vehicle overturned,Wednesday,No,Day,Other injury accident,50 km/hr,143.58306,-38.36538,Intersection,COLAC OTWAY,Country,1,0,1,0,0,0,0,No
2018,January,17/1/18,23.00.00,Collision with object,Wednesday,Yes,Dark,Other injury accident,60 km/hr,145.02784,-37.81386,Non-Intersection,BOROONDARA,Metro,1,0,0,1,0,0,0,Yes
2018,January,17/1/18,22.40.00,Collision with vehicle,Wednesday,No,Dark,Serious injury accident,50 km/hr,144.80113,-37.74111,Intersection,BRIMBANK,Metro,4,0,3,1,2,0,0,No
2018,January,17/1/18,17.45.00,Collision with vehicle,Tuesday,No,Day,Other injury accident,60 km/hr,145.38193,-37.78597,Intersection,YARRA RANGES,Metro,4,0,2,2,2,0,2,No
2018,January,17/1/18,16.20.00,Collision with vehicle,Wednesday,No,Day,Other injury accident,80 km/hr,145.23743,-37.97229,Non-Intersection,CASEY,Metro,7,0,4,3,3,0,1,No
2018,January,17/1/18,14.50.00,Collision with vehicle,Wednesday,No,Day,Other injury accident,60 km/hr,145.16655,-37.87586,Non-Intersection,MONASH,Metro,3,0,2,1,0,0,1,No
2018,January,17/1/18,18.55.00,Collision with object,Tuesday,No,Day,Other injury accident,100 km/hr,144.83145,-37.82544,Non-Intersection,HOBSONS BAY,Metro,1,0,0,1,0,0,0,No
2018,January,17/1/18,19.35.00,Collision with vehicle,Wednesday,No,Day,Other injury accident,60 km/hr,145.02433,-37.73492,Non-Intersection,DAREBIN,Metro,3,0,3,0,0,0,1,No
2018,January,18/1/18,16.15.00,Struck pedestrian,Wednesday,No,Day,Other injury accident,60 km/hr,147.61665,-37.82537,Non-Intersection,EAST GIPPSLAND,Country,2,0,0,2,0,0,0,No
2018,January,18/1/18,17.20.00,Collision with vehicle,Wednesday,No,Day,Other injury accident,80 km/hr,145.21773,-38.00429,Non-Intersection,DANDENONG,Metro,2,0,1,1,0,0,1,No
2018,January,18/1/18,02.00.00,Collision with object,Thursday,No,Dark,Other injury accident,100 km/hr,147.4498,-36.51295,Non-Intersection,TOWONG,Country,1,0,1,0,0,0,0,No
2018,January,18/1/18,17.45.00,Collision with object,Thursday,No,Day,Other injury accident,100 km/hr,145.64251,-38.3606,Non-Intersection,BASS COAST,Country,1,0,1,0,0,0,1,No
2018,January,18/1/18,21.00.00,Collision with object,Wednesday,No,Dark,Other injury accident,100 km/hr,144.78779,-37.78894,Non-Intersection,BRIMBANK,Metro,3,0,1,2,1,0,0,No
2018,January,18/1/18,20.00.00,Collision with vehicle,Thursday,No,Day,Serious injury accident,40 km/hr,145.01701,-37.90455,Intersection,BAYSIDE,Metro,2,0,0,2,0,0,0,No
2018,January,18/1/18,21.30.00,Collision with vehicle,Thursday,No,Dark,Other injury accident,50 km/hr,144.97184,-37.78976,Intersection,YARRA RANGES,Metro,2,0,1,1,0,0,1,No
2018,January,18/1/18,13.45.00,Vehicle overturned,Thursday,No,Day,Serious injury accident,100 km/hr,146.5089,-37.19523,Non-Intersection,MANSFIELD,Country,2,0,1,1,1,0,0,No
2018,January,18/1/18,17.24.00,Collision with vehicle,Thursday,No,Day,Serious injury accident,60 km/hr,145.09267,-37.98459,Intersection,KINGSTON,Metro,2,0,1,1,0,0,0,No
2018,January,18/1/18,08.40.00,Collision with object,Thursday,No,Day,Other injury accident,100 km/hr,144.47753,-37.26913,Non-Intersection,MACEDON RANGES,Country,1,0,0,1,0,0,1,No
2018,January,18/1/18,12.05.00,Collision with object,Thursday,No,Day,Other injury accident,100 km/hr,145.5327,-36.75241,Non-Intersection,STRATHBOGIE,Country,1,0,1,0,0,0,0,No
2018,January,18/1/18,13.00.00,Struck animal,Thursday,No,Day,Serious injury accident,100 km/hr,145.02989,-37.34047,Non-Intersection,MITCHELL,Country,1,0,1,0,0,0,0,No
2018,January,18/1/18,12.38.00,Collision with vehicle,Thursday,No,Day,Other injury accident,100 km/hr,146.71302,-38.01751,Intersection,WELLINGTON,Country,3,0,2,1,1,0,0,No
2018,January,18/1/18,01.20.00,Collision with vehicle,Thursday,No,Dark,Serious injury accident,50 km/hr,145.11088,-37.94357,Non-Intersection,KINGSTON,Metro,1,0,1,0,0,0,1,No
2018,January,18/1/18,04.40.00,Collision with object,Thursday,No,Dark,Serious injury accident,50 km/hr,143.72578,-36.86145,Non-Intersection,CENTRAL GOLDFIELDS,Country,1,0,1,0,0,0,0,No
2018,January,18/1/18,07.30.00,Collision with vehicle,Wednesday,No,Day,Other injury accident,50 km/hr,144.97483,-37.81179,Intersection,MELBOURNE,Metro,2,0,2,0,0,0,0,No
2018,January,18/1/18,08.15.00,Collision with vehicle,Thursday,No,Day,Serious injury accident,60 km/hr,144.95826,-37.82751,Non-Intersection,MELBOURNE,Metro,2,0,2,0,0,0,0,No
2018,January,18/1/18,10.20.00,Collision with vehicle,Thursday,No,Day,Other injury accident,60 km/hr,146.87197,-36.13769,Intersection,WODONGA,Country,3,0,1,2,0,1,1,No
2018,January,18/1/18,03.00.00,Collision with object,Thursday,No,Dark,Other injury accident,80 km/hr,147.05429,-38.08295,Intersection,WELLINGTON,Country,1,0,1,0,0,0,0,No
2018,January,18/1/18,12.10.00,Collision with object,Thursday,No,Day,Other injury accident,60 km/hr,145.00917,-37.8676,Intersection,PORT PHILLIP,Metro,2,0,0,2,1,0,0,No
2018,January,18/1/18,07.15.00,Collision with vehicle,Thursday,No,Day,Other injury accident,60 km/hr,145.12743,-37.9805,Intersection,KINGSTON,Metro,2,0,1,1,0,0,1,No
2018,January,18/1/18,10.37.00,Vehicle overturned,Thursday,No,Day,Serious injury accident,50 km/hr,145.23554,-37.71669,Non-Intersection,NILLUMBIK,Metro,1,0,1,0,0,0,0,No
2018,January,18/1/18,12.36.00,Collision with vehicle,Thursday,No,Day,Serious injury accident,80 km/hr,144.89228,-37.82631,Non-Intersection,HOBSONS BAY,Metro,6,0,5,1,3,0,0,No
2018,January,18/1/18,13.00.00,Collision with vehicle,Thursday,No,Day,Serious injury accident,60 km/hr,145.08142,-37.92915,Non-Intersection,KINGSTON,Metro,2,0,2,0,0,0,0,No
2018,January,18/1/18,15.11.00,Collision with vehicle,Thursday,No,Day,Other injury accident,80 km/hr,145.11366,-37.68942,Intersection,NILLUMBIK,Metro,2,0,2,0,0,0,0,No
2018,January,18/1/18,13.33.00,Collision with object,Thursday,No,Day,Other injury accident,80 km/hr,143.53604,-35.33669,Non-Intersection,SWAN HILL,Country,1,0,1,0,0,1,0,No
2018,January,18/1/18,15.59.00,Collision with vehicle,Thursday,No,Day,Serious injury accident,60 km/hr,144.33831,-38.13066,Intersection,GEELONG,Country,2,0,1,1,0,0,1,Yes
2018,January,18/1/18,15.08.00,Collision with vehicle,Thursday,No,Day,Other injury accident,60 km/hr,145.08128,-37.71896,Non-Intersection,BANYULE,Metro,2,0,2,0,0,0,0,No
2018,January,19/1/18,20.10.00,Collision with vehicle,Friday,Not known,Unk.,Serious injury accident,60 km/hr,144.94732,-37.79373,Intersection,MELBOURNE,Metro,2,0,1,0,0,0,0,No
2018,January,19/1/18,01.41.00,Collision with object,Thursday,No,Dark,Serious injury accident,60 km/hr,144.79019,-37.76964,Non-Intersection,BRIMBANK,Metro,1,0,0,1,0,0,1,Yes
2018,January,19/1/18,01.28.00,Collision with object,Friday,No,Dark,Serious injury accident,60 km/hr,145.33083,-37.77514,Non-Intersection,YARRA RANGES,Metro,1,0,0,1,0,0,0,Yes
2018,January,19/1/18,12.35.00,Collision with vehicle,Friday,No,Day,Other injury accident,50 km/hr,144.96876,-38.33082,Non-Intersection,MORNINGTON PENINSULA,Metro,4,0,2,2,1,0,1,No
2018,January,19/1/18,13.04.00,Vehicle overturned,Friday,No,Day,Other injury accident,80 km/hr,144.69725,-37.79633,Non-Intersection,MELTON,Metro,1,0,1,0,0,0,1,No
2018,January,19/1/18,13.00.00,Struck pedestrian,Friday,Yes,Day,Other injury accident,40 km/hr,144.74946,-36.12758,Non-Intersection,CAMPASPE,Country,3,0,1,1,0,1,0,No
2018,January,19/1/18,09.00.00,Collision with vehicle,Thursday,No,Day,Other injury accident,50 km/hr,144.94059,-37.83441,Intersection,PORT PHILLIP,Metro,2,0,2,0,0,0,0,No
2018,January,19/1/18,10.45.00,Collision with vehicle,Friday,No,Day,Serious injury accident,40 km/hr,144.97929,-37.79345,Intersection,YARRA RANGES,Metro,3,0,2,1,1,0,0,No
2018,January,19/1/18,15.28.00,Collision with vehicle,Friday,No,Day,Other injury accident,80 km/hr,145.22772,-37.89925,Intersection,KNOX,Metro,2,0,1,1,0,0,0,No
2018,January,19/1/18,15.00.00,Collision with vehicle,Thursday,No,Day,Serious injury accident,100 km/hr,143.76631,-38.30103,Non-Intersection,COLAC OTWAY,Country,2,0,2,0,0,1,0,No
2018,January,19/1/18,15.16.00,Collision with object,Friday,No,Day,Serious injury accident,60 km/hr,146.43712,-38.15264,Non-Intersection,LATROBE,Country,1,0,1,0,0,0,0,Yes
2018,January,19/1/18,17.45.00,Collision with vehicle,Friday,No,Day,Other injury accident,100 km/hr,144.89798,-37.69816,Non-Intersection,MORELAND,Metro,2,0,2,0,0,0,1,No
2018,January,19/1/18,17.57.00,Collision with object,Friday,No,Day,Other injury accident,50 km/hr,144.99148,-37.91327,Intersection,BAYSIDE,Metro,1,0,1,0,0,0,0,No
2018,January,19/1/18,18.20.00,Collision with vehicle,Friday,No,Day,Serious injury accident,60 km/hr,144.80693,-37.75353,Non-Intersection,BRIMBANK,Metro,1,0,1,0,0,0,1,No
2018,January,19/1/18,18.52.00,Struck pedestrian,Friday,No,Day,Other injury accident,60 km/hr,145.10903,-38.03856,Intersection,KINGSTON,Metro,2,0,1,1,0,0,0,No
2018,January,19/1/18,18.15.00,Collision with vehicle,Friday,No,Day,Other injury accident,50 km/hr,143.85671,-37.55955,Intersection,BALLARAT,Country,2,0,2,0,0,0,2,No
2018,January,19/1/18,18.40.00,Collision with vehicle,Friday,Yes,Day,Other injury accident,40 km/hr,144.98179,-37.80631,Non-Intersection,YARRA RANGES,Metro,2,0,1,1,0,0,0,No
2018,January,19/1/18,19.26.00,Collision with vehicle,Friday,No,Day,Other injury accident,100 km/hr,144.96453,-37.69168,Non-Intersection,MORELAND,Metro,7,0,5,2,2,0,0,Yes
2018,January,19/1/18,19.58.00,Collision with vehicle,Thursday,No,Day,Serious injury accident,60 km/hr,144.62953,-38.1113,Non-Intersection,GEELONG,Country,3,0,1,2,2,0,0,No
2018,January,19/1/18,18.25.00,Struck pedestrian,Friday,No,Day,Other injury accident,60 km/hr,145.02197,-37.8869,Intersection,GLEN EIRA,Metro,2,0,1,1,0,0,0,No
2018,January,19/1/18,20.23.00,Collision with vehicle,Thursday,No,Dusk/Dawn,Serious injury accident,70 km/hr,144.36258,-38.19793,Intersection,GEELONG,Country,2,0,0,2,0,1,1,No
2018,January,19/1/18,22.10.00,Collision with vehicle,Friday,No,Dark,Other injury accident,100 km/hr,145.49669,-38.43302,Intersection,BASS COAST,Country,5,0,3,1,3,0,0,No
2018,January,19/1/18,21.35.00,Collision with vehicle,Friday,No,Dark,Serious injury accident,40 km/hr,145.18733,-38.09234,Non-Intersection,FRANKSTON,Metro,2,0,2,0,0,0,0,No
2018,January,19/1/18,14.15.00,Collision with object,Friday,No,Day,Other injury accident,110 km/hr,146.3005,-38.20492,Non-Intersection,LATROBE,Country,1,0,1,0,0,0,0,No
2018,January,19/1/18,15.30.00,Collision with object,Friday,Yes,Day,Serious injury accident,100 km/hr,142.16837,-36.60804,Intersection,HORSHAM,Country,2,0,1,1,1,1,0,No
2018,January,19/1/18,22.00.00,Collision with object,Friday,No,Dark,Serious injury accident,50 km/hr,145.12161,-38.03869,Non-Intersection,KINGSTON,Metro,5,0,0,5,4,0,0,No
2018,January,19/1/18,07.09.00,Collision with vehicle,Thursday,No,Day,Other injury accident,60 km/hr,144.96503,-37.76106,Intersection,MORELAND,Metro,3,0,1,1,1,0,0,No
2018,January,19/1/18,13.10.00,Collision with vehicle,Friday,No,Day,Other injury accident,60 km/hr,145.04111,-37.88665,Intersection,GLEN EIRA,Metro,2,0,1,1,0,0,1,No
2018,January,19/1/18,19.30.00,Struck pedestrian,Thursday,Yes,Dusk/Dawn,Other injury accident,50 km/hr,145.00004,-37.86646,Intersection,GLEN EIRA,Metro,2,0,1,0,0,0,0,No
2018,January,19/1/18,15.20.00,Collision with vehicle,Friday,No,Day,Other injury accident,60 km/hr,145.1974,-37.80192,Non-Intersection,MANNINGHAM,Metro,3,0,2,0,0,0,0,No
2018,January,19/1/18,17.00.00,Vehicle overturned,Friday,No,Day,Other injury accident,50 km/hr,144.91929,-37.75626,Non-Intersection,MOONEE VALLEY,Metro,1,0,1,0,0,0,0,No
2018,January,20/1/18,14.00.00,Struck pedestrian,Saturday,No,Day,Other injury accident,50 km/hr,144.37792,-38.1568,Intersection,GEELONG,Country,2,0,0,2,0,0,0,No
2018,January,20/1/18,16.07.00,Struck pedestrian,Saturday,No,Day,Other injury accident,60 km/hr,145.11431,-38.15057,Non-Intersection,FRANKSTON,Metro,2,0,2,0,0,0,0,No
2018,January,20/1/18,18.00.00,Collision with vehicle,Saturday,Yes,Day,Other injury accident,60 km/hr,143.89237,-38.6417,Non-Intersection,COLAC OTWAY,Country,3,0,2,1,1,0,0,No
2018,January,20/1/18,01.00.00,Collision with vehicle,Saturday,No,Dark,Serious injury accident,50 km/hr,145.23447,-38.44894,Non-Intersection,BASS COAST,Country,1,0,1,0,0,0,0,Yes
2018,January,20/1/18,01.05.00,Struck pedestrian,Saturday,Not known,Dark,Other injury accident,60 km/hr,144.99224,-37.85779,Intersection,PORT PHILLIP,Metro,2,0,2,0,0,0,0,No
2018,January,20/1/18,00.05.00,Collision with vehicle,Saturday,No,Dark,Serious injury accident,90 km/hr,148.03217,-37.85416,Non-Intersection,EAST GIPPSLAND,Country,3,0,2,1,1,0,1,No
2018,January,20/1/18,08.30.00,Vehicle overturned,Saturday,No,Day,Serious injury accident,60 km/hr,144.00942,-38.49911,Non-Intersection,SURF COAST,Country,1,0,1,0,0,0,0,No
2018,January,20/1/18,09.55.00,Collision with vehicle,Saturday,No,Day,Other injury accident,60 km/hr,145.02588,-37.82434,Intersection,BOROONDARA,Metro,2,0,2,0,0,0,1,No
2018,January,20/1/18,10.27.00,Collision with object,Saturday,No,Day,Serious injury accident,80 km/hr,144.22509,-36.76934,Non-Intersection,BENDIGO,Country,1,0,0,1,0,0,0,No
2018,January,20/1/18,10.50.00,Collision with vehicle,Saturday,No,Day,Other injury accident,50 km/hr,144.96875,-37.71558,Intersection,MORELAND,Metro,4,0,3,1,2,0,0,No
2018,January,20/1/18,11.23.00,Collision with vehicle,Saturday,No,Day,Serious injury accident,80 km/hr,145.42301,-37.89433,Non-Intersection,YARRA RANGES,Metro,3,0,2,1,1,0,0,No
2018,January,20/1/18,09.30.00,Collision with vehicle,Saturday,No,Day,Serious injury accident,80 km/hr,144.57699,-37.74217,Non-Intersection,MELTON,Metro,2,0,2,0,0,0,1,No
2018,January,20/1/18,10.25.00,Collision with object,Saturday,No,Day,Serious injury accident,100 km/hr,145.74555,-36.99988,Non-Intersection,MANSFIELD,Country,3,0,1,1,2,0,0,No
2018,January,20/1/18,11.45.00,Collision with vehicle,Saturday,No,Day,Serious injury accident,50 km/hr,146.31705,-36.36545,Intersection,WANGARATTA,Country,2,0,1,1,0,0,0,No
2018,January,20/1/18,12.00.00,Collision with vehicle,Saturday,No,Day,Other injury accident,60 km/hr,145.00539,-37.76388,Intersection,DAREBIN,Metro,2,0,1,1,0,0,1,No
2018,January,20/1/18,10.14.00,No collision and no object struck,Saturday,No,Day,Fatal accident,100 km/hr,145.71409,-38.33066,Non-Intersection,SOUTH GIPPSLAND,Country,1,1,1,0,0,0,0,No
2018,January,20/1/18,13.50.00,Struck pedestrian,Saturday,No,Day,Serious injury accident,40 km/hr,144.9926,-37.80974,Non-Intersection,YARRA RANGES,Metro,2,0,2,0,0,0,0,No
2018,January,20/1/18,08.40.00,Collision with vehicle,Saturday,No,Day,Other injury accident,100 km/hr,144.29842,-38.20812,Non-Intersection,GEELONG,Country,2,0,0,2,0,0,1,No
2018,January,20/1/18,13.00.00,Collision with vehicle,Friday,No,Day,Other injury accident,60 km/hr,145.03677,-37.90353,Non-Intersection,GLEN EIRA,Metro,4,0,3,1,0,0,0,No
2018,January,20/1/18,10.45.00,Collision with vehicle,Saturday,No,Day,Other injury accident,80 km/hr,144.98718,-37.92559,Intersection,BAYSIDE,Metro,2,0,2,0,0,0,0,No
2018,January,20/1/18,13.50.00,Collision with vehicle,Saturday,No,Day,Serious injury accident,80 km/hr,145.26447,-37.7906,Non-Intersection,MAROONDAH,Metro,3,0,1,2,1,0,0,No
2018,January,20/1/18,14.55.00,Collision with vehicle,Friday,No,Day,Other injury accident,80 km/hr,145.14883,-37.85234,Non-Intersection,WHITEHORSE,Metro,5,0,1,3,2,0,0,No
2018,January,20/1/18,03.30.00,Collision with object,Saturday,No,Dark,Serious injury accident,100 km/hr,141.3226,-37.47309,Non-Intersection,GLENELG,Country,1,0,1,0,0,0,0,No
2018,January,20/1/18,16.42.00,Struck pedestrian,Saturday,No,Day,Serious injury accident,50 km/hr,144.81025,-37.7635,Non-Intersection,BRIMBANK,Metro,2,0,1,1,0,0,0,No
2018,January,20/1/18,18.44.00,Collision with vehicle,Saturday,Yes,Day,Other injury accident,50 km/hr,147.62896,-37.82511,Intersection,EAST GIPPSLAND,Country,2,0,1,0,0,0,0,No
2018,January,20/1/18,14.20.00,Collision with vehicle,Friday,No,Day,Other injury accident,80 km/hr,144.83955,-37.71974,Non-Intersection,BRIMBANK,Metro,7,0,5,2,1,0,2,No
2018,January,20/1/18,21.30.00,No collision and no object struck,Saturday,No,Dark,Other injury accident,40 km/hr,144.95421,-37.81921,Non-Intersection,MELBOURNE,Metro,1,0,1,0,0,0,0,No
2018,January,20/1/18,21.54.00,Collision with vehicle,Saturday,Yes,Dark,Other injury accident,80 km/hr,145.16723,-37.87246,Intersection,MONASH,Metro,2,0,2,0,0,0,0,No
2018,January,20/1/18,22.30.00,Collision with object,Saturday,No,Dark,Other injury accident,40 km/hr,142.15257,-34.18848,Intersection,MILDURA,Country,1,0,0,1,0,0,0,Yes
2018,January,20/1/18,18.50.00,Collision with object,Saturday,No,Day,Other injury accident,60 km/hr,144.72904,-36.13531,Non-Intersection,CAMPASPE,Country,1,0,1,0,0,0,0,No
2018,January,20/1/18,21.30.00,Struck animal,Saturday,No,Dark,Other injury accident,60 km/hr,143.56617,-37.68097,Non-Intersection,GOLDEN PLAINS,Country,1,0,1,0,0,0,0,No
2018,January,20/1/18,10.45.00,Collision with vehicle,Saturday,No,Day,Other injury accident,60 km/hr,144.7696,-37.86383,Intersection,HOBSONS BAY,Metro,2,0,1,1,0,1,0,No
2018,January,20/1/18,19.45.00,Collision with vehicle,Saturday,No,Dusk/Dawn,Other injury accident,60 km/hr,145.02264,-37.88346,Non-Intersection,GLEN EIRA,Metro,2,0,1,1,0,0,1,No
2018,January,20/1/18,10.00.00,Collision with vehicle,Saturday,No,Day,Other injury accident,60 km/hr,144.89586,-37.8218,Intersection,MARIBYRNONG,Metro,3,0,2,1,1,0,0,No
2018,January,20/1/18,22.30.00,Collision with vehicle,Friday,Yes,Dark,Other injury accident,50 km/hr,145.00966,-37.75892,Intersection,DAREBIN,Metro,2,0,2,0,0,1,0,No
2018,January,20/1/18,08.15.00,Collision with vehicle,Saturday,No,Day,Other injury accident,60 km/hr,144.34089,-38.30285,Intersection,SURF COAST,Country,2,0,2,0,0,0,0,No
2018,January,20/1/18,18.10.00,Collision with vehicle,Saturday,No,Day,Serious injury accident,50 km/hr,145.3627,-38.05352,Non-Intersection,CASEY,Metro,1,0,0,1,0,0,0,No
2018,January,20/1/18,06.50.00,Vehicle overturned,Saturday,No,Dusk/Dawn,Serious injury accident,100 km/hr,142.63082,-35.69184,Non-Intersection,YARRIAMBIACK,Country,1,0,1,0,0,0,1,No
2018,January,21/1/18,16.00.00,Vehicle overturned,Sunday,No,Day,Other injury accident,100 km/hr,147.31698,-36.93965,Non-Intersection,EAST GIPPSLAND,Country,1,0,1,0,0,0,0,No
2018,January,21/1/18,00.42.00,Collision with vehicle,Sunday,No,Dark,Other injury accident,40 km/hr,144.97943,-37.7641,Non-Intersection,MORELAND,Metro,2,0,0,2,0,0,0,Yes
2018,January,21/1/18,02.50.00,Fall from or in moving vehicle,Sunday,Yes,Dark,Serious injury accident,80 km/hr,145.28314,-38.09807,Intersection,CASEY,Metro,2,0,1,0,0,0,0,No
2018,January,21/1/18,05.50.00,Collision with vehicle,Sunday,No,Dusk/Dawn,Other injury accident,80 km/hr,145.25756,-38.00431,Intersection,CASEY,Metro,2,0,1,1,0,0,2,No
2018,January,21/1/18,07.55.00,Collision with object,Sunday,No,Day,Other injury accident,60 km/hr,147.5821,-37.84237,Non-Intersection,EAST GIPPSLAND,Country,1,0,1,0,0,0,0,Yes
2018,January,21/1/18,12.40.00,Collision with vehicle,,No,Day,Other injury accident,60 km/hr,144.16807,-37.95359,Intersection,GOLDEN PLAINS,Country,2,0,0,2,0,0,0,No
2018,January,21/1/18,13.30.00,Collision with vehicle,Sunday,No,Day,Other injury accident,80 km/hr,145.14268,-37.97991,Intersection,KINGSTON,Metro,4,0,1,3,2,1,0,No
2018,January,21/1/18,00.30.00,Collision with object,Sunday,No,Dark,Other injury accident,100 km/hr,146.96615,-36.55371,Non-Intersection,ALPINE,Country,1,0,1,0,0,0,1,Yes
2018,January,21/1/18,14.55.00,Collision with vehicle,Sunday,No,Day,Serious injury accident,60 km/hr,145.04283,-37.74164,Intersection,BANYULE,Metro,3,0,2,1,1,0,0,No
2018,January,21/1/18,13.00.00,Collision with object,Sunday,No,Day,Serious injury accident,100 km/hr,144.69161,-36.54998,Non-Intersection,CAMPASPE,Country,1,0,1,0,0,0,1,No
2018,January,21/1/18,09.15.00,Collision with object,Sunday,No,Day,Serious injury accident,80 km/hr,143.96021,-38.50035,Non-Intersection,SURF COAST,Country,1,0,1,0,0,0,0,No
2018,January,21/1/18,16.25.00,Collision with vehicle,Sunday,No,Day,Other injury accident,80 km/hr,144.95147,-37.64335,Intersection,HUME,Metro,5,0,3,2,3,0,0,No
2018,January,21/1/18,16.47.00,Collision with object,Sunday,No,Day,Serious injury accident,50 km/hr,145.16201,-37.51741,Non-Intersection,WHITTLESEA,Metro,1,0,0,1,0,0,0,No
2018,January,21/1/18,14.23.00,Collision with object,Sunday,No,Day,Other injury accident,100 km/hr,145.55591,-37.99904,Non-Intersection,CARDINIA,Metro,1,0,1,0,0,0,1,No
2018,January,21/1/18,19.00.00,Collision with vehicle,Sunday,No,Day,Other injury accident,50 km/hr,145.05266,-37.7961,Intersection,BOROONDARA,Metro,2,0,1,1,0,0,0,No
2018,January,21/1/18,21.36.00,Collision with vehicle,Sunday,No,Dark,Serious injury accident,80 km/hr,145.06813,-37.68622,Intersection,NILLUMBIK,Metro,2,0,2,0,0,0,0,No
2018,January,21/1/18,20.14.00,Collision with object,Sunday,No,Dark,Other injury accident,50 km/hr,145.16331,-37.8826,Non-Intersection,MONASH,Metro,1,0,0,0,0,0,0,No
2018,January,21/1/18,11.20.00,Collision with vehicle,Sunday,No,Day,Other injury accident,60 km/hr,144.97407,-37.83875,Non-Intersection,PORT PHILLIP,Metro,4,0,2,2,1,0,0,No
2018,January,21/1/18,19.00.00,Vehicle overturned,Sunday,No,Day,Other injury accident,80 km/hr,148.75611,-37.11283,Intersection,EAST GIPPSLAND,Country,1,0,0,1,0,0,1,No
2018,January,21/1/18,14.30.00,Vehicle overturned,Sunday,No,Day,Serious injury accident,100 km/hr,141.34516,-35.6768,Non-Intersection,MILDURA,Country,1,0,1,0,0,0,0,No