year,month,date,time,accident_type,day,hit_run,light_condition,severity,speed_zone,longitude,latitude,node_type,lga,state_div,total_persons,fatality,males,females,passengers,old_driver,young_driver,alcohol
2018,January,21/1/18,13.15.00,Collision with vehicle,Sunday,No,Day,Other injury accident,40 km/hr,144.97269,-37.78466,Intersection,YARRA RANGES,Metro,3,0,1,2,1,0,1,No
2018,January,21/1/18,17.00.00,Collision with vehicle,Sunday,No,Day,Other injury accident,80 km/hr,144.56817,-37.61198,Intersection,MELTON,Metro,4,0,1,3,2,1,0,No
2018,January,22/1/18,19.30.00,Struck pedestrian,Monday,Yes,Day,Other injury accident,60 km/hr,145.15805,-37.78868,Intersection,MANNINGHAM,Metro,2,0,0,1,0,0,0,No
2018,January,22/1/18,16.00.00,Collision with vehicle,Sunday,No,Day,Other injury accident,60 km/hr,144.91523,-37.69502,Non-Intersection,MORELAND,Metro,5,0,4,1,1,0,1,No
2018,January,22/1/18,07.40.00,Collision with vehicle,Monday,No,Day,Other injury accident,80 km/hr,145.20865,-38.00303,Non-Intersection,DANDENONG,Metro,4,0,2,2,2,0,0,No
2018,January,22/1/18,07.10.00,Collision with vehicle,Monday,No,Day,Other injury accident,50 km/hr,145.02706,-37.7682,Intersection,DAREBIN,Metro,2,0,1,1,0,0,0,No
2018,January,22/1/18,08.07.00,Collision with object,Monday,No,Day,Serious injury accident,60 km/hr,144.94658,-37.82692,Non-Intersection,PORT PHILLIP,Metro,1,0,1,0,0,0,0,No
2018,January,22/1/18,07.55.00,Collision with vehicle,Monday,No,Day,Serious injury accident,60 km/hr,144.8054,-37.73405,Intersection,BRIMBANK,Metro,2,0,2,0,0,0,0,No
2018,January,22/1/18,11.35.00,Collision with object,Monday,No,Day,Serious injury accident,60 km/hr,145.0861,-37.90411,Non-Intersection,MONASH,Metro,1,0,1,0,0,0,0,No
2018,January,22/1/18,11.20.00,Collision with vehicle,Monday,No,Day,Other injury accident,60 km/hr,144.72716,-37.58178,Non-Intersection,HUME,Metro,2,0,1,1,0,0,0,No
2018,January,22/1/18,13.11.00,Collision with vehicle,Monday,No,Day,Other injury accident,40 km/hr,144.91795,-37.68163,Non-Intersection,HUME,Metro,2,0,2,0,0,0,0,No
2018,January,22/1/18,13.30.00,Collision with vehicle,Monday,No,Day,Other injury accident,50 km/hr,145.01828,-37.7349,Intersection,DAREBIN,Metro,1,0,1,0,0,0,0,No
2018,January,22/1/18,13.30.00,Collision with vehicle,Monday,No,Day,Other injury accident,40 km/hr,144.9606,-37.77612,Intersection,MORELAND,Metro,2,0,2,0,0,0,0,No
2018,January,22/1/18,13.21.00,Collision with vehicle,Monday,No,Day,Serious injury accident,80 km/hr,145.06969,-37.67862,Non-Intersection,WHITTLESEA,Metro,13,0,5,7,4,0,0,No
2018,January,22/1/18,14.50.00,Collision with vehicle,Sunday,No,Day,Serious injury accident,60 km/hr,145.33391,-37.80083,Intersection,YARRA RANGES,Metro,3,0,0,3,0,0,0,No
2018,January,22/1/18,16.45.00,Collision with vehicle,Sunday,No,Day,Other injury accident,60 km/hr,145.06929,-37.92247,Intersection,GLEN EIRA,Metro,5,0,3,2,3,0,0,No
2018,January,22/1/18,16.30.00,Collision with vehicle,Sunday,No,Day,Other injury accident,60 km/hr,145.40201,-36.35745,Intersection,SHEPPARTON,Country,4,0,1,3,2,0,0,No
2018,January,22/1/18,16.50.00,Collision with vehicle,Monday,No,Day,Other injury accident,80 km/hr,145.00436,-37.89507,Non-Intersection,GLEN EIRA,Metro,4,0,2,2,1,0,0,No
2018,January,22/1/18,16.55.00,Collision with vehicle,Monday,No,Day,Serious injury accident,80 km/hr,144.43798,-38.18282,Non-Intersection,GEELONG,Country,4,0,1,3,1,0,1,No
2018,January,22/1/18,17.00.00,Collision with vehicle,Sunday,No,Day,Other injury accident,60 km/hr,145.3131,-37.79829,Non-Intersection,YARRA RANGES,Metro,3,0,1,2,1,0,0,No
2018,January,22/1/18,16.05.00,Collision with object,Sunday,No,Day,Other injury accident,80 km/hr,143.42841,-38.34911,Non-Intersection,COLAC OTWAY,Country,2,0,1,1,1,1,0,No
2018,January,22/1/18,17.00.00,Collision with object,Sunday,No,Day,Other injury accident,100 km/hr,144.40882,-36.79737,Non-Intersection,BENDIGO,Country,1,0,1,0,0,0,0,No
2018,January,22/1/18,18.00.00,Collision with vehicle,Monday,Yes,Day,Other injury accident,40 km/hr,144.96216,-37.81206,Non-Intersection,MELBOURNE,Metro,2,0,1,1,0,0,0,No
2018,January,22/1/18,18.40.00,Collision with vehicle,Sunday,No,Day,Other injury accident,80 km/hr,145.27529,-37.99722,Intersection,CASEY,Metro,3,0,1,2,1,1,1,No
2018,January,22/1/18,21.05.00,Collision with vehicle,Sunday,No,Dark,Other injury accident,60 km/hr,143.58988,-38.35389,Non-Intersection,COLAC OTWAY,Country,2,0,0,2,0,0,0,No
2018,January,22/1/18,19.00.00,Collision with vehicle,Monday,No,Day,Other injury accident,60 km/hr,144.74682,-37.74674,Intersection,MELTON,Metro,5,0,2,3,2,0,2,No
2018,January,22/1/18,21.24.00,Collision with vehicle,Monday,No,Dark,Other injury accident,50 km/hr,144.98402,-37.70275,Non-Intersection,DAREBIN,Metro,1,0,1,0,0,0,0,No
2018,January,22/1/18,19.00.00,Collision with vehicle,Monday,No,Day,Other injury accident,60 km/hr,145.02644,-37.6393,Non-Intersection,WHITTLESEA,Metro,3,0,1,2,1,0,0,No
2018,January,22/1/18,15.00.00,Collision with vehicle,Monday,No,Day,Fatal accident,100 km/hr,141.07149,-38.0542,Non-Intersection,GLENELG,Country,8,1,5,3,5,0,0,No
2018,January,22/1/18,08.30.00,Collision with vehicle,Sunday,No,Day,Other injury accident,50 km/hr,144.93118,-37.6719,Non-Intersection,HUME,Metro,2,0,1,1,0,0,1,No
2018,January,22/1/18,15.00.00,Collision with object,Monday,No,Day,Other injury accident,60 km/hr,145.23867,-37.81012,Non-Intersection,MAROONDAH,Metro,1,0,1,0,0,0,0,No
2018,January,22/1/18,20.45.00,Struck animal,Monday,No,Dusk/Dawn,Other injury accident,100 km/hr,146.63555,-36.24891,Non-Intersection,INDIGO,Country,1,0,0,1,0,0,0,No
2018,January,22/1/18,15.00.00,Collision with vehicle,Monday,No,Day,Serious injury accident,70 km/hr,145.2949,-37.77105,Non-Intersection,MAROONDAH,Metro,3,0,1,1,0,0,0,No
2018,January,22/1/18,21.30.00,Collision with vehicle,Monday,No,Dark,Serious injury accident,60 km/hr,144.32646,-37.6113,Non-Intersection,MOORABOOL,Country,5,0,1,3,3,0,0,No
2018,January,22/1/18,21.45.00,Collision with vehicle,Monday,No,Dark,Serious injury accident,70 km/hr,145.12542,-38.11701,Non-Intersection,FRANKSTON,Metro,1,0,1,0,0,0,0,No
2018,January,22/1/18,07.45.00,Collision with vehicle,Monday,No,Day,Other injury accident,60 km/hr,143.73538,-37.04841,Intersection,CENTRAL GOLDFIELDS,Country,2,0,0,2,0,0,0,No
2018,January,22/1/18,06.30.00,Collision with vehicle,Sunday,No,Unk.,Other injury accident,60 km/hr,144.6531,-37.72157,Intersection,MELTON,Metro,2,0,1,1,0,0,0,No
2018,January,22/1/18,18.03.00,Collision with vehicle,Monday,No,Day,Serious injury accident,60 km/hr,145.10208,-37.91145,Non-Intersection,MONASH,Metro,4,0,2,2,0,0,2,No
2018,January,23/1/18,08.00.00,No collision and no object struck,Tuesday,No,Day,Other injury accident,40 km/hr,144.99603,-37.83749,Non-Intersection,STONNINGTON,Metro,1,0,1,0,0,0,0,No
2018,January,23/1/18,01.57.00,Collision with object,Tuesday,No,Dark,Serious injury accident,100 km/hr,144.74676,-37.46956,Non-Intersection,MACEDON RANGES,Country,1,0,0,1,0,0,1,No
2018,January,23/1/18,07.30.00,Collision with vehicle,Tuesday,No,Day,Other injury accident,60 km/hr,143.87057,-37.56995,Intersection,BALLARAT,Country,2,0,2,0,0,0,0,No
2018,January,23/1/18,06.35.00,Collision with object,Monday,No,Day,Other injury accident,70 km/hr,145.11216,-37.69384,Non-Intersection,BANYULE,Metro,1,0,0,1,0,0,0,No
2018,January,23/1/18,09.15.00,Collision with vehicle,Tuesday,No,Day,Other injury accident,60 km/hr,144.34713,-38.14676,Intersection,GEELONG,Country,2,0,2,0,0,0,0,No
2018,January,23/1/18,10.00.00,No collision and no object struck,Tuesday,No,Day,Other injury accident,50 km/hr,145.01678,-37.82584,Non-Intersection,YARRA RANGES,Metro,2,0,2,0,0,0,0,No
2018,January,23/1/18,10.00.00,Collision with vehicle,Tuesday,No,Day,Serious injury accident,60 km/hr,144.31682,-38.33088,Intersection,SURF COAST,Country,2,0,1,1,0,0,0,No
2018,January,23/1/18,10.20.00,Collision with vehicle,Tuesday,No,Day,Other injury accident,60 km/hr,145.11812,-37.79989,Intersection,WHITEHORSE,Metro,2,0,1,0,0,0,0,No
2018,January,23/1/18,06.50.00,Collision with object,Tuesday,No,Dusk/Dawn,Serious injury accident,60 km/hr,144.34857,-38.08406,Non-Intersection,GEELONG,Country,1,0,1,0,0,0,1,No
2018,January,23/1/18,04.00.00,Collision with object,Tuesday,No,Dark,Serious injury accident,100 km/hr,142.02371,-36.06555,Non-Intersection,HINDMARSH,Country,1,0,1,0,0,0,0,No
2018,January,23/1/18,11.40.00,Collision with vehicle,Tuesday,No,Day,Other injury accident,60 km/hr,145.11382,-37.68913,Non-Intersection,NILLUMBIK,Metro,2,0,1,1,0,1,0,No
2018,January,23/1/18,13.18.00,Collision with vehicle,Tuesday,No,Day,Serious injury accident,60 km/hr,145.07595,-37.98256,Intersection,KINGSTON,Metro,5,0,0,5,3,0,0,No
2018,January,23/1/18,13.45.00,Collision with vehicle,Tuesday,No,Day,Other injury accident,60 km/hr,145.01278,-37.68655,Intersection,WHITTLESEA,Metro,2,0,1,1,0,0,1,No
2018,January,23/1/18,15.43.00,Collision with vehicle,Tuesday,No,Day,Serious injury accident,50 km/hr,143.55454,-35.34172,Intersection,SWAN HILL,Country,3,0,1,2,1,0,1,No
2018,January,23/1/18,16.18.00,Collision with vehicle,Tuesday,No,Day,Serious injury accident,100 km/hr,146.35805,-36.43084,Non-Intersection,WANGARATTA,Country,3,0,1,2,1,0,1,No
2018,January,23/1/18,18.15.00,Collision with vehicle,Tuesday,No,Day,Other injury accident,60 km/hr,143.61461,-38.33081,Non-Intersection,COLAC OTWAY,Country,2,0,1,1,0,0,1,No
2018,January,23/1/18,17.30.00,Collision with vehicle,Tuesday,No,Day,Serious injury accident,60 km/hr,145.0346,-37.88143,Intersection,GLEN EIRA,Metro,4,0,2,2,2,0,0,No
2018,January,23/1/18,19.00.00,Collision with vehicle,Tuesday,No,Day,Serious injury accident,60 km/hr,145.14901,-37.86896,Intersection,MONASH,Metro,2,0,1,1,0,0,1,No
2018,January,23/1/18,19.50.00,Struck pedestrian,Tuesday,No,Day,Serious injury accident,50 km/hr,143.58166,-38.3393,Intersection,COLAC OTWAY,Country,2,0,1,1,0,0,0,No
2018,January,23/1/18,17.15.00,Collision with object,Tuesday,No,Day,Serious injury accident,100 km/hr,142.0577,-38.15574,Non-Intersection,MOYNE,Country,1,0,0,1,0,0,0,No
2018,January,23/1/18,19.28.00,No collision and no object struck,Tuesday,No,Dusk/Dawn,Other injury accident,80 km/hr,144.24001,-36.82759,Non-Intersection,BENDIGO,Country,1,0,1,0,0,0,0,No
2018,January,23/1/18,16.41.00,Collision with vehicle,Tuesday,No,Day,Serious injury accident,80 km/hr,143.70988,-38.31179,Non-Intersection,COLAC OTWAY,Country,2,0,2,0,0,1,0,No
2018,January,23/1/18,22.35.00,Struck pedestrian,Tuesday,No,Dark,Serious injury accident,70 km/hr,145.17567,-37.82056,Non-Intersection,WHITEHORSE,Metro,4,0,1,2,2,0,1,No
2018,January,23/1/18,21.45.00,Collision with vehicle,Tuesday,No,Dark,Other injury accident,80 km/hr,143.80484,-37.5103,Intersection,BALLARAT,Country,4,0,2,2,2,0,1,No
2018,January,23/1/18,23.32.00,Collision with object,Tuesday,No,Dark,Serious injury accident,60 km/hr,144.30105,-36.77191,Non-Intersection,BENDIGO,Country,4,0,4,0,2,0,2,No
2018,January,23/1/18,16.40.00,Collision with vehicle,Tuesday,No,Day,Serious injury accident,60 km/hr,145.02859,-37.62417,Non-Intersection,WHITTLESEA,Metro,3,0,2,1,1,0,1,No
2018,January,23/1/18,10.18.00,Collision with vehicle,Monday,No,Day,Serious injury accident,80 km/hr,144.85242,-37.73952,Intersection,BRIMBANK,Metro,3,0,3,0,1,0,0,No
2018,January,23/1/18,18.00.00,Collision with vehicle,Monday,No,Day,Other injury accident,60 km/hr,144.92749,-37.78794,Intersection,MELBOURNE,Metro,2,0,1,1,0,0,0,No
2018,January,23/1/18,17.30.00,Collision with vehicle,Tuesday,No,Day,Other injury accident,80 km/hr,145.23447,-38.01792,Non-Intersection,DANDENONG,Metro,2,0,1,1,0,0,0,No
2018,January,24/1/18,08.50.00,Collision with vehicle,Wednesday,No,Day,Serious injury accident,60 km/hr,145.00713,-37.82605,Intersection,YARRA RANGES,Metro,2,0,1,1,0,0,0,No
2018,January,24/1/18,17.15.00,Collision with vehicle,Wednesday,No,Dusk/Dawn,Other injury accident,40 km/hr,144.97897,-37.79536,Intersection,YARRA RANGES,Metro,2,0,2,0,0,0,0,No
2018,January,24/1/18,18.13.00,Collision with vehicle,Wednesday,No,Day,Other injury accident,50 km/hr,144.92691,-37.69692,Intersection,MORELAND,Metro,4,0,4,0,2,0,1,No
2018,January,24/1/18,16.10.00,Collision with vehicle,Wednesday,No,Day,Other injury accident,50 km/hr,144.94747,-37.76987,Non-Intersection,MORELAND,Metro,1,0,1,0,0,0,0,No
2018,January,24/1/18,20.25.00,Collision with object,Wednesday,No,Dark,Other injury accident,50 km/hr,145.18342,-37.80468,Non-Intersection,MANNINGHAM,Metro,1,0,1,0,0,0,0,Yes
2018,January,24/1/18,13.15.00,Collision with vehicle,Wednesday,No,Day,Other injury accident,80 km/hr,145.1245,-37.77763,Non-Intersection,MANNINGHAM,Metro,3,0,2,1,1,0,0,No
2018,January,24/1/18,19.24.00,Collision with vehicle,Wednesday,No,Dusk/Dawn,Other injury accident,40 km/hr,145.00521,-37.81919,Intersection,YARRA RANGES,Metro,3,0,2,1,1,0,0,No
2018,January,24/1/18,16.43.00,Collision with vehicle,Wednesday,No,Day,Other injury accident,40 km/hr,144.97876,-37.79663,Non-Intersection,YARRA RANGES,Metro,2,0,1,1,0,0,1,No
2018,January,24/1/18,14.45.00,Collision with vehicle,Tuesday,No,Day,Other injury accident,50 km/hr,145.01258,-37.73892,Non-Intersection,DAREBIN,Metro,7,0,3,1,0,1,1,No
2018,January,24/1/18,01.05.00,Collision with object,Wednesday,No,Dark,Serious injury accident,100 km/hr,145.20806,-38.25276,Non-Intersection,MORNINGTON PENINSULA,Metro,1,0,1,0,0,0,0,No
2018,January,24/1/18,03.50.00,Collision with object,Wednesday,No,Dark,Other injury accident,40 km/hr,145.15326,-37.87753,Non-Intersection,MONASH,Metro,1,0,1,0,0,0,1,No
2018,January,24/1/18,06.00.00,Collision with vehicle,Tuesday,No,Dusk/Dawn,Other injury accident,60 km/hr,145.10068,-37.70436,Intersection,BANYULE,Metro,4,0,1,3,1,0,1,No
2018,January,24/1/18,06.08.00,Collision with vehicle,Wednesday,No,Day,Other injury accident,50 km/hr,144.36477,-38.09431,Non-Intersection,GEELONG,Country,2,0,1,0,0,0,0,No
2018,January,24/1/18,09.30.00,Collision with object,Wednesday,No,Day,Other injury accident,60 km/hr,145.13709,-38.07101,Non-Intersection,KINGSTON,Metro,1,0,0,1,0,0,0,No
2018,January,24/1/18,08.05.00,Collision with vehicle,Wednesday,No,Day,Other injury accident,50 km/hr,145.03508,-37.8241,Intersection,BOROONDARA,Metro,2,0,1,1,0,0,0,No
2018,January,24/1/18,12.57.00,Struck pedestrian,Wednesday,No,Day,Serious injury accident,40 km/hr,145.00307,-37.93449,Intersection,BAYSIDE,Metro,2,0,1,1,0,1,0,No
2018,January,24/1/18,13.09.00,Collision with object,Wednesday,No,Day,Serious injury accident,50 km/hr,143.83743,-37.53791,Intersection,BALLARAT,Country,1,0,1,0,0,0,0,No
2018,January,24/1/18,13.15.00,Collision with object,Wednesday,No,Day,Serious injury accident,100 km/hr,145.83035,-38.62899,Non-Intersection,SOUTH GIPPSLAND,Country,1,0,0,1,0,0,0,No
2018,January,24/1/18,15.00.00,Collision with object,Wednesday,No,Day,Other injury accident,60 km/hr,145.0823,-37.70234,Non-Intersection,BANYULE,Metro,1,0,0,1,0,0,0,No
2018,January,24/1/18,17.00.00,Collision with vehicle,Wednesday,No,Day,Other injury accident,60 km/hr,142.14444,-34.21352,Non-Intersection,MILDURA,Country,2,0,1,1,0,0,0,No
2018,January,24/1/18,17.00.00,Collision with vehicle,Tuesday,Yes,Day,Other injury accident,60 km/hr,144.24584,-36.71669,Non-Intersection,BENDIGO,Country,2,0,1,0,0,0,0,No
2018,January,24/1/18,17.10.00,Collision with vehicle,Wednesday,No,Day,Other injury accident,80 km/hr,144.90004,-37.83051,Non-Intersection,MELBOURNE,Metro,5,0,1,4,3,0,0,No
2018,January,24/1/18,16.20.00,Collision with object,Wednesday,No,Day,Other injury accident,40 km/hr,144.96624,-37.74337,Non-Intersection,MORELAND,Metro,2,0,2,0,0,0,0,No
2018,January,24/1/18,17.20.00,Collision with vehicle,Tuesday,No,Day,Other injury accident,70 km/hr,145.23986,-37.85152,Intersection,KNOX,Metro,2,0,2,0,0,0,1,No
2018,January,24/1/18,18.00.00,Collision with vehicle,Tuesday,No,Day,Other injury accident,80 km/hr,144.82425,-37.82394,Non-Intersection,HOBSONS BAY,Metro,3,0,0,3,0,0,1,No
2018,January,24/1/18,10.48.00,Collision with object,Wednesday,No,Day,Other injury accident,100 km/hr,144.8015,-37.80102,Non-Intersection,BRIMBANK,Metro,3,0,2,1,0,0,0,No
2018,January,24/1/18,16.55.00,Collision with vehicle,Wednesday,No,Day,Serious injury accident,60 km/hr,144.29825,-36.74004,Intersection,BENDIGO,Country,2,0,1,1,0,0,0,No
2018,January,24/1/18,21.30.00,Collision with object,Wednesday,No,Dark,Serious injury accident,50 km/hr,145.41276,-38.04752,Intersection,CARDINIA,Metro,1,0,0,1,0,0,0,No
2018,January,24/1/18,17.30.00,Collision with vehicle,Tuesday,No,Day,Other injury accident,60 km/hr,144.99832,-37.73741,Non-Intersection,DAREBIN,Metro,2,0,0,2,0,0,0,No
2018,January,25/1/18,15.30.00,Collision with vehicle,Thursday,No,Day,Other injury accident,40 km/hr,144.99483,-37.81684,Non-Intersection,YARRA RANGES,Metro,2,0,0,2,0,0,0,No
2018,January,25/1/18,14.45.00,Collision with vehicle,Thursday,No,Day,Other injury accident,80 km/hr,144.43537,-38.01279,Intersection,GEELONG,Country,2,0,1,1,0,0,1,No
2018,January,25/1/18,03.50.00,Collision with vehicle,Thursday,No,Dark,Serious injury accident,80 km/hr,145.27856,-38.00879,Intersection,CASEY,Metro,2,0,1,1,0,0,0,No
2018,January,25/1/18,10.50.00,Collision with vehicle,Thursday,No,Day,Other injury accident,50 km/hr,144.9916,-37.86146,Intersection,PORT PHILLIP,Metro,2,0,1,1,0,0,0,No
2018,January,25/1/18,09.30.00,Collision with vehicle,Thursday,No,Day,Other injury accident,70 km/hr,145.13002,-37.67676,Non-Intersection,NILLUMBIK,Metro,3,0,1,2,0,0,2,No
2018,January,25/1/18,12.10.00,Collision with vehicle,Wednesday,No,Day,Other injury accident,70 km/hr,144.31935,-36.71382,Intersection,BENDIGO,Country,6,0,4,2,4,0,1,No
2018,January,25/1/18,07.30.00,Struck pedestrian,Thursday,No,Day,Other injury accident,50 km/hr,144.99112,-37.76263,Non-Intersection,DAREBIN,Metro,2,0,2,0,0,0,0,No
2018,January,25/1/18,13.04.00,Collision with vehicle,Thursday,No,Day,Serious injury accident,60 km/hr,145.01375,-37.84212,Intersection,STONNINGTON,Metro,3,0,2,1,1,0,0,No
2018,January,25/1/18,11.00.00,Collision with vehicle,Thursday,No,Day,Other injury accident,50 km/hr,145.12351,-38.15205,Non-Intersection,FRANKSTON,Metro,2,0,2,0,0,1,0,No
2018,January,25/1/18,16.43.00,Collision with vehicle,Thursday,No,Day,Serious injury accident,50 km/hr,143.86796,-37.58236,Intersection,BALLARAT,Country,2,0,1,1,0,0,0,No
2018,January,25/1/18,16.14.00,Collision with vehicle,Thursday,No,Day,Other injury accident,40 km/hr,145.0002,-37.76098,Non-Intersection,DAREBIN,Metro,6,0,3,3,3,0,0,No
2018,January,25/1/18,15.10.00,Collision with vehicle,Thursday,No,Day,Serious injury accident,50 km/hr,145.09301,-37.61309,Intersection,WHITTLESEA,Metro,4,0,1,3,2,0,1,No
2018,January,25/1/18,15.34.00,Collision with object,Wednesday,No,Day,Serious injury accident,80 km/hr,145.40804,-36.41592,Non-Intersection,SHEPPARTON,Country,2,0,2,0,1,0,0,No
2018,January,25/1/18,13.59.00,Collision with object,Thursday,No,Day,Serious injury accident,100 km/hr,146.42265,-36.38563,Non-Intersection,WANGARATTA,Country,1,0,1,0,0,1,0,No
2018,January,25/1/18,17.00.00,Collision with object,Thursday,No,Day,Other injury accident,60 km/hr,145.08095,-37.93175,Non-Intersection,KINGSTON,Metro,1,0,0,1,0,0,0,No
2018,January,25/1/18,17.21.00,Collision with vehicle,Thursday,No,Day,Serious injury accident,70 km/hr,145.09236,-37.86889,Intersection,BOROONDARA,Metro,2,0,0,2,0,0,0,No
2018,January,25/1/18,20.04.00,Collision with vehicle,Wednesday,No,Dark,Other injury accident,50 km/hr,144.68177,-37.86025,Intersection,WYNDHAM,Metro,1,0,1,0,0,0,0,No
2018,January,25/1/18,17.55.00,Collision with vehicle,Thursday,No,Day,Other injury accident,50 km/hr,144.6368,-37.90441,Non-Intersection,WYNDHAM,Metro,2,0,2,0,0,0,1,No
2018,January,25/1/18,21.00.00,Collision with vehicle,Thursday,No,Dark,Other injury accident,60 km/hr,144.33165,-38.14117,Non-Intersection,GEELONG,Country,2,0,0,2,0,0,1,No
2018,January,25/1/18,02.40.00,Collision with vehicle,Wednesday,No,Dark,Other injury accident,50 km/hr,144.95879,-37.81694,Non-Intersection,MELBOURNE,Metro,1,0,1,0,0,0,0,No
2018,January,25/1/18,23.00.00,Collision with object,Thursday,No,Dark,Other injury accident,110 km/hr,145.19792,-36.95694,Non-Intersection,MITCHELL,Country,1,0,1,0,0,0,1,No
2018,January,25/1/18,15.00.00,Collision with vehicle,Wednesday,No,Day,Other injury accident,80 km/hr,145.89333,-38.14431,Intersection,BAW BAW,Country,3,0,2,1,1,0,0,No
2018,January,25/1/18,13.56.00,Collision with vehicle,Thursday,No,Day,Other injury accident,60 km/hr,145.9488,-38.16244,Intersection,BAW BAW,Country,2,0,1,1,0,1,1,No
2018,January,25/1/18,15.30.00,Collision with vehicle,Thursday,No,Day,Other injury accident,50 km/hr,147.07601,-38.10071,Non-Intersection,WELLINGTON,Country,1,0,1,0,0,0,0,No
2018,January,25/1/18,23.50.00,Collision with vehicle,Thursday,No,Dark,Other injury accident,50 km/hr,143.85671,-37.55955,Intersection,BALLARAT,Country,4,0,3,1,2,0,1,No
2018,January,25/1/18,17.00.00,Collision with vehicle,Wednesday,No,Day,Other injury accident,80 km/hr,145.22091,-37.92656,Non-Intersection,KNOX,Metro,3,0,1,2,0,0,0,No
2018,January,26/1/18,00.30.00,Collision with object,Friday,No,Dark,Serious injury accident,100 km/hr,142.63185,-36.59617,Intersection,YARRIAMBIACK,Country,1,0,1,0,0,0,0,No
2018,January,26/1/18,02.40.00,Collision with object,Friday,No,Dark,Other injury accident,80 km/hr,144.13775,-38.25503,Intersection,SURF COAST,Country,1,0,1,0,0,0,0,Yes
2018,January,26/1/18,07.30.00,Collision with vehicle,Friday,No,Day,Other injury accident,50 km/hr,144.95215,-37.79582,Non-Intersection,MELBOURNE,Metro,2,0,1,1,0,0,0,No
2018,January,26/1/18,07.30.00,Collision with object,Thursday,No,Day,Serious injury accident,100 km/hr,145.07454,-37.87708,Non-Intersection,STONNINGTON,Metro,1,0,1,0,0,0,0,No
2018,January,26/1/18,07.45.00,Collision with object,Friday,No,Day,Serious injury accident,50 km/hr,145.11533,-38.03234,Non-Intersection,KINGSTON,Metro,3,0,1,2,2,0,0,No
2018,January,26/1/18,08.35.00,Collision with object,Thursday,No,Day,Other injury accident,100 km/hr,145.48628,-36.27791,Non-Intersection,SHEPPARTON,Country,1,0,1,0,0,0,0,No
2018,January,26/1/18,09.30.00,Struck pedestrian,Thursday,No,Day,Serious injury accident,50 km/hr,144.78666,-37.75585,Non-Intersection,BRIMBANK,Metro,2,0,1,1,0,0,0,No
2018,January,26/1/18,12.02.00,Collision with vehicle,Friday,No,Day,Other injury accident,60 km/hr,144.92877,-37.6305,Non-Intersection,HUME,Metro,4,0,1,3,1,0,0,No
2018,January,26/1/18,11.20.00,Collision with vehicle,Thursday,No,Day,Other injury accident,80 km/hr,145.24459,-37.98134,Non-Intersection,CASEY,Metro,7,0,3,4,3,0,2,No
2018,January,26/1/18,10.49.00,Struck pedestrian,Friday,No,Day,Serious injury accident,50 km/hr,144.33995,-38.11218,Non-Intersection,GEELONG,Country,5,0,4,1,3,0,1,No
2018,January,26/1/18,13.30.00,Collision with vehicle,Friday,No,Day,Serious injury accident,80 km/hr,145.3355,-37.95023,Non-Intersection,YARRA RANGES,Metro,2,0,2,0,0,0,0,No
2018,January,26/1/18,12.10.00,Collision with object,Friday,No,Day,Other injury accident,60 km/hr,145.82484,-38.43394,Intersection,SOUTH GIPPSLAND,Country,1,0,1,0,0,0,0,No
2018,January,26/1/18,12.50.00,Collision with vehicle,Friday,No,Day,Other injury accident,50 km/hr,144.71844,-37.90733,Intersection,WYNDHAM,Metro,2,0,2,0,0,0,0,No
2018,January,26/1/18,14.00.00,Collision with object,Friday,No,Day,Serious injury accident,100 km/hr,147.13281,-36.67507,Non-Intersection,ALPINE,Country,1,0,0,1,0,0,0,No
2018,January,26/1/18,16.35.00,Collision with object,Friday,No,Day,Other injury accident,100 km/hr,142.11378,-36.53037,Non-Intersection,HORSHAM,Country,1,0,1,0,0,0,0,No
2018,January,26/1/18,13.50.00,Collision with vehicle,Friday,No,Day,Serious injury accident,60 km/hr,144.99049,-37.89271,Intersection,BAYSIDE,Metro,4,0,3,1,2,0,0,No
2018,January,26/1/18,15.47.00,Collision with object,Friday,No,Day,Serious injury accident,70 km/hr,145.1297,-37.64722,Non-Intersection,NILLUMBIK,Metro,1,0,0,1,0,0,0,No
2018,January,26/1/18,16.20.00,Collision with vehicle,Friday,No,Day,Serious injury accident,100 km/hr,145.65577,-38.07205,Intersection,CARDINIA,Metro,3,0,1,2,1,0,1,No
2018,January,26/1/18,16.50.00,Collision with vehicle,Friday,No,Day,Serious injury accident,100 km/hr,142.79784,-38.50546,Intersection,MOYNE,Country,5,0,5,0,3,0,1,No
2018,January,26/1/18,18.45.00,Vehicle overturned,Friday,No,Dusk/Dawn,Other injury accident,80 km/hr,145.01218,-37.32905,Non-Intersection,MITCHELL,Country,5,0,3,2,4,0,0,No
2018,January,26/1/18,18.20.00,Struck pedestrian,Friday,No,Day,Serious injury accident,60 km/hr,145.02465,-37.82137,Non-Intersection,BOROONDARA,Metro,2,0,1,1,0,0,1,No