year,month,date,time,accident_type,day,hit_run,light_condition,severity,speed_zone,longitude,latitude,node_type,lga,state_div,total_persons,fatality,males,females,passengers,old_driver,young_driver,alcohol
2018,January,26/1/18,20.48.00,Collision with vehicle,Friday,No,Dark,Serious injury accident,60 km/hr,145.0567,-37.83134,Intersection,BOROONDARA,Metro,3,0,1,2,1,0,0,No
2018,January,26/1/18,21.45.00,Collision with object,Friday,No,Dark,Serious injury accident,80 km/hr,145.50693,-37.98691,Non-Intersection,CARDINIA,Metro,1,0,0,1,0,1,0,No
2018,January,26/1/18,22.00.00,Vehicle overturned,Thursday,No,Dark,Other injury accident,60 km/hr,144.94398,-37.8003,Intersection,MELBOURNE,Metro,1,0,1,0,0,0,0,No
2018,January,26/1/18,14.10.00,Collision with object,Friday,No,Day,Serious injury accident,100 km/hr,146.2136,-36.93257,Non-Intersection,MANSFIELD,Country,1,0,1,0,0,0,0,No
2018,January,26/1/18,21.20.00,Collision with vehicle,Friday,No,Dark,Other injury accident,70 km/hr,144.79427,-38.36434,Intersection,MORNINGTON PENINSULA,Metro,11,0,6,5,9,0,0,No
2018,January,26/1/18,22.34.00,No collision and no object struck,Friday,No,Dark,Serious injury accident,50 km/hr,145.03245,-37.81418,Non-Intersection,BOROONDARA,Metro,1,0,1,0,0,0,0,No
2018,January,26/1/18,09.00.00,Collision with vehicle,Friday,No,Day,Serious injury accident,60 km/hr,144.97643,-37.87205,Intersection,PORT PHILLIP,Metro,2,0,1,0,0,0,0,No
2018,January,26/1/18,19.45.00,Collision with object,Friday,No,Dark,Other injury accident,80 km/hr,145.14534,-37.9258,Non-Intersection,DANDENONG,Metro,2,0,1,1,1,0,0,No
2018,January,26/1/18,21.25.00,Struck animal,Friday,No,Dark,Serious injury accident,100 km/hr,145.278,-37.15301,Non-Intersection,MURRINDINDI,Country,1,0,1,0,0,0,1,No
2018,January,27/1/18,07.45.00,Vehicle overturned,Saturday,No,Day,Other injury accident,80 km/hr,145.13483,-37.96543,Intersection,DANDENONG,Metro,1,0,1,0,0,0,0,No
2018,January,27/1/18,14.00.00,Collision with object,Saturday,No,Day,Serious injury accident,100 km/hr,147.96253,-36.07627,Non-Intersection,TOWONG,Country,2,0,2,0,1,0,1,No
2018,January,27/1/18,13.30.00,Collision with object,Friday,No,Day,Serious injury accident,100 km/hr,145.80686,-37.13489,Intersection,MURRINDINDI,Country,1,0,1,0,0,0,1,No
2018,January,27/1/18,14.30.00,Collision with vehicle,Saturday,No,Day,Other injury accident,50 km/hr,144.74077,-37.89413,Non-Intersection,WYNDHAM,Metro,3,0,1,2,1,0,0,No
2018,January,27/1/18,01.00.00,Collision with object,Saturday,Yes,Dark,Other injury accident,60 km/hr,145.02489,-37.73286,Non-Intersection,DAREBIN,Metro,1,0,1,0,0,0,0,No
2018,January,27/1/18,00.07.00,Collision with vehicle,Saturday,No,Dark,Other injury accident,50 km/hr,143.58082,-38.34259,Intersection,COLAC OTWAY,Country,1,0,1,0,0,0,1,No
2018,January,27/1/18,00.10.00,Collision with object,Saturday,No,Dark,Serious injury accident,60 km/hr,146.26638,-38.17851,Non-Intersection,LATROBE,Country,1,0,1,0,0,0,1,No
2018,January,27/1/18,08.41.00,Struck pedestrian,Saturday,No,Day,Other injury accident,60 km/hr,144.95453,-37.79945,Non-Intersection,MELBOURNE,Metro,2,0,1,1,0,0,1,No
2018,January,27/1/18,09.10.00,Collision with vehicle,Saturday,Yes,Day,Other injury accident,60 km/hr,144.98709,-37.91531,Non-Intersection,BAYSIDE,Metro,2,0,2,0,0,0,0,No
2018,January,27/1/18,11.45.00,No collision and no object struck,Saturday,No,Day,Other injury accident,100 km/hr,145.56076,-37.92369,Non-Intersection,CARDINIA,Metro,1,0,1,0,0,0,0,No
2018,January,27/1/18,11.40.00,Collision with vehicle,Saturday,No,Day,Other injury accident,50 km/hr,144.85651,-38.37469,Intersection,MORNINGTON PENINSULA,Metro,7,0,4,2,5,0,0,No
2018,January,27/1/18,10.15.00,Collision with vehicle,Saturday,No,Day,Serious injury accident,60 km/hr,144.61068,-36.49838,Intersection,BENDIGO,Country,3,0,2,1,1,0,0,No
2018,January,27/1/18,11.05.00,Collision with vehicle,Saturday,No,Day,Other injury accident,100 km/hr,145.18324,-38.06349,Non-Intersection,DANDENONG,Metro,29,0,8,8,22,0,0,No
2018,January,27/1/18,06.37.00,No collision and no object struck,Saturday,No,Dusk/Dawn,Fatal accident,100 km/hr,142.57154,-37.15005,Non-Intersection,NORTHERN GRAMPIANS,Country,4,1,3,1,3,0,1,No
2018,January,27/1/18,11.45.00,Collision with vehicle,Friday,No,Day,Other injury accident,50 km/hr,144.872,-37.75459,Non-Intersection,MOONEE VALLEY,Metro,1,0,0,1,0,1,0,No
2018,January,27/1/18,12.30.00,Collision with vehicle,Saturday,No,Day,Other injury accident,60 km/hr,145.13888,-38.1451,Non-Intersection,FRANKSTON,Metro,3,0,2,1,1,0,0,No
2018,January,27/1/18,12.00.00,Collision with vehicle,Saturday,No,Day,Other injury accident,60 km/hr,145.02616,-37.64671,Non-Intersection,WHITTLESEA,Metro,4,0,3,0,2,0,1,No
2018,January,27/1/18,12.50.00,Collision with vehicle,Saturday,No,Day,Other injury accident,50 km/hr,145.07534,-37.85562,Non-Intersection,BOROONDARA,Metro,2,0,1,1,0,1,0,No
2018,January,27/1/18,14.00.00,Collision with vehicle,Saturday,No,Day,Serious injury accident,60 km/hr,145.12615,-37.79498,Non-Intersection,MANNINGHAM,Metro,2,0,2,0,0,0,0,No
2018,January,27/1/18,15.34.00,Collision with vehicle,Friday,No,Day,Other injury accident,50 km/hr,144.92395,-37.62,Non-Intersection,HUME,Metro,1,0,1,0,0,0,1,No
2018,January,27/1/18,17.10.00,Collision with vehicle,Saturday,No,Day,Other injury accident,100 km/hr,145.17506,-37.92166,Non-Intersection,MONASH,Metro,3,0,3,0,1,0,0,No
2018,January,27/1/18,17.00.00,Struck pedestrian,Friday,No,Day,Other injury accident,50 km/hr,145.12992,-37.58477,Non-Intersection,WHITTLESEA,Metro,2,0,1,1,0,0,0,No
2018,January,27/1/18,21.30.00,Collision with vehicle,Saturday,No,Dark,Other injury accident,70 km/hr,144.66843,-37.85261,Intersection,WYNDHAM,Metro,3,0,1,1,0,0,0,No
2018,January,27/1/18,22.25.00,Collision with vehicle,Saturday,No,Dark,Other injury accident,80 km/hr,144.9121,-37.83347,Non-Intersection,MELBOURNE,Metro,5,0,3,2,2,0,1,No
2018,January,27/1/18,23.42.00,Collision with vehicle,Saturday,No,Dark,Other injury accident,60 km/hr,144.99067,-37.89174,Intersection,BAYSIDE,Metro,2,0,2,0,0,0,1,No
2018,January,27/1/18,22.00.00,Collision with object,Saturday,No,Dark,Other injury accident,100 km/hr,146.55419,-38.15226,Non-Intersection,LATROBE,Country,1,0,1,0,0,0,0,Yes
2018,January,27/1/18,18.32.00,Collision with vehicle,Friday,No,Day,Other injury accident,80 km/hr,144.93662,-37.82577,Non-Intersection,MELBOURNE,Metro,6,0,1,5,3,0,0,No
2018,January,27/1/18,22.15.00,Collision with object,Saturday,No,Dark,Serious injury accident,110 km/hr,141.87269,-35.16398,Non-Intersection,MILDURA,Country,1,0,1,0,0,0,0,No
2018,January,27/1/18,15.00.00,Collision with vehicle,Saturday,No,Unk.,Other injury accident,40 km/hr,144.99394,-37.84805,Non-Intersection,STONNINGTON,Metro,3,0,3,0,1,0,0,No
2018,January,28/1/18,19.23.00,Collision with vehicle,Sunday,No,Day,Other injury accident,50 km/hr,144.89755,-37.80324,Non-Intersection,MARIBYRNONG,Metro,1,0,1,0,0,0,0,No
2018,January,28/1/18,04.03.00,Collision with object,Sunday,No,Dark,Other injury accident,100 km/hr,144.72315,-37.75079,Non-Intersection,MELTON,Metro,1,0,1,0,0,0,1,No
2018,January,28/1/18,06.40.00,Collision with vehicle,Sunday,No,Dusk/Dawn,Other injury accident,60 km/hr,145.15037,-37.81741,Intersection,WHITEHORSE,Metro,3,0,1,2,1,0,0,No
2018,January,28/1/18,07.50.00,Collision with vehicle,Sunday,No,Day,Other injury accident,50 km/hr,144.71486,-38.32025,Intersection,MORNINGTON PENINSULA,Metro,2,0,1,1,0,0,0,No
2018,January,28/1/18,07.30.00,Collision with object,Sunday,No,Day,Other injury accident,80 km/hr,147.535,-37.12775,Non-Intersection,EAST GIPPSLAND,Country,1,0,0,1,0,0,0,No
2018,January,28/1/18,07.45.00,Collision with vehicle,Sunday,No,Day,Other injury accident,80 km/hr,143.86564,-38.28009,Non-Intersection,COLAC OTWAY,Country,5,0,2,2,3,0,0,Yes
2018,January,28/1/18,10.15.00,Collision with vehicle,Sunday,No,Day,Other injury accident,60 km/hr,145.03628,-38.21599,Intersection,MORNINGTON PENINSULA,Metro,2,0,1,1,0,0,0,No
2018,January,28/1/18,11.30.00,Collision with vehicle,,No,Day,Other injury accident,80 km/hr,145.08135,-37.99071,Intersection,KINGSTON,Metro,2,0,1,1,0,0,1,No
2018,January,28/1/18,08.55.00,Vehicle overturned,Sunday,No,Day,Serious injury accident,80 km/hr,143.97647,-38.55401,Non-Intersection,SURF COAST,Country,1,0,1,0,0,0,0,No
2018,January,28/1/18,12.30.00,Collision with vehicle,Sunday,No,Day,Other injury accident,60 km/hr,144.31263,-38.17362,Non-Intersection,GEELONG,Country,1,0,0,1,0,0,0,No
2018,January,28/1/18,12.30.00,No collision and no object struck,Sunday,No,Day,Other injury accident,60 km/hr,145.10576,-37.73996,Non-Intersection,BANYULE,Metro,1,0,1,0,0,0,0,No
2018,January,28/1/18,10.15.00,Collision with vehicle,Sunday,No,Day,Other injury accident,60 km/hr,145.01391,-37.89163,Intersection,GLEN EIRA,Metro,4,0,1,1,2,0,0,No
2018,January,28/1/18,14.14.00,Collision with vehicle,,No,Day,Other injury accident,40 km/hr,144.97395,-37.81332,Intersection,MELBOURNE,Metro,2,0,1,1,0,0,0,No
2018,January,28/1/18,13.15.00,Collision with vehicle,Sunday,No,Day,Other injury accident,80 km/hr,143.70727,-38.71714,Non-Intersection,COLAC OTWAY,Country,9,0,3,6,7,0,0,No
2018,January,28/1/18,09.30.00,Collision with object,Sunday,No,Day,Fatal accident,60 km/hr,146.42577,-37.11534,Non-Intersection,MOUNT BULLER,Country,1,1,1,0,0,0,0,No
2018,January,28/1/18,13.50.00,Collision with vehicle,Sunday,No,Day,Other injury accident,70 km/hr,144.37453,-38.15819,Intersection,GEELONG,Country,4,0,2,2,2,0,0,No
2018,January,28/1/18,14.38.00,Collision with object,Sunday,No,Day,Other injury accident,100 km/hr,144.78752,-37.58532,Off Road,HUME,Metro,1,0,0,1,0,0,1,No
2018,January,28/1/18,15.10.00,Collision with vehicle,,No,Day,Other injury accident,60 km/hr,145.25162,-37.82514,Intersection,MAROONDAH,Metro,8,0,3,5,5,0,0,No
2018,January,28/1/18,14.30.00,Collision with vehicle,Sunday,No,Day,Other injury accident,100 km/hr,146.44774,-38.14821,Intersection,LATROBE,Country,3,0,3,0,1,0,0,Yes
2018,January,28/1/18,14.58.00,No collision and no object struck,Sunday,No,Day,Serious injury accident,80 km/hr,143.79566,-38.69679,Non-Intersection,COLAC OTWAY,Country,1,0,1,0,0,0,0,No
2018,January,28/1/18,15.40.00,Collision with vehicle,Sunday,No,Day,Serious injury accident,60 km/hr,144.83702,-38.37089,Non-Intersection,MORNINGTON PENINSULA,Metro,2,0,1,1,0,0,0,No
2018,January,28/1/18,17.37.00,Collision with vehicle,Sunday,Yes,Day,Other injury accident,60 km/hr,144.56581,-37.68764,Intersection,MELTON,Metro,4,0,0,3,2,0,1,No
2018,January,28/1/18,16.40.00,Struck pedestrian,,No,Day,Serious injury accident,50 km/hr,145.01207,-37.86218,Non-Intersection,GLEN EIRA,Metro,6,0,3,3,4,0,0,No
2018,January,28/1/18,17.50.00,Collision with object,Sunday,No,Day,Serious injury accident,80 km/hr,143.71098,-38.65069,Non-Intersection,COLAC OTWAY,Country,2,0,1,1,1,0,1,No
2018,January,28/1/18,19.15.00,Collision with vehicle,,No,Day,Other injury accident,60 km/hr,144.94933,-37.77283,Intersection,MORELAND,Metro,6,0,2,3,4,0,1,No
2018,January,28/1/18,18.20.00,Vehicle overturned,Sunday,No,Day,Other injury accident,100 km/hr,145.8756,-37.50379,Non-Intersection,LAKE MOUNTAIN,Country,1,0,1,0,0,0,0,No
2018,January,28/1/18,16.30.00,Collision with object,Sunday,No,Day,Other injury accident,70 km/hr,144.74842,-37.83955,Non-Intersection,WYNDHAM,Metro,2,0,2,0,0,0,0,No
2018,January,28/1/18,22.00.00,Collision with vehicle,Sunday,No,Dark,Other injury accident,50 km/hr,145.31007,-38.04863,Non-Intersection,CASEY,Metro,3,0,2,1,1,0,0,No
2018,January,28/1/18,20.58.00,Collision with object,Sunday,No,Dark,Fatal accident,100 km/hr,144.6006,-37.64118,Non-Intersection,MELTON,Metro,1,1,0,1,0,0,0,No
2018,January,28/1/18,15.30.00,Struck pedestrian,,No,Unk.,Other injury accident,40 km/hr,144.97359,-37.86201,Intersection,PORT PHILLIP,Metro,2,0,1,0,0,0,0,No
2018,January,28/1/18,12.15.00,Vehicle overturned,Sunday,No,Day,Other injury accident,60 km/hr,144.27137,-36.76784,Non-Intersection,BENDIGO,Country,1,0,1,0,0,0,0,No
2018,January,29/1/18,09.50.00,Collision with vehicle,Monday,No,Day,Serious injury accident,100 km/hr,145.11025,-37.88693,Non-Intersection,MONASH,Metro,2,0,1,1,0,0,1,No
2018,January,29/1/18,01.00.00,Collision with object,Monday,No,Dark,Other injury accident,80 km/hr,145.01958,-37.91743,Non-Intersection,BAYSIDE,Metro,2,0,1,1,1,0,1,No
2018,January,29/1/18,07.20.00,Vehicle overturned,Monday,No,Day,Other injury accident,60 km/hr,144.82363,-37.77454,Non-Intersection,BRIMBANK,Metro,1,0,1,0,0,0,0,No
2018,January,29/1/18,07.26.00,Collision with object,Sunday,No,Day,Other injury accident,100 km/hr,146.12702,-38.38377,Intersection,SOUTH GIPPSLAND,Country,1,0,1,0,0,0,0,No
2018,January,29/1/18,10.23.00,Collision with object,Monday,No,Day,Other injury accident,100 km/hr,142.17904,-36.78011,Non-Intersection,HORSHAM,Country,1,0,1,0,0,0,1,No
2018,January,29/1/18,09.45.00,Struck pedestrian,Monday,No,Day,Other injury accident,60 km/hr,144.94927,-37.79506,Intersection,MELBOURNE,Metro,2,0,1,1,0,0,0,No
2018,January,29/1/18,10.05.00,Collision with vehicle,Monday,No,Day,Other injury accident,80 km/hr,145.0923,-37.69522,Intersection,BANYULE,Metro,2,0,2,0,0,0,0,No
2018,January,29/1/18,14.30.00,Collision with vehicle,Sunday,No,Unk.,Other injury accident,60 km/hr,144.92421,-37.73337,Intersection,MOONEE VALLEY,Metro,2,0,1,1,0,0,1,No
2018,January,29/1/18,14.40.00,Collision with vehicle,Monday,No,Day,Fatal accident,80 km/hr,145.16878,-37.65498,Non-Intersection,NILLUMBIK,Metro,4,1,3,1,2,0,0,No
2018,January,29/1/18,15.15.00,No collision and no object struck,Monday,No,Day,Serious injury accident,100 km/hr,144.54475,-36.6195,Intersection,BENDIGO,Country,2,0,2,0,0,0,0,No
2018,January,29/1/18,14.05.00,Collision with vehicle,Sunday,Yes,Day,Serious injury accident,60 km/hr,144.34758,-38.07714,Intersection,GEELONG,Country,2,0,2,0,0,0,0,No
2018,January,29/1/18,15.20.00,Collision with vehicle,Sunday,No,Day,Other injury accident,40 km/hr,144.97465,-37.8121,Non-Intersection,MELBOURNE,Metro,5,0,2,3,2,0,0,No
2018,January,29/1/18,17.50.00,Collision with vehicle,Monday,No,Day,Other injury accident,50 km/hr,147.60888,-37.83034,Intersection,EAST GIPPSLAND,Country,6,0,2,4,4,0,0,No
2018,January,29/1/18,17.25.00,Collision with vehicle,Monday,No,Day,Other injury accident,70 km/hr,143.81629,-37.55466,Intersection,BALLARAT,Country,5,0,2,3,2,0,0,No
2018,January,29/1/18,16.45.00,Collision with vehicle,Sunday,No,Day,Other injury accident,80 km/hr,145.28999,-37.99996,Non-Intersection,CASEY,Metro,4,0,4,0,1,0,1,No
2018,January,29/1/18,18.50.00,Collision with object,Monday,No,Day,Other injury accident,60 km/hr,144.94051,-37.78783,Intersection,MELBOURNE,Metro,1,0,1,0,0,0,0,No
2018,January,29/1/18,15.30.00,Collision with vehicle,Monday,No,Day,Other injury accident,80 km/hr,145.26665,-37.99551,Non-Intersection,CASEY,Metro,3,0,1,2,0,0,0,No
2018,January,29/1/18,18.54.00,Collision with vehicle,Sunday,No,Dusk/Dawn,Other injury accident,80 km/hr,145.14274,-38.00085,Non-Intersection,DANDENONG,Metro,4,0,2,2,1,0,0,No
2018,January,29/1/18,17.15.00,No collision and no object struck,Monday,No,Day,Serious injury accident,70 km/hr,144.72292,-37.87302,Non-Intersection,WYNDHAM,Metro,2,0,1,1,0,0,0,No
2018,January,29/1/18,20.52.00,Collision with vehicle,Monday,Yes,Dark,Serious injury accident,60 km/hr,145.02632,-37.64462,Intersection,WHITTLESEA,Metro,9,0,7,2,4,0,0,No
2018,January,29/1/18,23.00.00,Collision with vehicle,Monday,No,Dark,Other injury accident,60 km/hr,144.98193,-37.88586,Non-Intersection,PORT PHILLIP,Metro,1,0,1,0,0,0,0,No
2018,January,29/1/18,23.45.00,Collision with vehicle,Monday,No,Dark,Serious injury accident,60 km/hr,145.12045,-37.8363,Non-Intersection,WHITEHORSE,Metro,1,0,1,0,0,0,0,No
2018,January,29/1/18,22.45.00,Collision with object,Monday,No,Dark,Other injury accident,80 km/hr,145.41244,-37.61338,Non-Intersection,YARRA RANGES,Metro,1,0,1,0,0,0,0,No
2018,January,29/1/18,17.30.00,No collision and no object struck,Monday,No,Day,Other injury accident,40 km/hr,144.99978,-37.85273,Intersection,STONNINGTON,Metro,2,0,2,0,0,1,0,No
2018,January,29/1/18,15.05.00,Collision with vehicle,Monday,Yes,Day,Other injury accident,60 km/hr,144.95686,-37.82494,Non-Intersection,MELBOURNE,Metro,2,0,1,0,0,0,0,No
2018,January,29/1/18,20.30.00,Collision with vehicle,Monday,No,Dusk/Dawn,Other injury accident,70 km/hr,145.08825,-37.89285,Intersection,MONASH,Metro,2,0,1,1,0,1,0,No
2018,January,30/1/18,15.30.00,Collision with vehicle,Tuesday,No,Day,Other injury accident,80 km/hr,145.13573,-38.14668,Intersection,FRANKSTON,Metro,2,0,0,2,0,0,1,No
2018,January,30/1/18,12.30.00,Struck pedestrian,Tuesday,Yes,Day,Other injury accident,50 km/hr,144.34546,-38.17248,Non-Intersection,GEELONG,Country,2,0,0,1,0,0,0,No
2018,January,30/1/18,11.30.00,Collision with vehicle,Tuesday,No,Day,Other injury accident,60 km/hr,144.94897,-37.66668,Intersection,HUME,Metro,3,0,3,0,1,0,0,No
2018,January,30/1/18,04.17.00,Collision with vehicle,Tuesday,No,Dark,Other injury accident,60 km/hr,145.0158,-37.66971,Non-Intersection,WHITTLESEA,Metro,2,0,2,0,0,0,0,No
2018,January,30/1/18,07.30.00,Collision with vehicle,Tuesday,No,Day,Other injury accident,60 km/hr,145.1628,-38.10458,Non-Intersection,FRANKSTON,Metro,2,0,2,0,0,0,0,No
2018,January,30/1/18,08.55.00,Collision with vehicle,Monday,No,Day,Other injury accident,50 km/hr,145.28655,-37.81649,Intersection,MAROONDAH,Metro,2,0,1,1,0,0,0,No
2018,January,30/1/18,10.20.00,Collision with vehicle,Tuesday,No,Day,Other injury accident,60 km/hr,145.01564,-37.88255,Non-Intersection,GLEN EIRA,Metro,4,0,1,3,2,1,0,No
2018,January,30/1/18,10.40.00,Vehicle overturned,Tuesday,No,Day,Other injury accident,100 km/hr,145.32509,-36.37854,Non-Intersection,SHEPPARTON,Country,5,0,2,3,4,0,1,No
2018,January,30/1/18,11.45.00,Collision with object,Tuesday,No,Day,Other injury accident,75 km/hr,146.69221,-38.27218,Non-Intersection,WELLINGTON,Country,1,0,0,1,0,0,0,No
2018,January,30/1/18,07.50.00,Collision with object,Tuesday,No,Day,Serious injury accident,80 km/hr,146.49599,-38.17322,Non-Intersection,LATROBE,Country,1,0,1,0,0,0,0,No
2018,January,30/1/18,14.15.00,Collision with vehicle,Tuesday,Yes,Day,Fatal accident,70 km/hr,144.95981,-37.69915,Non-Intersection,MORELAND,Metro,2,1,2,0,0,1,0,No
2018,January,30/1/18,13.35.00,Collision with vehicle,Tuesday,No,Day,Serious injury accident,60 km/hr,145.20473,-37.98982,Intersection,DANDENONG,Metro,5,0,2,1,2,0,0,No
2018,January,30/1/18,14.14.00,Struck pedestrian,Tuesday,No,Day,Serious injury accident,40 km/hr,144.36735,-38.15157,Non-Intersection,GEELONG,Country,2,0,0,2,0,0,0,No
2018,January,30/1/18,15.15.00,Collision with vehicle,Tuesday,No,Day,Other injury accident,60 km/hr,147.07671,-38.10488,Intersection,WELLINGTON,Country,2,0,0,2,0,0,1,No
2018,January,30/1/18,13.40.00,Struck pedestrian,Tuesday,No,Day,Other injury accident,40 km/hr,145.06437,-37.74327,Non-Intersection,BANYULE,Metro,2,0,1,1,0,0,0,No
2018,January,30/1/18,15.10.00,Collision with vehicle,Tuesday,No,Day,Serious injury accident,60 km/hr,144.25849,-36.74212,Non-Intersection,BENDIGO,Country,2,0,1,1,0,0,0,No
2018,January,30/1/18,14.30.00,Collision with vehicle,Tuesday,No,Day,Serious injury accident,70 km/hr,145.06093,-37.91216,Non-Intersection,GLEN EIRA,Metro,1,0,0,1,0,1,0,No
2018,January,30/1/18,16.20.00,Collision with vehicle,Tuesday,No,Day,Other injury accident,60 km/hr,144.91818,-37.77195,Non-Intersection,MOONEE VALLEY,Metro,2,0,1,1,0,0,0,No
2018,January,30/1/18,18.00.00,Collision with object,Tuesday,No,Day,Serious injury accident,100 km/hr,145.43184,-36.20308,Non-Intersection,SHEPPARTON,Country,1,0,0,1,0,0,0,No
2018,January,30/1/18,20.33.00,Collision with object,Tuesday,No,Dark,Other injury accident,100 km/hr,144.83922,-36.59674,Non-Intersection,CAMPASPE,Country,1,0,1,0,0,0,0,No
2018,January,30/1/18,21.36.00,Collision with vehicle,Tuesday,Yes,Dark,Other injury accident,60 km/hr,144.36759,-38.17933,Intersection,GEELONG,Country,6,0,2,4,2,0,0,No
2018,January,30/1/18,18.20.00,Collision with object,Tuesday,No,Day,Serious injury accident,100 km/hr,143.29212,-38.40869,Non-Intersection,COLAC OTWAY,Country,2,0,0,2,1,0,0,No
2018,January,30/1/18,11.20.00,Vehicle overturned,Tuesday,No,Unk.,Serious injury accident,100 km/hr,141.68954,-36.33522,Non-Intersection,HINDMARSH,Country,1,0,1,0,0,0,0,No
2018,January,30/1/18,15.00.00,Collision with vehicle,Tuesday,No,Day,Other injury accident,80 km/hr,146.43039,-38.23519,Non-Intersection,LATROBE,Country,2,0,2,0,0,1,0,No
2018,January,30/1/18,16.40.00,Collision with vehicle,Monday,No,Day,Other injury accident,60 km/hr,143.68342,-37.64598,Non-Intersection,GOLDEN PLAINS,Country,4,0,2,2,2,0,0,No
2018,January,30/1/18,19.00.00,Collision with vehicle,Tuesday,No,Day,Other injury accident,80 km/hr,144.98357,-37.82624,Non-Intersection,MELBOURNE,Metro,2,0,1,1,0,0,0,No
2018,January,30/1/18,17.10.00,Vehicle overturned,Tuesday,No,Day,Other injury accident,40 km/hr,144.96038,-37.80818,Intersection,MELBOURNE,Metro,1,0,1,0,0,0,0,No
2018,January,30/1/18,15.20.00,Collision with vehicle,Tuesday,No,Day,Serious injury accident,60 km/hr,145.00675,-37.88505,Non-Intersection,GLEN EIRA,Metro,2,0,1,1,0,0,0,No
2018,January,31/1/18,18.15.00,No collision and no object struck,Wednesday,No,Dusk/Dawn,Other injury accident,60 km/hr,145.02322,-37.72549,Intersection,DAREBIN,Metro,2,0,0,1,0,0,1,No
2018,January,31/1/18,16.30.00,Collision with vehicle,Wednesday,Yes,Day,Other injury accident,50 km/hr,144.96693,-37.65921,Non-Intersection,HUME,Metro,2,0,1,1,0,0,0,No
2018,January,31/1/18,18.00.00,Collision with object,Wednesday,No,Day,Other injury accident,100 km/hr,146.26403,-38.39823,Non-Intersection,LATROBE,Country,1,0,1,0,0,0,0,No
2018,January,31/1/18,08.10.00,Collision with vehicle,Wednesday,No,Day,Other injury accident,50 km/hr,144.98748,-37.87421,Non-Intersection,PORT PHILLIP,Metro,3,0,2,1,0,0,0,No
2018,January,31/1/18,08.03.00,Collision with vehicle,Wednesday,No,Day,Other injury accident,60 km/hr,145.13502,-37.75256,Intersection,MANNINGHAM,Metro,2,0,0,2,0,0,2,No
2018,January,31/1/18,08.30.00,Collision with object,Tuesday,No,Day,Other injury accident,50 km/hr,145.32933,-37.903,Intersection,YARRA RANGES,Metro,2,0,0,2,0,0,1,No
2018,January,31/1/18,06.05.00,Collision with vehicle,Wednesday,No,Day,Other injury accident,80 km/hr,144.70092,-37.88441,Intersection,WYNDHAM,Metro,3,0,3,0,1,0,1,No
2018,January,31/1/18,11.00.00,Collision with vehicle,Wednesday,No,Day,Other injury accident,60 km/hr,145.94398,-38.16286,Intersection,BAW BAW,Country,2,0,1,1,0,1,0,No
2018,January,31/1/18,08.37.00,Collision with vehicle,Wednesday,No,Day,Other injury accident,60 km/hr,147.07762,-38.09974,Intersection,WELLINGTON,Country,2,0,1,1,0,0,0,No
2018,January,31/1/18,11.02.00,Collision with vehicle,Wednesday,No,Day,Other injury accident,50 km/hr,144.98818,-37.81442,Intersection,MELBOURNE,Metro,2,0,2,0,0,0,0,No
2018,January,31/1/18,08.36.00,Collision with vehicle,Wednesday,No,Day,Other injury accident,60 km/hr,144.97787,-37.84262,Non-Intersection,MELBOURNE,Metro,2,0,2,0,0,0,0,No
2018,January,31/1/18,11.15.00,Collision with object,Wednesday,No,Day,Serious injury accident,40 km/hr,145.02642,-37.85422,Non-Intersection,STONNINGTON,Metro,1,0,0,1,0,0,0,No
2018,January,31/1/18,10.00.00,Struck pedestrian,Wednesday,Yes,Unk.,Other injury accident,40 km/hr,144.96321,-37.812,Non-Intersection,MELBOURNE,Metro,2,0,1,0,0,0,0,No
2018,January,31/1/18,15.47.00,Collision with vehicle,Wednesday,No,Day,Serious injury accident,80 km/hr,144.93079,-37.82658,Intersection,MELBOURNE,Metro,2,0,1,1,0,0,0,No
2018,January,31/1/18,17.20.00,Collision with vehicle,Wednesday,No,Day,Serious injury accident,90 km/hr,144.97666,-37.39124,Non-Intersection,MITCHELL,Country,3,0,1,2,0,0,1,No
2018,January,31/1/18,14.00.00,Collision with object,Wednesday,No,Day,Other injury accident,100 km/hr,141.27188,-38.14556,Non-Intersection,GLENELG,Country,1,0,1,0,0,0,0,No
2018,January,31/1/18,17.00.00,Collision with vehicle,Wednesday,No,Day,Other injury accident,40 km/hr,144.99803,-37.8257,Non-Intersection,YARRA RANGES,Metro,2,0,2,0,0,0,1,No
2018,January,31/1/18,16.40.00,Collision with vehicle,Wednesday,No,Day,Other injury accident,40 km/hr,144.99737,-37.82882,Non-Intersection,YARRA RANGES,Metro,4,0,1,3,1,0,0,No
2018,January,31/1/18,19.40.00,Collision with object,Wednesday,No,Dusk/Dawn,Serious injury accident,50 km/hr,144.84048,-37.79101,Non-Intersection,BRIMBANK,Metro,2,0,0,1,1,0,1,No
2018,January,31/1/18,18.20.00,Collision with object,Wednesday,No,Day,Fatal accident,80 km/hr,144.82328,-37.70909,Non-Intersection,BRIMBANK,Metro,1,1,0,1,0,0,1,No
2018,February,1/2/18,14.55.00,Collision with vehicle,Thursday,No,Day,Other injury accident,50 km/hr,145.39929,-36.38116,Non-Intersection,SHEPPARTON,Country,5,0,2,3,3,0,1,No