year,month,date,time,accident_type,day,hit_run,light_condition,severity,speed_zone,longitude,latitude,node_type,lga,state_div,total_persons,fatality,males,females,passengers,old_driver,young_driver,alcohol
2018,February,1/2/18,08.20.00,Vehicle overturned,Wednesday,No,Day,Serious injury accident,100 km/hr,142.22606,-36.6938,Non-Intersection,HORSHAM,Country,2,0,2,0,0,0,0,No
2018,February,1/2/18,06.15.00,Struck animal,Thursday,No,Dusk/Dawn,Other injury accident,100 km/hr,144.70448,-37.62874,Non-Intersection,MELTON,Metro,1,0,1,0,0,0,0,No
2018,February,1/2/18,19.01.00,Collision with vehicle,Thursday,No,Day,Other injury accident,80 km/hr,144.86789,-37.70692,Intersection,BRIMBANK,Metro,3,0,3,0,1,0,0,No
2018,February,1/2/18,21.30.00,Collision with vehicle,Thursday,No,Dark,Other injury accident,60 km/hr,144.71011,-37.57846,Intersection,HUME,Metro,2,0,2,0,0,0,1,No
2018,February,1/2/18,09.00.00,Collision with vehicle,Thursday,No,Day,Other injury accident,60 km/hr,144.96036,-37.83558,Intersection,PORT PHILLIP,Metro,2,0,1,1,1,0,0,No
2018,February,1/2/18,09.46.00,Collision with vehicle,Thursday,No,Day,Other injury accident,50 km/hr,145.34605,-37.75663,Intersection,YARRA RANGES,Metro,2,0,0,2,0,0,1,No
2018,February,1/2/18,07.49.00,Collision with vehicle,Wednesday,No,Day,Other injury accident,50 km/hr,145.05871,-37.67414,Intersection,WHITTLESEA,Metro,4,0,3,1,2,0,0,No
2018,February,1/2/18,13.10.00,Collision with vehicle,Thursday,No,Day,Other injury accident,60 km/hr,144.94851,-37.80082,Intersection,MELBOURNE,Metro,2,0,2,0,0,1,1,No
2018,February,1/2/18,11.20.00,Collision with vehicle,Wednesday,No,Day,Other injury accident,60 km/hr,144.60696,-36.49679,Intersection,BENDIGO,Country,3,0,1,2,1,0,0,No
2018,February,1/2/18,13.43.00,Collision with vehicle,Thursday,No,Day,Other injury accident,80 km/hr,144.23317,-36.71552,Intersection,BENDIGO,Country,3,0,1,2,1,0,0,No
2018,February,1/2/18,11.16.00,Collision with vehicle,Wednesday,No,Day,Other injury accident,60 km/hr,144.26542,-36.75979,Non-Intersection,BENDIGO,Country,4,0,1,3,2,0,1,No
2018,February,1/2/18,10.53.00,Collision with object,Thursday,No,Day,Other injury accident,100 km/hr,144.74214,-37.8722,Non-Intersection,WYNDHAM,Metro,2,0,2,0,0,0,0,No
2018,February,1/2/18,16.19.00,Collision with vehicle,Thursday,No,Day,Serious injury accident,80 km/hr,145.24818,-37.84353,Non-Intersection,KNOX,Metro,7,0,4,2,2,3,0,No
2018,February,1/2/18,16.30.00,Collision with vehicle,Wednesday,No,Day,Other injury accident,60 km/hr,144.92854,-37.66452,Intersection,HUME,Metro,3,0,1,2,0,0,0,No
2018,February,1/2/18,16.15.00,Collision with vehicle,Thursday,No,Day,Other injury accident,40 km/hr,144.98679,-37.80236,Intersection,YARRA RANGES,Metro,2,0,2,0,0,0,0,No
2018,February,1/2/18,19.30.00,Collision with vehicle,Thursday,Yes,Dusk/Dawn,Other injury accident,50 km/hr,144.29989,-36.76585,Intersection,BENDIGO,Country,2,0,1,0,0,0,0,No
2018,February,1/2/18,17.00.00,Vehicle overturned,Thursday,No,Day,Serious injury accident,100 km/hr,146.77561,-36.58598,Non-Intersection,ALPINE,Country,1,0,0,1,0,0,1,No
2018,February,1/2/18,20.20.00,Collision with vehicle,Thursday,Yes,Dusk/Dawn,Other injury accident,60 km/hr,145.22065,-37.9856,Intersection,DANDENONG,Metro,2,0,1,0,0,0,0,No
2018,February,1/2/18,20.00.00,Collision with vehicle,Thursday,No,Day,Other injury accident,60 km/hr,145.02944,-37.78108,Non-Intersection,YARRA RANGES,Metro,2,0,2,0,0,0,0,No
2018,February,1/2/18,19.00.00,Struck pedestrian,Wednesday,Not known,Day,Other injury accident,40 km/hr,144.95645,-37.81175,Intersection,MELBOURNE,Metro,2,0,0,1,0,0,0,No
2018,February,1/2/18,19.20.00,Collision with vehicle,Wednesday,No,Day,Other injury accident,50 km/hr,144.9107,-37.59014,Intersection,HUME,Metro,5,0,1,4,3,0,0,No
2018,February,1/2/18,22.40.00,Vehicle overturned,Wednesday,No,Dark,Other injury accident,100 km/hr,146.59441,-38.30122,Non-Intersection,LATROBE,Country,1,0,1,0,0,0,0,No
2018,February,1/2/18,23.21.00,Collision with vehicle,Thursday,No,Dark,Serious injury accident,50 km/hr,144.76323,-37.77211,Intersection,BRIMBANK,Metro,2,0,2,0,0,0,1,No
2018,February,1/2/18,09.56.00,Collision with vehicle,Thursday,No,Day,Other injury accident,60 km/hr,144.92744,-38.34895,Intersection,MORNINGTON PENINSULA,Metro,2,0,2,0,0,1,0,No
2018,February,1/2/18,17.00.00,Collision with vehicle,Wednesday,No,Day,Serious injury accident,50 km/hr,145.2728,-38.10994,Intersection,CASEY,Metro,2,0,1,1,0,0,1,No
2018,February,1/2/18,19.30.00,Collision with object,Thursday,No,Dusk/Dawn,Other injury accident,60 km/hr,145.82254,-37.29525,Non-Intersection,MURRINDINDI,Country,1,0,1,0,0,0,0,Yes
2018,February,1/2/18,00.44.00,Collision with vehicle,Thursday,No,Dark,Serious injury accident,40 km/hr,144.99414,-37.85252,Non-Intersection,STONNINGTON,Metro,1,0,1,0,0,0,0,Yes
2018,February,1/2/18,08.21.00,Struck pedestrian,Thursday,No,Day,Other injury accident,40 km/hr,145.03036,-37.80696,Non-Intersection,BOROONDARA,Metro,2,0,1,1,0,0,0,No
2018,February,1/2/18,21.21.00,Collision with vehicle,Thursday,No,Dark,Other injury accident,60 km/hr,145.12783,-38.13841,Non-Intersection,FRANKSTON,Metro,1,0,0,1,0,0,0,No
2018,February,2/2/18,10.20.00,Collision with vehicle,Friday,No,Unk.,Other injury accident,50 km/hr,144.97585,-37.83759,Non-Intersection,PORT PHILLIP,Metro,2,0,1,1,0,0,0,No
2018,February,2/2/18,12.07.00,Collision with vehicle,Friday,No,Day,Other injury accident,60 km/hr,143.08036,-38.3203,Non-Intersection,CORANGAMITE,Country,5,0,1,4,3,0,2,No
2018,February,2/2/18,16.01.00,Collision with vehicle,Friday,No,Day,Other injury accident,60 km/hr,144.92525,-37.7877,Intersection,MELBOURNE,Metro,3,0,0,3,1,0,0,No
2018,February,2/2/18,20.25.00,Struck pedestrian,Friday,No,Dusk/Dawn,Other injury accident,70 km/hr,145.16098,-37.78903,Non-Intersection,MANNINGHAM,Metro,2,0,0,2,0,0,0,No
2018,February,2/2/18,11.07.00,Collision with vehicle,Thursday,No,Day,Serious injury accident,60 km/hr,145.2946,-37.8886,Intersection,KNOX,Metro,3,0,1,1,1,0,0,No
2018,February,2/2/18,08.30.00,Collision with vehicle,Friday,No,Day,Other injury accident,70 km/hr,144.96068,-37.70454,Intersection,MORELAND,Metro,4,0,2,2,2,0,0,No
2018,February,2/2/18,16.00.00,Collision with vehicle,Thursday,No,Day,Other injury accident,60 km/hr,144.92938,-37.67569,Intersection,HUME,Metro,2,0,1,1,0,0,1,No
2018,February,2/2/18,02.15.00,Collision with object,Friday,Yes,Dark,Other injury accident,60 km/hr,144.98523,-37.80899,Intersection,YARRA RANGES,Metro,2,0,0,1,0,0,1,No
2018,February,2/2/18,04.24.00,Collision with vehicle,Thursday,No,Dark,Serious injury accident,80 km/hr,145.23122,-38.01278,Intersection,DANDENONG,Metro,2,0,2,0,0,0,1,No
2018,February,2/2/18,05.54.00,Collision with vehicle,Friday,No,Dusk/Dawn,Other injury accident,80 km/hr,145.25223,-38.04265,Intersection,CASEY,Metro,6,0,4,1,2,0,1,No
2018,February,2/2/18,07.50.00,Struck pedestrian,Friday,No,Day,Other injury accident,60 km/hr,145.28528,-37.86849,Non-Intersection,KNOX,Metro,2,0,0,2,0,0,0,No
2018,February,2/2/18,04.14.00,Collision with vehicle,Friday,Yes,Dark,Other injury accident,60 km/hr,144.73285,-37.88459,Intersection,WYNDHAM,Metro,6,0,5,1,4,0,0,No
2018,February,2/2/18,10.06.00,Collision with vehicle,Friday,No,Day,Other injury accident,40 km/hr,144.96359,-37.75853,Intersection,MORELAND,Metro,2,0,1,1,0,0,0,No
2018,February,2/2/18,08.40.00,Struck pedestrian,Friday,No,Day,Serious injury accident,40 km/hr,145.00759,-37.88348,Intersection,GLEN EIRA,Metro,5,0,2,3,3,0,1,No
2018,February,2/2/18,09.54.00,Collision with vehicle,Friday,No,Day,Other injury accident,50 km/hr,144.96633,-37.7659,Intersection,MORELAND,Metro,5,0,1,2,3,0,0,No
2018,February,2/2/18,07.40.00,Collision with object,Friday,No,Day,Other injury accident,80 km/hr,144.60612,-38.26817,Non-Intersection,GEELONG,Country,1,0,1,0,0,0,0,No
2018,February,2/2/18,11.00.00,Collision with vehicle,Friday,No,Day,Other injury accident,40 km/hr,144.95234,-37.81514,Intersection,MELBOURNE,Metro,4,0,0,2,2,0,0,No
2018,February,2/2/18,10.15.00,Collision with object,Friday,No,Day,Serious injury accident,80 km/hr,145.30168,-38.0105,Non-Intersection,CASEY,Metro,1,0,1,0,0,0,0,No
2018,February,2/2/18,11.20.00,Collision with vehicle,Thursday,No,Day,Other injury accident,60 km/hr,144.9257,-37.74646,Non-Intersection,MOONEE VALLEY,Metro,2,0,1,1,0,0,0,No
2018,February,2/2/18,12.13.00,Collision with vehicle,Friday,No,Day,Other injury accident,60 km/hr,144.97547,-37.7423,Intersection,MORELAND,Metro,3,0,1,2,1,0,0,No
2018,February,2/2/18,14.42.00,Collision with object,Friday,No,Day,Other injury accident,60 km/hr,145.04753,-37.85894,Non-Intersection,STONNINGTON,Metro,1,0,1,0,0,0,0,No
2018,February,2/2/18,16.44.00,Collision with vehicle,Friday,No,Day,Other injury accident,60 km/hr,143.86083,-37.58248,Intersection,BALLARAT,Country,4,0,3,1,2,0,1,No
2018,February,2/2/18,15.53.00,Collision with vehicle,Friday,Yes,Day,Other injury accident,80 km/hr,145.1563,-37.93132,Non-Intersection,MONASH,Metro,4,0,2,2,0,0,0,No
2018,February,2/2/18,16.02.00,Collision with vehicle,Friday,No,Day,Serious injury accident,70 km/hr,144.95602,-37.67399,Intersection,HUME,Metro,2,0,1,1,0,0,0,No
2018,February,2/2/18,16.20.00,Collision with object,Friday,No,Day,Other injury accident,100 km/hr,142.22062,-37.19666,Non-Intersection,SOUTHERN GRAMPIANS,Country,2,0,1,1,1,0,0,No
2018,February,2/2/18,17.35.00,Collision with vehicle,Friday,No,Day,Other injury accident,80 km/hr,145.04902,-37.84992,Non-Intersection,STONNINGTON,Metro,4,0,0,4,1,0,0,No
2018,February,2/2/18,18.15.00,Collision with vehicle,Friday,No,Day,Other injury accident,80 km/hr,145.15863,-38.11176,Non-Intersection,FRANKSTON,Metro,6,0,3,1,4,0,0,No
2018,February,2/2/18,16.30.00,Collision with vehicle,Friday,No,Day,Other injury accident,50 km/hr,145.04372,-37.86927,Intersection,STONNINGTON,Metro,4,0,1,3,2,0,0,No
2018,February,2/2/18,18.06.00,Struck pedestrian,Thursday,No,Day,Other injury accident,60 km/hr,145.0062,-37.74564,Intersection,DAREBIN,Metro,2,0,2,0,0,0,0,No
2018,February,2/2/18,19.20.00,Collision with vehicle,Friday,No,Day,Other injury accident,60 km/hr,145.16796,-37.96436,Non-Intersection,DANDENONG,Metro,3,0,2,1,0,0,1,No
2018,February,2/2/18,17.30.00,Collision with vehicle,Friday,Yes,Day,Other injury accident,60 km/hr,144.66613,-37.87578,Non-Intersection,WYNDHAM,Metro,3,0,1,1,0,0,0,No
2018,February,2/2/18,17.56.00,Collision with vehicle,Friday,No,Day,Other injury accident,60 km/hr,144.82459,-37.78842,Intersection,BRIMBANK,Metro,2,0,2,0,0,0,0,No
2018,February,2/2/18,20.13.00,Collision with object,Thursday,No,Day,Other injury accident,70 km/hr,144.32456,-36.71444,Non-Intersection,BENDIGO,Country,1,0,0,1,0,0,0,No
2018,February,2/2/18,16.10.00,Collision with vehicle,Friday,No,Day,Other injury accident,60 km/hr,144.77718,-37.87424,Intersection,HOBSONS BAY,Metro,3,0,1,2,0,0,0,No
2018,February,2/2/18,16.54.00,Collision with vehicle,Friday,No,Day,Other injury accident,60 km/hr,145.0296,-37.73622,Intersection,DAREBIN,Metro,3,0,1,2,1,0,2,No
2018,February,2/2/18,19.07.00,Collision with object,Friday,No,Day,Other injury accident,80 km/hr,144.94913,-37.68867,Non-Intersection,HUME,Metro,1,0,1,0,0,0,0,No
2018,February,2/2/18,20.34.00,Vehicle overturned,Friday,No,Dusk/Dawn,Other injury accident,80 km/hr,145.0715,-37.48969,Non-Intersection,WHITTLESEA,Metro,1,0,1,0,0,0,0,No
2018,February,2/2/18,17.40.00,Collision with vehicle,Friday,No,Day,Other injury accident,90 km/hr,145.31098,-38.08658,Non-Intersection,CASEY,Metro,5,0,2,3,0,0,1,No
2018,February,2/2/18,13.30.00,Collision with vehicle,Thursday,No,Unk.,Other injury accident,60 km/hr,145.19594,-38.02609,Non-Intersection,DANDENONG,Metro,2,0,2,0,0,0,0,No
2018,February,3/2/18,09.11.00,Collision with vehicle,Saturday,No,Day,Serious injury accident,80 km/hr,145.44327,-37.80236,Intersection,YARRA RANGES,Metro,3,0,3,0,1,0,0,No
2018,February,3/2/18,10.05.00,Collision with object,Saturday,No,Day,Other injury accident,100 km/hr,144.93238,-37.39495,Non-Intersection,MITCHELL,Country,5,0,2,2,4,0,0,No
2018,February,3/2/18,10.10.00,Collision with vehicle,Saturday,No,Day,Other injury accident,60 km/hr,145.1014,-37.03329,Non-Intersection,MITCHELL,Country,3,0,2,1,1,0,0,No
2018,February,3/2/18,06.05.00,Collision with object,Saturday,No,Day,Other injury accident,40 km/hr,145.03063,-37.84368,Non-Intersection,STONNINGTON,Metro,1,0,0,1,0,0,0,No
2018,February,3/2/18,13.00.00,Collision with vehicle,Saturday,No,Day,Serious injury accident,80 km/hr,145.07021,-37.67476,Non-Intersection,WHITTLESEA,Metro,4,0,3,1,2,0,1,No
2018,February,3/2/18,12.55.00,Collision with vehicle,Saturday,No,Day,Serious injury accident,60 km/hr,144.83179,-37.74989,Intersection,BRIMBANK,Metro,2,0,2,0,0,0,0,No
2018,February,3/2/18,12.30.00,Collision with vehicle,Saturday,Yes,Day,Other injury accident,80 km/hr,145.28761,-38.11976,Non-Intersection,CASEY,Metro,2,0,0,1,0,0,1,No
2018,February,3/2/18,10.30.00,Collision with object,Saturday,No,Day,Serious injury accident,100 km/hr,147.04985,-36.92188,Non-Intersection,ALPINE,Country,1,0,1,0,0,0,0,No
2018,February,3/2/18,12.54.00,Collision with object,Friday,No,Day,Serious injury accident,50 km/hr,145.25014,-37.86856,Non-Intersection,KNOX,Metro,1,0,1,0,0,0,0,No
2018,February,3/2/18,15.45.00,Collision with object,Friday,No,Day,Other injury accident,50 km/hr,145.30296,-37.79261,Non-Intersection,MAROONDAH,Metro,2,0,1,1,1,0,1,No
2018,February,3/2/18,15.00.00,Collision with vehicle,Saturday,No,Day,Other injury accident,80 km/hr,144.80304,-37.77342,Non-Intersection,BRIMBANK,Metro,5,0,1,4,3,0,0,No
2018,February,3/2/18,13.45.00,Collision with object,Saturday,No,Day,Serious injury accident,110 km/hr,143.63822,-37.47074,Intersection,BALLARAT,Country,1,0,1,0,0,0,0,No
2018,February,3/2/18,16.45.00,Collision with vehicle,Saturday,No,Day,Other injury accident,60 km/hr,145.12773,-37.88271,Non-Intersection,MONASH,Metro,6,0,3,3,2,0,1,No
2018,February,3/2/18,17.45.00,Collision with object,Friday,No,Day,Serious injury accident,50 km/hr,145.14329,-38.12246,Non-Intersection,FRANKSTON,Metro,3,0,1,0,1,0,0,No
2018,February,3/2/18,18.45.00,Collision with vehicle,Saturday,No,Day,Serious injury accident,60 km/hr,144.98853,-37.7046,Intersection,DAREBIN,Metro,2,0,2,0,0,0,0,No
2018,February,3/2/18,18.45.00,Collision with vehicle,Saturday,No,Day,Other injury accident,60 km/hr,144.97965,-37.79136,Non-Intersection,YARRA RANGES,Metro,2,0,2,0,0,0,1,No
2018,February,3/2/18,19.15.00,Collision with object,Saturday,No,Day,Other injury accident,60 km/hr,144.18895,-38.40519,Intersection,SURF COAST,Country,1,0,0,1,0,0,0,No
2018,February,3/2/18,14.03.00,Collision with vehicle,Saturday,No,Day,Other injury accident,60 km/hr,145.04248,-37.90426,Intersection,GLEN EIRA,Metro,7,0,1,2,5,0,0,No
2018,February,3/2/18,18.49.00,Collision with vehicle,Saturday,No,Day,Serious injury accident,60 km/hr,144.99648,-37.78212,Intersection,DAREBIN,Metro,4,0,2,2,2,0,0,No
2018,February,3/2/18,14.45.00,Collision with vehicle,Saturday,No,Day,Fatal accident,80 km/hr,143.7073,-38.31184,Non-Intersection,COLAC OTWAY,Country,5,1,5,0,2,0,0,No
2018,February,3/2/18,17.00.00,Collision with vehicle,Saturday,No,Day,Serious injury accident,100 km/hr,143.01532,-38.62325,Non-Intersection,CORANGAMITE,Country,5,0,3,2,0,0,0,No
2018,February,3/2/18,17.00.00,Collision with object,Saturday,No,Day,Serious injury accident,100 km/hr,146.23368,-38.64436,Non-Intersection,SOUTH GIPPSLAND,Country,1,0,1,0,0,0,0,No
2018,February,3/2/18,12.50.00,Collision with vehicle,Saturday,No,Day,Other injury accident,50 km/hr,145.17492,-37.97725,Non-Intersection,DANDENONG,Metro,1,0,0,1,0,0,0,No
2018,February,3/2/18,23.30.00,Collision with object,Saturday,No,Dark,Serious injury accident,100 km/hr,145.46213,-37.53096,Intersection,MURRINDINDI,Country,3,0,2,1,2,0,1,No
2018,February,3/2/18,14.05.00,Collision with vehicle,Saturday,No,Day,Other injury accident,40 km/hr,144.35526,-38.14688,Intersection,GEELONG,Country,2,0,2,0,0,0,1,No
2018,February,3/2/18,14.50.00,Vehicle overturned,Saturday,No,Day,Other injury accident,60 km/hr,145.67832,-37.70665,Non-Intersection,YARRA RANGES,Metro,1,0,1,0,0,0,0,No
2018,February,3/2/18,17.30.00,Collision with vehicle,Saturday,No,Day,Other injury accident,80 km/hr,144.81921,-37.76334,Non-Intersection,BRIMBANK,Metro,5,0,3,2,1,0,2,No
2018,February,4/2/18,11.30.00,Collision with vehicle,Sunday,No,Day,Other injury accident,50 km/hr,144.28495,-36.75796,Non-Intersection,BENDIGO,Country,2,0,0,1,0,0,0,No
2018,February,4/2/18,01.40.00,Collision with object,Sunday,No,Dark,Serious injury accident,80 km/hr,144.30141,-37.10438,Non-Intersection,MOUNT ALEXANDER,Country,1,0,1,0,0,0,1,Yes
2018,February,4/2/18,00.10.00,Collision with vehicle,Sunday,No,Dark,Other injury accident,80 km/hr,144.35832,-38.08413,Non-Intersection,GEELONG,Country,4,0,2,2,2,0,1,No
2018,February,4/2/18,05.30.00,Collision with vehicle,Sunday,No,Dark,Other injury accident,70 km/hr,144.77512,-37.76765,Non-Intersection,BRIMBANK,Metro,3,0,0,3,2,0,1,No
2018,February,4/2/18,08.51.00,Collision with vehicle,Sunday,Yes,Day,Other injury accident,80 km/hr,144.33233,-38.24865,Intersection,GEELONG,Country,5,0,4,1,3,0,0,No
2018,February,4/2/18,10.55.00,Collision with vehicle,Sunday,No,Day,Other injury accident,50 km/hr,145.41165,-36.36248,Intersection,SHEPPARTON,Country,4,0,1,3,1,1,0,No
2018,February,4/2/18,08.40.00,Collision with vehicle,Sunday,No,Day,Other injury accident,80 km/hr,145.43464,-38.07727,Non-Intersection,CARDINIA,Metro,2,0,2,0,0,0,0,No
2018,February,4/2/18,09.25.00,Collision with vehicle,,No,Day,Other injury accident,60 km/hr,144.7005,-37.89752,Non-Intersection,WYNDHAM,Metro,2,0,1,1,0,0,0,No
2018,February,4/2/18,10.00.00,Collision with vehicle,,No,Day,Other injury accident,60 km/hr,145.23101,-37.74239,Intersection,MANNINGHAM,Metro,4,0,1,3,0,1,1,No
2018,February,4/2/18,10.34.00,Collision with vehicle,Sunday,No,Day,Other injury accident,50 km/hr,145.12315,-38.04632,Intersection,KINGSTON,Metro,2,0,1,1,0,0,0,No
2018,February,4/2/18,09.45.00,Vehicle overturned,Sunday,No,Day,Serious injury accident,100 km/hr,145.58503,-37.90796,Non-Intersection,CARDINIA,Metro,1,0,1,0,0,0,0,No
2018,February,4/2/18,11.10.00,Collision with vehicle,Sunday,No,Day,Serious injury accident,60 km/hr,144.3584,-38.07844,Intersection,GEELONG,Country,7,0,2,5,5,0,1,No
2018,February,4/2/18,09.15.00,Collision with vehicle,Sunday,No,Day,Other injury accident,60 km/hr,144.92825,-37.74349,Intersection,MOONEE VALLEY,Metro,3,0,2,1,0,0,0,No
2018,February,4/2/18,12.10.00,Collision with vehicle,Sunday,No,Day,Other injury accident,60 km/hr,145.07498,-37.91428,Non-Intersection,GLEN EIRA,Metro,3,0,2,1,1,1,0,No
2018,February,4/2/18,08.59.00,Collision with vehicle,Sunday,No,Day,Other injury accident,60 km/hr,144.97726,-38.32846,Intersection,MORNINGTON PENINSULA,Metro,2,0,1,1,0,0,0,No
2018,February,4/2/18,12.50.00,Collision with vehicle,Sunday,No,Day,Other injury accident,80 km/hr,145.13909,-37.92188,Intersection,MONASH,Metro,4,0,2,2,0,1,0,No
2018,February,4/2/18,12.15.00,Collision with vehicle,,No,Day,Other injury accident,40 km/hr,144.87554,-37.73871,Non-Intersection,MOONEE VALLEY,Metro,2,0,2,0,0,0,0,No
2018,February,4/2/18,12.50.00,Collision with object,Sunday,No,Day,Other injury accident,100 km/hr,144.34716,-36.91701,Non-Intersection,BENDIGO,Country,1,0,0,1,0,0,0,No
2018,February,4/2/18,13.00.00,Collision with vehicle,Sunday,Yes,Day,Other injury accident,60 km/hr,144.9669,-37.74133,Non-Intersection,MORELAND,Metro,3,0,1,2,1,1,0,No
2018,February,4/2/18,12.45.00,Vehicle overturned,Sunday,No,Day,Serious injury accident,80 km/hr,145.1447,-37.57257,Non-Intersection,NILLUMBIK,Metro,1,0,1,0,0,0,0,No
2018,February,4/2/18,16.10.00,Collision with vehicle,Sunday,No,Day,Other injury accident,50 km/hr,144.32947,-38.30839,Intersection,SURF COAST,Country,2,0,0,2,0,0,0,No
2018,February,4/2/18,18.40.00,Collision with vehicle,,No,Day,Other injury accident,50 km/hr,144.9511,-37.80322,Intersection,MELBOURNE,Metro,2,0,2,0,0,0,0,No
2018,February,4/2/18,17.51.00,No collision and no object struck,Sunday,No,Day,Other injury accident,50 km/hr,145.24071,-37.82285,Non-Intersection,MAROONDAH,Metro,3,0,1,0,1,0,0,No
2018,February,4/2/18,16.55.00,Collision with vehicle,Sunday,No,Day,Other injury accident,60 km/hr,145.0436,-37.82359,Non-Intersection,BOROONDARA,Metro,2,0,1,1,0,0,0,No
2018,February,4/2/18,15.50.00,Collision with object,,No,Day,Other injury accident,80 km/hr,145.51257,-37.9446,Non-Intersection,CARDINIA,Metro,1,0,1,0,0,0,1,No
2018,February,4/2/18,10.15.00,Collision with vehicle,Sunday,No,Day,Other injury accident,50 km/hr,145.0285,-37.91672,Non-Intersection,GLEN EIRA,Metro,2,0,1,1,0,1,0,No
2018,February,4/2/18,18.04.00,Collision with vehicle,Sunday,No,Day,Other injury accident,60 km/hr,144.70782,-37.84241,Intersection,WYNDHAM,Metro,3,0,1,2,1,0,0,No
2018,February,4/2/18,19.01.00,Struck pedestrian,Sunday,No,Dusk/Dawn,Serious injury accident,50 km/hr,144.86549,-38.37555,Non-Intersection,MORNINGTON PENINSULA,Metro,2,0,1,1,0,0,1,No
2018,February,4/2/18,17.45.00,Collision with vehicle,Sunday,No,Day,Other injury accident,70 km/hr,144.77794,-37.75261,Intersection,BRIMBANK,Metro,4,0,2,0,1,0,0,No
2018,February,4/2/18,16.35.00,Collision with vehicle,,No,Day,Other injury accident,40 km/hr,144.97269,-37.78466,Intersection,YARRA RANGES,Metro,2,0,1,1,0,0,0,No
2018,February,4/2/18,21.55.00,Collision with vehicle,Sunday,No,Dark,Other injury accident,60 km/hr,145.03114,-37.82839,Intersection,BOROONDARA,Metro,3,0,1,2,1,0,0,No
2018,February,4/2/18,23.30.00,Collision with vehicle,,No,Dark,Other injury accident,50 km/hr,145.25766,-38.09799,Non-Intersection,CASEY,Metro,1,0,1,0,0,0,0,No
2018,February,4/2/18,21.05.00,Collision with object,Sunday,No,Dark,Other injury accident,60 km/hr,145.31496,-37.78742,Non-Intersection,YARRA RANGES,Metro,2,0,1,1,1,0,1,No
2018,February,4/2/18,06.00.00,Collision with vehicle,Sunday,No,Dusk/Dawn,Other injury accident,60 km/hr,145.0797,-37.93858,Intersection,GLEN EIRA,Metro,6,0,3,0,4,0,1,No
2018,February,4/2/18,14.30.00,Collision with vehicle,,No,Day,Other injury accident,40 km/hr,144.96549,-37.74768,Non-Intersection,MORELAND,Metro,2,0,1,1,0,1,0,No
2018,February,4/2/18,16.50.00,Collision with vehicle,Sunday,No,Day,Other injury accident,70 km/hr,145.07874,-37.77757,Non-Intersection,BOROONDARA,Metro,4,0,4,0,0,1,1,No
2018,February,5/2/18,18.35.00,Collision with vehicle,Monday,No,Day,Other injury accident,60 km/hr,145.12682,-37.79731,Intersection,WHITEHORSE,Metro,4,0,4,0,0,0,0,No
2018,February,5/2/18,18.45.00,Collision with object,Monday,No,Day,Serious injury accident,100 km/hr,146.13705,-38.83364,Non-Intersection,SOUTH GIPPSLAND,Country,2,0,1,1,1,0,0,No
2018,February,5/2/18,03.30.00,Collision with object,Monday,No,Dark,Serious injury accident,70 km/hr,144.85469,-37.84167,Intersection,HOBSONS BAY,Metro,1,0,1,0,0,0,1,Yes
2018,February,5/2/18,06.30.00,Collision with vehicle,Monday,No,Day,Serious injury accident,100 km/hr,145.24685,-38.03188,Non-Intersection,DANDENONG,Metro,3,0,2,1,1,0,0,No
2018,February,5/2/18,09.35.00,Collision with vehicle,Monday,No,Day,Other injury accident,80 km/hr,145.14502,-37.98883,Non-Intersection,DANDENONG,Metro,2,0,2,0,0,0,0,No
2018,February,5/2/18,08.46.00,Collision with vehicle,Monday,No,Day,Serious injury accident,80 km/hr,145.36099,-37.97205,Intersection,CASEY,Metro,2,0,1,1,0,0,1,No
2018,February,5/2/18,11.05.00,Collision with vehicle,Sunday,No,Day,Other injury accident,50 km/hr,142.14563,-34.17457,Non-Intersection,MILDURA,Country,1,0,1,0,0,0,0,No
2018,February,5/2/18,06.00.00,Collision with vehicle,Monday,No,Day,Other injury accident,60 km/hr,144.75356,-37.90023,Intersection,WYNDHAM,Metro,2,0,2,0,0,0,0,No
2018,February,5/2/18,12.25.00,Collision with vehicle,Monday,No,Day,Other injury accident,60 km/hr,145.16424,-37.70288,Non-Intersection,NILLUMBIK,Metro,4,0,3,1,0,1,0,No
2018,February,5/2/18,14.30.00,Collision with vehicle,Monday,No,Day,Other injury accident,60 km/hr,144.28557,-36.75983,Intersection,BENDIGO,Country,2,0,1,1,0,0,1,No
2018,February,5/2/18,15.00.00,No collision and no object struck,Monday,No,Day,Other injury accident,50 km/hr,144.92011,-37.76832,Intersection,MOONEE VALLEY,Metro,2,0,2,0,0,0,1,No
2018,February,5/2/18,17.48.00,Collision with vehicle,Monday,No,Day,Other injury accident,80 km/hr,145.22403,-37.99983,Intersection,DANDENONG,Metro,3,0,0,2,1,0,1,No
2018,February,5/2/18,17.05.00,Collision with vehicle,Monday,No,Day,Other injury accident,50 km/hr,145.1391,-37.93828,Off Road,KINGSTON,Metro,2,0,2,0,0,0,0,No