year,month,date,time,accident_type,day,hit_run,light_condition,severity,speed_zone,longitude,latitude,node_type,lga,state_div,total_persons,fatality,males,females,passengers,old_driver,young_driver,alcohol
2018,February,5/2/18,17.20.00,Collision with vehicle,Monday,No,Day,Serious injury accident,60 km/hr,144.35411,-38.07361,Non-Intersection,GEELONG,Country,2,0,0,2,1,1,0,No
2018,February,5/2/18,16.22.00,Collision with vehicle,Monday,No,Day,Other injury accident,60 km/hr,145.1911,-38.16531,Non-Intersection,FRANKSTON,Metro,2,0,1,1,0,0,1,No
2018,February,5/2/18,19.05.00,Collision with vehicle,Monday,No,Day,Other injury accident,50 km/hr,144.67137,-37.88185,Off Road,WYNDHAM,Metro,2,0,1,1,0,0,0,No
2018,February,5/2/18,18.30.00,Collision with vehicle,Monday,No,Day,Other injury accident,50 km/hr,144.45448,-37.24258,Intersection,MACEDON RANGES,Country,2,0,0,2,0,1,0,No
2018,February,5/2/18,18.50.00,Struck pedestrian,Monday,No,Day,Serious injury accident,50 km/hr,145.14655,-37.95443,Non-Intersection,DANDENONG,Metro,2,0,2,0,0,0,0,No
2018,February,5/2/18,18.50.00,Collision with vehicle,Monday,No,Day,Serious injury accident,60 km/hr,142.46784,-38.37312,Non-Intersection,WARRNAMBOOL,Country,3,0,3,0,1,1,1,No
2018,February,5/2/18,11.55.00,Struck pedestrian,Monday,No,Day,Serious injury accident,50 km/hr,144.14272,-37.34149,Intersection,HEPBURN,Country,2,0,2,0,0,0,1,No
2018,February,5/2/18,17.26.00,Collision with vehicle,Monday,No,Day,Other injury accident,40 km/hr,147.06292,-38.10742,Non-Intersection,WELLINGTON,Country,5,0,2,3,3,0,0,No
2018,February,5/2/18,17.30.00,Collision with vehicle,Sunday,No,Day,Other injury accident,60 km/hr,145.10403,-38.03096,Non-Intersection,KINGSTON,Metro,2,0,1,1,0,0,0,No
2018,February,5/2/18,14.45.00,Collision with object,Monday,No,Day,Fatal accident,100 km/hr,142.05461,-36.80193,Non-Intersection,HORSHAM,Country,4,1,2,2,3,0,0,No
2018,February,5/2/18,15.09.00,Collision with object,Monday,No,Day,Serious injury accident,60 km/hr,144.80419,-37.74988,Intersection,BRIMBANK,Metro,1,0,1,0,0,0,0,No
2018,February,5/2/18,23.00.00,Collision with vehicle,Monday,No,Dark,Other injury accident,60 km/hr,145.10221,-37.91828,Non-Intersection,MONASH,Metro,2,0,1,1,1,0,0,No
2018,February,5/2/18,13.20.00,Collision with vehicle,Monday,No,Day,Serious injury accident,100 km/hr,143.6654,-35.47051,Non-Intersection,SWAN HILL,Country,3,0,2,1,1,0,1,No
2018,February,5/2/18,21.20.00,Collision with vehicle,Sunday,No,Dark,Other injury accident,80 km/hr,143.80649,-37.5904,Intersection,BALLARAT,Country,3,0,2,1,1,0,1,No
2018,February,6/2/18,21.50.00,Collision with object,Tuesday,No,Dark,Other injury accident,100 km/hr,145.53383,-37.82385,Non-Intersection,YARRA RANGES,Metro,1,0,1,0,0,0,0,No
2018,February,6/2/18,18.20.00,Collision with vehicle,Monday,No,Day,Other injury accident,50 km/hr,145.34212,-37.80877,Non-Intersection,YARRA RANGES,Metro,1,0,0,1,0,0,0,No
2018,February,6/2/18,19.30.00,Collision with vehicle,Monday,No,Day,Other injury accident,50 km/hr,145.10806,-37.76911,Intersection,MANNINGHAM,Metro,3,0,1,2,1,0,0,No
2018,February,6/2/18,15.15.00,Collision with vehicle,Tuesday,No,Day,Other injury accident,80 km/hr,145.06705,-37.97718,Intersection,KINGSTON,Metro,2,0,1,1,0,0,0,No
2018,February,6/2/18,12.30.00,Struck pedestrian,Tuesday,No,Day,Other injury accident,50 km/hr,145.33815,-37.88481,Non-Intersection,YARRA RANGES,Metro,2,0,0,2,0,0,0,No
2018,February,6/2/18,07.58.00,Collision with vehicle,Tuesday,No,Day,Other injury accident,50 km/hr,144.92974,-37.73257,Non-Intersection,MORELAND,Metro,2,0,1,1,0,0,0,No
2018,February,6/2/18,16.30.00,Struck pedestrian,Monday,No,Day,Serious injury accident,60 km/hr,144.97633,-37.83663,Intersection,MELBOURNE,Metro,2,0,1,1,0,0,0,No
2018,February,6/2/18,02.40.00,Collision with object,Monday,Yes,Dark,Other injury accident,60 km/hr,145.19752,-38.09948,Non-Intersection,FRANKSTON,Metro,1,0,1,0,0,0,1,No
2018,February,6/2/18,06.40.00,Collision with object,Tuesday,No,Dusk/Dawn,Other injury accident,60 km/hr,143.88042,-37.57652,Non-Intersection,BALLARAT,Country,1,0,1,0,0,0,0,No
2018,February,6/2/18,08.08.00,Collision with vehicle,Tuesday,No,Day,Other injury accident,50 km/hr,144.92547,-37.72824,Intersection,MORELAND,Metro,2,0,0,2,0,0,0,No
2018,February,6/2/18,07.30.00,Collision with vehicle,Tuesday,No,Day,Serious injury accident,80 km/hr,145.12719,-38.30009,Intersection,MORNINGTON PENINSULA,Metro,4,0,2,2,2,0,1,No
2018,February,6/2/18,08.54.00,Collision with vehicle,Tuesday,No,Day,Serious injury accident,50 km/hr,144.33138,-38.20191,Intersection,GEELONG,Country,2,0,1,1,0,0,0,No
2018,February,6/2/18,08.50.00,Collision with vehicle,Tuesday,No,Day,Other injury accident,40 km/hr,144.93255,-37.79471,Non-Intersection,MELBOURNE,Metro,2,0,2,0,0,0,0,No
2018,February,6/2/18,12.45.00,Collision with vehicle,Tuesday,No,Unk.,Other injury accident,40 km/hr,144.97887,-37.79595,Intersection,YARRA RANGES,Metro,2,0,0,1,0,0,0,No
2018,February,6/2/18,10.05.00,Collision with vehicle,Monday,No,Day,Serious injury accident,40 km/hr,143.82049,-38.29347,Non-Intersection,COLAC OTWAY,Country,3,0,3,0,1,0,0,No
2018,February,6/2/18,13.05.00,Collision with object,Tuesday,No,Day,Serious injury accident,50 km/hr,145.07608,-37.90702,Non-Intersection,MONASH,Metro,1,0,1,0,0,1,0,No
2018,February,6/2/18,09.50.00,Collision with vehicle,Tuesday,No,Day,Other injury accident,50 km/hr,144.83304,-37.77946,Intersection,BRIMBANK,Metro,3,0,1,2,1,0,0,No
2018,February,6/2/18,09.50.00,Collision with vehicle,Tuesday,No,Day,Other injury accident,70 km/hr,145.03207,-36.30315,Non-Intersection,CAMPASPE,Country,3,0,2,1,1,1,0,No
2018,February,6/2/18,14.27.00,Struck animal,Tuesday,No,Day,Other injury accident,100 km/hr,143.87257,-37.6854,Non-Intersection,BALLARAT,Country,1,0,0,1,0,0,0,No
2018,February,6/2/18,16.00.00,Struck pedestrian,Tuesday,No,Day,Serious injury accident,50 km/hr,145.11827,-37.68343,Non-Intersection,NILLUMBIK,Metro,2,0,2,0,0,0,0,No
2018,February,6/2/18,16.08.00,Collision with vehicle,Monday,No,Day,Other injury accident,60 km/hr,144.64551,-37.88581,Non-Intersection,WYNDHAM,Metro,8,0,2,6,4,0,2,No
2018,February,6/2/18,17.15.00,Collision with object,Tuesday,No,Day,Other injury accident,80 km/hr,143.63698,-38.40128,Non-Intersection,COLAC OTWAY,Country,1,0,1,0,0,0,0,Yes
2018,February,6/2/18,17.45.00,Struck pedestrian,Tuesday,No,Day,Other injury accident,50 km/hr,144.96313,-37.83855,Intersection,PORT PHILLIP,Metro,3,0,2,1,1,0,0,No
2018,February,6/2/18,19.19.00,Collision with vehicle,Monday,No,Day,Other injury accident,50 km/hr,145.17043,-37.98983,Intersection,DANDENONG,Metro,2,0,0,2,0,0,0,No
2018,February,6/2/18,17.30.00,Collision with object,Tuesday,No,Day,Other injury accident,80 km/hr,145.16666,-37.85443,Non-Intersection,WHITEHORSE,Metro,2,0,2,0,0,0,0,No
2018,February,6/2/18,15.40.00,Collision with vehicle,Tuesday,No,Day,Other injury accident,60 km/hr,145.14052,-37.81914,Intersection,WHITEHORSE,Metro,2,0,0,2,0,0,0,No
2018,February,6/2/18,18.05.00,Collision with vehicle,Tuesday,No,Day,Other injury accident,50 km/hr,145.02416,-37.65193,Non-Intersection,WHITTLESEA,Metro,2,0,2,0,0,0,0,No
2018,February,6/2/18,21.24.00,Collision with vehicle,Tuesday,No,Dark,Serious injury accident,60 km/hr,144.38995,-38.17853,Intersection,GEELONG,Country,2,0,1,1,0,0,0,No
2018,February,6/2/18,16.40.00,Struck pedestrian,Tuesday,No,Day,Other injury accident,60 km/hr,144.75167,-37.88666,Non-Intersection,WYNDHAM,Metro,2,0,0,2,0,0,0,No
2018,February,6/2/18,08.45.00,Collision with vehicle,Tuesday,No,Day,Other injury accident,60 km/hr,145.08901,-37.80426,Non-Intersection,BOROONDARA,Metro,2,0,2,0,0,0,0,No
2018,February,7/2/18,08.05.00,Collision with vehicle,Wednesday,No,Day,Other injury accident,60 km/hr,144.82767,-37.71954,Intersection,BRIMBANK,Metro,5,0,2,3,3,0,0,No
2018,February,7/2/18,08.15.00,Collision with vehicle,Wednesday,No,Day,Other injury accident,80 km/hr,145.34785,-38.04807,Non-Intersection,CASEY,Metro,5,0,1,4,1,0,0,No
2018,February,7/2/18,08.07.00,Collision with object,Wednesday,No,Day,Other injury accident,50 km/hr,145.25725,-37.8561,Intersection,KNOX,Metro,1,0,1,0,0,0,0,No
2018,February,7/2/18,08.14.00,Collision with vehicle,Wednesday,No,Day,Other injury accident,60 km/hr,145.02351,-37.81313,Intersection,BOROONDARA,Metro,2,0,1,1,0,0,0,No
2018,February,7/2/18,08.30.00,Collision with vehicle,Wednesday,No,Day,Other injury accident,40 km/hr,144.97847,-37.85912,Non-Intersection,PORT PHILLIP,Metro,2,0,1,0,0,0,0,No
2018,February,7/2/18,07.13.00,Collision with vehicle,Wednesday,No,Day,Other injury accident,50 km/hr,144.89535,-37.80372,Non-Intersection,MARIBYRNONG,Metro,2,0,0,2,0,0,0,No
2018,February,7/2/18,12.51.00,Collision with vehicle,Wednesday,Yes,Day,Other injury accident,60 km/hr,144.34737,-38.09034,Intersection,GEELONG,Country,3,0,1,2,0,0,0,No
2018,February,7/2/18,07.12.00,Collision with vehicle,Wednesday,No,Day,Other injury accident,80 km/hr,145.46016,-38.06301,Intersection,CARDINIA,Metro,2,0,2,0,0,0,0,No
2018,February,7/2/18,13.57.00,Collision with vehicle,Wednesday,No,Day,Serious injury accident,50 km/hr,145.03672,-37.7402,Non-Intersection,BANYULE,Metro,2,0,2,0,0,0,0,No
2018,February,7/2/18,09.00.00,Collision with vehicle,Wednesday,No,Day,Other injury accident,60 km/hr,145.27748,-37.78558,Non-Intersection,MAROONDAH,Metro,4,0,1,2,1,0,1,No
2018,February,7/2/18,11.00.00,Struck pedestrian,Wednesday,No,Day,Other injury accident,60 km/hr,142.16411,-34.19221,Intersection,MILDURA,Country,2,0,0,2,0,0,0,No
2018,February,7/2/18,14.08.00,Collision with vehicle,Tuesday,Yes,Day,Other injury accident,60 km/hr,144.91038,-37.76562,Intersection,MOONEE VALLEY,Metro,1,0,0,1,0,0,1,No
2018,February,7/2/18,15.20.00,Collision with vehicle,Wednesday,No,Day,Other injury accident,80 km/hr,145.05609,-37.9633,Intersection,KINGSTON,Metro,2,0,1,1,0,0,1,No
2018,February,7/2/18,18.27.00,Collision with vehicle,Wednesday,No,Day,Serious injury accident,60 km/hr,145.06791,-37.82198,Intersection,BOROONDARA,Metro,2,0,1,1,0,0,0,No
2018,February,7/2/18,17.50.00,Collision with vehicle,Wednesday,No,Day,Other injury accident,80 km/hr,145.30933,-37.9361,Non-Intersection,YARRA RANGES,Metro,3,0,1,2,0,0,0,No
2018,February,7/2/18,15.00.00,Collision with vehicle,Tuesday,Yes,Day,Other injury accident,50 km/hr,144.93662,-37.79518,Intersection,MELBOURNE,Metro,2,0,1,1,0,0,0,No
2018,February,7/2/18,17.58.00,Collision with object,Tuesday,No,Day,Other injury accident,60 km/hr,145.11719,-37.80004,Non-Intersection,WHITEHORSE,Metro,1,0,0,1,0,0,0,No
2018,February,7/2/18,15.30.00,Collision with object,Wednesday,No,Day,Other injury accident,100 km/hr,146.18073,-38.59251,Non-Intersection,SOUTH GIPPSLAND,Country,1,0,0,1,0,0,0,No
2018,February,7/2/18,21.07.00,Collision with vehicle,Wednesday,No,Dark,Serious injury accident,60 km/hr,145.15419,-37.81756,Intersection,WHITEHORSE,Metro,5,0,2,3,3,0,1,No
2018,February,7/2/18,21.00.00,Collision with vehicle,Wednesday,No,Dark,Other injury accident,60 km/hr,144.96816,-37.79361,Non-Intersection,MELBOURNE,Metro,3,0,2,1,1,0,1,No
2018,February,7/2/18,18.00.00,Collision with object,Wednesday,No,Day,Serious injury accident,100 km/hr,146.81339,-37.98215,Non-Intersection,WELLINGTON,Country,1,0,1,0,0,1,0,No
2018,February,7/2/18,22.50.00,Collision with vehicle,Wednesday,No,Dark,Other injury accident,70 km/hr,145.00139,-37.85887,Intersection,STONNINGTON,Metro,4,0,2,1,2,0,0,No
2018,February,7/2/18,16.40.00,Collision with object,Wednesday,No,Day,Other injury accident,80 km/hr,145.59095,-37.90823,Non-Intersection,CARDINIA,Metro,1,0,1,0,0,0,0,No
2018,February,7/2/18,13.35.00,Collision with vehicle,Tuesday,No,Day,Other injury accident,60 km/hr,145.24636,-37.91527,Intersection,KNOX,Metro,2,0,1,1,0,0,0,No
2018,February,7/2/18,06.00.00,Collision with vehicle,Wednesday,No,Day,Other injury accident,50 km/hr,146.08831,-37.05196,Intersection,MANSFIELD,Country,5,0,3,2,3,0,0,No
2018,February,7/2/18,15.00.00,Collision with vehicle,Wednesday,No,Day,Serious injury accident,60 km/hr,145.0109,-37.77532,Non-Intersection,DAREBIN,Metro,2,0,1,0,0,1,0,No
2018,February,7/2/18,23.30.00,Collision with vehicle,Wednesday,No,Dark,Other injury accident,60 km/hr,144.86283,-37.79495,Non-Intersection,MARIBYRNONG,Metro,2,0,2,0,0,0,0,Yes
2018,February,7/2/18,07.10.00,Collision with vehicle,Wednesday,No,Day,Serious injury accident,60 km/hr,145.00421,-37.87769,Intersection,GLEN EIRA,Metro,2,0,1,1,0,0,0,No
2018,February,7/2/18,05.50.00,Collision with vehicle,Wednesday,No,Dusk/Dawn,Serious injury accident,100 km/hr,144.7392,-37.75578,Non-Intersection,MELTON,Metro,2,0,2,0,0,0,0,No
2018,February,7/2/18,08.50.00,Collision with vehicle,Wednesday,No,Day,Other injury accident,80 km/hr,145.09877,-38.23162,Off Road,MORNINGTON PENINSULA,Metro,6,0,3,3,0,0,1,No
2018,February,7/2/18,09.35.00,Collision with vehicle,Tuesday,No,Day,Other injury accident,60 km/hr,144.97859,-37.86095,Non-Intersection,PORT PHILLIP,Metro,2,0,1,1,0,0,0,No
2018,February,7/2/18,16.30.00,Collision with vehicle,Tuesday,No,Day,Other injury accident,70 km/hr,145.15669,-37.90292,Non-Intersection,MONASH,Metro,3,0,1,2,0,0,2,No
2018,February,7/2/18,18.20.00,Collision with vehicle,Wednesday,No,Day,Other injury accident,60 km/hr,144.90703,-37.77248,Intersection,MOONEE VALLEY,Metro,3,0,0,3,0,0,1,No
2018,February,7/2/18,16.40.00,Collision with vehicle,Wednesday,No,Day,Other injury accident,100 km/hr,146.27929,-38.38508,Intersection,LATROBE,Country,2,0,1,1,0,0,1,No
2018,February,8/2/18,07.15.00,Collision with vehicle,Thursday,No,Unk.,Other injury accident,60 km/hr,145.00272,-37.89936,Intersection,BAYSIDE,Metro,2,0,2,0,0,0,0,No
2018,February,8/2/18,08.15.00,Collision with vehicle,Thursday,No,Day,Serious injury accident,60 km/hr,145.07155,-37.75997,Non-Intersection,BANYULE,Metro,6,0,3,3,1,1,2,No
2018,February,8/2/18,06.57.00,Collision with object,Thursday,No,Day,Serious injury accident,100 km/hr,144.00287,-37.75352,Non-Intersection,MOORABOOL,Country,1,0,0,1,0,0,1,No
2018,February,8/2/18,10.00.00,Collision with vehicle,Thursday,No,Day,Other injury accident,80 km/hr,146.09905,-37.04456,Intersection,MANSFIELD,Country,2,0,1,1,0,0,1,No
2018,February,8/2/18,08.45.00,Collision with vehicle,Wednesday,No,Day,Other injury accident,80 km/hr,145.33886,-38.0577,Intersection,CASEY,Metro,5,0,3,2,2,0,0,No
2018,February,8/2/18,11.30.00,Collision with vehicle,Wednesday,No,Day,Other injury accident,60 km/hr,143.84293,-37.56037,Intersection,BALLARAT,Country,3,0,1,2,1,0,0,No
2018,February,8/2/18,08.30.00,Collision with vehicle,Thursday,No,Day,Serious injury accident,40 km/hr,143.67369,-38.31189,Non-Intersection,COLAC OTWAY,Country,3,0,3,0,1,0,2,No
2018,February,8/2/18,20.35.00,Collision with object,Thursday,No,Dark,Other injury accident,100 km/hr,144.15677,-38.11387,Non-Intersection,GOLDEN PLAINS,Country,1,0,1,0,0,0,1,No
2018,February,8/2/18,11.30.00,Collision with object,Thursday,No,Day,Other injury accident,100 km/hr,143.82682,-37.65776,Non-Intersection,GOLDEN PLAINS,Country,1,0,0,1,0,0,0,No
2018,February,8/2/18,07.17.00,Collision with vehicle,Wednesday,No,Day,Other injury accident,60 km/hr,145.04432,-37.71509,Non-Intersection,DAREBIN,Metro,4,0,2,2,0,0,1,No
2018,February,8/2/18,10.30.00,Collision with vehicle,Thursday,No,Day,Other injury accident,60 km/hr,144.95223,-37.82739,Non-Intersection,MELBOURNE,Metro,2,0,2,0,0,0,0,No
2018,February,8/2/18,11.45.00,Collision with vehicle,Thursday,No,Day,Other injury accident,40 km/hr,144.07771,-37.88045,Non-Intersection,GOLDEN PLAINS,Country,6,0,1,4,3,0,0,No
2018,February,8/2/18,13.30.00,Collision with object,Thursday,No,Day,Serious injury accident,100 km/hr,141.99378,-36.97724,Non-Intersection,HORSHAM,Country,1,0,0,1,0,1,0,No
2018,February,8/2/18,15.25.00,Collision with vehicle,Thursday,No,Day,Other injury accident,80 km/hr,145.23126,-38.10669,Non-Intersection,FRANKSTON,Metro,2,0,1,1,0,0,0,No
2018,February,8/2/18,15.15.00,Collision with object,Thursday,No,Day,Serious injury accident,100 km/hr,144.68919,-37.29884,Non-Intersection,MACEDON RANGES,Country,5,0,1,3,4,0,0,No
2018,February,8/2/18,15.05.00,Collision with vehicle,Wednesday,No,Unk.,Other injury accident,80 km/hr,144.94557,-37.64272,Non-Intersection,HUME,Metro,3,0,3,0,0,0,0,No
2018,February,8/2/18,16.35.00,Collision with vehicle,Thursday,No,Day,Serious injury accident,60 km/hr,145.00808,-37.87342,Non-Intersection,GLEN EIRA,Metro,2,0,1,1,0,0,0,No
2018,February,8/2/18,16.50.00,Struck pedestrian,Thursday,No,Day,Serious injury accident,60 km/hr,144.97082,-37.8253,Non-Intersection,MELBOURNE,Metro,2,0,0,2,0,0,0,No
2018,February,8/2/18,15.45.00,Collision with object,Thursday,No,Day,Serious injury accident,80 km/hr,145.14221,-37.58289,Non-Intersection,WHITTLESEA,Metro,1,0,1,0,0,0,0,No
2018,February,8/2/18,19.55.00,No collision and no object struck,Thursday,No,Day,Serious injury accident,40 km/hr,144.65483,-37.83503,Non-Intersection,WYNDHAM,Metro,1,0,1,0,0,0,0,Yes
2018,February,8/2/18,21.20.00,Collision with vehicle,Thursday,Yes,Dark,Other injury accident,70 km/hr,144.80244,-37.72816,Intersection,BRIMBANK,Metro,3,0,1,1,1,0,0,No
2018,February,8/2/18,16.00.00,Collision with vehicle,Thursday,No,Day,Serious injury accident,80 km/hr,145.29557,-38.01819,Non-Intersection,CASEY,Metro,3,0,2,1,0,0,0,No
2018,February,8/2/18,01.00.00,No collision and no object struck,Thursday,No,Dark,Serious injury accident,100 km/hr,145.78273,-36.3511,Non-Intersection,SHEPPARTON,Country,2,0,2,0,1,0,0,No
2018,February,8/2/18,23.56.00,Collision with object,Thursday,No,Dark,Other injury accident,100 km/hr,144.33524,-38.07321,Non-Intersection,GEELONG,Country,4,0,3,1,3,0,0,No
2018,February,8/2/18,19.25.00,No collision and no object struck,Thursday,No,Day,Serious injury accident,100 km/hr,143.14744,-38.6283,Intersection,CORANGAMITE,Country,3,0,1,2,2,0,0,No
2018,February,8/2/18,14.30.00,Vehicle overturned,Wednesday,Yes,Day,Other injury accident,80 km/hr,143.81759,-37.53385,Intersection,BALLARAT,Country,2,0,1,0,0,0,0,No
2018,February,8/2/18,13.04.00,Collision with object,Thursday,No,Day,Other injury accident,60 km/hr,145.25956,-37.80931,Non-Intersection,MAROONDAH,Metro,1,0,0,1,0,0,0,No
2018,February,8/2/18,23.20.00,Collision with vehicle,Thursday,No,Dark,Other injury accident,40 km/hr,144.98789,-37.79601,Non-Intersection,YARRA RANGES,Metro,2,0,0,2,0,0,1,No
2018,February,8/2/18,06.00.00,Collision with vehicle,Thursday,Yes,Unk.,Serious injury accident,60 km/hr,145.01963,-37.67899,Non-Intersection,WHITTLESEA,Metro,2,0,1,0,0,0,0,No
2018,February,8/2/18,16.40.00,Collision with vehicle,Thursday,No,Day,Other injury accident,80 km/hr,144.97861,-37.42309,Intersection,MITCHELL,Country,3,0,0,3,1,0,0,No
2018,February,8/2/18,22.34.00,Struck pedestrian,Thursday,No,Dark,Other injury accident,60 km/hr,145.01085,-37.69813,Non-Intersection,DAREBIN,Metro,2,0,1,1,0,0,0,No
2018,February,8/2/18,18.30.00,Collision with vehicle,Wednesday,No,Day,Other injury accident,60 km/hr,144.99076,-37.8741,Non-Intersection,PORT PHILLIP,Metro,4,0,3,0,0,0,2,No
2018,February,9/2/18,22.15.00,Struck animal,Friday,No,Dark,Serious injury accident,80 km/hr,145.25186,-37.023,Non-Intersection,MITCHELL,Country,1,0,1,0,0,0,0,No
2018,February,9/2/18,04.00.00,Collision with object,Friday,No,Dark,Serious injury accident,100 km/hr,145.11286,-37.0877,Non-Intersection,MITCHELL,Country,3,0,3,0,1,0,0,No
2018,February,9/2/18,01.37.00,Collision with vehicle,Friday,No,Dark,Other injury accident,60 km/hr,144.98291,-37.73596,Intersection,MORELAND,Metro,4,0,2,2,2,0,0,No
2018,February,9/2/18,02.15.00,Collision with object,Thursday,No,Dark,Serious injury accident,80 km/hr,145.2372,-37.90523,Non-Intersection,KNOX,Metro,1,0,1,0,0,0,0,No
2018,February,9/2/18,07.45.00,Collision with vehicle,Friday,No,Day,Other injury accident,80 km/hr,143.54747,-35.31564,Intersection,SWAN HILL,Country,5,0,5,0,1,0,1,No
2018,February,9/2/18,07.39.00,Collision with object,Friday,No,Day,Other injury accident,60 km/hr,145.10265,-37.86691,Non-Intersection,MONASH,Metro,1,0,0,1,0,0,0,No
2018,February,9/2/18,10.50.00,No collision and no object struck,Friday,No,Day,Other injury accident,80 km/hr,144.93742,-37.76646,Non-Intersection,MOONEE VALLEY,Metro,1,0,1,0,0,0,0,No
2018,February,9/2/18,11.38.00,Collision with vehicle,Friday,No,Day,Serious injury accident,100 km/hr,143.70624,-37.51137,Intersection,BALLARAT,Country,2,0,2,0,0,0,0,No
2018,February,9/2/18,15.29.00,Collision with vehicle,Friday,Yes,Day,Other injury accident,50 km/hr,145.28756,-37.85998,Non-Intersection,KNOX,Metro,4,0,2,1,1,0,0,No
2018,February,9/2/18,12.40.00,Collision with vehicle,Friday,No,Day,Other injury accident,50 km/hr,145.16724,-37.98126,Intersection,DANDENONG,Metro,3,0,2,1,1,0,0,No
2018,February,9/2/18,13.30.00,Collision with object,Friday,No,Day,Serious injury accident,50 km/hr,144.97818,-37.86462,Non-Intersection,PORT PHILLIP,Metro,1,0,0,1,0,0,0,Yes
2018,February,9/2/18,16.00.00,Collision with vehicle,Friday,No,Day,Serious injury accident,40 km/hr,145.02529,-37.75494,Non-Intersection,DAREBIN,Metro,3,0,1,2,1,0,0,No
2018,February,9/2/18,12.30.00,Struck pedestrian,Friday,No,Day,Other injury accident,50 km/hr,145.16822,-37.81942,Non-Intersection,WHITEHORSE,Metro,2,0,0,2,0,0,0,No
2018,February,9/2/18,16.10.00,Collision with vehicle,Friday,No,Day,Other injury accident,50 km/hr,145.00719,-37.94134,Intersection,BAYSIDE,Metro,4,0,2,2,2,0,0,No
2018,February,9/2/18,16.46.00,Collision with vehicle,Friday,No,Day,Other injury accident,100 km/hr,145.09957,-37.78317,Non-Intersection,BOROONDARA,Metro,3,0,1,2,1,0,1,No
2018,February,9/2/18,18.15.00,Collision with vehicle,Friday,No,Day,Other injury accident,60 km/hr,145.04515,-37.8907,Intersection,GLEN EIRA,Metro,4,0,3,1,1,0,2,No
2018,February,9/2/18,19.15.00,Struck pedestrian,Friday,No,Day,Other injury accident,60 km/hr,144.34688,-38.17116,Intersection,GEELONG,Country,3,0,2,1,1,0,1,No
2018,February,9/2/18,18.33.00,Collision with vehicle,Friday,No,Day,Serious injury accident,60 km/hr,145.22075,-37.98511,Non-Intersection,DANDENONG,Metro,5,0,2,3,2,0,1,No
2018,February,9/2/18,17.35.00,Vehicle overturned,Friday,No,Day,Serious injury accident,100 km/hr,144.11867,-37.88782,Non-Intersection,GOLDEN PLAINS,Country,2,0,1,1,1,0,1,No
2018,February,9/2/18,17.38.00,Collision with vehicle,Friday,No,Day,Other injury accident,100 km/hr,145.02235,-37.79114,Non-Intersection,BOROONDARA,Metro,2,0,2,0,0,0,0,No
2018,February,9/2/18,16.19.00,Collision with vehicle,Thursday,No,Day,Other injury accident,60 km/hr,144.92081,-37.59672,Non-Intersection,HUME,Metro,2,0,2,0,0,0,0,No
2018,February,9/2/18,15.30.00,Struck pedestrian,Thursday,No,Day,Other injury accident,40 km/hr,144.92971,-37.63025,Off Road,HUME,Metro,2,0,1,1,0,0,0,No
2018,February,9/2/18,10.50.00,Collision with vehicle,Thursday,No,Day,Other injury accident,70 km/hr,146.27452,-38.18166,Intersection,LATROBE,Country,2,0,2,0,0,0,1,No
2018,February,9/2/18,20.40.00,Collision with vehicle,Friday,No,Dusk/Dawn,Other injury accident,60 km/hr,145.01692,-37.87602,Non-Intersection,GLEN EIRA,Metro,2,0,2,0,0,0,0,No
2018,February,9/2/18,20.30.00,Collision with vehicle,Friday,No,Dusk/Dawn,Other injury accident,40 km/hr,144.98111,-37.79619,Intersection,YARRA RANGES,Metro,2,0,2,0,0,0,0,No
2018,February,9/2/18,13.00.00,Vehicle overturned,Friday,No,Day,Other injury accident,50 km/hr,146.43289,-37.85508,Off Road,BAW BAW,Country,1,0,1,0,0,0,0,No
2018,February,10/2/18,19.00.00,Collision with vehicle,Saturday,No,Dusk/Dawn,Other injury accident,60 km/hr,145.13845,-37.81985,Intersection,WHITEHORSE,Metro,2,0,0,2,0,0,1,No
2018,February,10/2/18,03.20.00,Collision with object,Friday,No,Dark,Other injury accident,80 km/hr,145.15331,-38.15196,Non-Intersection,FRANKSTON,Metro,3,0,1,0,1,0,0,No
2018,February,10/2/18,03.30.00,Collision with vehicle,Saturday,No,Dark,Serious injury accident,60 km/hr,144.97134,-37.82101,Non-Intersection,MELBOURNE,Metro,2,0,2,0,0,0,1,No
2018,February,10/2/18,03.30.00,Collision with object,Friday,No,Dark,Serious injury accident,50 km/hr,144.24661,-36.76466,Non-Intersection,BENDIGO,Country,3,0,1,2,2,0,0,No
2018,February,10/2/18,06.25.00,Collision with vehicle,Friday,No,Day,Other injury accident,60 km/hr,145.26777,-37.85706,Non-Intersection,KNOX,Metro,2,0,2,0,0,0,0,No
2018,February,10/2/18,06.40.00,Collision with object,Saturday,No,Dusk/Dawn,Other injury accident,40 km/hr,144.96407,-37.81622,Intersection,MELBOURNE,Metro,3,0,1,2,1,0,0,No
2018,February,10/2/18,11.45.00,Collision with vehicle,Saturday,No,Day,Other injury accident,80 km/hr,145.26543,-38.00502,Intersection,CASEY,Metro,3,0,2,0,0,0,0,No
2018,February,10/2/18,10.39.00,Struck pedestrian,Saturday,No,Day,Serious injury accident,60 km/hr,145.08224,-37.84886,Intersection,BOROONDARA,Metro,4,0,1,3,2,0,0,No