year,month,date,time,accident_type,day,hit_run,light_condition,severity,speed_zone,longitude,latitude,node_type,lga,state_div,total_persons,fatality,males,females,passengers,old_driver,young_driver,alcohol
2018,February,10/2/18,10.00.00,Collision with vehicle,Friday,No,Day,Serious injury accident,100 km/hr,146.61931,-36.04532,Intersection,INDIGO,Country,3,0,1,2,1,0,2,No
2018,February,10/2/18,14.00.00,Collision with vehicle,Friday,No,Day,Other injury accident,60 km/hr,143.84899,-37.56081,Intersection,BALLARAT,Country,2,0,0,2,0,0,0,No
2018,February,10/2/18,10.15.00,Vehicle overturned,Saturday,No,Day,Serious injury accident,50 km/hr,145.80571,-37.00755,Non-Intersection,MANSFIELD,Country,4,0,2,2,3,0,0,No
2018,February,10/2/18,15.35.00,Collision with vehicle,Friday,No,Day,Other injury accident,60 km/hr,145.36219,-37.84999,Intersection,YARRA RANGES,Metro,2,0,1,1,0,0,1,No
2018,February,10/2/18,14.25.00,Collision with vehicle,Saturday,No,Day,Serious injury accident,80 km/hr,145.635,-37.5977,Non-Intersection,YARRA RANGES,Metro,3,0,2,1,1,0,0,No
2018,February,10/2/18,14.35.00,No collision and no object struck,Saturday,No,Day,Serious injury accident,100 km/hr,143.2587,-38.74607,Non-Intersection,COLAC OTWAY,Country,1,0,1,0,0,0,0,No
2018,February,10/2/18,13.33.00,Collision with vehicle,Saturday,No,Day,Serious injury accident,100 km/hr,145.7765,-38.24344,Non-Intersection,BAW BAW,Country,6,0,2,4,4,0,0,No
2018,February,10/2/18,16.40.00,Collision with object,Friday,No,Day,Other injury accident,100 km/hr,144.21368,-38.1222,Non-Intersection,GOLDEN PLAINS,Country,1,0,0,1,0,0,0,No
2018,February,10/2/18,16.45.00,Collision with vehicle,Saturday,No,Day,Other injury accident,100 km/hr,145.96751,-36.50766,Non-Intersection,BENALLA,Country,4,0,1,3,2,0,0,No
2018,February,10/2/18,19.05.00,Collision with vehicle,Saturday,No,Day,Other injury accident,60 km/hr,145.1271,-37.93683,Non-Intersection,KINGSTON,Metro,2,0,2,0,0,0,0,No
2018,February,10/2/18,18.05.00,Collision with object,Saturday,No,Day,Serious injury accident,50 km/hr,145.10653,-37.88018,Non-Intersection,MONASH,Metro,2,0,2,0,1,0,0,Yes
2018,February,10/2/18,23.14.00,Collision with vehicle,Saturday,No,Dark,Other injury accident,60 km/hr,145.12267,-37.82425,Intersection,WHITEHORSE,Metro,2,0,2,0,0,0,0,No
2018,February,10/2/18,08.11.00,Collision with vehicle,Saturday,No,Day,Other injury accident,40 km/hr,145.09345,-38.23074,Intersection,MORNINGTON PENINSULA,Metro,2,0,1,1,0,0,0,No
2018,February,10/2/18,11.50.00,Collision with vehicle,Saturday,No,Day,Other injury accident,60 km/hr,144.8754,-37.69411,Intersection,HUME,Metro,3,0,2,1,1,0,0,No
2018,February,10/2/18,19.35.00,Collision with vehicle,Friday,No,Day,Other injury accident,40 km/hr,144.98907,-37.83866,Intersection,STONNINGTON,Metro,2,0,1,1,0,0,0,No
2018,February,10/2/18,09.30.00,Collision with object,Saturday,No,Day,Other injury accident,100 km/hr,146.93334,-36.83147,Non-Intersection,ALPINE,Country,1,0,1,0,0,0,0,No
2018,February,10/2/18,05.30.00,Vehicle overturned,Saturday,No,Dark,Serious injury accident,70 km/hr,144.77854,-37.8641,Non-Intersection,HOBSONS BAY,Metro,1,0,1,0,0,0,0,No
2018,February,10/2/18,12.25.00,Struck pedestrian,Friday,No,Day,Other injury accident,80 km/hr,145.14569,-38.35691,Non-Intersection,MORNINGTON PENINSULA,Metro,2,0,0,1,0,0,1,No
2018,February,11/2/18,03.30.00,Collision with vehicle,Sunday,No,Dark,Other injury accident,50 km/hr,144.94981,-37.80629,Intersection,MELBOURNE,Metro,5,0,3,2,3,0,0,No
2018,February,11/2/18,09.05.00,Collision with vehicle,Sunday,No,Day,Other injury accident,60 km/hr,144.99732,-37.90923,Intersection,BAYSIDE,Metro,2,0,1,1,0,0,0,No
2018,February,11/2/18,12.20.00,Collision with object,Sunday,No,Day,Other injury accident,50 km/hr,145.08757,-38.00186,Non-Intersection,KINGSTON,Metro,2,0,0,2,1,1,0,No
2018,February,11/2/18,11.56.00,Collision with vehicle,Sunday,No,Day,Other injury accident,40 km/hr,144.96002,-37.81961,Intersection,MELBOURNE,Metro,3,0,2,1,0,0,1,No
2018,February,11/2/18,09.15.00,Collision with vehicle,Sunday,No,Day,Other injury accident,40 km/hr,144.76929,-37.84176,Non-Intersection,WYNDHAM,Metro,3,0,1,2,1,0,1,No
2018,February,11/2/18,12.50.00,Vehicle overturned,Sunday,No,Day,Other injury accident,100 km/hr,145.57734,-36.97718,Non-Intersection,MURRINDINDI,Country,1,0,1,0,0,0,0,No
2018,February,11/2/18,15.00.00,Collision with vehicle,Sunday,No,Day,Other injury accident,70 km/hr,144.73387,-36.14051,Intersection,CAMPASPE,Country,2,0,2,0,0,0,0,No
2018,February,11/2/18,17.00.00,Fall from or in moving vehicle,Sunday,No,Day,Other injury accident,80 km/hr,144.9287,-37.64107,Non-Intersection,HUME,Metro,2,0,1,1,0,0,0,No
2018,February,11/2/18,15.35.00,Collision with vehicle,Sunday,Yes,Day,Other injury accident,50 km/hr,144.27118,-36.72021,Non-Intersection,BENDIGO,Country,2,0,2,0,1,0,1,No
2018,February,11/2/18,15.40.00,Collision with object,Sunday,No,Day,Serious injury accident,100 km/hr,144.34275,-36.84116,Non-Intersection,BENDIGO,Country,1,0,0,1,0,0,0,No
2018,February,11/2/18,14.40.00,Struck pedestrian,Sunday,No,Day,Other injury accident,70 km/hr,145.17654,-37.81506,Non-Intersection,WHITEHORSE,Metro,3,0,2,1,0,0,0,No
2018,February,11/2/18,14.40.00,Collision with vehicle,Sunday,No,Day,Serious injury accident,40 km/hr,144.9584,-37.80996,Intersection,MELBOURNE,Metro,2,0,1,1,0,0,0,No
2018,February,11/2/18,17.13.00,Collision with vehicle,,No,Day,Other injury accident,80 km/hr,144.69761,-37.92069,Non-Intersection,WYNDHAM,Metro,6,0,5,1,2,0,2,No
2018,February,11/2/18,15.45.00,Collision with vehicle,,No,Day,Other injury accident,50 km/hr,145.0221,-37.71508,Intersection,DAREBIN,Metro,3,0,0,3,1,0,0,No
2018,February,11/2/18,17.30.00,Collision with vehicle,Sunday,No,Day,Other injury accident,80 km/hr,145.14109,-38.12373,Non-Intersection,FRANKSTON,Metro,5,0,1,4,3,0,1,No
2018,February,11/2/18,17.03.00,Collision with vehicle,Sunday,No,Day,Other injury accident,80 km/hr,144.88422,-37.825,Non-Intersection,HOBSONS BAY,Metro,2,0,1,1,0,0,1,No
2018,February,11/2/18,17.50.00,Collision with vehicle,,No,Day,Other injury accident,60 km/hr,144.56542,-37.6845,Non-Intersection,MELTON,Metro,7,0,2,5,4,0,1,No
2018,February,11/2/18,23.15.00,Collision with vehicle,Sunday,No,Dark,Other injury accident,80 km/hr,144.95031,-37.63808,Intersection,HUME,Metro,3,0,3,0,0,0,1,No
2018,February,11/2/18,23.54.00,Collision with vehicle,Sunday,No,Dark,Fatal accident,80 km/hr,144.35867,-38.08417,Intersection,GEELONG,Country,3,2,3,0,1,0,0,No
2018,February,11/2/18,14.37.00,Collision with vehicle,Sunday,No,Day,Other injury accident,60 km/hr,145.18663,-37.96957,Intersection,DANDENONG,Metro,4,0,1,3,1,0,1,No
2018,February,11/2/18,21.18.00,Collision with vehicle,,No,Dark,Other injury accident,50 km/hr,144.33403,-38.11322,Intersection,GEELONG,Country,2,0,2,0,0,0,1,No
2018,February,11/2/18,16.45.00,Collision with vehicle,Sunday,No,Day,Other injury accident,60 km/hr,144.176,-38.04479,Non-Intersection,GOLDEN PLAINS,Country,2,0,1,1,0,0,0,No
2018,February,11/2/18,08.50.00,Collision with vehicle,Sunday,No,Day,Other injury accident,60 km/hr,144.97178,-37.80795,Non-Intersection,MELBOURNE,Metro,6,0,4,1,1,0,2,No
2018,February,12/2/18,10.55.00,Collision with vehicle,Monday,Yes,Day,Other injury accident,60 km/hr,145.01951,-37.77073,Non-Intersection,DAREBIN,Metro,2,0,2,0,0,0,0,No
2018,February,12/2/18,18.00.00,Collision with object,Monday,No,Day,Other injury accident,80 km/hr,146.35018,-36.36884,Non-Intersection,WANGARATTA,Country,1,0,0,1,0,0,1,No
2018,February,12/2/18,16.40.00,Collision with vehicle,Monday,Yes,Day,Other injury accident,80 km/hr,145.041,-37.84716,Non-Intersection,STONNINGTON,Metro,3,0,0,1,0,0,0,No
2018,February,12/2/18,00.45.00,Collision with vehicle,Monday,No,Dark,Other injury accident,60 km/hr,144.20303,-37.09508,Non-Intersection,MOUNT ALEXANDER,Country,1,0,1,0,0,0,0,Yes
2018,February,12/2/18,06.15.00,Struck animal,Monday,No,Dusk/Dawn,Serious injury accident,100 km/hr,147.07094,-38.13056,Non-Intersection,WELLINGTON,Country,1,0,1,0,0,0,0,No
2018,February,12/2/18,06.20.00,Collision with vehicle,Monday,No,Dusk/Dawn,Other injury accident,40 km/hr,145.05795,-37.82481,Intersection,BOROONDARA,Metro,2,0,1,1,0,0,0,No
2018,February,12/2/18,08.30.00,Collision with vehicle,Monday,No,Day,Other injury accident,70 km/hr,144.80159,-37.70344,Intersection,BRIMBANK,Metro,2,0,2,0,0,0,0,No
2018,February,12/2/18,10.53.00,Collision with vehicle,Monday,No,Day,Other injury accident,50 km/hr,144.98613,-37.76773,Intersection,DAREBIN,Metro,2,0,2,0,0,0,1,No
2018,February,12/2/18,08.06.00,Collision with vehicle,Monday,No,Day,Other injury accident,50 km/hr,144.74804,-37.86224,Intersection,WYNDHAM,Metro,3,0,2,1,1,0,1,No
2018,February,12/2/18,14.15.00,Collision with vehicle,Monday,No,Day,Serious injury accident,60 km/hr,142.49935,-38.37438,Intersection,WARRNAMBOOL,Country,2,0,1,1,0,0,1,No
2018,February,12/2/18,12.40.00,Struck pedestrian,Monday,No,Day,Other injury accident,50 km/hr,144.95768,-37.80395,Non-Intersection,MELBOURNE,Metro,2,0,2,0,0,0,0,No
2018,February,12/2/18,12.48.00,Collision with vehicle,Monday,No,Day,Other injury accident,80 km/hr,144.71186,-37.93993,Non-Intersection,WYNDHAM,Metro,2,0,1,1,0,0,0,No
2018,February,12/2/18,11.10.00,Vehicle overturned,Monday,No,Day,Other injury accident,80 km/hr,146.36814,-36.44083,Intersection,WANGARATTA,Country,1,0,1,0,0,0,0,No
2018,February,12/2/18,14.40.00,Collision with vehicle,Monday,No,Day,Serious injury accident,50 km/hr,145.14641,-37.01748,Non-Intersection,MITCHELL,Country,3,0,1,2,1,0,0,No
2018,February,12/2/18,15.30.00,Collision with vehicle,Monday,No,Day,Other injury accident,50 km/hr,144.44323,-37.67658,Non-Intersection,MOORABOOL,Country,2,0,2,0,0,0,0,No
2018,February,12/2/18,15.45.00,Collision with vehicle,Monday,No,Day,Other injury accident,50 km/hr,144.41183,-38.02258,Non-Intersection,GEELONG,Country,2,0,1,1,0,0,0,No
2018,February,12/2/18,15.45.00,Collision with object,Monday,No,Day,Other injury accident,60 km/hr,144.92551,-37.77273,Non-Intersection,MOONEE VALLEY,Metro,1,0,1,0,0,0,0,No
2018,February,12/2/18,16.00.00,Collision with vehicle,Monday,No,Day,Other injury accident,60 km/hr,144.33305,-38.15823,Intersection,GEELONG,Country,2,0,1,1,0,0,0,No
2018,February,12/2/18,17.00.00,Collision with vehicle,Monday,No,Day,Other injury accident,60 km/hr,145.03039,-37.84982,Intersection,STONNINGTON,Metro,2,0,1,1,0,0,0,No
2018,February,12/2/18,16.50.00,Collision with vehicle,Monday,No,Day,Other injury accident,60 km/hr,145.15596,-37.8177,Non-Intersection,WHITEHORSE,Metro,2,0,1,1,0,0,0,No
2018,February,12/2/18,14.15.00,Collision with vehicle,Monday,No,Day,Serious injury accident,80 km/hr,144.9992,-37.88616,Intersection,GLEN EIRA,Metro,3,0,1,2,1,1,0,No
2018,February,12/2/18,17.55.00,Collision with vehicle,Sunday,No,Day,Other injury accident,60 km/hr,144.98916,-37.74381,Intersection,DAREBIN,Metro,3,0,2,1,0,0,0,No
2018,February,12/2/18,17.20.00,Collision with vehicle,Monday,No,Day,Other injury accident,40 km/hr,144.98432,-37.80652,Intersection,YARRA RANGES,Metro,2,0,2,0,0,0,0,No
2018,February,12/2/18,16.15.00,Struck pedestrian,Monday,No,Day,Serious injury accident,50 km/hr,145.00521,-37.62064,Intersection,WHITTLESEA,Metro,3,0,0,1,1,0,0,No
2018,February,12/2/18,21.22.00,Collision with vehicle,Monday,No,Dark,Other injury accident,60 km/hr,144.99957,-37.86884,Non-Intersection,GLEN EIRA,Metro,3,0,1,2,1,0,0,No
2018,February,12/2/18,23.40.00,Collision with vehicle,Monday,No,Dark,Other injury accident,60 km/hr,145.02866,-37.68628,Intersection,WHITTLESEA,Metro,5,0,4,1,2,0,2,No
2018,February,12/2/18,14.05.00,Collision with vehicle,Sunday,No,Day,Other injury accident,70 km/hr,145.29447,-38.08938,Non-Intersection,CASEY,Metro,2,0,2,0,0,0,0,No
2018,February,12/2/18,17.41.00,Collision with vehicle,Sunday,No,Day,Other injury accident,60 km/hr,144.95628,-37.77659,Intersection,MORELAND,Metro,3,0,1,2,0,0,1,No
2018,February,12/2/18,17.50.00,Collision with vehicle,Sunday,No,Day,Other injury accident,50 km/hr,144.94364,-37.81336,Non-Intersection,MELBOURNE,Metro,2,0,2,0,0,0,0,No
2018,February,13/2/18,16.40.00,Vehicle overturned,Tuesday,No,Day,Serious injury accident,80 km/hr,145.21691,-37.91459,Non-Intersection,KNOX,Metro,1,0,1,0,0,0,0,No
2018,February,13/2/18,18.05.00,Collision with vehicle,Tuesday,No,Day,Other injury accident,80 km/hr,144.31458,-38.21567,Non-Intersection,GEELONG,Country,2,0,1,1,0,0,0,No
2018,February,13/2/18,07.30.00,Collision with vehicle,Monday,No,Dusk/Dawn,Other injury accident,50 km/hr,144.96182,-37.76886,Intersection,MORELAND,Metro,2,0,1,1,0,0,0,No
2018,February,13/2/18,09.20.00,Collision with vehicle,Tuesday,No,Day,Other injury accident,40 km/hr,144.96941,-37.8096,Non-Intersection,MELBOURNE,Metro,2,0,2,0,0,0,0,No
2018,February,13/2/18,17.14.00,Collision with vehicle,Tuesday,No,Day,Other injury accident,60 km/hr,145.02358,-37.87855,Non-Intersection,GLEN EIRA,Metro,1,0,0,1,0,0,0,No
2018,February,13/2/18,16.00.00,Collision with vehicle,Tuesday,No,Day,Other injury accident,80 km/hr,144.95461,-37.66322,Intersection,HUME,Metro,3,0,2,1,0,0,1,No
2018,February,13/2/18,16.20.00,Collision with vehicle,Monday,No,Day,Other injury accident,50 km/hr,145.07328,-37.68171,Non-Intersection,WHITTLESEA,Metro,3,0,1,2,1,0,0,No
2018,February,13/2/18,17.30.00,Struck pedestrian,Tuesday,No,Day,Other injury accident,60 km/hr,145.40058,-36.37499,Non-Intersection,SHEPPARTON,Country,2,0,1,1,0,0,1,No
2018,February,13/2/18,18.30.00,Collision with object,Tuesday,No,Day,Serious injury accident,50 km/hr,143.63187,-37.62728,Non-Intersection,PYRENEES,Country,1,0,1,0,0,0,0,Yes
2018,February,13/2/18,19.10.00,Collision with vehicle,Tuesday,No,Day,Serious injury accident,70 km/hr,144.704,-37.75171,Non-Intersection,MELTON,Metro,5,0,2,3,3,0,1,No
2018,February,13/2/18,21.20.00,Collision with object,Tuesday,No,Dark,Other injury accident,80 km/hr,145.09835,-38.17309,Non-Intersection,MORNINGTON PENINSULA,Metro,1,0,1,0,0,0,1,No
2018,February,13/2/18,16.21.00,Collision with vehicle,Tuesday,No,Day,Serious injury accident,100 km/hr,142.40041,-38.3157,Intersection,MOYNE,Country,3,0,0,3,1,0,1,No
2018,February,13/2/18,23.15.00,Collision with vehicle,Monday,No,Dark,Other injury accident,60 km/hr,144.94824,-37.79443,Non-Intersection,MELBOURNE,Metro,2,0,2,0,0,0,0,No
2018,February,13/2/18,21.00.00,Collision with object,Tuesday,No,Dark,Serious injury accident,100 km/hr,146.98233,-36.0985,Non-Intersection,WODONGA,Country,1,0,1,0,0,0,0,Yes
2018,February,13/2/18,14.30.00,Collision with vehicle,Tuesday,No,Day,Other injury accident,60 km/hr,146.15499,-38.20798,Intersection,BAW BAW,Country,3,0,2,1,1,0,1,No
2018,February,13/2/18,16.14.00,Collision with vehicle,Tuesday,No,Day,Other injury accident,80 km/hr,144.70645,-37.85,Non-Intersection,WYNDHAM,Metro,2,0,2,0,0,0,0,No
2018,February,13/2/18,15.55.00,Collision with vehicle,Tuesday,No,Day,Other injury accident,50 km/hr,145.06853,-37.78562,Non-Intersection,BOROONDARA,Metro,1,0,1,0,0,0,0,No
2018,February,13/2/18,08.00.00,Collision with vehicle,Tuesday,No,Day,Other injury accident,40 km/hr,144.93396,-37.78255,Intersection,MOONEE VALLEY,Metro,2,0,2,0,0,0,0,No
2018,February,13/2/18,01.00.00,Collision with object,Tuesday,No,Unk.,Other injury accident,100 km/hr,145.73509,-36.73631,Non-Intersection,STRATHBOGIE,Country,1,0,0,1,0,0,0,Yes
2018,February,13/2/18,08.25.00,Collision with vehicle,Tuesday,No,Day,Other injury accident,40 km/hr,145.06708,-37.98744,Non-Intersection,KINGSTON,Metro,3,0,2,1,1,0,0,No
2018,February,13/2/18,06.10.00,Collision with vehicle,Tuesday,No,Dusk/Dawn,Serious injury accident,100 km/hr,145.15958,-37.90822,Non-Intersection,MONASH,Metro,3,0,3,0,0,0,1,No
2018,February,13/2/18,10.45.00,Collision with vehicle,Tuesday,No,Day,Other injury accident,40 km/hr,144.96424,-37.81658,Non-Intersection,MELBOURNE,Metro,3,0,2,1,0,0,0,No
2018,February,13/2/18,09.30.00,Struck pedestrian,Tuesday,No,Day,Other injury accident,60 km/hr,145.20473,-37.98982,Intersection,DANDENONG,Metro,2,0,1,1,0,0,0,No
2018,February,13/2/18,08.50.00,Collision with object,Monday,No,Day,Other injury accident,100 km/hr,143.8841,-36.57735,Non-Intersection,LODDON,Country,2,0,1,1,0,0,0,No
2018,February,13/2/18,11.05.00,Collision with vehicle,Tuesday,No,Day,Other injury accident,80 km/hr,144.3182,-38.31482,Intersection,SURF COAST,Country,7,0,5,2,5,0,0,No
2018,February,13/2/18,08.30.00,Collision with vehicle,Monday,No,Day,Other injury accident,80 km/hr,144.92601,-37.82767,Non-Intersection,MELBOURNE,Metro,2,0,2,0,0,0,0,No
2018,February,13/2/18,12.19.00,Struck pedestrian,Tuesday,No,Day,Other injury accident,50 km/hr,145.2128,-37.9886,Non-Intersection,DANDENONG,Metro,2,0,1,1,0,0,1,No
2018,February,13/2/18,07.46.00,Collision with vehicle,Monday,No,Day,Other injury accident,80 km/hr,145.06414,-37.93689,Non-Intersection,KINGSTON,Metro,3,0,2,1,0,1,0,No
2018,February,13/2/18,13.13.00,Collision with vehicle,Tuesday,No,Day,Other injury accident,100 km/hr,144.80496,-37.83551,Non-Intersection,HOBSONS BAY,Metro,4,0,3,1,0,0,0,No
2018,February,13/2/18,14.00.00,Collision with object,Tuesday,No,Day,Serious injury accident,100 km/hr,145.52666,-36.85682,Non-Intersection,STRATHBOGIE,Country,1,0,1,0,0,0,0,No
2018,February,13/2/18,09.20.00,Collision with vehicle,Tuesday,No,Day,Other injury accident,50 km/hr,144.82786,-37.87058,Non-Intersection,HOBSONS BAY,Metro,2,0,1,1,0,0,1,No
2018,February,13/2/18,15.25.00,Collision with vehicle,Monday,No,Day,Other injury accident,60 km/hr,145.32895,-37.78915,Intersection,YARRA RANGES,Metro,3,0,3,0,1,0,1,No
2018,February,14/2/18,03.30.00,Collision with object,Wednesday,No,Dark,Other injury accident,110 km/hr,146.50131,-36.17146,Non-Intersection,WANGARATTA,Country,1,0,1,0,0,0,0,No
2018,February,14/2/18,00.10.00,Collision with object,Wednesday,No,Dark,Serious injury accident,100 km/hr,143.80994,-38.34418,Intersection,COLAC OTWAY,Country,4,0,2,2,3,0,0,No
2018,February,14/2/18,04.58.00,Collision with object,Wednesday,No,Dark,Serious injury accident,60 km/hr,145.02463,-37.73343,Non-Intersection,DAREBIN,Metro,1,0,1,0,0,0,0,No
2018,February,14/2/18,06.30.00,Collision with vehicle,Wednesday,No,Day,Other injury accident,50 km/hr,144.85017,-37.71995,Non-Intersection,BRIMBANK,Metro,2,0,2,0,0,0,0,No
2018,February,14/2/18,07.40.00,Collision with object,Wednesday,No,Day,Serious injury accident,100 km/hr,143.98158,-37.61113,Non-Intersection,MOORABOOL,Country,1,0,1,0,0,0,0,No
2018,February,14/2/18,10.40.00,Collision with object,Wednesday,No,Day,Other injury accident,80 km/hr,145.97866,-38.45044,Non-Intersection,SOUTH GIPPSLAND,Country,2,0,2,0,0,0,0,No
2018,February,14/2/18,08.50.00,Collision with vehicle,Wednesday,No,Day,Other injury accident,100 km/hr,145.88943,-38.1642,Intersection,BAW BAW,Country,4,0,3,1,2,0,1,No
2018,February,14/2/18,07.45.00,Collision with vehicle,Tuesday,No,Day,Other injury accident,60 km/hr,144.9842,-37.85067,Intersection,STONNINGTON,Metro,6,0,1,5,0,0,1,No
2018,February,14/2/18,18.30.00,Collision with vehicle,Tuesday,No,Day,Other injury accident,60 km/hr,144.93504,-37.75202,Intersection,MORELAND,Metro,2,0,1,1,0,0,0,No
2018,February,14/2/18,12.50.00,Collision with object,Tuesday,No,Day,Other injury accident,100 km/hr,144.18385,-37.11153,Non-Intersection,MOUNT ALEXANDER,Country,1,0,1,0,0,1,0,No
2018,February,14/2/18,05.35.00,Collision with object,Wednesday,No,Dark,Serious injury accident,50 km/hr,144.75498,-37.87794,Non-Intersection,HOBSONS BAY,Metro,1,0,0,1,0,0,0,No
2018,February,14/2/18,06.42.00,Collision with vehicle,Wednesday,No,Dusk/Dawn,Other injury accident,60 km/hr,145.14569,-37.88673,Intersection,MONASH,Metro,2,0,2,0,0,0,0,No
2018,February,14/2/18,11.51.00,Collision with vehicle,Wednesday,No,Day,Other injury accident,50 km/hr,145.17773,-37.81559,Intersection,WHITEHORSE,Metro,4,0,4,0,2,0,0,No
2018,February,14/2/18,07.40.00,Collision with vehicle,Tuesday,No,Day,Other injury accident,80 km/hr,145.1121,-37.90486,Off Road,MONASH,Metro,2,0,1,1,0,0,0,No
2018,February,14/2/18,15.40.00,Collision with object,Tuesday,No,Day,Other injury accident,50 km/hr,145.14982,-38.18435,Non-Intersection,FRANKSTON,Metro,1,0,0,1,0,0,0,No
2018,February,14/2/18,15.36.00,Struck pedestrian,Wednesday,Yes,Day,Other injury accident,60 km/hr,145.03049,-37.66082,Intersection,WHITTLESEA,Metro,2,0,0,2,0,0,0,No
2018,February,14/2/18,17.15.00,Collision with vehicle,Wednesday,No,Day,Serious injury accident,60 km/hr,144.55021,-38.18485,Intersection,GEELONG,Country,2,0,2,0,0,0,0,No
2018,February,14/2/18,17.30.00,Collision with vehicle,Wednesday,No,Day,Serious injury accident,40 km/hr,145.12574,-37.58698,Non-Intersection,WHITTLESEA,Metro,1,0,1,0,0,0,0,Yes
2018,February,14/2/18,16.50.00,Struck pedestrian,Wednesday,No,Day,Serious injury accident,60 km/hr,145.03354,-37.91783,Intersection,GLEN EIRA,Metro,6,0,2,4,3,0,0,No
2018,February,14/2/18,19.01.00,Collision with vehicle,Wednesday,No,Day,Other injury accident,60 km/hr,144.92484,-37.76716,Intersection,MOONEE VALLEY,Metro,2,0,0,1,0,0,0,No
2018,February,14/2/18,14.30.00,Collision with vehicle,Wednesday,No,Day,Serious injury accident,60 km/hr,145.05961,-38.23288,Intersection,MORNINGTON PENINSULA,Metro,2,0,1,1,0,1,0,No
2018,February,14/2/18,19.00.00,Collision with object,Wednesday,No,Day,Serious injury accident,100 km/hr,143.26967,-37.9462,Non-Intersection,CORANGAMITE,Country,1,0,0,1,0,0,1,No
2018,February,14/2/18,16.50.00,Collision with vehicle,Wednesday,No,Day,Other injury accident,60 km/hr,144.95039,-37.83099,Intersection,PORT PHILLIP,Metro,2,0,2,0,0,0,0,No
2018,February,14/2/18,22.00.00,Collision with vehicle,Wednesday,No,Dark,Serious injury accident,60 km/hr,145.04838,-37.85398,Non-Intersection,STONNINGTON,Metro,2,0,1,1,0,0,1,No
2018,February,14/2/18,20.00.00,Collision with vehicle,Wednesday,No,Dusk/Dawn,Other injury accident,60 km/hr,145.05276,-37.8907,Intersection,GLEN EIRA,Metro,2,0,2,0,0,0,1,No
2018,February,14/2/18,21.50.00,Collision with vehicle,Wednesday,No,Dark,Other injury accident,50 km/hr,144.86827,-37.79325,Intersection,MARIBYRNONG,Metro,5,0,2,0,3,0,1,No
2018,February,14/2/18,16.35.00,Collision with vehicle,Wednesday,No,Day,Other injury accident,50 km/hr,144.97263,-37.79925,Intersection,MELBOURNE,Metro,2,0,2,0,0,0,0,No
2018,February,14/2/18,16.45.00,Struck pedestrian,Tuesday,No,Day,Other injury accident,60 km/hr,145.08272,-37.71065,Non-Intersection,BANYULE,Metro,2,0,1,1,0,0,0,No
2018,February,14/2/18,21.45.00,Vehicle overturned,Wednesday,No,Dark,Other injury accident,100 km/hr,145.50576,-38.42846,Non-Intersection,BASS COAST,Country,1,0,0,1,0,0,0,No
2018,February,14/2/18,15.20.00,Collision with vehicle,Wednesday,No,Day,Other injury accident,100 km/hr,144.85333,-37.73418,Non-Intersection,BRIMBANK,Metro,2,0,2,0,0,0,1,No
2018,February,14/2/18,00.25.00,Collision with object,Wednesday,No,Dark,Other injury accident,100 km/hr,144.16144,-37.62937,Non-Intersection,MOORABOOL,Country,1,0,1,0,0,0,0,No
2018,February,14/2/18,07.00.00,Collision with vehicle,Wednesday,No,Dusk/Dawn,Other injury accident,80 km/hr,145.02064,-37.83135,Non-Intersection,YARRA RANGES,Metro,3,0,3,0,0,0,0,No
2018,February,14/2/18,12.00.00,Collision with object,Wednesday,No,Day,Other injury accident,30km/hr,143.90169,-37.55194,Non-Intersection,BALLARAT,Country,1,0,0,1,0,1,0,No
2018,February,14/2/18,17.30.00,Collision with vehicle,Tuesday,No,Day,Other injury accident,70 km/hr,144.35449,-38.11499,Intersection,GEELONG,Country,2,0,1,1,0,0,1,No
2018,February,14/2/18,18.30.00,Collision with vehicle,Wednesday,No,Day,Other injury accident,40 km/hr,144.99329,-37.83921,Intersection,STONNINGTON,Metro,2,0,1,1,0,0,0,No
2018,February,14/2/18,06.00.00,Collision with vehicle,Wednesday,No,Unk.,Other injury accident,100 km/hr,144.74382,-37.76712,Non-Intersection,MELTON,Metro,2,0,2,0,0,0,0,No
2018,February,14/2/18,13.30.00,Collision with vehicle,Tuesday,No,Day,Other injury accident,100 km/hr,144.1624,-37.28756,Non-Intersection,HEPBURN,Country,3,0,1,1,1,1,0,No
2018,February,14/2/18,12.00.00,Collision with vehicle,Wednesday,No,Day,Other injury accident,70 km/hr,144.71894,-37.87465,Non-Intersection,WYNDHAM,Metro,2,0,1,1,0,0,1,No
2018,February,15/2/18,01.22.00,Collision with vehicle,Wednesday,Yes,Dark,Serious injury accident,60 km/hr,144.95237,-37.80924,Intersection,MELBOURNE,Metro,3,0,2,1,1,1,0,No
2018,February,15/2/18,02.30.00,Struck pedestrian,Thursday,Yes,Dark,Serious injury accident,50 km/hr,142.49246,-38.39201,Non-Intersection,WARRNAMBOOL,Country,2,0,1,0,0,0,0,Yes
2018,February,15/2/18,06.40.00,Collision with vehicle,Wednesday,No,Day,Other injury accident,60 km/hr,145.05063,-37.79933,Intersection,BOROONDARA,Metro,2,0,2,0,0,0,0,No