year,month,date,time,accident_type,day,hit_run,light_condition,severity,speed_zone,longitude,latitude,node_type,lga,state_div,total_persons,fatality,males,females,passengers,old_driver,young_driver,alcohol
2018,February,15/2/18,07.20.00,Struck pedestrian,Wednesday,No,Day,Other injury accident,50 km/hr,144.95958,-37.78173,Intersection,MELBOURNE,Metro,2,0,0,2,0,0,0,No
2018,February,15/2/18,07.25.00,Collision with vehicle,Thursday,No,Day,Serious injury accident,70 km/hr,144.99211,-37.76598,Intersection,DAREBIN,Metro,2,0,0,2,0,0,0,No
2018,February,15/2/18,08.30.00,Collision with vehicle,Thursday,No,Day,Other injury accident,60 km/hr,144.66073,-37.90311,Intersection,WYNDHAM,Metro,6,0,1,2,1,0,0,No
2018,February,15/2/18,09.00.00,Struck pedestrian,Thursday,No,Day,Other injury accident,40 km/hr,144.97171,-37.79046,Intersection,YARRA RANGES,Metro,4,0,1,3,1,0,0,No
2018,February,15/2/18,11.54.00,Collision with vehicle,Thursday,No,Day,Other injury accident,70 km/hr,144.31316,-36.7593,Intersection,BENDIGO,Country,2,0,1,1,0,0,0,No
2018,February,15/2/18,10.19.00,Collision with vehicle,Thursday,Yes,Day,Serious injury accident,50 km/hr,145.35556,-37.75471,Non-Intersection,YARRA RANGES,Metro,2,0,1,1,0,0,0,No
2018,February,15/2/18,13.30.00,Collision with vehicle,Thursday,No,Day,Other injury accident,60 km/hr,145.07915,-37.73158,Intersection,BANYULE,Metro,3,0,3,0,0,0,0,No
2018,February,15/2/18,08.27.00,Collision with vehicle,Thursday,No,Day,Other injury accident,80 km/hr,145.12845,-37.91523,Non-Intersection,MONASH,Metro,3,0,1,2,1,0,2,No
2018,February,15/2/18,11.07.00,Collision with object,Thursday,No,Day,Fatal accident,80 km/hr,145.25182,-37.92727,Intersection,KNOX,Metro,2,1,1,1,0,0,0,No
2018,February,15/2/18,13.00.00,Collision with vehicle,Thursday,No,Day,Other injury accident,60 km/hr,145.08784,-37.89493,Non-Intersection,MONASH,Metro,4,0,2,2,1,0,1,No
2018,February,15/2/18,13.45.00,Collision with vehicle,Thursday,No,Day,Other injury accident,60 km/hr,144.91034,-37.68189,Intersection,HUME,Metro,2,0,2,0,0,0,1,No
2018,February,15/2/18,14.30.00,Collision with vehicle,Thursday,No,Day,Other injury accident,70 km/hr,145.13548,-37.74966,Non-Intersection,MANNINGHAM,Metro,2,0,2,0,0,1,0,No
2018,February,15/2/18,09.25.00,Collision with object,Thursday,No,Day,Fatal accident,40 km/hr,143.69255,-38.04194,Non-Intersection,COLAC OTWAY,Country,1,1,1,0,0,1,0,No
2018,February,15/2/18,14.20.00,Collision with vehicle,Thursday,No,Day,Serious injury accident,70 km/hr,145.06457,-38.2385,Non-Intersection,MORNINGTON PENINSULA,Metro,5,0,2,3,0,1,1,No
2018,February,15/2/18,16.00.00,Struck pedestrian,Wednesday,No,Day,Other injury accident,40 km/hr,145.48288,-38.07699,Intersection,CARDINIA,Metro,2,0,1,1,0,1,0,No
2018,February,15/2/18,13.30.00,Collision with vehicle,Wednesday,No,Day,Other injury accident,50 km/hr,144.37386,-38.15565,Intersection,GEELONG,Country,2,0,0,2,0,0,0,No
2018,February,15/2/18,14.12.00,Collision with object,Thursday,No,Day,Other injury accident,50 km/hr,144.93282,-38.36042,Intersection,MORNINGTON PENINSULA,Metro,1,0,1,0,0,0,0,No
2018,February,15/2/18,17.59.00,Collision with vehicle,Thursday,No,Day,Serious injury accident,50 km/hr,145.07721,-37.65798,Intersection,WHITTLESEA,Metro,4,0,2,2,2,0,1,No
2018,February,15/2/18,16.07.00,Collision with vehicle,Thursday,No,Day,Other injury accident,60 km/hr,145.16207,-37.99843,Intersection,DANDENONG,Metro,2,0,2,0,0,0,0,No
2018,February,15/2/18,07.25.00,Collision with vehicle,Thursday,No,Day,Other injury accident,60 km/hr,144.88929,-37.76865,Intersection,MARIBYRNONG,Metro,2,0,1,1,0,0,0,No
2018,February,15/2/18,17.30.00,Collision with object,Thursday,No,Day,Other injury accident,100 km/hr,147.63877,-36.1735,Non-Intersection,TOWONG,Country,2,0,0,1,1,0,1,No
2018,February,15/2/18,19.30.00,Collision with vehicle,Wednesday,No,Dusk/Dawn,Other injury accident,60 km/hr,145.0062,-37.74564,Intersection,DAREBIN,Metro,2,0,0,2,0,0,0,No
2018,February,15/2/18,21.10.00,Collision with vehicle,Wednesday,Yes,Dark,Other injury accident,60 km/hr,144.79994,-37.74423,Intersection,BRIMBANK,Metro,5,0,2,3,3,0,1,No
2018,February,15/2/18,16.43.00,Collision with vehicle,Wednesday,No,Day,Other injury accident,60 km/hr,144.80742,-37.63842,Non-Intersection,HUME,Metro,3,0,2,1,0,0,0,No
2018,February,15/2/18,20.41.00,Vehicle overturned,Thursday,No,Dark,Other injury accident,100 km/hr,142.1875,-38.38179,Non-Intersection,MOYNE,Country,2,0,1,1,1,0,1,No
2018,February,15/2/18,21.30.00,Collision with vehicle,Thursday,No,Dark,Serious injury accident,60 km/hr,144.97751,-37.72054,Non-Intersection,MORELAND,Metro,2,0,2,0,0,0,0,No
2018,February,15/2/18,23.45.00,Vehicle overturned,Thursday,No,Dark,Serious injury accident,40 km/hr,144.96271,-37.81327,Intersection,MELBOURNE,Metro,1,0,1,0,0,0,0,No
2018,February,15/2/18,11.40.00,Collision with vehicle,Thursday,No,Unk.,Other injury accident,60 km/hr,145.08117,-37.9832,Non-Intersection,KINGSTON,Metro,3,0,2,1,1,0,1,No
2018,February,15/2/18,22.18.00,Collision with object,Thursday,No,Dark,Serious injury accident,70 km/hr,145.01793,-37.6956,Non-Intersection,DAREBIN,Metro,1,0,0,1,0,0,1,No
2018,February,15/2/18,15.15.00,Collision with object,Thursday,No,Day,Serious injury accident,100 km/hr,141.35097,-37.60526,Non-Intersection,GLENELG,Country,1,0,1,0,0,1,0,No
2018,February,15/2/18,20.45.00,Collision with vehicle,Thursday,No,Dusk/Dawn,Other injury accident,60 km/hr,145.07414,-37.96766,Intersection,KINGSTON,Metro,2,0,0,2,0,0,0,No
2018,February,15/2/18,21.50.00,Collision with object,Thursday,No,Dark,Serious injury accident,100 km/hr,142.95524,-38.28567,Non-Intersection,CORANGAMITE,Country,1,0,1,0,0,0,1,No
2018,February,15/2/18,17.30.00,Collision with vehicle,Thursday,No,Unk.,Other injury accident,70 km/hr,145.0116,-37.65069,Intersection,WHITTLESEA,Metro,3,0,1,2,0,0,1,No
2018,February,15/2/18,17.37.00,Collision with vehicle,Thursday,No,Day,Other injury accident,60 km/hr,145.31432,-37.79173,Intersection,YARRA RANGES,Metro,3,0,2,1,0,0,0,No
2018,February,15/2/18,09.00.00,Collision with vehicle,Wednesday,No,Day,Other injury accident,40 km/hr,144.96704,-37.81535,Non-Intersection,MELBOURNE,Metro,2,0,2,0,0,0,0,No
2018,February,16/2/18,10.45.00,Collision with vehicle,Thursday,No,Day,Other injury accident,80 km/hr,145.05192,-37.95743,Intersection,KINGSTON,Metro,2,0,1,1,0,0,0,No
2018,February,16/2/18,13.00.00,Collision with vehicle,Friday,No,Day,Other injury accident,50 km/hr,145.2054,-36.05958,Intersection,MOIRA,Country,2,0,1,1,0,0,1,No
2018,February,16/2/18,10.30.00,Struck pedestrian,Friday,Yes,Day,Other injury accident,40 km/hr,144.96796,-37.77692,Non-Intersection,MORELAND,Metro,2,0,1,0,0,0,0,No
2018,February,16/2/18,19.19.00,Collision with vehicle,Friday,No,Day,Serious injury accident,60 km/hr,145.08318,-37.92017,Intersection,MONASH,Metro,2,0,0,2,0,0,0,No
2018,February,16/2/18,06.20.00,Collision with object,Thursday,No,Dusk/Dawn,Other injury accident,80 km/hr,145.54685,-37.97145,Intersection,CARDINIA,Metro,1,0,1,0,0,0,1,No
2018,February,16/2/18,05.50.00,Collision with vehicle,Friday,No,Dark,Fatal accident,80 km/hr,145.41271,-37.57662,Non-Intersection,YARRA RANGES,Metro,3,1,3,0,0,0,0,No
2018,February,16/2/18,08.30.00,Collision with vehicle,Friday,No,Day,Other injury accident,50 km/hr,144.35883,-38.09359,Intersection,GEELONG,Country,3,0,1,2,1,0,0,No
2018,February,16/2/18,07.45.00,Collision with vehicle,Friday,No,Day,Other injury accident,80 km/hr,145.15726,-37.92545,Intersection,MONASH,Metro,3,0,2,1,1,0,0,No
2018,February,16/2/18,08.45.00,Struck pedestrian,Friday,No,Day,Serious injury accident,60 km/hr,142.15659,-34.19842,Intersection,MILDURA,Country,3,0,1,2,1,0,0,No
2018,February,16/2/18,08.15.00,Collision with vehicle,Friday,No,Day,Serious injury accident,100 km/hr,145.14412,-38.05088,Non-Intersection,KINGSTON,Metro,4,0,2,2,0,0,0,No
2018,February,16/2/18,10.18.00,Collision with object,Friday,No,Day,Other injury accident,60 km/hr,145.1446,-37.81777,Non-Intersection,WHITEHORSE,Metro,2,0,1,1,0,0,1,No
2018,February,16/2/18,11.15.00,Collision with vehicle,Thursday,No,Day,Other injury accident,70 km/hr,145.20994,-38.01417,Non-Intersection,DANDENONG,Metro,2,0,2,0,0,0,0,No
2018,February,16/2/18,09.50.00,Collision with vehicle,Friday,Yes,Day,Other injury accident,60 km/hr,144.30487,-36.73146,Intersection,BENDIGO,Country,4,0,4,0,2,1,0,No
2018,February,16/2/18,09.07.00,Collision with object,Friday,No,Day,Other injury accident,80 km/hr,145.6358,-37.5773,Non-Intersection,MURRINDINDI,Country,1,0,1,0,0,0,0,No
2018,February,16/2/18,11.49.00,Collision with vehicle,Friday,No,Day,Other injury accident,60 km/hr,144.98002,-37.84503,Non-Intersection,MELBOURNE,Metro,3,0,1,2,0,0,0,No
2018,February,16/2/18,13.20.00,Collision with object,Friday,No,Day,Other injury accident,100 km/hr,146.30184,-38.33488,Non-Intersection,LATROBE,Country,1,0,0,1,0,0,0,No
2018,February,16/2/18,06.15.00,Collision with object,Friday,No,Dark,Serious injury accident,100 km/hr,141.42585,-36.39841,Non-Intersection,WEST WIMMERA,Country,3,0,1,2,2,0,0,No
2018,February,16/2/18,10.20.00,Collision with vehicle,Friday,No,Day,Other injury accident,40 km/hr,144.99907,-37.73992,Intersection,DAREBIN,Metro,3,0,1,2,0,0,0,No
2018,February,16/2/18,15.55.00,Collision with vehicle,Friday,No,Day,Other injury accident,60 km/hr,143.81938,-37.5541,Non-Intersection,BALLARAT,Country,8,0,3,5,4,0,0,No
2018,February,16/2/18,15.50.00,Collision with vehicle,Friday,No,Day,Other injury accident,70 km/hr,145.31908,-37.8965,Non-Intersection,KNOX,Metro,3,0,0,3,0,0,1,No
2018,February,16/2/18,15.34.00,Collision with object,Friday,Yes,Day,Serious injury accident,80 km/hr,145.43721,-38.06262,Intersection,CARDINIA,Metro,10,0,3,7,0,0,1,No
2018,February,16/2/18,17.45.00,Collision with vehicle,Friday,No,Day,Other injury accident,60 km/hr,144.34631,-38.15114,Intersection,GEELONG,Country,2,0,1,1,0,0,1,No
2018,February,16/2/18,15.15.00,Collision with vehicle,Friday,No,Day,Other injury accident,100 km/hr,145.16935,-38.08654,Non-Intersection,FRANKSTON,Metro,7,0,4,3,3,0,0,No
2018,February,16/2/18,15.20.00,Collision with vehicle,Friday,No,Day,Other injury accident,60 km/hr,145.08017,-37.81901,Non-Intersection,BOROONDARA,Metro,3,0,1,2,0,0,1,No
2018,February,16/2/18,16.45.00,Collision with object,Friday,No,Day,Other injury accident,100 km/hr,142.16902,-34.29249,Non-Intersection,MILDURA,Country,1,0,1,0,0,0,0,No
2018,February,16/2/18,19.10.00,Collision with vehicle,Thursday,No,Day,Other injury accident,100 km/hr,144.42186,-38.24786,Non-Intersection,GEELONG,Country,2,0,1,1,0,0,1,No
2018,February,16/2/18,23.54.00,Fall from or in moving vehicle,Friday,No,Dark,Serious injury accident,60 km/hr,146.98066,-37.96949,Non-Intersection,WELLINGTON,Country,3,0,1,2,2,0,1,No
2018,February,16/2/18,23.51.00,Collision with vehicle,Friday,Yes,Dark,Other injury accident,80 km/hr,145.27433,-38.00172,Intersection,CASEY,Metro,2,0,1,0,0,0,1,No
2018,February,16/2/18,23.45.00,Collision with vehicle,Friday,No,Dark,Other injury accident,50 km/hr,144.71929,-37.90407,Off Road,WYNDHAM,Metro,1,0,0,1,0,0,1,Yes
2018,February,16/2/18,20.10.00,Collision with vehicle,Friday,Yes,Dark,Other injury accident,40 km/hr,143.85617,-37.55958,Non-Intersection,BALLARAT,Country,2,0,0,2,1,0,0,Yes
2018,February,16/2/18,17.00.00,Collision with vehicle,Thursday,No,Day,Other injury accident,80 km/hr,144.93752,-37.75633,Non-Intersection,MORELAND,Metro,3,0,2,1,0,0,0,No
2018,February,16/2/18,16.00.00,Collision with object,Friday,No,Day,Other injury accident,100 km/hr,143.95825,-37.55792,Intersection,MOORABOOL,Country,3,0,2,1,1,0,1,No
2018,February,16/2/18,17.45.00,Collision with vehicle,Thursday,No,Day,Other injury accident,70 km/hr,145.18374,-37.81777,Intersection,WHITEHORSE,Metro,2,0,1,1,0,0,0,No
2018,February,16/2/18,19.30.00,No collision and no object struck,Thursday,No,Day,Other injury accident,60 km/hr,145.02453,-37.93411,Non-Intersection,BAYSIDE,Metro,1,0,0,1,0,0,0,No
2018,February,16/2/18,12.40.00,Collision with vehicle,Friday,No,Day,Serious injury accident,50 km/hr,145.05095,-37.8953,Intersection,GLEN EIRA,Metro,2,0,2,0,0,0,0,No
2018,February,16/2/18,08.10.00,Collision with vehicle,Thursday,No,Unk.,Other injury accident,60 km/hr,144.97795,-37.84341,Intersection,PORT PHILLIP,Metro,2,0,2,0,0,0,0,No
2018,February,16/2/18,13.20.00,Collision with vehicle,Thursday,No,Day,Other injury accident,50 km/hr,145.46788,-38.05925,Intersection,CARDINIA,Metro,2,0,2,0,0,0,0,No
2018,February,16/2/18,16.10.00,Collision with vehicle,Friday,No,Day,Other injury accident,100 km/hr,144.89109,-37.72642,Non-Intersection,MOONEE VALLEY,Metro,2,0,2,0,0,0,0,No
2018,February,17/2/18,01.55.00,Collision with object,Saturday,No,Dark,Serious injury accident,80 km/hr,144.92872,-37.82729,Non-Intersection,MELBOURNE,Metro,1,0,1,0,0,0,0,No
2018,February,17/2/18,01.15.00,Struck pedestrian,Friday,No,Dark,Other injury accident,70 km/hr,144.96331,-37.72144,Non-Intersection,MORELAND,Metro,2,0,2,0,0,0,0,No
2018,February,17/2/18,02.00.00,Collision with vehicle,Saturday,No,Dark,Other injury accident,80 km/hr,144.92685,-37.82737,Non-Intersection,MELBOURNE,Metro,4,0,1,3,1,0,1,No
2018,February,17/2/18,07.25.00,Collision with vehicle,Saturday,No,Day,Other injury accident,100 km/hr,145.41031,-38.14435,Non-Intersection,CARDINIA,Metro,2,0,2,0,0,0,1,No
2018,February,17/2/18,08.00.00,Collision with vehicle,Saturday,No,Day,Serious injury accident,40 km/hr,145.11595,-38.05235,Non-Intersection,KINGSTON,Metro,3,0,1,2,0,0,0,No
2018,February,17/2/18,11.00.00,Collision with object,Saturday,No,Day,Other injury accident,60 km/hr,144.2271,-37.0706,Non-Intersection,MOUNT ALEXANDER,Country,1,0,0,1,0,0,1,No
2018,February,17/2/18,13.10.00,Collision with vehicle,Saturday,No,Day,Other injury accident,60 km/hr,145.01182,-37.96953,Off Road,BAYSIDE,Metro,2,0,1,1,0,0,0,No
2018,February,17/2/18,12.10.00,Collision with vehicle,Friday,No,Day,Other injury accident,80 km/hr,144.89175,-37.72326,Non-Intersection,MOONEE VALLEY,Metro,9,0,3,6,4,1,1,No
2018,February,17/2/18,10.50.00,Collision with vehicle,Friday,No,Day,Other injury accident,50 km/hr,145.30939,-38.01391,Intersection,CASEY,Metro,4,0,3,1,2,0,1,No
2018,February,17/2/18,13.20.00,Collision with vehicle,Saturday,No,Day,Other injury accident,60 km/hr,144.91512,-37.70125,Non-Intersection,MORELAND,Metro,2,0,2,0,0,0,0,No
2018,February,17/2/18,07.46.00,Collision with vehicle,Saturday,No,Day,Serious injury accident,50 km/hr,144.83722,-37.87121,Non-Intersection,HOBSONS BAY,Metro,3,0,3,0,0,0,0,No
2018,February,17/2/18,14.38.00,Collision with vehicle,Saturday,No,Day,Serious injury accident,60 km/hr,145.36853,-36.40009,Non-Intersection,SHEPPARTON,Country,8,0,5,3,6,0,0,No
2018,February,17/2/18,14.55.00,No collision and no object struck,Friday,No,Day,Other injury accident,100 km/hr,144.68904,-36.16487,Non-Intersection,CAMPASPE,Country,4,0,0,4,3,0,0,No
2018,February,17/2/18,14.50.00,Vehicle overturned,Saturday,No,Day,Serious injury accident,100 km/hr,143.25353,-38.73154,Non-Intersection,COLAC OTWAY,Country,1,0,1,0,0,0,0,No
2018,February,17/2/18,13.30.00,Collision with vehicle,Saturday,No,Day,Other injury accident,60 km/hr,144.98502,-37.84569,Intersection,STONNINGTON,Metro,2,0,2,0,0,0,0,No
2018,February,17/2/18,16.14.00,Collision with vehicle,Saturday,No,Day,Serious injury accident,60 km/hr,145.01926,-37.76537,Intersection,DAREBIN,Metro,2,0,2,0,0,0,0,No
2018,February,17/2/18,16.35.00,Collision with vehicle,Friday,No,Day,Other injury accident,50 km/hr,144.65856,-38.26616,Intersection,QUEENSCLIFFE,Country,3,0,1,2,1,1,0,No
2018,February,17/2/18,20.50.00,Collision with vehicle,Friday,No,Dark,Other injury accident,100 km/hr,147.06808,-38.05513,Non-Intersection,WELLINGTON,Country,13,0,7,3,8,0,0,No
2018,February,17/2/18,20.36.00,Collision with object,Saturday,No,Dark,Serious injury accident,80 km/hr,145.46725,-37.65795,Non-Intersection,YARRA RANGES,Metro,1,0,0,1,0,0,1,No
2018,February,17/2/18,23.16.00,Collision with vehicle,Saturday,No,Dark,Serious injury accident,40 km/hr,144.72493,-37.8554,Intersection,WYNDHAM,Metro,2,0,2,0,0,0,0,No
2018,February,17/2/18,21.05.00,Collision with vehicle,Saturday,No,Dark,Fatal accident,60 km/hr,145.4158,-36.36022,Intersection,SHEPPARTON,Country,2,1,1,1,0,0,0,No
2018,February,17/2/18,18.30.00,Collision with vehicle,Saturday,No,Day,Other injury accident,70 km/hr,144.77475,-37.77021,Intersection,BRIMBANK,Metro,7,0,3,4,5,0,0,No
2018,February,17/2/18,20.40.00,Collision with vehicle,Saturday,No,Dark,Other injury accident,60 km/hr,145.03113,-37.67265,Non-Intersection,WHITTLESEA,Metro,3,0,2,0,1,0,1,No
2018,February,17/2/18,22.50.00,Collision with vehicle,Saturday,No,Dark,Serious injury accident,50 km/hr,144.27403,-36.752,Non-Intersection,BENDIGO,Country,1,0,1,0,0,0,0,Yes
2018,February,17/2/18,12.32.00,No collision and no object struck,Saturday,No,Day,Serious injury accident,80 km/hr,144.28381,-37.4262,Non-Intersection,HEPBURN,Country,1,0,1,0,0,0,0,No
2018,February,17/2/18,22.15.00,Collision with vehicle,Saturday,No,Dark,Other injury accident,60 km/hr,144.91447,-37.77155,Non-Intersection,MOONEE VALLEY,Metro,7,0,2,5,5,0,1,No
2018,February,17/2/18,15.10.00,Collision with vehicle,Friday,No,Day,Other injury accident,60 km/hr,145.31173,-37.80223,Non-Intersection,YARRA RANGES,Metro,3,0,1,2,0,0,0,No
2018,February,17/2/18,19.00.00,Struck pedestrian,Saturday,Yes,Dusk/Dawn,Other injury accident,50 km/hr,145.34387,-38.05624,Non-Intersection,CASEY,Metro,2,0,1,0,0,0,0,No
2018,February,18/2/18,17.20.00,Collision with vehicle,Sunday,No,Day,Other injury accident,60 km/hr,145.0717,-37.73907,Non-Intersection,BANYULE,Metro,2,0,2,0,0,0,0,No
2018,February,18/2/18,04.03.00,Struck pedestrian,Sunday,No,Dark,Serious injury accident,60 km/hr,144.94305,-37.80544,Intersection,MELBOURNE,Metro,2,0,2,0,0,0,0,No
2018,February,18/2/18,01.00.00,Collision with vehicle,Sunday,No,Dark,Other injury accident,60 km/hr,144.97935,-37.79312,Intersection,YARRA RANGES,Metro,3,0,1,2,1,0,0,No
2018,February,18/2/18,03.20.00,Struck pedestrian,Sunday,No,Dark,Serious injury accident,50 km/hr,146.53817,-38.19483,Intersection,LATROBE,Country,2,0,2,0,0,0,0,No
2018,February,18/2/18,07.00.00,Collision with vehicle,Sunday,No,Day,Serious injury accident,80 km/hr,145.2285,-37.94793,Non-Intersection,KNOX,Metro,2,0,1,1,0,0,1,No
2018,February,18/2/18,06.03.00,Collision with vehicle,,No,Dark,Serious injury accident,60 km/hr,145.03921,-37.88907,Non-Intersection,GLEN EIRA,Metro,1,0,0,1,0,0,1,No
2018,February,18/2/18,09.15.00,Struck pedestrian,Sunday,No,Day,Serious injury accident,60 km/hr,144.98586,-37.91183,Non-Intersection,BAYSIDE,Metro,2,0,2,0,0,0,0,No
2018,February,18/2/18,11.45.00,Collision with vehicle,Sunday,No,Day,Other injury accident,80 km/hr,145.30138,-38.05436,Non-Intersection,CASEY,Metro,4,0,2,2,1,0,0,No
2018,February,18/2/18,08.15.00,Struck pedestrian,Sunday,No,Day,Other injury accident,50 km/hr,144.92983,-37.78965,Intersection,MELBOURNE,Metro,3,0,1,0,0,0,0,No
2018,February,18/2/18,12.10.00,No collision and no object struck,Sunday,No,Day,Other injury accident,40 km/hr,145.00716,-37.84862,Intersection,STONNINGTON,Metro,3,0,2,1,0,0,1,No
2018,February,18/2/18,12.20.00,Collision with vehicle,Sunday,No,Day,Serious injury accident,60 km/hr,144.33454,-36.80223,Intersection,BENDIGO,Country,2,0,1,1,0,1,0,No
2018,February,18/2/18,14.15.00,Collision with vehicle,Sunday,No,Day,Serious injury accident,100 km/hr,141.60029,-38.30145,Intersection,GLENELG,Country,3,0,2,1,1,1,1,No
2018,February,18/2/18,12.33.00,Collision with vehicle,Sunday,No,Day,Serious injury accident,100 km/hr,141.61303,-36.73406,Intersection,WEST WIMMERA,Country,4,0,3,1,2,0,0,No
2018,February,18/2/18,13.20.00,Struck pedestrian,Sunday,No,Day,Serious injury accident,60 km/hr,144.85747,-37.73983,Intersection,MOONEE VALLEY,Metro,2,0,0,2,0,1,0,No
2018,February,18/2/18,12.40.00,Struck animal,,No,Day,Serious injury accident,100 km/hr,142.65589,-38.4312,Non-Intersection,MOYNE,Country,1,0,1,0,0,0,0,No
2018,February,18/2/18,15.30.00,Collision with vehicle,Sunday,No,Day,Other injury accident,80 km/hr,145.07748,-37.68748,Non-Intersection,BANYULE,Metro,3,0,2,1,0,0,0,No
2018,February,18/2/18,14.40.00,Vehicle overturned,Sunday,No,Day,Other injury accident,100 km/hr,145.87657,-37.50886,Non-Intersection,LAKE MOUNTAIN,Country,1,0,1,0,0,0,0,No
2018,February,18/2/18,12.50.00,Collision with vehicle,Sunday,No,Day,Fatal accident,50 km/hr,145.6152,-37.96301,Non-Intersection,CARDINIA,Metro,8,1,5,3,5,0,1,No
2018,February,18/2/18,18.38.00,Collision with vehicle,Sunday,No,Day,Other injury accident,70 km/hr,145.15263,-37.78803,Intersection,MANNINGHAM,Metro,3,0,3,0,1,0,1,No
2018,February,18/2/18,19.23.00,Collision with vehicle,Sunday,No,Day,Other injury accident,60 km/hr,144.97321,-37.83635,Intersection,PORT PHILLIP,Metro,4,0,2,2,2,0,0,No
2018,February,18/2/18,17.50.00,Collision with vehicle,Sunday,No,Day,Serious injury accident,60 km/hr,144.97418,-38.33635,Non-Intersection,MORNINGTON PENINSULA,Metro,2,0,2,0,0,0,0,Yes
2018,February,18/2/18,15.40.00,Collision with vehicle,,No,Day,Other injury accident,50 km/hr,144.93016,-37.72625,Non-Intersection,MORELAND,Metro,1,0,1,0,0,0,0,No
2018,February,18/2/18,21.15.00,Collision with vehicle,Sunday,No,Dark,Other injury accident,60 km/hr,145.26658,-38.03853,Intersection,CASEY,Metro,3,0,2,1,1,0,1,No
2018,February,18/2/18,18.40.00,Collision with vehicle,Sunday,No,Day,Fatal accident,100 km/hr,145.65577,-38.07205,Intersection,CARDINIA,Metro,3,1,1,2,1,0,0,No
2018,February,18/2/18,15.45.00,Collision with object,Sunday,No,Day,Other injury accident,100 km/hr,147.03842,-37.44239,Non-Intersection,WELLINGTON,Country,4,0,3,1,3,0,0,No
2018,February,18/2/18,14.15.00,Collision with object,Sunday,No,Day,Other injury accident,80 km/hr,145.75539,-37.48598,Intersection,MURRINDINDI,Country,2,0,1,0,1,0,0,No
2018,February,18/2/18,01.26.00,Collision with vehicle,Sunday,No,Dark,Other injury accident,60 km/hr,145.4017,-36.37658,Non-Intersection,SHEPPARTON,Country,2,0,0,2,1,0,1,No
2018,February,18/2/18,15.00.00,Collision with object,Sunday,No,Day,Other injury accident,80 km/hr,146.0049,-38.00874,Non-Intersection,BAW BAW,Country,1,0,1,0,0,0,1,Yes
2018,February,19/2/18,17.45.00,No collision and no object struck,Sunday,No,Day,Other injury accident,100 km/hr,145.02297,-38.45068,Non-Intersection,MORNINGTON PENINSULA,Metro,1,0,1,0,0,0,0,No
2018,February,19/2/18,17.00.00,Collision with vehicle,Monday,No,Day,Other injury accident,60 km/hr,144.79997,-37.78514,Intersection,BRIMBANK,Metro,2,0,1,1,0,0,0,No
2018,February,19/2/18,19.39.00,Collision with object,Monday,No,Dusk/Dawn,Serious injury accident,60 km/hr,144.68134,-37.58732,Non-Intersection,MELTON,Metro,1,0,1,0,0,0,1,No
2018,February,19/2/18,21.00.00,Collision with object,Monday,No,Dark,Other injury accident,80 km/hr,146.45651,-38.20421,Non-Intersection,LATROBE,Country,1,0,1,0,0,0,0,No
2018,February,19/2/18,13.00.00,Collision with vehicle,Monday,No,Day,Other injury accident,60 km/hr,143.82085,-37.53747,Intersection,BALLARAT,Country,2,0,1,1,0,1,1,No
2018,February,19/2/18,18.22.00,Collision with vehicle,Monday,No,Day,Serious injury accident,50 km/hr,144.95815,-37.83119,Non-Intersection,PORT PHILLIP,Metro,2,0,1,1,0,0,0,No
2018,February,19/2/18,15.50.00,Collision with vehicle,Monday,No,Day,Serious injury accident,80 km/hr,145.11115,-37.60239,Non-Intersection,WHITTLESEA,Metro,3,0,1,2,1,0,0,No
2018,February,19/2/18,07.05.00,Collision with vehicle,Monday,No,Day,Serious injury accident,100 km/hr,146.73153,-36.37504,Non-Intersection,INDIGO,Country,2,0,1,1,0,0,0,No
2018,February,19/2/18,14.30.00,Collision with vehicle,Monday,No,Day,Other injury accident,50 km/hr,145.15119,-37.95093,Non-Intersection,DANDENONG,Metro,2,0,2,0,0,0,1,No
2018,February,19/2/18,08.15.00,Collision with vehicle,Monday,No,Day,Other injury accident,50 km/hr,146.26124,-38.1747,Intersection,LATROBE,Country,2,0,0,2,0,1,0,No
2018,February,19/2/18,18.00.00,Collision with vehicle,Monday,No,Day,Other injury accident,40 km/hr,145.0217,-37.80317,Intersection,BOROONDARA,Metro,2,0,2,0,0,0,0,No
2018,February,19/2/18,13.20.00,Struck pedestrian,Monday,No,Day,Other injury accident,60 km/hr,144.35045,-38.14413,Non-Intersection,GEELONG,Country,2,0,1,1,0,0,0,No
2018,February,19/2/18,18.30.00,Collision with vehicle,Monday,No,Day,Other injury accident,40 km/hr,144.9863,-37.80528,Intersection,YARRA RANGES,Metro,2,0,2,0,0,0,0,No
2018,February,19/2/18,20.05.00,Struck pedestrian,Monday,No,Dark,Other injury accident,60 km/hr,145.97108,-36.55614,Non-Intersection,BENALLA,Country,2,0,1,1,0,0,1,Yes