year,month,date,time,accident_type,day,hit_run,light_condition,severity,speed_zone,longitude,latitude,node_type,lga,state_div,total_persons,fatality,males,females,passengers,old_driver,young_driver,alcohol
2018,February,19/2/18,06.35.00,Collision with vehicle,Monday,No,Dusk/Dawn,Serious injury accident,70 km/hr,145.1726,-37.76425,Intersection,MANNINGHAM,Metro,2,0,2,0,0,0,0,No
2018,February,19/2/18,07.05.00,Collision with object,Monday,No,Dusk/Dawn,Other injury accident,60 km/hr,142.18653,-34.30846,Non-Intersection,MILDURA,Country,1,0,1,0,0,0,0,No
2018,February,19/2/18,08.10.00,Collision with vehicle,Monday,No,Day,Other injury accident,50 km/hr,144.96486,-37.83176,Intersection,PORT PHILLIP,Metro,2,0,1,1,0,0,0,No
2018,February,19/2/18,08.35.00,Collision with vehicle,Monday,No,Day,Other injury accident,80 km/hr,145.21533,-38.01479,Intersection,DANDENONG,Metro,7,0,3,4,2,0,0,No
2018,February,19/2/18,11.25.00,Collision with vehicle,Sunday,No,Day,Other injury accident,60 km/hr,145.05938,-37.94584,Intersection,KINGSTON,Metro,2,0,0,2,0,0,0,No
2018,February,19/2/18,11.15.00,Collision with object,Monday,No,Day,Serious injury accident,100 km/hr,143.89454,-38.08281,Non-Intersection,GOLDEN PLAINS,Country,1,0,1,0,0,0,0,No
2018,February,19/2/18,12.05.00,Collision with vehicle,Monday,No,Day,Other injury accident,60 km/hr,145.06085,-37.72972,Intersection,DAREBIN,Metro,2,0,0,2,0,0,0,No
2018,February,19/2/18,08.58.00,Collision with vehicle,Monday,No,Day,Other injury accident,50 km/hr,144.86149,-37.81335,Intersection,MARIBYRNONG,Metro,4,0,2,2,2,0,0,No
2018,February,19/2/18,06.30.00,Struck pedestrian,Monday,No,Dark,Serious injury accident,70 km/hr,145.19366,-37.81645,Non-Intersection,WHITEHORSE,Metro,2,0,1,1,0,0,0,No
2018,February,19/2/18,09.30.00,Collision with vehicle,Monday,No,Day,Other injury accident,50 km/hr,144.95573,-37.81196,Non-Intersection,MELBOURNE,Metro,3,0,3,0,1,0,0,No
2018,February,19/2/18,14.31.00,Collision with vehicle,Sunday,No,Day,Other injury accident,70 km/hr,144.889,-37.63586,Intersection,HUME,Metro,2,0,0,2,0,0,1,No
2018,February,19/2/18,18.00.00,Collision with vehicle,Monday,No,Day,Other injury accident,50 km/hr,144.32907,-38.14461,Intersection,GEELONG,Country,6,0,2,4,4,0,1,No
2018,February,19/2/18,17.45.00,Struck pedestrian,Sunday,No,Day,Other injury accident,60 km/hr,145.11059,-37.83797,Intersection,WHITEHORSE,Metro,2,0,2,0,0,0,0,No
2018,February,19/2/18,16.55.00,Collision with object,Monday,No,Day,Other injury accident,80 km/hr,143.90593,-38.44482,Non-Intersection,SURF COAST,Country,1,0,0,1,0,0,0,No
2018,February,19/2/18,16.30.00,Collision with vehicle,Sunday,No,Day,Other injury accident,50 km/hr,145.01033,-37.75658,Intersection,DAREBIN,Metro,3,0,1,2,1,0,1,No
2018,February,19/2/18,17.50.00,Collision with vehicle,Monday,No,Day,Other injury accident,80 km/hr,145.1725,-38.09944,Intersection,FRANKSTON,Metro,3,0,2,1,1,0,1,No
2018,February,19/2/18,15.00.00,Collision with vehicle,Monday,No,Day,Other injury accident,60 km/hr,145.5895,-38.59292,Intersection,BASS COAST,Country,2,0,0,2,0,0,0,No
2018,February,19/2/18,06.15.00,Collision with vehicle,Monday,No,Unk.,Other injury accident,80 km/hr,145.26304,-38.05907,Non-Intersection,CASEY,Metro,4,0,3,1,1,0,0,No
2018,February,20/2/18,03.00.00,Collision with object,Monday,No,Dark,Other injury accident,110 km/hr,146.37478,-36.33139,Non-Intersection,WANGARATTA,Country,1,0,1,0,0,0,0,No
2018,February,20/2/18,06.10.00,Collision with vehicle,Tuesday,No,Dark,Other injury accident,80 km/hr,144.82017,-37.8485,Non-Intersection,HOBSONS BAY,Metro,2,0,2,0,0,0,0,No
2018,February,20/2/18,06.45.00,Collision with vehicle,Monday,No,Day,Other injury accident,40 km/hr,144.99035,-37.86837,Intersection,PORT PHILLIP,Metro,2,0,1,1,0,0,1,No
2018,February,20/2/18,08.50.00,Collision with vehicle,Tuesday,No,Day,Other injury accident,40 km/hr,145.17493,-38.19803,Non-Intersection,MORNINGTON PENINSULA,Metro,2,0,1,1,0,0,0,No
2018,February,20/2/18,09.01.00,Collision with vehicle,Tuesday,No,Day,Other injury accident,70 km/hr,145.04846,-37.66258,Intersection,WHITTLESEA,Metro,2,0,1,1,0,0,1,No
2018,February,20/2/18,08.45.00,Collision with vehicle,Tuesday,No,Day,Other injury accident,40 km/hr,145.16864,-37.88095,Non-Intersection,MONASH,Metro,2,0,1,1,0,0,0,No
2018,February,20/2/18,09.05.00,Collision with vehicle,Tuesday,No,Day,Serious injury accident,60 km/hr,145.3013,-38.09956,Non-Intersection,CASEY,Metro,3,0,1,2,1,0,0,No
2018,February,20/2/18,10.12.00,Collision with vehicle,Tuesday,No,Day,Serious injury accident,80 km/hr,145.17803,-37.80429,Intersection,MANNINGHAM,Metro,2,0,0,2,0,0,0,No
2018,February,20/2/18,08.06.00,Collision with vehicle,Tuesday,No,Day,Other injury accident,60 km/hr,145.13345,-37.96012,Intersection,DANDENONG,Metro,5,0,2,2,1,0,1,No
2018,February,20/2/18,11.30.00,Collision with object,Tuesday,No,Day,Other injury accident,50 km/hr,145.10124,-37.70195,Non-Intersection,BANYULE,Metro,2,0,0,2,1,0,0,No
2018,February,20/2/18,14.00.00,Collision with vehicle,Tuesday,No,Day,Other injury accident,50 km/hr,144.97456,-37.79792,Non-Intersection,MELBOURNE,Metro,2,0,2,0,0,0,0,No
2018,February,20/2/18,14.15.00,Struck pedestrian,Monday,No,Day,Other injury accident,50 km/hr,145.22103,-37.98362,Intersection,DANDENONG,Metro,2,0,1,1,0,0,0,No
2018,February,20/2/18,13.30.00,No collision and no object struck,Monday,No,Day,Other injury accident,100 km/hr,146.17705,-38.39682,Intersection,SOUTH GIPPSLAND,Country,1,0,1,0,0,0,0,No
2018,February,20/2/18,16.30.00,Collision with vehicle,Tuesday,No,Day,Other injury accident,60 km/hr,144.96125,-38.33442,Intersection,MORNINGTON PENINSULA,Metro,2,0,2,0,0,0,0,No
2018,February,20/2/18,14.55.00,Collision with vehicle,Tuesday,No,Day,Other injury accident,70 km/hr,145.11747,-37.65018,Non-Intersection,NILLUMBIK,Metro,3,0,0,3,0,0,1,No
2018,February,20/2/18,14.30.00,Collision with vehicle,Monday,No,Day,Serious injury accident,60 km/hr,144.83557,-37.79652,Intersection,BRIMBANK,Metro,3,0,2,0,0,0,0,No
2018,February,20/2/18,18.00.00,Collision with vehicle,Tuesday,No,Day,Other injury accident,60 km/hr,144.35367,-38.19071,Intersection,GEELONG,Country,3,0,2,1,1,0,0,No
2018,February,20/2/18,15.30.00,Struck pedestrian,Tuesday,No,Day,Other injury accident,40 km/hr,145.05707,-37.86007,Intersection,STONNINGTON,Metro,2,0,2,0,0,0,0,No
2018,February,20/2/18,16.45.00,Collision with vehicle,Monday,No,Day,Serious injury accident,80 km/hr,145.18339,-38.08594,Intersection,FRANKSTON,Metro,2,0,0,2,0,1,0,No
2018,February,20/2/18,16.20.00,Collision with vehicle,Tuesday,No,Day,Serious injury accident,70 km/hr,145.04973,-37.67707,Off Road,WHITTLESEA,Metro,3,0,1,2,1,0,1,No
2018,February,20/2/18,07.50.00,Collision with vehicle,Monday,No,Day,Other injury accident,60 km/hr,145.09997,-37.60109,Non-Intersection,WHITTLESEA,Metro,2,0,1,1,0,0,1,No
2018,February,20/2/18,19.10.00,No collision and no object struck,Monday,No,Day,Other injury accident,60 km/hr,143.77637,-37.29499,Non-Intersection,HEPBURN,Country,1,0,1,0,0,0,0,No
2018,February,20/2/18,19.50.00,Struck pedestrian,Tuesday,No,Day,Serious injury accident,60 km/hr,145.0563,-37.65829,Non-Intersection,WHITTLESEA,Metro,2,0,1,1,0,0,0,No
2018,February,20/2/18,18.30.00,Collision with object,Tuesday,No,Day,Serious injury accident,100 km/hr,145.32959,-38.0085,Non-Intersection,CASEY,Metro,3,0,3,0,2,0,0,No
2018,February,20/2/18,16.25.00,Collision with vehicle,Monday,No,Day,Other injury accident,60 km/hr,145.26904,-37.81979,Non-Intersection,MAROONDAH,Metro,2,0,1,1,0,0,0,No
2018,February,20/2/18,17.00.00,Collision with vehicle,Tuesday,Yes,Day,Other injury accident,50 km/hr,144.91993,-37.72147,Intersection,MORELAND,Metro,3,0,1,2,0,0,0,No
2018,February,20/2/18,12.30.00,Collision with vehicle,Tuesday,Yes,Day,Other injury accident,80 km/hr,146.18288,-38.27092,Non-Intersection,BAW BAW,Country,2,0,1,0,0,0,0,No
2018,February,20/2/18,18.00.00,Collision with vehicle,Tuesday,No,Day,Other injury accident,60 km/hr,145.00246,-37.68758,Non-Intersection,WHITTLESEA,Metro,2,0,1,1,0,0,1,No
2018,February,20/2/18,09.15.00,Collision with vehicle,Tuesday,No,Day,Serious injury accident,100 km/hr,143.9804,-35.7307,Non-Intersection,GANNAWARRA,Country,2,0,2,0,0,1,0,No
2018,February,20/2/18,06.00.00,Struck animal,Monday,No,Dusk/Dawn,Other injury accident,100 km/hr,144.3154,-36.91013,Intersection,BENDIGO,Country,1,0,1,0,0,0,0,No
2018,February,20/2/18,09.30.00,Struck pedestrian,Monday,No,Day,Other injury accident,60 km/hr,145.02924,-37.85661,Non-Intersection,STONNINGTON,Metro,2,0,2,0,0,0,0,No
2018,February,20/2/18,15.15.00,Collision with vehicle,Monday,No,Day,Other injury accident,50 km/hr,145.03389,-37.73166,Intersection,DAREBIN,Metro,2,0,1,1,0,0,0,No
2018,February,20/2/18,18.00.00,Collision with object,Monday,No,Day,Other injury accident,60 km/hr,146.97262,-37.95794,Non-Intersection,WELLINGTON,Country,1,0,1,0,0,0,0,No
2018,February,20/2/18,17.30.00,Collision with vehicle,Tuesday,No,Unk.,Other injury accident,60 km/hr,144.97829,-37.77908,Intersection,MORELAND,Metro,2,0,1,1,0,0,0,No
2018,February,21/2/18,05.35.00,Collision with object,Tuesday,No,Dark,Other injury accident,60 km/hr,143.57314,-38.33764,Non-Intersection,COLAC OTWAY,Country,1,0,1,0,0,0,1,No
2018,February,21/2/18,06.05.00,Collision with vehicle,Wednesday,No,Dark,Serious injury accident,80 km/hr,144.70018,-37.88477,Intersection,WYNDHAM,Metro,4,0,3,1,0,0,0,No
2018,February,21/2/18,09.45.00,Collision with vehicle,Tuesday,No,Day,Other injury accident,60 km/hr,145.17225,-38.23851,Intersection,MORNINGTON PENINSULA,Metro,2,0,1,1,0,0,0,No
2018,February,21/2/18,09.30.00,Collision with vehicle,Tuesday,No,Day,Other injury accident,60 km/hr,145.02059,-37.86903,Non-Intersection,GLEN EIRA,Metro,2,0,2,0,0,0,0,No
2018,February,21/2/18,09.14.00,Struck pedestrian,Wednesday,No,Day,Serious injury accident,60 km/hr,144.76555,-37.70572,Intersection,BRIMBANK,Metro,2,0,0,2,0,0,0,No
2018,February,21/2/18,09.55.00,Collision with vehicle,Wednesday,No,Day,Serious injury accident,60 km/hr,145.08789,-38.00843,Intersection,KINGSTON,Metro,2,0,2,0,0,1,0,No
2018,February,21/2/18,10.15.00,Collision with vehicle,Tuesday,No,Day,Other injury accident,100 km/hr,145.32872,-35.92548,Non-Intersection,MOIRA,Country,3,0,2,1,1,0,1,No
2018,February,21/2/18,09.30.00,Collision with object,Wednesday,No,Day,Other injury accident,100 km/hr,144.44144,-37.99875,Non-Intersection,GEELONG,Country,1,0,0,1,0,0,1,No
2018,February,21/2/18,08.35.00,Collision with object,Wednesday,No,Day,Fatal accident,100 km/hr,145.74167,-38.12287,Non-Intersection,CARDINIA,Metro,2,1,1,1,1,0,1,No
2018,February,21/2/18,08.00.00,Collision with vehicle,Tuesday,No,Day,Other injury accident,40 km/hr,144.96992,-37.80088,Non-Intersection,MELBOURNE,Metro,2,0,2,0,0,0,0,No
2018,February,21/2/18,13.46.00,Collision with vehicle,Wednesday,No,Day,Other injury accident,80 km/hr,144.4252,-38.16477,Intersection,GEELONG,Country,2,0,2,0,0,0,1,No
2018,February,21/2/18,10.10.00,Collision with object,Wednesday,No,Day,Other injury accident,80 km/hr,145.36312,-37.77408,Non-Intersection,YARRA RANGES,Metro,1,0,1,0,0,0,0,No
2018,February,21/2/18,12.00.00,Vehicle overturned,Wednesday,No,Day,Serious injury accident,100 km/hr,142.47736,-36.89608,Non-Intersection,HORSHAM,Country,1,0,0,1,0,0,0,No
2018,February,21/2/18,14.00.00,Collision with vehicle,Wednesday,No,Day,Serious injury accident,60 km/hr,144.98821,-37.79405,Intersection,YARRA RANGES,Metro,2,0,1,1,0,0,0,No
2018,February,21/2/18,14.55.00,Collision with vehicle,Tuesday,No,Day,Other injury accident,60 km/hr,145.08828,-38.00943,Non-Intersection,KINGSTON,Metro,2,0,1,1,0,0,0,No
2018,February,21/2/18,14.48.00,Collision with object,Wednesday,No,Day,Other injury accident,40 km/hr,143.85905,-37.56301,Non-Intersection,BALLARAT,Country,1,0,0,1,0,0,0,No
2018,February,21/2/18,15.30.00,Collision with vehicle,Tuesday,No,Day,Other injury accident,100 km/hr,145.01835,-37.42077,Non-Intersection,MITCHELL,Country,3,0,2,1,1,0,0,No
2018,February,21/2/18,15.55.00,Collision with vehicle,Wednesday,No,Day,Serious injury accident,80 km/hr,145.15942,-38.11105,Non-Intersection,FRANKSTON,Metro,4,0,2,1,1,0,0,No
2018,February,21/2/18,18.35.00,Collision with vehicle,Wednesday,No,Day,Other injury accident,40 km/hr,144.95755,-37.81143,Intersection,MELBOURNE,Metro,2,0,1,1,0,0,0,No
2018,February,21/2/18,18.31.00,Vehicle overturned,Wednesday,No,Day,Serious injury accident,60 km/hr,144.88921,-37.81347,Intersection,MARIBYRNONG,Metro,2,0,2,0,0,0,0,No
2018,February,21/2/18,17.38.00,Collision with vehicle,Wednesday,No,Day,Serious injury accident,110 km/hr,144.10086,-37.56697,Non-Intersection,MOORABOOL,Country,2,0,2,0,0,0,1,No
2018,February,21/2/18,17.00.00,Collision with object,Wednesday,No,Day,Serious injury accident,100 km/hr,142.86272,-37.00787,Non-Intersection,NORTHERN GRAMPIANS,Country,1,0,1,0,0,0,0,No
2018,February,21/2/18,22.30.00,Collision with object,Wednesday,No,Dark,Serious injury accident,80 km/hr,145.14311,-37.97979,Intersection,DANDENONG,Metro,1,0,1,0,0,0,0,No
2018,February,21/2/18,15.20.00,Vehicle overturned,Wednesday,No,Day,Other injury accident,80 km/hr,146.2323,-36.46521,Non-Intersection,WANGARATTA,Country,2,0,2,0,1,0,0,No
2018,February,21/2/18,10.20.00,Collision with vehicle,Tuesday,No,Day,Other injury accident,40 km/hr,144.95568,-37.81197,Non-Intersection,MELBOURNE,Metro,3,0,3,0,1,0,0,No
2018,February,21/2/18,16.30.00,Collision with object,Wednesday,No,Day,Other injury accident,60 km/hr,144.84186,-37.76555,Non-Intersection,BRIMBANK,Metro,2,0,1,0,0,0,0,No
2018,February,21/2/18,00.30.00,Collision with object,Wednesday,Yes,Dark,Other injury accident,50 km/hr,144.88113,-37.82758,Non-Intersection,HOBSONS BAY,Metro,1,0,0,1,0,0,0,No
2018,February,21/2/18,15.15.00,Collision with vehicle,Tuesday,No,Day,Other injury accident,100 km/hr,145.23753,-38.08695,Non-Intersection,FRANKSTON,Metro,2,0,1,1,0,0,0,No
2018,February,21/2/18,08.55.00,Collision with vehicle,Wednesday,No,Day,Other injury accident,60 km/hr,146.8654,-36.13079,Intersection,WODONGA,Country,2,0,1,1,0,0,0,No
2018,February,21/2/18,17.25.00,Collision with vehicle,Tuesday,No,Day,Other injury accident,60 km/hr,144.3561,-38.07385,Non-Intersection,GEELONG,Country,3,0,3,0,1,0,1,No
2018,February,21/2/18,07.20.00,Collision with vehicle,Wednesday,No,Day,Other injury accident,80 km/hr,145.30226,-38.01162,Non-Intersection,CASEY,Metro,2,0,1,1,0,0,0,No
2018,February,21/2/18,16.00.00,Collision with object,Tuesday,No,Day,Other injury accident,100 km/hr,144.68881,-38.17251,Non-Intersection,GEELONG,Country,2,0,1,1,1,0,0,No
2018,February,21/2/18,07.45.00,Collision with vehicle,Tuesday,No,Unk.,Other injury accident,80 km/hr,145.21519,-38.01564,Non-Intersection,DANDENONG,Metro,2,0,1,1,0,0,0,No
2018,February,21/2/18,11.30.00,Collision with vehicle,Wednesday,No,Day,Other injury accident,60 km/hr,145.40224,-36.36667,Intersection,SHEPPARTON,Country,2,0,1,0,0,0,0,No
2018,February,22/2/18,11.00.00,Collision with vehicle,Thursday,No,Day,Other injury accident,100 km/hr,145.06652,-37.87464,Non-Intersection,STONNINGTON,Metro,5,0,5,0,0,1,0,No
2018,February,22/2/18,02.55.00,Collision with object,Thursday,No,Dark,Other injury accident,60 km/hr,145.04971,-37.86505,Non-Intersection,STONNINGTON,Metro,1,0,1,0,0,0,1,Yes
2018,February,22/2/18,07.20.00,Collision with vehicle,Thursday,No,Day,Other injury accident,70 km/hr,144.95602,-37.67399,Intersection,HUME,Metro,2,0,2,0,0,0,2,No
2018,February,22/2/18,09.20.00,Collision with vehicle,Thursday,No,Day,Serious injury accident,80 km/hr,145.19555,-37.96797,Intersection,DANDENONG,Metro,2,0,1,1,0,0,0,No
2018,February,22/2/18,08.30.00,Collision with vehicle,Thursday,No,Day,Other injury accident,40 km/hr,144.9554,-37.80951,Non-Intersection,MELBOURNE,Metro,2,0,2,0,0,0,0,No
2018,February,22/2/18,10.47.00,Collision with vehicle,Thursday,No,Day,Other injury accident,50 km/hr,143.8315,-37.5977,Intersection,BALLARAT,Country,4,0,1,3,2,0,0,No
2018,February,22/2/18,08.44.00,Collision with vehicle,Wednesday,Yes,Day,Other injury accident,60 km/hr,145.39811,-36.38689,Non-Intersection,SHEPPARTON,Country,2,0,1,0,0,0,0,No
2018,February,22/2/18,09.45.00,Collision with vehicle,Thursday,No,Day,Serious injury accident,50 km/hr,145.12864,-37.93907,Non-Intersection,KINGSTON,Metro,2,0,2,0,1,0,0,No
2018,February,22/2/18,12.00.00,Collision with object,Thursday,No,Day,Serious injury accident,100 km/hr,145.13193,-36.26987,Non-Intersection,CAMPASPE,Country,1,0,0,1,0,1,0,No
2018,February,22/2/18,06.27.00,Collision with vehicle,Thursday,No,Dusk/Dawn,Other injury accident,50 km/hr,144.98288,-37.88072,Intersection,PORT PHILLIP,Metro,2,0,1,1,0,0,0,No
2018,February,22/2/18,11.35.00,Collision with vehicle,Wednesday,No,Day,Other injury accident,60 km/hr,144.93271,-37.82205,Intersection,MELBOURNE,Metro,2,0,1,1,0,0,0,No
2018,February,22/2/18,08.54.00,Struck pedestrian,Thursday,No,Day,Other injury accident,60 km/hr,144.95804,-37.79582,Intersection,MELBOURNE,Metro,2,0,1,1,0,0,1,No
2018,February,22/2/18,14.10.00,Struck pedestrian,Thursday,No,Day,Other injury accident,40 km/hr,144.97721,-37.80575,Intersection,YARRA RANGES,Metro,2,0,0,2,0,0,0,No
2018,February,22/2/18,13.30.00,Collision with vehicle,Thursday,No,Day,Other injury accident,50 km/hr,144.91829,-37.68369,Intersection,HUME,Metro,3,0,2,1,1,0,0,No
2018,February,22/2/18,15.08.00,Struck pedestrian,Thursday,No,Day,Other injury accident,50 km/hr,145.91706,-38.16109,Non-Intersection,BAW BAW,Country,2,0,0,2,0,1,0,No
2018,February,22/2/18,16.00.00,Struck pedestrian,Thursday,No,Day,Fatal accident,40 km/hr,144.9997,-37.8159,Non-Intersection,YARRA RANGES,Metro,2,1,0,2,0,0,1,No
2018,February,22/2/18,17.06.00,Struck pedestrian,Thursday,No,Day,Other injury accident,50 km/hr,145.3609,-36.3942,Intersection,SHEPPARTON,Country,2,0,1,1,0,0,1,No
2018,February,22/2/18,18.00.00,Collision with vehicle,Wednesday,No,Day,Other injury accident,70 km/hr,145.33608,-37.74543,Off Road,YARRA RANGES,Metro,2,0,1,1,0,0,1,No
2018,February,22/2/18,16.20.00,Collision with object,Thursday,No,Day,Serious injury accident,80 km/hr,145.11603,-37.89794,Non-Intersection,MONASH,Metro,1,0,1,0,0,0,0,Yes
2018,February,22/2/18,16.35.00,Collision with vehicle,Thursday,No,Day,Serious injury accident,100 km/hr,142.01527,-36.43507,Intersection,HINDMARSH,Country,2,0,2,0,0,0,1,No
2018,February,22/2/18,18.10.00,Collision with vehicle,Wednesday,No,Day,Other injury accident,70 km/hr,145.29315,-38.03167,Intersection,CASEY,Metro,4,0,1,3,1,0,1,No
2018,February,22/2/18,17.25.00,Collision with vehicle,Thursday,No,Day,Other injury accident,50 km/hr,144.86273,-37.76824,Intersection,MOONEE VALLEY,Metro,2,0,2,0,0,1,0,No
2018,February,22/2/18,15.25.00,Collision with object,Thursday,No,Day,Fatal accident,80 km/hr,143.25705,-38.74491,Non-Intersection,COLAC OTWAY,Country,1,1,1,0,0,0,0,No
2018,February,22/2/18,23.07.00,Collision with object,Thursday,No,Dark,Other injury accident,110 km/hr,145.09996,-37.0513,Non-Intersection,MITCHELL,Country,2,0,2,0,1,0,0,No
2018,February,22/2/18,17.15.00,Collision with vehicle,Thursday,No,Day,Other injury accident,100 km/hr,145.24094,-36.41154,Non-Intersection,SHEPPARTON,Country,3,0,1,2,1,0,0,No
2018,February,22/2/18,01.25.00,Collision with vehicle,Thursday,Yes,Dark,Serious injury accident,50 km/hr,144.33634,-38.12785,Non-Intersection,GEELONG,Country,2,0,2,0,0,0,1,No
2018,February,22/2/18,18.23.00,Collision with vehicle,Thursday,No,Day,Other injury accident,60 km/hr,144.28469,-36.75519,Non-Intersection,BENDIGO,Country,4,0,1,3,1,0,1,No
2018,February,22/2/18,14.25.00,Collision with vehicle,Thursday,No,Day,Serious injury accident,80 km/hr,144.98869,-37.8299,Non-Intersection,YARRA RANGES,Metro,7,0,2,4,4,0,1,No
2018,February,22/2/18,13.20.00,Collision with vehicle,Wednesday,No,Day,Serious injury accident,60 km/hr,145.2214,-37.98165,Intersection,DANDENONG,Metro,2,0,1,1,0,0,1,No
2018,February,23/2/18,17.30.00,Collision with object,Thursday,No,Day,Other injury accident,50 km/hr,145.13512,-37.92323,Intersection,MONASH,Metro,1,0,1,0,0,0,0,No
2018,February,23/2/18,03.30.00,Collision with object,Friday,No,Dark,Serious injury accident,80 km/hr,145.21778,-38.00213,Non-Intersection,DANDENONG,Metro,1,0,1,0,0,0,0,No
2018,February,23/2/18,06.45.00,Struck animal,Friday,No,Dusk/Dawn,Other injury accident,100 km/hr,144.19952,-36.6161,Non-Intersection,BENDIGO,Country,3,0,1,2,2,0,0,No
2018,February,23/2/18,04.40.00,Collision with object,Friday,No,Dark,Serious injury accident,100 km/hr,145.0748,-37.38125,Non-Intersection,MITCHELL,Country,1,0,1,0,0,0,0,No
2018,February,23/2/18,08.00.00,Collision with vehicle,Friday,No,Day,Other injury accident,100 km/hr,144.79588,-37.83938,Non-Intersection,WYNDHAM,Metro,2,0,2,0,0,0,0,No
2018,February,23/2/18,08.05.00,Collision with vehicle,Friday,No,Day,Serious injury accident,80 km/hr,144.66124,-37.68313,Intersection,MELTON,Metro,2,0,1,1,0,0,0,No
2018,February,23/2/18,11.19.00,Collision with vehicle,Thursday,No,Day,Other injury accident,60 km/hr,144.96057,-37.83301,Intersection,PORT PHILLIP,Metro,3,0,2,1,0,0,1,No
2018,February,23/2/18,05.37.00,Collision with vehicle,Friday,No,Dark,Other injury accident,100 km/hr,144.97774,-37.69013,Non-Intersection,WHITTLESEA,Metro,3,0,2,0,0,0,0,No
2018,February,23/2/18,09.18.00,Collision with vehicle,Friday,No,Day,Serious injury accident,40 km/hr,145.03706,-37.88474,Non-Intersection,GLEN EIRA,Metro,2,0,1,1,0,0,0,No
2018,February,23/2/18,06.35.00,Collision with object,Friday,No,Day,Other injury accident,50 km/hr,144.8476,-37.81186,Intersection,BRIMBANK,Metro,2,0,1,0,0,0,0,No
2018,February,23/2/18,09.25.00,Collision with vehicle,Friday,No,Day,Serious injury accident,100 km/hr,144.96811,-37.69128,Non-Intersection,MORELAND,Metro,6,0,3,2,2,0,1,No
2018,February,23/2/18,11.00.00,Collision with object,Friday,No,Day,Serious injury accident,80 km/hr,145.05731,-37.29607,Non-Intersection,MITCHELL,Country,1,0,1,0,0,0,1,No
2018,February,23/2/18,12.50.00,Collision with vehicle,Friday,No,Day,Other injury accident,50 km/hr,145.03059,-37.64502,Intersection,WHITTLESEA,Metro,3,0,1,2,1,1,0,No
2018,February,23/2/18,13.25.00,Collision with vehicle,Thursday,No,Day,Other injury accident,80 km/hr,145.26927,-38.07086,Non-Intersection,CASEY,Metro,5,0,3,2,3,0,1,No
2018,February,23/2/18,13.15.00,Collision with vehicle,Thursday,No,Day,Other injury accident,60 km/hr,145.09344,-37.86257,Non-Intersection,BOROONDARA,Metro,3,0,0,3,0,0,0,No
2018,February,23/2/18,09.50.00,Collision with vehicle,Friday,No,Day,Serious injury accident,60 km/hr,145.18786,-37.96335,Non-Intersection,DANDENONG,Metro,2,0,1,1,1,0,0,No
2018,February,23/2/18,11.30.00,Collision with vehicle,Friday,Yes,Day,Other injury accident,50 km/hr,145.25962,-38.0555,Non-Intersection,CASEY,Metro,1,0,0,1,0,0,0,No
2018,February,23/2/18,09.40.00,Collision with object,Friday,No,Day,Other injury accident,100 km/hr,142.49047,-37.62157,Intersection,SOUTHERN GRAMPIANS,Country,1,0,0,1,0,0,0,No
2018,February,23/2/18,07.27.00,Collision with vehicle,Friday,No,Day,Other injury accident,70 km/hr,144.88568,-37.68076,Non-Intersection,HUME,Metro,2,0,2,0,0,0,0,No
2018,February,23/2/18,13.05.00,Collision with vehicle,Thursday,No,Day,Serious injury accident,80 km/hr,143.89323,-38.27014,Non-Intersection,SURF COAST,Country,3,0,3,0,1,0,0,No
2018,February,23/2/18,08.30.00,Collision with vehicle,Friday,No,Day,Other injury accident,60 km/hr,144.98916,-37.74381,Intersection,DAREBIN,Metro,2,0,1,0,0,0,0,No
2018,February,23/2/18,15.38.00,Struck pedestrian,Friday,No,Day,Other injury accident,60 km/hr,144.96174,-37.82454,Non-Intersection,MELBOURNE,Metro,2,0,0,2,0,0,0,No
2018,February,23/2/18,15.59.00,Collision with vehicle,Friday,No,Day,Other injury accident,80 km/hr,145.25999,-37.89053,Intersection,KNOX,Metro,2,0,0,2,0,1,0,No
2018,February,23/2/18,15.40.00,Struck pedestrian,Friday,No,Day,Serious injury accident,50 km/hr,146.86216,-36.13473,Non-Intersection,WODONGA,Country,2,0,2,0,0,0,0,No
2018,February,23/2/18,16.00.00,Collision with vehicle,Friday,No,Day,Serious injury accident,60 km/hr,145.03766,-37.88888,Intersection,GLEN EIRA,Metro,5,0,1,4,3,0,0,No
2018,February,23/2/18,15.05.00,Collision with object,Friday,No,Day,Serious injury accident,100 km/hr,145.66117,-38.51774,Non-Intersection,BASS COAST,Country,1,0,0,1,0,0,0,No
2018,February,23/2/18,13.03.00,Struck pedestrian,Thursday,No,Day,Serious injury accident,60 km/hr,145.02771,-37.74063,Intersection,DAREBIN,Metro,3,0,0,3,0,0,0,No
2018,February,23/2/18,16.12.00,Collision with vehicle,Thursday,No,Day,Serious injury accident,50 km/hr,146.31282,-36.34128,Non-Intersection,WANGARATTA,Country,2,0,2,0,0,0,0,No