year,month,date,time,accident_type,day,hit_run,light_condition,severity,speed_zone,longitude,latitude,node_type,lga,state_div,total_persons,fatality,males,females,passengers,old_driver,young_driver,alcohol
2018,February,23/2/18,17.30.00,Collision with vehicle,Friday,No,Day,Other injury accident,80 km/hr,144.9375,-37.76836,Non-Intersection,MOONEE VALLEY,Metro,6,0,3,1,3,0,1,No
2018,February,23/2/18,07.00.00,Collision with object,Friday,No,Day,Other injury accident,80 km/hr,145.52555,-37.73963,Non-Intersection,YARRA RANGES,Metro,1,0,1,0,0,0,0,No
2018,February,23/2/18,18.18.00,Collision with vehicle,Friday,No,Day,Serious injury accident,60 km/hr,145.01733,-37.87387,Non-Intersection,GLEN EIRA,Metro,2,0,1,1,0,1,1,No
2018,February,23/2/18,17.40.00,Collision with vehicle,Friday,Yes,Day,Other injury accident,50 km/hr,145.07481,-37.91513,Intersection,GLEN EIRA,Metro,2,0,2,0,0,0,1,No
2018,February,23/2/18,16.30.00,Collision with vehicle,Friday,No,Day,Serious injury accident,80 km/hr,145.29322,-38.01647,Non-Intersection,CASEY,Metro,2,0,0,2,0,0,0,No
2018,February,23/2/18,13.54.00,Collision with vehicle,Friday,No,Day,Other injury accident,80 km/hr,144.71048,-37.61148,Intersection,HUME,Metro,3,0,1,2,1,0,0,No
2018,February,23/2/18,18.58.00,Struck pedestrian,Friday,No,Day,Other injury accident,60 km/hr,145.28835,-38.0987,Non-Intersection,CASEY,Metro,2,0,1,1,0,0,1,No
2018,February,23/2/18,05.30.00,Collision with object,Friday,No,Dark,Serious injury accident,80 km/hr,145.65303,-37.75568,Non-Intersection,YARRA RANGES,Metro,2,0,1,1,0,0,0,No
2018,February,23/2/18,21.15.00,Collision with vehicle,Friday,No,Dark,Serious injury accident,60 km/hr,144.81828,-37.7611,Non-Intersection,BRIMBANK,Metro,3,0,3,0,1,0,0,No
2018,February,23/2/18,20.55.00,Collision with vehicle,Friday,No,Dark,Other injury accident,80 km/hr,145.16293,-37.99296,Intersection,DANDENONG,Metro,5,0,4,1,2,0,0,No
2018,February,23/2/18,19.10.00,Collision with object,Thursday,No,Dusk/Dawn,Other injury accident,100 km/hr,146.3248,-36.87549,Non-Intersection,WANGARATTA,Country,2,0,2,0,1,0,0,No
2018,February,23/2/18,16.30.00,Collision with vehicle,Friday,No,Day,Serious injury accident,80 km/hr,145.27522,-37.88205,Intersection,KNOX,Metro,2,0,1,1,0,0,0,No
2018,February,23/2/18,21.00.00,Vehicle overturned,Friday,No,Dark,Other injury accident,60 km/hr,144.88317,-37.73396,Intersection,MOONEE VALLEY,Metro,1,0,1,0,0,0,0,No
2018,February,23/2/18,19.30.00,Collision with vehicle,Friday,No,Day,Other injury accident,60 km/hr,143.84257,-37.6006,Non-Intersection,BALLARAT,Country,2,0,2,0,0,0,0,No
2018,February,24/2/18,20.15.00,Collision with object,Saturday,No,Dark,Serious injury accident,100 km/hr,149.01311,-37.57941,Non-Intersection,EAST GIPPSLAND,Country,1,0,1,0,0,0,0,No
2018,February,24/2/18,00.23.00,Collision with vehicle,Saturday,Yes,Dark,Serious injury accident,50 km/hr,145.1633,-37.94413,Non-Intersection,DANDENONG,Metro,2,0,1,1,1,0,0,No
2018,February,24/2/18,03.30.00,Struck pedestrian,Saturday,Yes,Dark,Other injury accident,50 km/hr,143.56222,-35.33823,Non-Intersection,SWAN HILL,Country,4,0,4,0,0,0,0,Yes
2018,February,24/2/18,01.49.00,Collision with vehicle,Saturday,No,Dark,Other injury accident,80 km/hr,144.92326,-37.66173,Non-Intersection,HUME,Metro,4,0,1,2,2,0,2,No
2018,February,24/2/18,08.40.00,Collision with vehicle,Saturday,No,Day,Other injury accident,60 km/hr,144.75248,-37.79645,Non-Intersection,MELTON,Metro,2,0,1,1,0,0,0,No
2018,February,24/2/18,09.40.00,Collision with vehicle,Saturday,No,Day,Other injury accident,60 km/hr,145.04248,-37.90426,Intersection,GLEN EIRA,Metro,3,0,1,2,0,0,0,No
2018,February,24/2/18,09.39.00,Collision with vehicle,Saturday,No,Day,Serious injury accident,50 km/hr,144.43756,-37.67544,Non-Intersection,MOORABOOL,Country,3,0,2,1,0,1,0,No
2018,February,24/2/18,10.20.00,Collision with object,Saturday,No,Day,Other injury accident,100 km/hr,142.59023,-38.38417,Non-Intersection,MOYNE,Country,1,0,1,0,0,0,1,No
2018,February,24/2/18,11.40.00,Struck animal,Saturday,No,Day,Other injury accident,100 km/hr,141.72521,-37.60297,Non-Intersection,SOUTHERN GRAMPIANS,Country,1,0,1,0,0,0,1,No
2018,February,24/2/18,10.50.00,Collision with vehicle,Saturday,No,Day,Other injury accident,60 km/hr,145.12419,-38.15496,Intersection,FRANKSTON,Metro,2,0,2,0,0,0,0,No
2018,February,24/2/18,12.00.00,Collision with vehicle,Saturday,No,Day,Other injury accident,80 km/hr,145.24533,-38.00284,Intersection,CASEY,Metro,2,0,0,2,0,0,1,No
2018,February,24/2/18,11.43.00,Collision with vehicle,Friday,No,Day,Other injury accident,60 km/hr,144.97741,-37.84134,Intersection,MELBOURNE,Metro,3,0,2,1,0,0,0,No
2018,February,24/2/18,13.44.00,Collision with vehicle,Saturday,No,Day,Other injury accident,50 km/hr,144.83325,-37.77832,Non-Intersection,BRIMBANK,Metro,2,0,1,1,0,0,0,No
2018,February,24/2/18,00.50.00,Collision with object,Friday,No,Dark,Serious injury accident,60 km/hr,142.84963,-35.50746,Non-Intersection,BULOKE,Country,1,0,1,0,0,0,1,Yes
2018,February,24/2/18,14.30.00,Struck pedestrian,Saturday,No,Day,Other injury accident,60 km/hr,144.92811,-37.78801,Non-Intersection,MELBOURNE,Metro,2,0,2,0,0,0,0,No
2018,February,24/2/18,10.15.00,Struck pedestrian,Saturday,No,Day,Other injury accident,60 km/hr,144.93384,-37.73777,Intersection,MORELAND,Metro,5,0,1,4,3,0,0,No
2018,February,24/2/18,10.45.00,Struck pedestrian,Saturday,Yes,Day,Other injury accident,60 km/hr,144.83353,-37.78781,Intersection,BRIMBANK,Metro,2,0,0,1,0,0,0,No
2018,February,24/2/18,17.02.00,Collision with vehicle,Saturday,No,Day,Other injury accident,80 km/hr,144.96262,-37.8273,Non-Intersection,MELBOURNE,Metro,4,0,3,1,0,0,1,No
2018,February,24/2/18,15.00.00,Vehicle overturned,Saturday,No,Day,Other injury accident,100 km/hr,147.4246,-36.62954,Non-Intersection,TOWONG,Country,1,0,1,0,0,0,0,No
2018,February,24/2/18,14.40.00,Collision with object,Saturday,No,Day,Other injury accident,100 km/hr,146.51214,-36.57953,Non-Intersection,WANGARATTA,Country,1,0,0,1,0,0,0,No
2018,February,24/2/18,21.17.00,Collision with vehicle,Saturday,No,Dark,Other injury accident,50 km/hr,145.35182,-37.75751,Non-Intersection,YARRA RANGES,Metro,3,0,2,1,1,0,2,Yes
2018,February,24/2/18,23.00.00,Collision with vehicle,Saturday,No,Dark,Other injury accident,60 km/hr,144.9521,-37.83275,Intersection,PORT PHILLIP,Metro,2,0,1,1,0,0,1,No
2018,February,24/2/18,02.46.00,Collision with vehicle,Friday,No,Dark,Serious injury accident,80 km/hr,145.0782,-37.88703,Intersection,STONNINGTON,Metro,3,0,3,0,1,0,1,No
2018,February,24/2/18,05.48.00,Collision with object,Friday,No,Dark,Other injury accident,110 km/hr,144.62441,-37.52035,Non-Intersection,MACEDON RANGES,Country,1,0,0,1,0,0,0,No
2018,February,24/2/18,20.25.00,Collision with vehicle,Saturday,No,Dark,Other injury accident,60 km/hr,145.1808,-38.00001,Intersection,DANDENONG,Metro,4,0,1,3,2,0,0,No
2018,February,24/2/18,23.30.00,Collision with vehicle,Saturday,No,Dark,Other injury accident,40 km/hr,144.99356,-37.85056,Non-Intersection,STONNINGTON,Metro,1,0,1,0,0,0,0,No
2018,February,24/2/18,04.00.00,Collision with object,Saturday,No,Dark,Other injury accident,100 km/hr,143.5538,-35.39701,Intersection,SWAN HILL,Country,1,0,1,0,0,0,0,No
2018,February,25/2/18,15.32.00,Collision with vehicle,Sunday,No,Day,Other injury accident,80 km/hr,145.34061,-37.72811,Non-Intersection,YARRA RANGES,Metro,3,0,1,2,1,0,0,No
2018,February,25/2/18,16.30.00,Vehicle overturned,Sunday,No,Day,Other injury accident,100 km/hr,143.25546,-38.74337,Non-Intersection,COLAC OTWAY,Country,1,0,1,0,0,0,0,No
2018,February,25/2/18,15.29.00,Collision with vehicle,,No,Day,Other injury accident,60 km/hr,145.20878,-37.99876,Intersection,DANDENONG,Metro,6,0,5,0,3,0,1,No
2018,February,25/2/18,20.30.00,Collision with vehicle,Sunday,No,Dark,Serious injury accident,60 km/hr,144.77993,-37.70115,Intersection,BRIMBANK,Metro,2,0,0,2,0,0,1,No
2018,February,25/2/18,21.22.00,Collision with vehicle,Sunday,No,Dark,Other injury accident,60 km/hr,144.92436,-37.62258,Intersection,HUME,Metro,6,0,3,2,3,0,0,No
2018,February,25/2/18,23.40.00,Collision with object,,No,Dark,Other injury accident,80 km/hr,145.43182,-36.4145,Non-Intersection,SHEPPARTON,Country,1,0,1,0,0,0,0,No
2018,February,25/2/18,11.15.00,Collision with vehicle,Sunday,Yes,Day,Other injury accident,80 km/hr,145.1158,-38.01856,Non-Intersection,KINGSTON,Metro,2,0,0,1,0,0,0,No
2018,February,25/2/18,21.30.00,Vehicle overturned,Sunday,No,Dark,Other injury accident,40 km/hr,144.12946,-37.86159,Non-Intersection,GOLDEN PLAINS,Country,2,0,2,0,1,0,0,No
2018,February,25/2/18,09.30.00,Collision with vehicle,Sunday,No,Day,Serious injury accident,50 km/hr,145.02305,-37.83348,Non-Intersection,YARRA RANGES,Metro,1,0,0,1,0,0,0,No
2018,February,25/2/18,03.15.00,Struck pedestrian,,No,Dark,Other injury accident,60 km/hr,144.96435,-37.73167,Non-Intersection,MORELAND,Metro,2,0,2,0,0,0,1,No
2018,February,25/2/18,03.14.00,Collision with object,Sunday,No,Dark,Serious injury accident,100 km/hr,145.51556,-36.70127,Non-Intersection,STRATHBOGIE,Country,1,0,0,1,0,0,1,No
2018,February,25/2/18,09.25.00,Collision with vehicle,Sunday,No,Day,Serious injury accident,100 km/hr,145.332,-38.03961,Non-Intersection,CASEY,Metro,2,0,2,0,0,0,0,No
2018,February,25/2/18,11.37.00,Collision with vehicle,Sunday,No,Day,Other injury accident,70 km/hr,145.12552,-38.09229,Non-Intersection,FRANKSTON,Metro,2,0,1,1,1,0,0,No
2018,February,25/2/18,12.45.00,Collision with vehicle,,No,Day,Other injury accident,60 km/hr,143.85228,-37.57793,Intersection,BALLARAT,Country,2,0,2,0,0,0,0,No
2018,February,25/2/18,05.50.00,Collision with vehicle,Sunday,No,Dark,Serious injury accident,80 km/hr,145.36776,-37.96042,Intersection,YARRA RANGES,Metro,2,0,2,0,0,0,1,No
2018,February,25/2/18,13.30.00,Struck pedestrian,Sunday,No,Day,Other injury accident,70 km/hr,145.19366,-37.81637,Intersection,WHITEHORSE,Metro,4,0,1,3,2,0,1,No
2018,February,25/2/18,13.10.00,Collision with vehicle,Sunday,No,Day,Other injury accident,60 km/hr,145.15896,-37.80468,Non-Intersection,WHITEHORSE,Metro,7,0,4,1,3,0,0,No
2018,February,25/2/18,09.30.00,Collision with vehicle,Sunday,No,Day,Other injury accident,80 km/hr,142.11383,-34.22262,Non-Intersection,MILDURA,Country,2,0,1,1,0,1,1,No
2018,February,25/2/18,08.50.00,Collision with vehicle,Sunday,No,Day,Other injury accident,110 km/hr,146.43377,-38.24558,Non-Intersection,LATROBE,Country,2,0,1,1,0,0,0,No
2018,February,25/2/18,16.20.00,Collision with vehicle,,No,Day,Other injury accident,60 km/hr,144.26543,-36.7681,Intersection,BENDIGO,Country,2,0,2,0,0,0,0,No
2018,February,25/2/18,09.50.00,Collision with vehicle,Sunday,No,Day,Other injury accident,60 km/hr,144.8532,-37.67064,Intersection,HUME,Metro,2,0,2,0,0,0,1,No
2018,February,26/2/18,00.35.00,Collision with vehicle,Sunday,No,Dark,Other injury accident,60 km/hr,145.04446,-37.97879,Non-Intersection,BAYSIDE,Metro,1,0,0,1,0,0,1,No
2018,February,26/2/18,03.20.00,Collision with object,Monday,No,Dark,Serious injury accident,50 km/hr,145.35768,-38.04022,Intersection,CASEY,Metro,2,0,2,0,1,0,1,No
2018,February,26/2/18,05.05.00,Collision with object,Monday,No,Dark,Serious injury accident,60 km/hr,145.14092,-38.19681,Non-Intersection,FRANKSTON,Metro,1,0,1,0,0,0,0,No
2018,February,26/2/18,06.30.00,Collision with object,Monday,No,Dusk/Dawn,Other injury accident,100 km/hr,144.17108,-37.59322,Non-Intersection,MOORABOOL,Country,1,0,0,1,0,0,0,No
2018,February,26/2/18,06.20.00,Collision with vehicle,Monday,No,Dusk/Dawn,Serious injury accident,60 km/hr,144.3948,-38.18178,Intersection,GEELONG,Country,2,0,1,1,0,0,1,No
2018,February,26/2/18,08.30.00,Collision with vehicle,Sunday,No,Day,Other injury accident,70 km/hr,144.91617,-37.8077,Intersection,MELBOURNE,Metro,4,0,4,0,0,0,0,No
2018,February,26/2/18,07.00.00,Collision with vehicle,Sunday,Yes,Day,Other injury accident,60 km/hr,144.85587,-37.83202,Non-Intersection,HOBSONS BAY,Metro,2,0,0,1,0,0,1,No
2018,February,26/2/18,08.00.00,Collision with vehicle,Monday,No,Day,Other injury accident,80 km/hr,145.20509,-37.93866,Non-Intersection,DANDENONG,Metro,2,0,1,1,0,0,1,No
2018,February,26/2/18,08.00.00,Collision with vehicle,Monday,No,Day,Other injury accident,50 km/hr,145.1838,-38.11359,Non-Intersection,FRANKSTON,Metro,1,0,1,0,0,0,0,No
2018,February,26/2/18,07.15.00,Collision with vehicle,Monday,No,Day,Serious injury accident,70 km/hr,144.33264,-38.11872,Non-Intersection,GEELONG,Country,2,0,1,1,0,0,0,No
2018,February,26/2/18,08.00.00,Collision with vehicle,Monday,No,Day,Other injury accident,60 km/hr,144.756,-37.88714,Intersection,HOBSONS BAY,Metro,2,0,1,1,0,0,0,No
2018,February,26/2/18,09.25.00,Struck animal,Monday,No,Day,Other injury accident,100 km/hr,146.3166,-36.88026,Non-Intersection,WANGARATTA,Country,1,0,1,0,0,0,0,No
2018,February,26/2/18,12.00.00,Collision with object,Sunday,No,Day,Other injury accident,40 km/hr,143.25879,-38.74721,Non-Intersection,COLAC OTWAY,Country,4,0,1,1,2,0,0,No
2018,February,26/2/18,14.43.00,Collision with vehicle,Monday,No,Day,Other injury accident,60 km/hr,145.19549,-38.01226,Non-Intersection,DANDENONG,Metro,2,0,2,0,0,0,0,Yes
2018,February,26/2/18,08.45.00,Collision with vehicle,Monday,No,Day,Serious injury accident,40 km/hr,144.32015,-38.18569,Non-Intersection,GEELONG,Country,2,0,0,2,0,0,1,No
2018,February,26/2/18,07.53.00,Collision with vehicle,Monday,No,Day,Other injury accident,50 km/hr,145.07186,-37.67498,Non-Intersection,WHITTLESEA,Metro,1,0,0,1,0,0,0,No
2018,February,26/2/18,12.31.00,Collision with vehicle,Monday,No,Day,Serious injury accident,60 km/hr,144.91736,-37.71365,Intersection,MORELAND,Metro,2,0,2,0,0,1,0,No
2018,February,26/2/18,15.25.00,Collision with vehicle,Monday,Yes,Day,Other injury accident,60 km/hr,144.99669,-37.88309,Non-Intersection,PORT PHILLIP,Metro,3,0,2,1,1,0,0,No
2018,February,26/2/18,12.30.00,Collision with object,Monday,No,Day,Other injury accident,100 km/hr,147.42726,-35.95345,Non-Intersection,TOWONG,Country,1,0,1,0,0,0,0,No
2018,February,26/2/18,15.53.00,Collision with vehicle,Monday,No,Day,Serious injury accident,50 km/hr,144.55433,-37.68446,Non-Intersection,MELTON,Metro,2,0,1,1,0,0,1,No
2018,February,26/2/18,14.46.00,Collision with vehicle,Monday,No,Day,Other injury accident,70 km/hr,144.98973,-37.64825,Intersection,WHITTLESEA,Metro,8,0,4,4,3,0,0,No
2018,February,26/2/18,15.30.00,Struck pedestrian,Sunday,No,Day,Other injury accident,50 km/hr,145.02933,-37.66485,Non-Intersection,WHITTLESEA,Metro,4,0,2,2,2,0,0,No
2018,February,26/2/18,16.26.00,Collision with vehicle,Monday,No,Day,Serious injury accident,100 km/hr,144.28633,-38.13582,Non-Intersection,GEELONG,Country,2,0,1,1,0,0,0,No
2018,February,26/2/18,18.20.00,Collision with vehicle,Sunday,No,Day,Other injury accident,60 km/hr,144.35954,-38.16323,Non-Intersection,GEELONG,Country,2,0,1,1,0,0,1,No
2018,February,26/2/18,18.02.00,Struck pedestrian,Monday,Yes,Day,Other injury accident,50 km/hr,144.86552,-37.7706,Non-Intersection,MOONEE VALLEY,Metro,2,0,0,1,0,0,0,No
2018,February,26/2/18,19.25.00,Collision with vehicle,Monday,No,Day,Other injury accident,60 km/hr,146.00456,-36.00903,Intersection,MOIRA,Country,3,0,2,1,1,1,0,No
2018,February,26/2/18,20.40.00,Collision with object,Monday,No,Dark,Other injury accident,100 km/hr,143.91767,-37.91455,Non-Intersection,GOLDEN PLAINS,Country,1,0,0,1,0,0,1,No
2018,February,26/2/18,21.00.00,Struck pedestrian,Monday,No,Dark,Other injury accident,40 km/hr,144.97147,-37.77283,Non-Intersection,MORELAND,Metro,3,0,1,2,1,0,0,No
2018,February,26/2/18,23.25.00,Collision with object,Sunday,No,Dark,Other injury accident,40 km/hr,147.05394,-38.08872,Non-Intersection,WELLINGTON,Country,1,0,1,0,0,0,0,Yes
2018,February,26/2/18,21.55.00,Collision with vehicle,Monday,No,Dark,Fatal accident,60 km/hr,144.8755,-37.56818,Non-Intersection,HUME,Metro,4,1,3,1,0,0,1,No
2018,February,26/2/18,12.50.00,Collision with vehicle,Sunday,No,Day,Other injury accident,80 km/hr,145.06626,-37.68831,Intersection,WHITTLESEA,Metro,7,0,3,4,3,0,0,No
2018,February,26/2/18,17.10.00,Collision with vehicle,Monday,No,Day,Other injury accident,60 km/hr,145.02304,-37.87246,Non-Intersection,GLEN EIRA,Metro,2,0,1,1,0,0,0,No
2018,February,26/2/18,10.06.00,Struck pedestrian,Monday,Yes,Day,Other injury accident,40 km/hr,144.35731,-38.14861,Intersection,GEELONG,Country,3,0,0,0,0,0,0,No
2018,February,26/2/18,18.30.00,Collision with vehicle,Sunday,No,Day,Other injury accident,80 km/hr,145.26766,-37.99585,Non-Intersection,CASEY,Metro,3,0,3,0,0,0,0,No
2018,February,26/2/18,10.20.00,Collision with vehicle,Monday,No,Day,Serious injury accident,80 km/hr,145.13817,-37.9213,Non-Intersection,MONASH,Metro,4,0,3,1,1,0,0,No
2018,February,26/2/18,17.45.00,Collision with vehicle,Monday,No,Day,Other injury accident,60 km/hr,144.97711,-37.85975,Non-Intersection,PORT PHILLIP,Metro,3,0,2,0,1,0,0,No
2018,February,26/2/18,21.40.00,Collision with object,Monday,No,Dark,Other injury accident,80 km/hr,144.83578,-37.58485,Off Road,HUME,Metro,1,0,1,0,0,0,0,No
2018,February,26/2/18,17.00.00,Collision with vehicle,Monday,No,Unk.,Other injury accident,50 km/hr,144.95316,-37.80133,Intersection,MELBOURNE,Metro,2,0,1,1,0,0,0,No
2018,February,26/2/18,14.40.00,Collision with vehicle,Monday,No,Day,Serious injury accident,80 km/hr,146.17848,-38.2829,Non-Intersection,BAW BAW,Country,3,0,1,2,1,0,1,No
2018,February,26/2/18,11.00.00,Collision with vehicle,Monday,No,Day,Serious injury accident,50 km/hr,145.04544,-37.82037,Non-Intersection,BOROONDARA,Metro,2,0,2,0,0,0,1,No
2018,February,26/2/18,08.50.00,No collision and no object struck,Monday,No,Day,Other injury accident,60 km/hr,144.97849,-37.82329,Intersection,MELBOURNE,Metro,2,0,2,0,0,0,0,No
2018,February,27/2/18,00.30.00,Collision with object,Tuesday,No,Dark,Other injury accident,80 km/hr,145.04308,-37.87545,Non-Intersection,STONNINGTON,Metro,1,0,0,1,0,0,0,No
2018,February,27/2/18,01.00.00,Collision with vehicle,Tuesday,No,Dark,Other injury accident,50 km/hr,144.99656,-37.83484,Intersection,STONNINGTON,Metro,4,0,3,1,2,0,0,No
2018,February,27/2/18,07.30.00,Collision with vehicle,Monday,No,Dusk/Dawn,Other injury accident,60 km/hr,144.37994,-38.17996,Non-Intersection,GEELONG,Country,2,0,0,2,0,0,1,No
2018,February,27/2/18,08.20.00,Collision with vehicle,Tuesday,No,Unk.,Serious injury accident,60 km/hr,146.87386,-36.1486,Intersection,WODONGA,Country,2,0,1,1,0,0,0,No
2018,February,27/2/18,07.25.00,Collision with vehicle,Tuesday,No,Day,Other injury accident,70 km/hr,145.11288,-37.84965,Non-Intersection,WHITEHORSE,Metro,2,0,2,0,0,0,0,No
2018,February,27/2/18,07.45.00,Collision with vehicle,Tuesday,No,Unk.,Other injury accident,50 km/hr,145.05031,-37.65534,Non-Intersection,WHITTLESEA,Metro,2,0,1,1,0,0,0,No
2018,February,27/2/18,07.35.00,Collision with vehicle,Tuesday,No,Day,Other injury accident,80 km/hr,145.20828,-37.94737,Non-Intersection,DANDENONG,Metro,1,0,1,0,0,0,0,No
2018,February,27/2/18,07.30.00,Collision with vehicle,Tuesday,No,Day,Serious injury accident,60 km/hr,144.94305,-37.80544,Intersection,MELBOURNE,Metro,4,0,3,1,2,0,0,No
2018,February,27/2/18,11.00.00,Collision with vehicle,Monday,No,Day,Other injury accident,60 km/hr,143.85286,-37.55036,Non-Intersection,BALLARAT,Country,2,0,2,0,0,0,0,No
2018,February,27/2/18,11.27.00,Collision with vehicle,Tuesday,No,Day,Other injury accident,100 km/hr,145.21493,-37.89789,Non-Intersection,KNOX,Metro,3,0,3,0,0,0,1,No
2018,February,27/2/18,17.00.00,Vehicle overturned,Tuesday,No,Day,Serious injury accident,60 km/hr,145.23561,-37.64375,Intersection,NILLUMBIK,Metro,1,0,1,0,0,0,0,No
2018,February,27/2/18,08.47.00,Struck pedestrian,Tuesday,No,Day,Other injury accident,50 km/hr,145.18184,-37.88262,Intersection,MONASH,Metro,3,0,1,2,0,0,0,No
2018,February,27/2/18,13.40.00,Collision with object,Monday,No,Day,Other injury accident,50 km/hr,145.33268,-38.04179,Non-Intersection,CASEY,Metro,1,0,0,1,0,0,0,No
2018,February,27/2/18,06.35.00,Collision with vehicle,Monday,No,Day,Other injury accident,80 km/hr,145.24204,-37.97312,Non-Intersection,CASEY,Metro,3,0,3,0,0,0,0,No
2018,February,27/2/18,15.35.00,Collision with vehicle,Tuesday,No,Day,Serious injury accident,50 km/hr,145.07232,-37.95892,Non-Intersection,KINGSTON,Metro,2,0,1,1,0,0,0,No
2018,February,27/2/18,16.00.00,Collision with vehicle,Tuesday,No,Day,Serious injury accident,60 km/hr,144.94832,-37.84765,Intersection,PORT PHILLIP,Metro,2,0,2,0,0,0,0,No
2018,February,27/2/18,11.50.00,Collision with vehicle,Tuesday,No,Day,Other injury accident,60 km/hr,144.90362,-37.74188,Non-Intersection,MOONEE VALLEY,Metro,2,0,1,1,0,0,0,No
2018,February,27/2/18,15.15.00,Collision with vehicle,Tuesday,No,Day,Other injury accident,60 km/hr,144.93281,-37.62655,Non-Intersection,HUME,Metro,8,0,0,2,6,0,0,No
2018,February,27/2/18,07.45.00,Collision with vehicle,Tuesday,Yes,Day,Serious injury accident,50 km/hr,144.91977,-37.8377,Intersection,PORT PHILLIP,Metro,2,0,1,0,0,0,0,No
2018,February,27/2/18,16.19.00,Collision with vehicle,Tuesday,No,Day,Other injury accident,80 km/hr,145.21251,-38.02882,Non-Intersection,DANDENONG,Metro,4,0,4,0,0,1,0,No
2018,February,27/2/18,17.15.00,Collision with vehicle,Tuesday,No,Day,Serious injury accident,40 km/hr,144.98703,-37.80102,Intersection,YARRA RANGES,Metro,3,0,0,2,1,0,0,No
2018,February,27/2/18,15.20.00,Collision with vehicle,Tuesday,No,Day,Other injury accident,60 km/hr,145.03588,-37.89816,Intersection,GLEN EIRA,Metro,2,0,2,0,0,1,1,No
2018,February,27/2/18,17.00.00,Collision with vehicle,Monday,No,Day,Other injury accident,50 km/hr,145.03988,-37.71631,Intersection,DAREBIN,Metro,4,0,3,1,2,0,0,No
2018,February,27/2/18,11.25.00,Collision with vehicle,Tuesday,No,Day,Serious injury accident,60 km/hr,144.36404,-38.16452,Non-Intersection,GEELONG,Country,2,0,0,2,0,0,0,No
2018,February,27/2/18,15.30.00,Collision with vehicle,Monday,No,Day,Other injury accident,60 km/hr,145.06403,-37.64857,Non-Intersection,WHITTLESEA,Metro,4,0,1,3,2,0,1,No
2018,February,27/2/18,15.25.00,Collision with vehicle,Tuesday,No,Day,Serious injury accident,60 km/hr,144.32015,-38.12832,Intersection,GEELONG,Country,2,0,0,2,0,0,1,No
2018,February,27/2/18,18.40.00,Collision with vehicle,Tuesday,No,Dusk/Dawn,Other injury accident,80 km/hr,145.73301,-38.62502,Intersection,BASS COAST,Country,3,0,2,1,1,0,0,No
2018,February,27/2/18,18.25.00,Collision with vehicle,Tuesday,No,Day,Serious injury accident,40 km/hr,144.96042,-37.81059,Non-Intersection,MELBOURNE,Metro,2,0,1,1,0,0,0,No
2018,February,27/2/18,17.20.00,Collision with vehicle,Tuesday,No,Day,Other injury accident,80 km/hr,144.23827,-36.81869,Intersection,BENDIGO,Country,2,0,1,1,0,1,0,No
2018,February,27/2/18,17.45.00,Collision with vehicle,Tuesday,No,Day,Serious injury accident,80 km/hr,145.29071,-38.01461,Non-Intersection,CASEY,Metro,4,0,1,2,2,0,0,No
2018,February,27/2/18,17.00.00,Collision with vehicle,Tuesday,No,Day,Other injury accident,70 km/hr,143.87295,-37.56158,Intersection,BALLARAT,Country,4,0,2,1,2,1,0,No
2018,February,27/2/18,16.20.00,Collision with vehicle,Monday,No,Day,Other injury accident,60 km/hr,144.91259,-37.7483,Intersection,MOONEE VALLEY,Metro,2,0,1,1,0,0,0,No
2018,February,27/2/18,14.30.00,Collision with object,Monday,No,Day,Other injury accident,60 km/hr,143.83558,-37.57857,Non-Intersection,BALLARAT,Country,1,0,0,1,0,0,0,No
2018,February,27/2/18,15.47.00,Collision with vehicle,Tuesday,No,Day,Other injury accident,50 km/hr,145.13521,-38.16304,Non-Intersection,FRANKSTON,Metro,2,0,0,1,0,0,0,No
2018,February,27/2/18,17.50.00,Collision with vehicle,Tuesday,Yes,Day,Other injury accident,80 km/hr,145.15495,-37.96274,Intersection,DANDENONG,Metro,2,0,1,0,0,0,0,No
2018,February,27/2/18,15.15.00,Collision with vehicle,Tuesday,No,Day,Other injury accident,80 km/hr,145.08826,-37.8928,Non-Intersection,MONASH,Metro,3,0,3,0,0,0,0,No
2018,February,27/2/18,19.30.00,Collision with vehicle,Tuesday,No,Dark,Other injury accident,70 km/hr,145.0084,-37.65021,Non-Intersection,WHITTLESEA,Metro,5,0,4,0,1,0,1,No
2018,February,27/2/18,21.42.00,Collision with vehicle,Tuesday,No,Dark,Other injury accident,60 km/hr,144.92691,-37.7727,Intersection,MOONEE VALLEY,Metro,7,0,4,3,5,0,1,No
2018,February,27/2/18,10.30.00,Collision with object,Tuesday,No,Day,Other injury accident,70 km/hr,145.07533,-37.51057,Non-Intersection,WHITTLESEA,Metro,2,0,0,1,0,0,0,No
2018,February,27/2/18,18.00.00,Collision with vehicle,Tuesday,No,Day,Other injury accident,100 km/hr,145.08365,-37.77992,Non-Intersection,BOROONDARA,Metro,4,0,2,2,0,0,1,No
2018,February,27/2/18,06.20.00,Struck pedestrian,Monday,No,Dusk/Dawn,Other injury accident,60 km/hr,145.20473,-37.98982,Intersection,DANDENONG,Metro,2,0,0,2,0,0,0,No