year,month,date,time,accident_type,day,hit_run,light_condition,severity,speed_zone,longitude,latitude,node_type,lga,state_div,total_persons,fatality,males,females,passengers,old_driver,young_driver,alcohol
2018,February,27/2/18,07.30.00,Collision with vehicle,Tuesday,No,Day,Other injury accident,60 km/hr,145.07564,-37.84812,Intersection,BOROONDARA,Metro,3,0,1,1,0,0,0,No
2018,February,27/2/18,16.45.00,Collision with vehicle,Monday,No,Day,Other injury accident,80 km/hr,145.41233,-38.06058,Non-Intersection,CARDINIA,Metro,4,0,0,4,2,0,0,No
2018,February,27/2/18,19.00.00,Collision with vehicle,Tuesday,No,Day,Other injury accident,40 km/hr,144.96746,-37.81522,Non-Intersection,MELBOURNE,Metro,2,0,2,0,0,0,0,No
2018,February,27/2/18,19.30.00,Struck pedestrian,Tuesday,Yes,Day,Other injury accident,40 km/hr,144.89633,-37.85873,Non-Intersection,HOBSONS BAY,Metro,2,0,0,1,0,0,0,No
2018,February,27/2/18,09.00.00,Collision with vehicle,Tuesday,No,Day,Other injury accident,80 km/hr,145.00961,-37.79243,Non-Intersection,YARRA RANGES,Metro,2,0,0,2,0,0,1,No
2018,February,27/2/18,11.00.00,Collision with vehicle,Tuesday,No,Day,Other injury accident,60 km/hr,145.03603,-37.97021,Intersection,BAYSIDE,Metro,3,0,2,1,1,1,0,No
2018,February,28/2/18,05.00.00,Collision with object,Wednesday,Yes,Dark,Serious injury accident,100 km/hr,144.73984,-37.87278,Non-Intersection,WYNDHAM,Metro,3,0,3,0,1,0,0,No
2018,February,28/2/18,15.00.00,Collision with object,Wednesday,No,Day,Other injury accident,100 km/hr,144.74905,-37.75963,Non-Intersection,MELTON,Metro,2,0,2,0,0,0,0,No
2018,February,28/2/18,05.00.00,Vehicle overturned,Wednesday,No,Dark,Serious injury accident,50 km/hr,145.18641,-37.78849,Non-Intersection,MANNINGHAM,Metro,1,0,1,0,0,0,0,Yes
2018,February,28/2/18,06.37.00,Collision with vehicle,Wednesday,No,Dark,Other injury accident,70 km/hr,145.30807,-38.05603,Non-Intersection,CASEY,Metro,5,0,3,2,2,0,0,No
2018,February,28/2/18,07.15.00,Struck pedestrian,Tuesday,No,Day,Other injury accident,60 km/hr,145.40204,-36.3883,Non-Intersection,SHEPPARTON,Country,2,0,2,0,0,0,0,No
2018,February,28/2/18,08.34.00,Collision with vehicle,Wednesday,No,Day,Other injury accident,60 km/hr,145.40962,-36.3987,Intersection,SHEPPARTON,Country,2,0,2,0,0,0,0,No
2018,February,28/2/18,08.45.00,Collision with object,Wednesday,No,Day,Other injury accident,80 km/hr,145.02837,-37.68745,Non-Intersection,WHITTLESEA,Metro,1,0,1,0,0,0,0,No
2018,February,28/2/18,07.09.00,No collision and no object struck,Wednesday,No,Day,Other injury accident,100 km/hr,145.31403,-36.18469,Non-Intersection,MOIRA,Country,1,0,0,1,0,0,0,No
2018,February,28/2/18,06.30.00,No collision and no object struck,Wednesday,No,Dusk/Dawn,Other injury accident,100 km/hr,147.39104,-38.15881,Non-Intersection,WELLINGTON,Country,1,0,0,1,0,0,0,Yes
2018,February,28/2/18,09.15.00,Collision with vehicle,Tuesday,No,Day,Other injury accident,60 km/hr,144.95896,-37.78991,Intersection,MELBOURNE,Metro,4,0,2,2,2,0,0,No
2018,February,28/2/18,12.20.00,Collision with vehicle,Wednesday,No,Day,Other injury accident,80 km/hr,145.2383,-37.9727,Non-Intersection,CASEY,Metro,2,0,1,1,0,0,1,No
2018,February,28/2/18,13.10.00,Collision with vehicle,Wednesday,No,Day,Other injury accident,100 km/hr,144.6297,-36.1649,Intersection,CAMPASPE,Country,2,0,2,0,0,0,0,No
2018,February,28/2/18,11.50.00,Collision with vehicle,Wednesday,No,Day,Serious injury accident,60 km/hr,145.17844,-37.93589,Intersection,MONASH,Metro,3,0,1,2,1,0,0,No
2018,February,28/2/18,13.40.00,Collision with object,Wednesday,No,Day,Serious injury accident,110 km/hr,143.9791,-37.55337,Non-Intersection,MOORABOOL,Country,1,0,1,0,0,0,0,No
2018,February,28/2/18,07.40.00,Collision with vehicle,Wednesday,No,Day,Other injury accident,40 km/hr,145.29585,-37.88769,Intersection,KNOX,Metro,2,0,1,1,0,0,1,No
2018,February,28/2/18,12.10.00,Collision with vehicle,Wednesday,No,Day,Serious injury accident,80 km/hr,145.11289,-37.6892,Intersection,NILLUMBIK,Metro,3,0,2,1,1,0,0,No
2018,February,28/2/18,09.45.00,Collision with vehicle,Tuesday,No,Day,Other injury accident,40 km/hr,144.966,-37.75568,Intersection,MORELAND,Metro,2,0,0,2,0,0,0,No
2018,February,28/2/18,09.20.00,Collision with vehicle,Tuesday,No,Day,Other injury accident,70 km/hr,146.01133,-38.57931,Intersection,SOUTH GIPPSLAND,Country,5,0,2,3,3,0,1,No
2018,February,28/2/18,16.45.00,Collision with object,Tuesday,No,Day,Other injury accident,80 km/hr,145.25505,-37.6065,Non-Intersection,NILLUMBIK,Metro,1,0,0,1,0,0,1,No
2018,February,28/2/18,16.35.00,Collision with object,Wednesday,No,Day,Other injury accident,80 km/hr,144.93934,-37.57751,Non-Intersection,HUME,Metro,2,0,1,0,0,0,0,No
2018,February,28/2/18,17.08.00,Collision with vehicle,Wednesday,No,Day,Serious injury accident,100 km/hr,145.3861,-36.05955,Intersection,MOIRA,Country,2,0,2,0,0,0,0,No
2018,February,28/2/18,18.30.00,Collision with vehicle,Wednesday,No,Dusk/Dawn,Other injury accident,80 km/hr,145.15726,-37.92545,Intersection,MONASH,Metro,3,0,2,1,1,0,0,No
2018,February,28/2/18,11.45.00,Collision with vehicle,Wednesday,No,Day,Other injury accident,60 km/hr,144.95531,-37.77083,Non-Intersection,MORELAND,Metro,2,0,0,1,0,0,0,No
2018,February,28/2/18,17.28.00,Collision with vehicle,Wednesday,No,Day,Serious injury accident,100 km/hr,144.67826,-37.74601,Non-Intersection,MELTON,Metro,4,0,3,1,2,0,0,Yes
2018,February,28/2/18,17.10.00,Collision with vehicle,Wednesday,No,Day,Serious injury accident,60 km/hr,142.20494,-36.72305,Intersection,HORSHAM,Country,2,0,2,0,0,0,0,No
2018,February,28/2/18,22.40.00,Collision with vehicle,Wednesday,No,Dark,Other injury accident,60 km/hr,144.28425,-36.75551,Intersection,BENDIGO,Country,2,0,2,0,0,0,0,No
2018,February,28/2/18,21.45.00,Collision with vehicle,Wednesday,No,Dark,Other injury accident,80 km/hr,145.23947,-37.97633,Non-Intersection,CASEY,Metro,6,0,2,4,2,0,1,No
2018,February,28/2/18,15.28.00,Collision with vehicle,Wednesday,No,Day,Serious injury accident,100 km/hr,144.68972,-37.74133,Non-Intersection,MELTON,Metro,3,0,2,1,0,0,0,No
2018,February,28/2/18,20.55.00,Struck pedestrian,Wednesday,No,Dark,Other injury accident,40 km/hr,144.97103,-37.77581,Non-Intersection,MORELAND,Metro,2,0,2,0,0,0,0,No
2018,February,28/2/18,05.40.00,Struck pedestrian,Tuesday,Yes,Dark,Other injury accident,50 km/hr,144.41549,-37.68646,Non-Intersection,MOORABOOL,Country,2,0,2,0,0,0,1,No
2018,February,28/2/18,10.15.00,Collision with vehicle,Tuesday,No,Day,Other injury accident,60 km/hr,144.98558,-37.84299,Intersection,STONNINGTON,Metro,2,0,1,0,0,0,0,No
2018,February,28/2/18,18.15.00,Collision with vehicle,Wednesday,No,Day,Serious injury accident,80 km/hr,145.23047,-38.1066,Non-Intersection,FRANKSTON,Metro,5,0,1,4,2,0,0,No
2018,February,28/2/18,06.00.00,Vehicle overturned,Wednesday,No,Dark,Serious injury accident,100 km/hr,141.30142,-37.79271,Non-Intersection,GLENELG,Country,1,0,1,0,0,0,0,No
2018,February,28/2/18,09.30.00,Collision with vehicle,Wednesday,No,Day,Other injury accident,60 km/hr,144.99387,-37.86568,Intersection,PORT PHILLIP,Metro,2,0,1,1,0,1,0,No
2018,February,28/2/18,17.50.00,Collision with vehicle,Tuesday,No,Day,Other injury accident,40 km/hr,144.95696,-37.78453,Intersection,MELBOURNE,Metro,2,0,1,1,0,0,1,No
2018,February,28/2/18,17.00.00,Collision with vehicle,Wednesday,No,Day,Serious injury accident,80 km/hr,144.70374,-37.75321,Intersection,MELTON,Metro,4,0,1,3,1,0,0,No
2018,February,28/2/18,08.30.00,Collision with vehicle,Wednesday,No,Day,Other injury accident,60 km/hr,144.89348,-37.79239,Intersection,MARIBYRNONG,Metro,2,0,0,2,0,0,0,No
2018,February,28/2/18,06.45.00,Collision with vehicle,Wednesday,No,Dusk/Dawn,Other injury accident,60 km/hr,144.97017,-37.85373,Intersection,PORT PHILLIP,Metro,2,0,1,1,0,0,0,No
2018,March,1/3/18,07.50.00,Collision with object,Thursday,No,Day,Serious injury accident,100 km/hr,144.20088,-36.82158,Non-Intersection,BENDIGO,Country,1,0,0,1,0,0,0,No
2018,March,1/3/18,07.50.00,Collision with object,Thursday,No,Day,Other injury accident,80 km/hr,145.17147,-37.64978,Non-Intersection,NILLUMBIK,Metro,1,0,0,1,0,0,0,No
2018,March,1/3/18,11.07.00,Collision with vehicle,Thursday,No,Day,Serious injury accident,60 km/hr,144.83351,-37.79628,Non-Intersection,BRIMBANK,Metro,2,0,2,0,0,0,0,No
2018,March,1/3/18,08.00.00,Vehicle overturned,Thursday,No,Day,Serious injury accident,80 km/hr,144.38998,-38.07036,Intersection,GEELONG,Country,1,0,1,0,0,0,0,No
2018,March,1/3/18,06.30.00,Collision with vehicle,Thursday,No,Dusk/Dawn,Other injury accident,60 km/hr,144.7375,-37.82404,Intersection,WYNDHAM,Metro,2,0,1,1,0,0,0,No
2018,March,1/3/18,22.00.00,Struck pedestrian,Thursday,No,Dark,Other injury accident,50 km/hr,144.78953,-38.36685,Non-Intersection,MORNINGTON PENINSULA,Metro,2,0,1,1,0,0,0,No
2018,March,1/3/18,09.17.00,Collision with vehicle,Thursday,No,Day,Other injury accident,60 km/hr,144.7017,-37.8772,Intersection,WYNDHAM,Metro,2,0,2,0,0,1,0,No
2018,March,1/3/18,14.15.00,Struck pedestrian,Thursday,No,Day,Other injury accident,40 km/hr,144.9904,-37.78779,Non-Intersection,YARRA RANGES,Metro,2,0,1,1,0,0,0,No
2018,March,1/3/18,11.50.00,Struck pedestrian,Thursday,No,Day,Other injury accident,60 km/hr,145.03074,-37.87343,Non-Intersection,GLEN EIRA,Metro,2,0,1,1,0,0,0,No
2018,March,1/3/18,10.50.00,Vehicle overturned,Thursday,No,Day,Other injury accident,80 km/hr,142.13043,-34.23627,Non-Intersection,MILDURA,Country,1,0,1,0,0,0,0,No
2018,March,1/3/18,10.45.00,Collision with vehicle,Thursday,No,Day,Other injury accident,60 km/hr,145.29243,-37.78662,Intersection,MAROONDAH,Metro,2,0,1,1,0,0,1,No
2018,March,1/3/18,11.50.00,No collision and no object struck,Thursday,No,Day,Other injury accident,60 km/hr,145.01355,-37.75704,Non-Intersection,DAREBIN,Metro,1,0,1,0,0,0,0,No
2018,March,1/3/18,16.10.00,Collision with vehicle,Thursday,No,Day,Other injury accident,50 km/hr,142.48463,-38.38656,Non-Intersection,WARRNAMBOOL,Country,6,0,2,1,4,0,1,No
2018,March,1/3/18,15.34.00,Collision with vehicle,Wednesday,No,Day,Other injury accident,70 km/hr,145.26873,-37.8255,Non-Intersection,MAROONDAH,Metro,3,0,2,1,0,0,3,No
2018,March,1/3/18,18.05.00,Collision with vehicle,Thursday,No,Day,Other injury accident,60 km/hr,145.28279,-38.11303,Intersection,CASEY,Metro,5,0,4,1,3,0,1,No
2018,March,1/3/18,15.20.00,Struck pedestrian,Thursday,No,Day,Serious injury accident,60 km/hr,144.35947,-38.15621,Intersection,GEELONG,Country,2,0,1,1,0,0,1,No
2018,March,1/3/18,14.35.00,Collision with vehicle,Thursday,No,Unk.,Other injury accident,60 km/hr,144.70445,-37.86092,Intersection,WYNDHAM,Metro,2,0,1,1,0,0,0,No
2018,March,1/3/18,17.40.00,Collision with vehicle,Thursday,No,Day,Other injury accident,110 km/hr,146.07862,-38.20472,Non-Intersection,BAW BAW,Country,7,0,3,4,1,0,1,No
2018,March,1/3/18,16.53.00,Collision with vehicle,Wednesday,No,Day,Other injury accident,60 km/hr,144.88946,-37.73357,Non-Intersection,MOONEE VALLEY,Metro,4,0,3,1,2,0,0,No
2018,March,1/3/18,21.25.00,Struck animal,Wednesday,No,Dark,Other injury accident,100 km/hr,144.19345,-36.72449,Non-Intersection,BENDIGO,Country,1,0,1,0,0,0,0,No
2018,March,1/3/18,18.58.00,Collision with vehicle,Thursday,No,Day,Serious injury accident,80 km/hr,145.16924,-37.85496,Intersection,WHITEHORSE,Metro,3,0,2,1,1,0,1,No
2018,March,1/3/18,14.30.00,Collision with vehicle,Thursday,No,Day,Other injury accident,80 km/hr,145.13578,-37.9198,Intersection,MONASH,Metro,2,0,2,0,0,0,0,No
2018,March,1/3/18,19.42.00,Collision with object,Wednesday,No,Day,Serious injury accident,50 km/hr,145.01632,-37.91399,Non-Intersection,BAYSIDE,Metro,1,0,1,0,0,0,0,No
2018,March,1/3/18,05.30.00,Vehicle overturned,Thursday,No,Dark,Serious injury accident,60 km/hr,145.24792,-37.80927,Non-Intersection,MAROONDAH,Metro,1,0,1,0,0,0,0,No
2018,March,1/3/18,21.45.00,Collision with object,Wednesday,No,Dark,Serious injury accident,60 km/hr,145.20603,-38.35349,Non-Intersection,MORNINGTON PENINSULA,Metro,1,0,1,0,0,0,0,No
2018,March,1/3/18,23.30.00,No collision and no object struck,Thursday,No,Dark,Fatal accident,80 km/hr,145.17781,-38.13451,Non-Intersection,FRANKSTON,Metro,1,1,1,0,0,0,0,No
2018,March,1/3/18,21.50.00,Collision with vehicle,Thursday,No,Dark,Other injury accident,60 km/hr,145.02437,-37.73462,Intersection,DAREBIN,Metro,3,0,3,0,0,0,0,No
2018,March,1/3/18,08.25.00,Collision with vehicle,Thursday,No,Day,Other injury accident,60 km/hr,145.28973,-38.11389,Intersection,CASEY,Metro,2,0,0,2,0,0,0,No
2018,March,1/3/18,13.10.00,Collision with vehicle,Wednesday,No,Day,Other injury accident,40 km/hr,144.06347,-38.12048,Non-Intersection,SURF COAST,Country,2,0,2,0,0,0,0,No
2018,March,1/3/18,12.40.00,Collision with vehicle,Wednesday,No,Day,Other injury accident,80 km/hr,144.94943,-37.63092,Non-Intersection,HUME,Metro,3,0,3,0,0,0,1,No
2018,March,2/3/18,15.15.00,Collision with vehicle,Friday,No,Unk.,Other injury accident,100 km/hr,145.16218,-38.10934,Non-Intersection,FRANKSTON,Metro,3,0,3,0,0,0,1,No
2018,March,2/3/18,15.21.00,Collision with vehicle,Friday,No,Day,Other injury accident,50 km/hr,145.04324,-37.90034,Intersection,GLEN EIRA,Metro,2,0,0,2,0,0,0,No
2018,March,2/3/18,09.30.00,Collision with vehicle,Friday,No,Day,Other injury accident,50 km/hr,144.99144,-37.82051,Non-Intersection,YARRA RANGES,Metro,2,0,0,2,0,0,1,No
2018,March,2/3/18,17.20.00,Collision with vehicle,Friday,No,Day,Other injury accident,60 km/hr,144.29595,-36.75802,Non-Intersection,BENDIGO,Country,2,0,0,2,0,0,1,No
2018,March,2/3/18,22.05.00,Collision with object,Friday,No,Dark,Other injury accident,100 km/hr,144.76064,-37.79749,Non-Intersection,BRIMBANK,Metro,1,0,1,0,0,0,0,Yes
2018,March,2/3/18,09.40.00,Collision with vehicle,Thursday,No,Day,Other injury accident,80 km/hr,144.95844,-37.82824,Non-Intersection,MELBOURNE,Metro,3,0,1,2,0,0,0,No
2018,March,2/3/18,08.30.00,Vehicle overturned,Friday,No,Day,Other injury accident,40 km/hr,144.97847,-37.79834,Intersection,YARRA RANGES,Metro,2,0,0,1,0,0,0,No
2018,March,2/3/18,15.50.00,Collision with vehicle,Friday,No,Day,Other injury accident,80 km/hr,145.28788,-37.88879,Non-Intersection,KNOX,Metro,2,0,1,1,0,0,0,No
2018,March,2/3/18,08.50.00,Collision with vehicle,Friday,No,Day,Other injury accident,40 km/hr,144.99077,-37.78928,Off Road,YARRA RANGES,Metro,2,0,2,0,0,0,0,No
2018,March,2/3/18,09.20.00,Collision with vehicle,Friday,No,Day,Other injury accident,60 km/hr,146.53081,-38.18307,Intersection,LATROBE,Country,2,0,0,2,0,0,1,No
2018,March,2/3/18,17.15.00,Collision with vehicle,Thursday,No,Day,Other injury accident,80 km/hr,145.27334,-38.0063,Intersection,CASEY,Metro,3,0,1,2,1,0,0,No
2018,March,2/3/18,15.50.00,Collision with vehicle,Friday,No,Day,Other injury accident,50 km/hr,145.61056,-37.78171,Non-Intersection,YARRA RANGES,Metro,2,0,2,0,0,0,0,No
2018,March,2/3/18,11.30.00,Vehicle overturned,Friday,No,Day,Other injury accident,100 km/hr,144.87715,-37.17196,Non-Intersection,MITCHELL,Country,1,0,0,1,0,0,0,No
2018,March,2/3/18,07.15.00,Collision with vehicle,Thursday,No,Day,Other injury accident,90 km/hr,144.97793,-37.39717,Non-Intersection,MITCHELL,Country,3,0,2,1,1,0,1,No
2018,March,2/3/18,15.47.00,Struck pedestrian,Thursday,No,Day,Other injury accident,60 km/hr,145.12317,-37.85659,Non-Intersection,MONASH,Metro,2,0,0,2,0,0,0,No
2018,March,2/3/18,05.30.00,Collision with vehicle,Friday,No,Dark,Serious injury accident,60 km/hr,143.85921,-37.53933,Intersection,BALLARAT,Country,1,0,1,0,0,0,0,No
2018,March,2/3/18,05.40.00,Collision with vehicle,Friday,No,Dusk/Dawn,Other injury accident,60 km/hr,145.02371,-37.65188,Intersection,WHITTLESEA,Metro,3,0,3,0,1,0,0,No
2018,March,2/3/18,06.00.00,Collision with object,Thursday,No,Dark,Serious injury accident,80 km/hr,145.31435,-36.40104,Non-Intersection,SHEPPARTON,Country,1,0,1,0,0,0,0,No
2018,March,2/3/18,04.00.00,Collision with object,Thursday,No,Dark,Serious injury accident,110 km/hr,145.06933,-37.18303,Non-Intersection,MITCHELL,Country,1,0,1,0,0,0,0,No
2018,March,2/3/18,09.00.00,Collision with vehicle,Friday,No,Day,Other injury accident,50 km/hr,145.15712,-38.16557,Intersection,FRANKSTON,Metro,2,0,1,1,0,0,0,No
2018,March,2/3/18,07.10.00,Collision with object,Friday,No,Dusk/Dawn,Serious injury accident,110 km/hr,145.58437,-36.76894,Non-Intersection,STRATHBOGIE,Country,2,0,1,1,1,0,1,No
2018,March,2/3/18,11.03.00,Collision with vehicle,Friday,No,Day,Other injury accident,70 km/hr,145.26345,-37.80056,Intersection,MAROONDAH,Metro,2,0,0,2,0,0,0,No
2018,March,2/3/18,10.25.00,Collision with vehicle,Friday,No,Day,Other injury accident,60 km/hr,143.82112,-37.5711,Non-Intersection,BALLARAT,Country,3,0,2,1,1,1,0,No
2018,March,2/3/18,11.13.00,Collision with vehicle,Friday,No,Day,Serious injury accident,110 km/hr,144.25709,-37.01492,Non-Intersection,MOUNT ALEXANDER,Country,2,0,2,0,0,0,0,No
2018,March,2/3/18,13.16.00,Struck pedestrian,Friday,No,Day,Other injury accident,60 km/hr,145.12354,-37.8195,Non-Intersection,WHITEHORSE,Metro,2,0,2,0,0,1,0,No
2018,March,2/3/18,13.52.00,Collision with vehicle,Friday,No,Day,Other injury accident,60 km/hr,145.19354,-37.81495,Intersection,WHITEHORSE,Metro,2,0,1,1,0,2,0,No
2018,March,2/3/18,13.50.00,Collision with vehicle,Friday,No,Day,Other injury accident,60 km/hr,145.15073,-37.85991,Non-Intersection,MONASH,Metro,4,0,2,2,1,0,0,No
2018,March,2/3/18,07.10.00,Collision with vehicle,Friday,No,Dusk/Dawn,Other injury accident,60 km/hr,145.30023,-38.08513,Non-Intersection,CASEY,Metro,3,0,2,1,0,0,0,No
2018,March,2/3/18,13.36.00,Collision with vehicle,Friday,No,Day,Other injury accident,60 km/hr,144.30618,-36.73203,Intersection,BENDIGO,Country,2,0,1,1,0,0,0,No
2018,March,2/3/18,14.00.00,Collision with object,Friday,No,Day,Serious injury accident,70 km/hr,144.35425,-38.11231,Non-Intersection,GEELONG,Country,1,0,0,1,0,0,0,No
2018,March,2/3/18,14.45.00,Collision with vehicle,Friday,No,Day,Other injury accident,60 km/hr,141.63171,-38.12708,Intersection,GLENELG,Country,3,0,2,1,1,1,0,No
2018,March,2/3/18,16.40.00,Collision with vehicle,Friday,Yes,Day,Other injury accident,30km/hr,144.82037,-37.7763,Intersection,BRIMBANK,Metro,3,0,0,2,1,0,1,No
2018,March,2/3/18,11.05.00,Collision with vehicle,Friday,No,Day,Fatal accident,50 km/hr,144.806,-37.73951,Non-Intersection,BRIMBANK,Metro,1,1,1,0,0,0,0,No
2018,March,2/3/18,16.48.00,Collision with vehicle,Friday,No,Day,Other injury accident,60 km/hr,145.15075,-37.85977,Intersection,MONASH,Metro,2,0,2,0,0,0,1,No
2018,March,2/3/18,19.00.00,Collision with vehicle,Friday,No,Dusk/Dawn,Other injury accident,40 km/hr,144.9885,-37.7779,Intersection,YARRA RANGES,Metro,3,0,1,2,1,0,0,No
2018,March,2/3/18,19.00.00,Struck pedestrian,Friday,No,Dusk/Dawn,Serious injury accident,60 km/hr,145.10711,-37.9418,Intersection,KINGSTON,Metro,2,0,1,1,0,0,0,No
2018,March,2/3/18,19.46.00,Collision with vehicle,Thursday,No,Day,Other injury accident,60 km/hr,145.30692,-38.01399,Non-Intersection,CASEY,Metro,2,0,1,1,0,0,0,No
2018,March,2/3/18,21.30.00,Collision with vehicle,Thursday,Yes,Unk.,Other injury accident,40 km/hr,144.96277,-37.81213,Non-Intersection,MELBOURNE,Metro,2,0,1,0,0,0,0,No
2018,March,2/3/18,16.50.00,Collision with vehicle,Friday,No,Day,Other injury accident,100 km/hr,145.16132,-37.90909,Non-Intersection,MONASH,Metro,2,0,1,1,0,0,0,No
2018,March,2/3/18,18.10.00,Collision with vehicle,Friday,No,Day,Other injury accident,80 km/hr,145.2524,-38.10937,Intersection,CASEY,Metro,4,0,1,1,2,0,0,No
2018,March,2/3/18,13.18.00,Collision with vehicle,Thursday,Yes,Day,Other injury accident,80 km/hr,145.29952,-38.02109,Non-Intersection,CASEY,Metro,4,0,3,1,1,0,0,No
2018,March,3/3/18,00.40.00,Collision with vehicle,Saturday,No,Dark,Serious injury accident,70 km/hr,145.3288,-38.0588,Non-Intersection,CASEY,Metro,8,0,7,1,6,0,1,Yes
2018,March,3/3/18,03.30.00,Collision with object,Saturday,No,Dark,Serious injury accident,60 km/hr,142.23104,-38.37167,Non-Intersection,MOYNE,Country,1,0,1,0,0,0,1,No
2018,March,3/3/18,06.08.00,Collision with vehicle,Saturday,Yes,Dark,Other injury accident,70 km/hr,145.12542,-38.0914,Non-Intersection,FRANKSTON,Metro,2,0,1,0,0,0,0,No
2018,March,3/3/18,08.10.00,Collision with vehicle,Saturday,No,Day,Other injury accident,100 km/hr,145.14158,-38.37568,Intersection,MORNINGTON PENINSULA,Metro,2,0,1,1,0,1,0,No
2018,March,3/3/18,02.30.00,Struck pedestrian,Saturday,No,Dark,Fatal accident,40 km/hr,144.88159,-37.69385,Non-Intersection,HUME,Metro,2,1,1,1,0,0,0,No
2018,March,3/3/18,08.30.00,Collision with vehicle,Friday,No,Day,Other injury accident,70 km/hr,145.10206,-37.91145,Non-Intersection,MONASH,Metro,2,0,1,1,0,0,0,No
2018,March,3/3/18,06.50.00,Vehicle overturned,Saturday,No,Dusk/Dawn,Other injury accident,100 km/hr,143.34874,-35.85078,Non-Intersection,BULOKE,Country,1,0,1,0,0,0,0,No
2018,March,3/3/18,07.20.00,Collision with vehicle,Saturday,No,Day,Other injury accident,50 km/hr,144.98039,-37.85798,Intersection,PORT PHILLIP,Metro,4,0,1,1,2,0,0,No
2018,March,3/3/18,10.10.00,Collision with vehicle,Friday,No,Day,Other injury accident,60 km/hr,145.36041,-37.91312,Intersection,YARRA RANGES,Metro,4,0,2,2,2,0,0,No
2018,March,3/3/18,08.50.00,Collision with vehicle,Saturday,No,Day,Serious injury accident,60 km/hr,145.19629,-37.99137,Intersection,DANDENONG,Metro,4,0,1,3,2,0,0,No
2018,March,3/3/18,10.00.00,Collision with vehicle,Friday,No,Day,Other injury accident,40 km/hr,144.95911,-37.81764,Intersection,MELBOURNE,Metro,3,0,2,1,1,0,0,No
2018,March,3/3/18,09.18.00,Collision with object,Saturday,No,Day,Serious injury accident,50 km/hr,144.41264,-38.02221,Non-Intersection,GEELONG,Country,1,0,1,0,0,0,0,No
2018,March,3/3/18,11.00.00,Collision with vehicle,Saturday,No,Day,Other injury accident,60 km/hr,145.12477,-38.12198,Non-Intersection,FRANKSTON,Metro,2,0,2,0,0,0,0,No
2018,March,3/3/18,06.30.00,Collision with object,Saturday,No,Dark,Other injury accident,60 km/hr,145.1943,-37.82396,Non-Intersection,WHITEHORSE,Metro,1,0,1,0,0,0,1,No
2018,March,3/3/18,07.00.00,Collision with vehicle,Saturday,No,Day,Other injury accident,40 km/hr,145.00541,-37.8535,Non-Intersection,STONNINGTON,Metro,2,0,1,1,0,0,0,Yes
2018,March,3/3/18,12.00.00,Collision with vehicle,Saturday,No,Day,Serious injury accident,50 km/hr,145.04573,-37.87155,Intersection,STONNINGTON,Metro,3,0,0,3,1,0,0,No
2018,March,3/3/18,14.33.00,Collision with vehicle,Saturday,No,Day,Serious injury accident,40 km/hr,144.95956,-37.81862,Intersection,MELBOURNE,Metro,3,0,3,0,1,0,1,No
2018,March,3/3/18,12.50.00,Collision with vehicle,Friday,No,Day,Other injury accident,80 km/hr,147.00702,-36.14145,Intersection,WODONGA,Country,4,0,0,4,2,0,1,No
2018,March,3/3/18,13.00.00,Collision with vehicle,Saturday,No,Day,Serious injury accident,70 km/hr,145.19152,-38.11686,Intersection,FRANKSTON,Metro,4,0,2,1,2,0,0,No
2018,March,3/3/18,11.37.00,Collision with vehicle,Friday,No,Day,Other injury accident,60 km/hr,145.0525,-37.88807,Intersection,GLEN EIRA,Metro,2,0,1,1,0,1,1,No
2018,March,3/3/18,15.35.00,Collision with object,Saturday,No,Day,Other injury accident,50 km/hr,145.13744,-37.78916,Intersection,MANNINGHAM,Metro,2,0,1,1,1,1,0,No
2018,March,3/3/18,15.00.00,Collision with object,Saturday,No,Day,Serious injury accident,100 km/hr,145.73588,-36.59965,Non-Intersection,STRATHBOGIE,Country,1,0,1,0,0,0,1,No
2018,March,3/3/18,14.43.00,Collision with vehicle,Saturday,No,Day,Other injury accident,60 km/hr,144.98223,-37.88604,Intersection,PORT PHILLIP,Metro,2,0,2,0,0,0,0,No
2018,March,3/3/18,16.00.00,Collision with object,Saturday,No,Day,Serious injury accident,80 km/hr,144.12022,-37.35167,Intersection,HEPBURN,Country,1,0,1,0,0,0,0,No
2018,March,3/3/18,14.48.00,Collision with vehicle,Saturday,No,Day,Serious injury accident,100 km/hr,145.16016,-38.17918,Non-Intersection,FRANKSTON,Metro,3,0,2,1,0,0,1,No
2018,March,3/3/18,16.18.00,Collision with object,Saturday,No,Day,Serious injury accident,80 km/hr,144.55527,-37.74527,Non-Intersection,MELTON,Metro,1,0,0,1,0,0,0,No
2018,March,3/3/18,11.45.00,Collision with vehicle,Saturday,No,Day,Other injury accident,50 km/hr,145.07399,-37.91498,Non-Intersection,GLEN EIRA,Metro,2,0,1,1,0,0,0,No
2018,March,3/3/18,18.35.00,Collision with object,Saturday,No,Day,Other injury accident,100 km/hr,144.38645,-36.85433,Non-Intersection,BENDIGO,Country,1,0,1,0,0,0,0,No
2018,March,3/3/18,16.12.00,Collision with object,Saturday,No,Day,Other injury accident,100 km/hr,142.74621,-37.31132,Non-Intersection,ARARAT,Country,2,0,1,1,1,0,0,No
2018,March,3/3/18,16.00.00,Collision with object,Saturday,No,Day,Serious injury accident,80 km/hr,144.81517,-37.82805,Non-Intersection,WYNDHAM,Metro,1,0,1,0,0,0,0,No