year,month,date,time,accident_type,day,hit_run,light_condition,severity,speed_zone,longitude,latitude,node_type,lga,state_div,total_persons,fatality,males,females,passengers,old_driver,young_driver,alcohol
2018,March,3/3/18,03.00.00,Collision with object,Saturday,No,Dark,Other injury accident,60 km/hr,146.3266,-36.35529,Intersection,WANGARATTA,Country,3,0,2,1,1,0,1,No
2018,March,3/3/18,22.00.00,Collision with vehicle,Friday,No,Dark,Other injury accident,60 km/hr,145.64575,-35.92087,Intersection,MOIRA,Country,1,0,1,0,0,0,1,No
2018,March,3/3/18,14.50.00,Vehicle overturned,Saturday,No,Day,Other injury accident,100 km/hr,148.94746,-37.73703,Non-Intersection,EAST GIPPSLAND,Country,1,0,1,0,0,0,0,No
2018,March,3/3/18,12.30.00,Struck pedestrian,Saturday,No,Day,Other injury accident,60 km/hr,144.99064,-37.81378,Intersection,MELBOURNE,Metro,2,0,0,2,0,0,1,No
2018,March,3/3/18,16.00.00,Vehicle overturned,Friday,Yes,Day,Serious injury accident,70 km/hr,144.35354,-38.1116,Non-Intersection,GEELONG,Country,2,0,1,0,0,0,0,No
2018,March,3/3/18,15.30.00,Collision with vehicle,Saturday,No,Day,Other injury accident,60 km/hr,144.33412,-38.1526,Intersection,GEELONG,Country,3,0,2,1,1,0,1,No
2018,March,3/3/18,13.00.00,Collision with vehicle,Friday,No,Day,Other injury accident,50 km/hr,144.88887,-37.64294,Non-Intersection,HUME,Metro,2,0,2,0,0,0,0,No
2018,March,3/3/18,13.30.00,Vehicle overturned,Saturday,Yes,Day,Other injury accident,50 km/hr,144.99214,-37.87632,Intersection,PORT PHILLIP,Metro,2,0,2,0,0,0,0,No
2018,March,3/3/18,14.00.00,Vehicle overturned,Saturday,No,Day,Other injury accident,100 km/hr,145.75265,-37.51156,Non-Intersection,MURRINDINDI,Country,1,0,1,0,0,0,0,No
2018,March,4/3/18,01.15.00,No collision and no object struck,Sunday,No,Dark,Other injury accident,50 km/hr,143.92032,-35.73505,Intersection,GANNAWARRA,Country,1,0,1,0,0,0,0,Yes
2018,March,4/3/18,00.55.00,Collision with vehicle,,No,Dark,Other injury accident,60 km/hr,145.01755,-37.66319,Non-Intersection,WHITTLESEA,Metro,4,0,1,2,1,0,1,No
2018,March,4/3/18,03.25.00,Collision with object,,No,Dark,Other injury accident,60 km/hr,145.09556,-37.63757,Non-Intersection,WHITTLESEA,Metro,1,0,1,0,0,0,1,No
2018,March,4/3/18,08.00.00,No collision and no object struck,Sunday,No,Day,Serious injury accident,70 km/hr,144.33932,-38.21165,Non-Intersection,GEELONG,Country,1,0,1,0,0,0,0,No
2018,March,4/3/18,09.06.00,Collision with vehicle,,Yes,Day,Other injury accident,60 km/hr,144.35411,-38.1617,Intersection,GEELONG,Country,2,0,1,0,0,0,0,No
2018,March,4/3/18,11.40.00,Collision with vehicle,Sunday,No,Day,Other injury accident,70 km/hr,145.00093,-37.85912,Non-Intersection,PORT PHILLIP,Metro,2,0,1,1,0,0,0,No
2018,March,4/3/18,12.50.00,Collision with vehicle,Sunday,No,Day,Other injury accident,70 km/hr,144.35075,-38.13228,Intersection,GEELONG,Country,4,0,1,2,2,0,0,No
2018,March,4/3/18,13.55.00,Collision with vehicle,Sunday,No,Day,Other injury accident,50 km/hr,144.91878,-37.73195,Intersection,MOONEE VALLEY,Metro,2,0,2,0,0,0,0,No
2018,March,4/3/18,13.00.00,Collision with vehicle,Sunday,No,Day,Other injury accident,50 km/hr,145.12952,-37.87298,Intersection,MONASH,Metro,3,0,2,1,1,0,2,No
2018,March,4/3/18,10.56.00,Collision with vehicle,Sunday,No,Day,Other injury accident,60 km/hr,144.9583,-37.79372,Intersection,MELBOURNE,Metro,2,0,2,0,0,1,0,No
2018,March,4/3/18,14.50.00,Collision with vehicle,,No,Day,Other injury accident,60 km/hr,144.98993,-37.89571,Intersection,BAYSIDE,Metro,4,0,1,2,2,0,1,No
2018,March,4/3/18,17.04.00,Collision with object,Sunday,No,Day,Other injury accident,100 km/hr,147.6223,-37.90103,Non-Intersection,EAST GIPPSLAND,Country,1,0,1,0,0,0,1,No
2018,March,4/3/18,14.00.00,Collision with vehicle,,No,Day,Other injury accident,80 km/hr,145.30127,-38.05492,Intersection,CASEY,Metro,9,0,6,3,6,0,1,No
2018,March,4/3/18,17.00.00,Collision with vehicle,Sunday,Yes,Day,Other injury accident,50 km/hr,144.34623,-38.18962,Intersection,GEELONG,Country,2,0,1,0,0,0,0,No
2018,March,4/3/18,16.35.00,Struck pedestrian,Sunday,No,Day,Serious injury accident,50 km/hr,144.17448,-38.40579,Non-Intersection,SURF COAST,Country,1,0,1,0,0,0,0,No
2018,March,4/3/18,20.00.00,Collision with vehicle,Sunday,Yes,Day,Other injury accident,60 km/hr,145.04609,-37.75114,Intersection,BANYULE,Metro,2,0,2,0,0,0,0,No
2018,March,4/3/18,18.38.00,Collision with vehicle,Sunday,Yes,Day,Serious injury accident,70 km/hr,145.36986,-38.04755,Non-Intersection,CARDINIA,Metro,2,0,2,0,0,0,0,No
2018,March,4/3/18,19.10.00,Vehicle overturned,,No,Day,Other injury accident,100 km/hr,145.61142,-38.18433,Non-Intersection,CARDINIA,Metro,1,0,0,1,0,0,1,No
2018,March,4/3/18,19.30.00,Collision with vehicle,Sunday,No,Day,Other injury accident,80 km/hr,145.16322,-37.89469,Non-Intersection,MONASH,Metro,3,0,3,0,1,0,1,No
2018,March,4/3/18,23.00.00,Vehicle overturned,Sunday,No,Dark,Other injury accident,80 km/hr,145.84128,-38.37417,Intersection,SOUTH GIPPSLAND,Country,1,0,1,0,0,0,0,No
2018,March,4/3/18,19.35.00,Collision with vehicle,Sunday,Yes,Dusk/Dawn,Other injury accident,80 km/hr,144.94557,-37.60575,Non-Intersection,HUME,Metro,2,0,0,1,0,0,0,No
2018,March,5/3/18,08.30.00,Collision with vehicle,Monday,No,Day,Other injury accident,60 km/hr,144.66264,-37.90512,Intersection,WYNDHAM,Metro,2,0,1,1,0,0,0,No
2018,March,5/3/18,01.57.00,Vehicle overturned,Monday,No,Dark,Serious injury accident,60 km/hr,144.76096,-37.86934,Non-Intersection,HOBSONS BAY,Metro,3,0,1,0,1,0,0,No
2018,March,5/3/18,06.30.00,Collision with vehicle,Sunday,No,Dusk/Dawn,Serious injury accident,100 km/hr,144.93151,-37.69392,Non-Intersection,MORELAND,Metro,5,0,4,1,0,0,3,No
2018,March,5/3/18,08.10.00,Collision with vehicle,Sunday,No,Day,Other injury accident,70 km/hr,144.3395,-38.2114,Non-Intersection,GEELONG,Country,2,0,1,1,0,0,0,No
2018,March,5/3/18,06.30.00,Collision with vehicle,Monday,No,Day,Other injury accident,60 km/hr,145.0272,-37.81721,Intersection,BOROONDARA,Metro,2,0,1,1,0,0,0,No
2018,March,5/3/18,10.10.00,Collision with vehicle,Monday,No,Day,Other injury accident,60 km/hr,146.88809,-36.12655,Intersection,WODONGA,Country,3,0,1,2,1,1,0,No
2018,March,5/3/18,08.51.00,Collision with vehicle,Monday,No,Day,Serious injury accident,60 km/hr,144.74531,-38.34006,Non-Intersection,MORNINGTON PENINSULA,Metro,2,0,2,0,0,0,0,No
2018,March,5/3/18,10.24.00,Struck pedestrian,Monday,No,Day,Other injury accident,60 km/hr,145.08619,-37.84933,Non-Intersection,BOROONDARA,Metro,2,0,2,0,0,1,0,No
2018,March,5/3/18,08.20.00,Collision with vehicle,Monday,No,Day,Other injury accident,50 km/hr,144.91485,-37.80152,Intersection,MELBOURNE,Metro,2,0,1,1,0,0,0,No
2018,March,5/3/18,08.38.00,Collision with vehicle,Monday,No,Day,Other injury accident,80 km/hr,145.21243,-37.92541,Intersection,KNOX,Metro,2,0,1,1,0,0,0,No
2018,March,5/3/18,11.45.00,Collision with vehicle,Monday,No,Day,Serious injury accident,50 km/hr,146.29306,-38.17768,Intersection,LATROBE,Country,2,0,1,1,0,0,0,No
2018,March,5/3/18,10.53.00,Collision with vehicle,Monday,No,Day,Serious injury accident,60 km/hr,145.04539,-37.75475,Non-Intersection,BANYULE,Metro,2,0,1,1,0,1,0,No
2018,March,5/3/18,12.40.00,Collision with vehicle,Monday,No,Day,Other injury accident,50 km/hr,145.05088,-37.83752,Intersection,BOROONDARA,Metro,3,0,0,3,1,0,0,No
2018,March,5/3/18,11.55.00,Struck pedestrian,Monday,No,Day,Serious injury accident,70 km/hr,145.17585,-37.8196,Non-Intersection,WHITEHORSE,Metro,3,0,3,0,1,0,0,No
2018,March,5/3/18,13.50.00,Collision with object,Sunday,No,Day,Serious injury accident,60 km/hr,144.96539,-36.01743,Intersection,MOIRA,Country,1,0,1,0,0,0,0,Yes
2018,March,5/3/18,15.35.00,Collision with vehicle,Sunday,No,Day,Other injury accident,80 km/hr,144.83069,-37.77733,Intersection,BRIMBANK,Metro,2,0,1,1,0,0,0,No
2018,March,5/3/18,15.55.00,Collision with vehicle,Sunday,No,Day,Other injury accident,60 km/hr,144.90562,-37.80555,Intersection,MARIBYRNONG,Metro,2,0,2,0,0,0,0,No
2018,March,5/3/18,16.20.00,Collision with vehicle,Monday,No,Day,Other injury accident,80 km/hr,145.24145,-37.87086,Intersection,KNOX,Metro,2,0,1,1,0,0,0,No
2018,March,5/3/18,14.10.00,Vehicle overturned,Sunday,No,Day,Serious injury accident,100 km/hr,145.14918,-38.08429,Non-Intersection,FRANKSTON,Metro,2,0,2,0,1,0,0,No
2018,March,5/3/18,15.46.00,Collision with vehicle,Monday,No,Day,Other injury accident,80 km/hr,145.1566,-37.91821,Non-Intersection,MONASH,Metro,2,0,1,1,0,0,0,No
2018,March,5/3/18,16.32.00,Collision with vehicle,Monday,No,Day,Serious injury accident,100 km/hr,144.23722,-38.07934,Intersection,GOLDEN PLAINS,Country,5,0,2,3,2,0,0,No
2018,March,5/3/18,17.17.00,Collision with vehicle,Sunday,No,Day,Other injury accident,70 km/hr,145.00949,-37.85996,Non-Intersection,STONNINGTON,Metro,5,0,2,3,0,0,0,No
2018,March,5/3/18,15.30.00,Collision with object,Sunday,No,Day,Other injury accident,50 km/hr,145.28949,-37.83808,Non-Intersection,KNOX,Metro,1,0,0,1,0,0,0,No
2018,March,5/3/18,15.30.00,Struck pedestrian,Monday,No,Day,Other injury accident,40 km/hr,145.2157,-37.97693,Non-Intersection,DANDENONG,Metro,2,0,1,0,0,0,0,No
2018,March,5/3/18,15.00.00,Vehicle overturned,Monday,No,Day,Other injury accident,60 km/hr,147.28696,-36.86405,Non-Intersection,FALLS CREEK,Country,1,0,1,0,0,0,0,No
2018,March,5/3/18,16.11.00,Collision with object,Monday,No,Day,Other injury accident,80 km/hr,145.20138,-38.49666,Intersection,BASS COAST,Country,3,0,1,1,2,0,1,No
2018,March,5/3/18,19.25.00,Collision with vehicle,Monday,No,Dark,Other injury accident,100 km/hr,145.23058,-38.12181,Intersection,CASEY,Metro,2,0,1,1,0,0,0,No
2018,March,5/3/18,16.35.00,Collision with vehicle,Monday,No,Day,Serious injury accident,80 km/hr,145.39479,-37.72382,Non-Intersection,YARRA RANGES,Metro,2,0,2,0,0,0,0,No
2018,March,5/3/18,22.15.00,Collision with vehicle,Monday,Yes,Dark,Other injury accident,60 km/hr,144.8596,-37.67798,Non-Intersection,HUME,Metro,4,0,0,3,2,0,0,No
2018,March,5/3/18,22.45.00,Collision with object,Monday,No,Dark,Other injury accident,70 km/hr,144.94056,-37.68776,Intersection,HUME,Metro,1,0,1,0,0,0,1,No
2018,March,5/3/18,22.00.00,Collision with object,Sunday,No,Dark,Other injury accident,100 km/hr,144.40234,-36.7713,Non-Intersection,BENDIGO,Country,1,0,0,1,0,0,0,Yes
2018,March,5/3/18,07.00.00,Collision with vehicle,Monday,No,Dusk/Dawn,Other injury accident,80 km/hr,145.24618,-37.89704,Non-Intersection,KNOX,Metro,2,0,2,0,0,0,1,No
2018,March,5/3/18,17.15.00,Collision with vehicle,Monday,No,Day,Other injury accident,40 km/hr,144.993,-37.85382,Intersection,STONNINGTON,Metro,3,0,2,1,0,0,0,No
2018,March,5/3/18,08.40.00,Collision with object,Monday,No,Day,Other injury accident,80 km/hr,145.26268,-38.05826,Non-Intersection,CASEY,Metro,1,0,0,1,0,0,0,No
2018,March,6/3/18,21.23.00,Collision with vehicle,Tuesday,No,Dark,Other injury accident,80 km/hr,145.28465,-37.99919,Non-Intersection,CASEY,Metro,2,0,1,1,0,0,0,No
2018,March,6/3/18,18.00.00,Collision with vehicle,Tuesday,No,Day,Other injury accident,50 km/hr,143.57587,-38.34253,Intersection,COLAC OTWAY,Country,2,0,1,1,0,0,0,No
2018,March,6/3/18,15.15.00,Collision with vehicle,Tuesday,No,Day,Other injury accident,70 km/hr,145.016,-37.65119,Intersection,WHITTLESEA,Metro,3,0,3,0,0,0,0,No
2018,March,6/3/18,19.30.00,Struck pedestrian,Tuesday,No,Day,Serious injury accident,60 km/hr,145.10903,-37.84961,Intersection,WHITEHORSE,Metro,2,0,1,1,0,0,0,No
2018,March,6/3/18,15.30.00,Collision with vehicle,Monday,No,Day,Other injury accident,50 km/hr,145.08858,-37.99888,Non-Intersection,KINGSTON,Metro,2,0,1,1,0,0,0,No
2018,March,6/3/18,00.19.00,Collision with object,Monday,No,Dark,Other injury accident,70 km/hr,145.11202,-37.72792,Non-Intersection,BANYULE,Metro,1,0,0,1,0,0,1,No
2018,March,6/3/18,01.45.00,Collision with object,Tuesday,No,Dark,Other injury accident,80 km/hr,144.75035,-37.81037,Non-Intersection,MELTON,Metro,2,0,1,1,1,0,0,No
2018,March,6/3/18,04.57.00,Collision with object,Tuesday,No,Dark,Serious injury accident,80 km/hr,144.56085,-37.6498,Non-Intersection,MELTON,Metro,1,0,1,0,0,0,0,No
2018,March,6/3/18,08.00.00,Collision with vehicle,Monday,No,Day,Other injury accident,40 km/hr,144.35791,-38.15343,Intersection,GEELONG,Country,2,0,0,2,0,0,0,No
2018,March,6/3/18,07.20.00,Collision with vehicle,Tuesday,No,Day,Other injury accident,60 km/hr,145.03279,-37.94396,Intersection,BAYSIDE,Metro,2,0,1,1,0,0,0,No
2018,March,6/3/18,08.15.00,Collision with vehicle,Tuesday,No,Day,Serious injury accident,80 km/hr,145.36114,-37.96118,Intersection,YARRA RANGES,Metro,6,0,4,2,3,0,1,No
2018,March,6/3/18,10.02.00,Collision with vehicle,Tuesday,No,Day,Other injury accident,60 km/hr,143.86758,-37.55935,Intersection,BALLARAT,Country,2,0,1,1,0,0,1,No
2018,March,6/3/18,08.25.00,Struck pedestrian,Monday,No,Day,Other injury accident,50 km/hr,144.37185,-38.15506,Non-Intersection,GEELONG,Country,2,0,1,1,0,1,0,No
2018,March,6/3/18,21.30.00,Struck pedestrian,Tuesday,No,Dark,Other injury accident,50 km/hr,145.02199,-37.71507,Non-Intersection,DAREBIN,Metro,2,0,1,0,0,0,0,No
2018,March,6/3/18,08.58.00,Collision with vehicle,Tuesday,No,Day,Other injury accident,40 km/hr,144.97468,-37.77984,Intersection,MORELAND,Metro,2,0,0,2,0,0,1,No
2018,March,6/3/18,07.48.00,Struck pedestrian,Monday,No,Day,Other injury accident,40 km/hr,144.88522,-37.82968,Non-Intersection,HOBSONS BAY,Metro,2,0,1,1,0,1,0,No
2018,March,6/3/18,08.05.00,Collision with vehicle,Monday,No,Day,Other injury accident,80 km/hr,145.14359,-37.9247,Intersection,MONASH,Metro,3,0,2,1,0,0,0,No
2018,March,6/3/18,07.20.00,Collision with vehicle,Tuesday,No,Day,Other injury accident,40 km/hr,144.96376,-37.75751,Intersection,MORELAND,Metro,2,0,1,1,0,0,0,No
2018,March,6/3/18,11.16.00,Collision with vehicle,Monday,No,Day,Other injury accident,60 km/hr,145.05082,-37.85155,Non-Intersection,STONNINGTON,Metro,3,0,2,1,0,1,0,No
2018,March,6/3/18,09.32.00,Struck pedestrian,Tuesday,No,Day,Other injury accident,60 km/hr,144.96083,-37.7715,Non-Intersection,MORELAND,Metro,3,0,1,2,1,1,0,No
2018,March,6/3/18,08.30.00,Struck pedestrian,Monday,No,Day,Other injury accident,50 km/hr,144.9751,-37.83541,Non-Intersection,MELBOURNE,Metro,3,0,2,1,0,0,0,No
2018,March,6/3/18,10.30.00,Collision with vehicle,Monday,No,Day,Other injury accident,60 km/hr,145.13559,-38.16315,Non-Intersection,FRANKSTON,Metro,2,0,2,0,0,1,0,No
2018,March,6/3/18,09.10.00,Collision with vehicle,Tuesday,No,Day,Other injury accident,60 km/hr,144.96839,-37.79226,Intersection,MELBOURNE,Metro,2,0,0,2,0,0,0,No
2018,March,6/3/18,10.15.00,Collision with vehicle,Monday,No,Day,Other injury accident,60 km/hr,145.04541,-37.20544,Intersection,MITCHELL,Country,3,0,1,2,1,1,0,No
2018,March,6/3/18,08.50.00,Collision with vehicle,Tuesday,No,Day,Serious injury accident,80 km/hr,145.22789,-37.97157,Non-Intersection,DANDENONG,Metro,3,0,2,1,0,0,0,No
2018,March,6/3/18,12.40.00,Collision with vehicle,Monday,No,Day,Other injury accident,80 km/hr,145.15734,-37.91831,Non-Intersection,MONASH,Metro,3,0,3,0,1,0,1,No
2018,March,6/3/18,09.00.00,Collision with vehicle,Monday,No,Day,Serious injury accident,80 km/hr,143.39846,-37.43384,Non-Intersection,PYRENEES,Country,4,0,3,1,0,0,0,No
2018,March,6/3/18,09.40.00,Collision with object,Monday,No,Day,Other injury accident,80 km/hr,144.7565,-37.69358,Intersection,BRIMBANK,Metro,1,0,1,0,0,0,0,No
2018,March,6/3/18,08.20.00,Collision with object,Monday,No,Day,Other injury accident,80 km/hr,145.43183,-36.44917,Non-Intersection,SHEPPARTON,Country,2,0,1,1,1,0,0,No
2018,March,6/3/18,06.45.00,Collision with vehicle,Tuesday,No,Dark,Fatal accident,100 km/hr,144.7499,-36.39931,Non-Intersection,CAMPASPE,Country,2,1,2,0,0,0,1,No
2018,March,6/3/18,15.00.00,Collision with object,Tuesday,No,Day,Other injury accident,50 km/hr,144.8218,-38.37194,Non-Intersection,MORNINGTON PENINSULA,Metro,2,0,2,0,1,1,0,No
2018,March,6/3/18,17.55.00,Collision with vehicle,Tuesday,No,Day,Other injury accident,60 km/hr,144.27058,-36.76347,Intersection,BENDIGO,Country,2,0,1,1,0,0,0,No
2018,March,6/3/18,17.23.00,Collision with vehicle,Tuesday,No,Day,Serious injury accident,50 km/hr,144.54617,-37.70302,Non-Intersection,MELTON,Metro,2,0,1,1,0,0,0,No
2018,March,6/3/18,16.00.00,Struck pedestrian,Tuesday,Yes,Day,Other injury accident,60 km/hr,144.71727,-38.17128,Non-Intersection,GEELONG,Country,2,0,1,1,0,0,1,No
2018,March,6/3/18,18.50.00,Struck pedestrian,Tuesday,No,Day,Other injury accident,50 km/hr,146.26157,-38.17721,Non-Intersection,LATROBE,Country,3,0,1,2,1,0,0,No
2018,March,6/3/18,19.04.00,Collision with vehicle,Tuesday,No,Day,Other injury accident,60 km/hr,145.02244,-37.84535,Intersection,STONNINGTON,Metro,2,0,1,1,0,1,0,No
2018,March,6/3/18,20.15.00,Collision with vehicle,Monday,No,Dark,Other injury accident,60 km/hr,144.33792,-38.21961,Intersection,GEELONG,Country,2,0,1,1,0,0,2,No
2018,March,6/3/18,08.40.00,Collision with vehicle,Monday,No,Day,Other injury accident,60 km/hr,145.07159,-37.5978,Intersection,WHITTLESEA,Metro,2,0,1,1,0,0,0,No
2018,March,6/3/18,17.00.00,Collision with vehicle,Tuesday,No,Day,Other injury accident,100 km/hr,145.43182,-36.27677,Non-Intersection,SHEPPARTON,Country,2,0,1,1,0,0,0,No
2018,March,6/3/18,16.40.00,Collision with vehicle,Monday,No,Day,Other injury accident,100 km/hr,146.71303,-36.06124,Non-Intersection,WODONGA,Country,2,0,2,0,0,0,1,No
2018,March,6/3/18,12.00.00,Collision with vehicle,Tuesday,No,Day,Other injury accident,60 km/hr,145.39928,-37.91964,Non-Intersection,YARRA RANGES,Metro,4,0,3,0,2,0,0,No
2018,March,6/3/18,16.40.00,Collision with vehicle,Tuesday,No,Day,Other injury accident,60 km/hr,145.01519,-37.60692,Non-Intersection,WHITTLESEA,Metro,4,0,2,2,0,0,1,No
2018,March,6/3/18,18.09.00,Struck pedestrian,Monday,No,Day,Other injury accident,60 km/hr,145.3096,-38.00788,Non-Intersection,CASEY,Metro,2,0,1,1,0,0,0,No
2018,March,6/3/18,20.06.00,Collision with object,Tuesday,No,Dark,Other injury accident,100 km/hr,144.70434,-37.74702,Off Road,MELTON,Metro,1,0,1,0,0,0,0,No
2018,March,6/3/18,18.30.00,Collision with vehicle,Monday,No,Day,Serious injury accident,50 km/hr,144.78457,-37.86925,Non-Intersection,HOBSONS BAY,Metro,2,0,1,1,0,0,0,No
2018,March,6/3/18,07.15.00,Collision with vehicle,Tuesday,No,Day,Other injury accident,50 km/hr,145.12238,-37.68294,Non-Intersection,NILLUMBIK,Metro,2,0,0,2,0,0,0,No
2018,March,6/3/18,09.20.00,Collision with vehicle,Tuesday,No,Day,Other injury accident,60 km/hr,145.07014,-37.75373,Non-Intersection,BANYULE,Metro,2,0,2,0,0,0,1,No
2018,March,7/3/18,14.30.00,Collision with vehicle,Wednesday,No,Day,Other injury accident,80 km/hr,144.97317,-37.82434,Non-Intersection,MELBOURNE,Metro,2,0,2,0,0,0,0,No
2018,March,7/3/18,20.45.00,Collision with vehicle,Wednesday,No,Dark,Serious injury accident,60 km/hr,144.73967,-37.75613,Non-Intersection,MELTON,Metro,3,0,2,1,1,0,0,No
2018,March,7/3/18,15.40.00,Collision with object,Tuesday,No,Day,Serious injury accident,100 km/hr,144.76107,-36.87965,Non-Intersection,BENDIGO,Country,1,0,1,0,0,0,0,No
2018,March,7/3/18,15.33.00,Collision with vehicle,Wednesday,No,Day,Other injury accident,40 km/hr,145.42439,-38.14555,Non-Intersection,CARDINIA,Metro,2,0,1,1,0,0,0,No
2018,March,7/3/18,16.15.00,Vehicle overturned,Wednesday,No,Day,Other injury accident,100 km/hr,146.36031,-36.7692,Non-Intersection,WANGARATTA,Country,1,0,1,0,0,0,1,No
2018,March,7/3/18,06.05.00,Collision with vehicle,Wednesday,No,Dusk/Dawn,Serious injury accident,60 km/hr,145.23464,-38.03448,Intersection,DANDENONG,Metro,2,0,2,0,0,0,0,No
2018,March,7/3/18,13.50.00,Collision with vehicle,Tuesday,No,Day,Other injury accident,60 km/hr,144.98338,-37.85535,Intersection,STONNINGTON,Metro,2,0,2,0,0,0,0,No
2018,March,7/3/18,02.29.00,Collision with vehicle,Wednesday,No,Dark,Serious injury accident,100 km/hr,144.30161,-38.13525,Non-Intersection,GEELONG,Country,3,0,1,0,1,0,0,No
2018,March,7/3/18,05.02.00,Collision with vehicle,Wednesday,No,Dark,Serious injury accident,60 km/hr,144.94051,-37.78783,Intersection,MELBOURNE,Metro,2,0,2,0,0,0,0,No
2018,March,7/3/18,05.25.00,Collision with vehicle,Wednesday,No,Dark,Serious injury accident,60 km/hr,145.11562,-38.05061,Intersection,KINGSTON,Metro,2,0,1,1,0,0,0,No
2018,March,7/3/18,07.24.00,Collision with vehicle,Wednesday,No,Day,Other injury accident,60 km/hr,145.00007,-37.73765,Non-Intersection,DAREBIN,Metro,2,0,1,1,0,0,0,No
2018,March,7/3/18,07.00.00,Collision with vehicle,Wednesday,No,Day,Serious injury accident,80 km/hr,145.2546,-38.04618,Non-Intersection,CASEY,Metro,2,0,2,0,0,0,1,No
2018,March,7/3/18,08.08.00,Collision with vehicle,Wednesday,No,Day,Serious injury accident,60 km/hr,145.06202,-37.84661,Intersection,BOROONDARA,Metro,2,0,1,1,0,0,1,No
2018,March,7/3/18,08.50.00,Collision with vehicle,Tuesday,No,Day,Other injury accident,40 km/hr,145.36582,-38.03076,Intersection,CASEY,Metro,3,0,0,3,1,0,0,No
2018,March,7/3/18,10.11.00,Collision with object,Wednesday,No,Day,Other injury accident,50 km/hr,145.34503,-37.74657,Intersection,YARRA RANGES,Metro,1,0,1,0,0,0,1,No
2018,March,7/3/18,09.45.00,Collision with vehicle,Tuesday,No,Day,Other injury accident,100 km/hr,144.92267,-36.22533,Intersection,CAMPASPE,Country,3,0,1,2,1,0,1,No
2018,March,7/3/18,09.01.00,No collision and no object struck,Tuesday,No,Day,Other injury accident,60 km/hr,144.9948,-37.78548,Intersection,YARRA RANGES,Metro,1,0,1,0,0,0,0,No
2018,March,7/3/18,10.30.00,Collision with vehicle,Wednesday,No,Day,Serious injury accident,60 km/hr,144.89348,-37.79239,Intersection,MARIBYRNONG,Metro,4,0,1,3,1,0,2,No
2018,March,7/3/18,10.45.00,Collision with vehicle,Wednesday,No,Day,Serious injury accident,70 km/hr,146.51652,-38.20374,Non-Intersection,LATROBE,Country,1,0,0,1,0,0,0,No
2018,March,7/3/18,06.10.00,Collision with vehicle,Tuesday,No,Dark,Serious injury accident,70 km/hr,144.33226,-38.18516,Intersection,GEELONG,Country,2,0,2,0,0,0,0,No
2018,March,7/3/18,13.25.00,Collision with vehicle,Wednesday,No,Day,Other injury accident,60 km/hr,145.01832,-37.71501,Intersection,DAREBIN,Metro,2,0,2,0,0,0,0,No
2018,March,7/3/18,12.55.00,Collision with vehicle,Wednesday,No,Day,Other injury accident,100 km/hr,144.20071,-37.59696,Non-Intersection,MOORABOOL,Country,2,0,1,1,0,0,0,No
2018,March,7/3/18,07.51.00,Collision with object,Tuesday,No,Dusk/Dawn,Other injury accident,60 km/hr,145.1875,-37.93699,Intersection,DANDENONG,Metro,1,0,0,1,0,0,0,No
2018,March,7/3/18,12.10.00,Vehicle overturned,Wednesday,No,Day,Other injury accident,70 km/hr,145.16656,-37.7635,Intersection,MANNINGHAM,Metro,2,0,2,0,1,0,0,No
2018,March,7/3/18,16.50.00,Struck pedestrian,Wednesday,No,Day,Other injury accident,60 km/hr,144.89063,-37.7264,Non-Intersection,MOONEE VALLEY,Metro,2,0,1,1,0,0,0,No
2018,March,7/3/18,14.40.00,Collision with vehicle,Tuesday,No,Day,Other injury accident,40 km/hr,144.91664,-37.68094,Intersection,HUME,Metro,5,0,3,2,3,0,1,No
2018,March,7/3/18,15.50.00,Collision with vehicle,Wednesday,No,Day,Other injury accident,70 km/hr,144.88399,-37.67895,Intersection,HUME,Metro,5,0,4,1,3,0,0,No
2018,March,7/3/18,11.15.00,Collision with object,Wednesday,No,Day,Fatal accident,100 km/hr,147.05515,-36.25186,Non-Intersection,INDIGO,Country,1,1,1,0,0,0,0,No
2018,March,7/3/18,16.50.00,Collision with vehicle,Wednesday,No,Day,Other injury accident,80 km/hr,144.75984,-37.76477,Non-Intersection,BRIMBANK,Metro,3,0,3,0,1,0,0,No
2018,March,7/3/18,18.30.00,Collision with vehicle,Wednesday,No,Day,Other injury accident,80 km/hr,145.32197,-38.0281,Intersection,CASEY,Metro,4,0,1,2,2,0,0,No
2018,March,7/3/18,18.31.00,Collision with vehicle,Wednesday,No,Day,Other injury accident,50 km/hr,144.93197,-37.67091,Non-Intersection,HUME,Metro,3,0,2,1,0,0,0,No
2018,March,7/3/18,18.45.00,Collision with vehicle,Wednesday,No,Day,Other injury accident,60 km/hr,144.96104,-37.82514,Intersection,MELBOURNE,Metro,2,0,1,1,0,0,0,No
2018,March,7/3/18,18.25.00,Collision with vehicle,Wednesday,No,Day,Serious injury accident,60 km/hr,145.00159,-37.75263,Non-Intersection,DAREBIN,Metro,2,0,2,0,0,0,0,Yes
2018,March,7/3/18,19.55.00,Collision with vehicle,Wednesday,No,Dark,Other injury accident,60 km/hr,144.9512,-37.7966,Intersection,MELBOURNE,Metro,2,0,1,1,0,0,0,No
2018,March,7/3/18,18.50.00,Collision with object,Tuesday,No,Day,Other injury accident,50 km/hr,144.81632,-37.7928,Non-Intersection,BRIMBANK,Metro,2,0,2,0,1,0,0,No
2018,March,7/3/18,15.29.00,Collision with vehicle,Tuesday,No,Day,Other injury accident,50 km/hr,144.87982,-37.86005,Non-Intersection,HOBSONS BAY,Metro,2,0,0,2,0,0,0,No
2018,March,7/3/18,23.15.00,Collision with vehicle,Wednesday,No,Dark,Serious injury accident,80 km/hr,144.78638,-37.69858,Intersection,BRIMBANK,Metro,2,0,2,0,0,0,1,No