year,month,date,time,accident_type,day,hit_run,light_condition,severity,speed_zone,longitude,latitude,node_type,lga,state_div,total_persons,fatality,males,females,passengers,old_driver,young_driver,alcohol
2018,March,17/3/18,07.20.00,Collision with vehicle,Saturday,No,Day,Other injury accident,60 km/hr,144.94,-37.84423,Non-Intersection,PORT PHILLIP,Metro,2,0,2,0,0,0,0,No
2018,March,17/3/18,05.20.00,Collision with object,Saturday,No,Dark,Fatal accident,60 km/hr,144.41533,-38.01954,Non-Intersection,GEELONG,Country,1,1,1,0,0,0,0,No
2018,March,17/3/18,08.30.00,Collision with vehicle,Friday,No,Day,Serious injury accident,70 km/hr,145.14594,-37.81756,Intersection,WHITEHORSE,Metro,2,0,1,1,0,0,0,No
2018,March,17/3/18,08.50.00,Collision with vehicle,Friday,No,Day,Other injury accident,70 km/hr,145.13359,-37.63183,Non-Intersection,NILLUMBIK,Metro,2,0,1,1,0,0,1,No
2018,March,17/3/18,09.40.00,Collision with vehicle,Saturday,No,Day,Other injury accident,60 km/hr,145.96681,-36.56019,Intersection,BENALLA,Country,2,0,2,0,0,0,0,No
2018,March,17/3/18,09.20.00,Vehicle overturned,Saturday,No,Day,Other injury accident,100 km/hr,144.87271,-36.26913,Non-Intersection,CAMPASPE,Country,2,0,1,1,1,0,0,No
2018,March,17/3/18,08.00.00,Collision with object,Saturday,No,Day,Other injury accident,70 km/hr,144.95625,-37.6761,Non-Intersection,HUME,Metro,2,0,1,1,0,0,1,No
2018,March,17/3/18,11.30.00,Collision with vehicle,Saturday,No,Day,Other injury accident,50 km/hr,145.17483,-37.95248,Intersection,DANDENONG,Metro,3,0,1,2,1,0,1,No
2018,March,17/3/18,11.45.00,Collision with vehicle,Saturday,No,Day,Other injury accident,80 km/hr,144.95511,-37.66973,Intersection,HUME,Metro,5,0,3,2,1,0,1,No
2018,March,17/3/18,15.20.00,Collision with object,Saturday,No,Day,Other injury accident,80 km/hr,146.44442,-37.89232,Non-Intersection,BAW BAW,Country,1,0,1,0,0,0,0,No
2018,March,17/3/18,17.20.00,Collision with object,Saturday,No,Day,Serious injury accident,60 km/hr,146.25629,-38.17813,Non-Intersection,LATROBE,Country,4,0,3,1,3,0,0,No
2018,March,17/3/18,15.45.00,Collision with object,Friday,No,Day,Other injury accident,50 km/hr,145.08459,-37.73953,Intersection,BANYULE,Metro,1,0,1,0,0,0,1,No
2018,March,17/3/18,08.00.00,No collision and no object struck,Saturday,No,Day,Other injury accident,60 km/hr,144.95511,-37.83332,Intersection,PORT PHILLIP,Metro,2,0,0,2,0,0,0,No
2018,March,17/3/18,18.20.00,Collision with vehicle,Saturday,No,Day,Serious injury accident,50 km/hr,145.0196,-37.73167,Non-Intersection,DAREBIN,Metro,1,0,1,0,0,0,0,No
2018,March,17/3/18,20.15.00,Struck pedestrian,Saturday,No,Dark,Other injury accident,60 km/hr,144.66452,-37.89758,Non-Intersection,WYNDHAM,Metro,3,0,3,0,1,0,1,No
2018,March,17/3/18,18.56.00,Collision with object,Saturday,No,Day,Other injury accident,50 km/hr,144.70221,-37.85624,Non-Intersection,WYNDHAM,Metro,2,0,2,0,1,0,1,No
2018,March,17/3/18,15.45.00,Collision with object,Friday,No,Day,Other injury accident,60 km/hr,144.71007,-37.57879,Off Road,HUME,Metro,1,0,0,1,0,0,0,No
2018,March,17/3/18,15.45.00,Collision with vehicle,Friday,No,Day,Other injury accident,70 km/hr,145.11825,-37.97311,Non-Intersection,KINGSTON,Metro,4,0,3,1,2,0,0,No
2018,March,17/3/18,13.30.00,Collision with object,Saturday,No,Day,Serious injury accident,100 km/hr,148.16753,-37.51509,Non-Intersection,EAST GIPPSLAND,Country,1,0,1,0,0,0,0,No
2018,March,17/3/18,13.30.00,Collision with vehicle,Saturday,No,Day,Serious injury accident,60 km/hr,145.65458,-37.82413,Non-Intersection,YARRA RANGES,Metro,3,0,3,0,0,0,0,No
2018,March,17/3/18,13.00.00,No collision and no object struck,Saturday,No,Day,Other injury accident,50 km/hr,144.092,-38.44263,Non-Intersection,SURF COAST,Country,1,0,1,0,0,0,0,No
2018,March,18/3/18,19.00.00,Collision with vehicle,Sunday,No,Dusk/Dawn,Other injury accident,40 km/hr,144.96807,-37.81616,Non-Intersection,MELBOURNE,Metro,3,0,2,1,0,1,0,No
2018,March,18/3/18,08.09.00,Collision with vehicle,,No,Day,Other injury accident,60 km/hr,144.95845,-37.79255,Intersection,MELBOURNE,Metro,4,0,3,1,2,0,0,No
2018,March,18/3/18,00.50.00,No collision and no object struck,Sunday,No,Dark,Other injury accident,50 km/hr,144.79977,-37.74577,Non-Intersection,BRIMBANK,Metro,3,0,1,0,1,0,0,No
2018,March,18/3/18,00.40.00,Collision with vehicle,,Yes,Dark,Other injury accident,40 km/hr,146.26348,-38.17419,Non-Intersection,LATROBE,Country,2,0,2,0,0,0,1,No
2018,March,18/3/18,12.05.00,Collision with vehicle,Sunday,No,Day,Other injury accident,60 km/hr,144.32331,-38.32282,Non-Intersection,SURF COAST,Country,2,0,1,1,0,0,2,No
2018,March,18/3/18,13.20.00,Collision with vehicle,Sunday,No,Day,Other injury accident,100 km/hr,144.59623,-36.51238,Non-Intersection,BENDIGO,Country,5,0,2,3,3,0,0,No
2018,March,18/3/18,10.40.00,Collision with vehicle,Sunday,No,Day,Other injury accident,80 km/hr,145.15146,-38.19948,Non-Intersection,MORNINGTON PENINSULA,Metro,2,0,1,1,0,0,1,No
2018,March,18/3/18,14.20.00,Collision with vehicle,,No,Day,Other injury accident,50 km/hr,145.29593,-38.00129,Non-Intersection,CASEY,Metro,1,0,1,0,0,0,0,No
2018,March,18/3/18,16.40.00,Collision with vehicle,Sunday,Yes,Day,Serious injury accident,100 km/hr,145.23758,-38.08833,Non-Intersection,CASEY,Metro,3,0,1,0,1,0,0,No
2018,March,18/3/18,17.20.00,Collision with vehicle,Sunday,No,Day,Other injury accident,60 km/hr,143.85763,-37.58202,Non-Intersection,BALLARAT,Country,1,0,1,0,0,0,1,No
2018,March,18/3/18,12.32.00,Struck pedestrian,Sunday,No,Day,Other injury accident,60 km/hr,145.12497,-38.16619,Intersection,FRANKSTON,Metro,2,0,1,1,0,0,0,No
2018,March,18/3/18,20.00.00,Collision with vehicle,Sunday,No,Dark,Serious injury accident,50 km/hr,145.01203,-37.68312,Non-Intersection,WHITTLESEA,Metro,2,0,2,0,0,0,0,No
2018,March,18/3/18,21.50.00,Vehicle overturned,Sunday,No,Dark,Other injury accident,60 km/hr,145.23538,-37.79382,Intersection,MAROONDAH,Metro,1,0,1,0,0,0,0,No
2018,March,18/3/18,14.30.00,Collision with vehicle,Sunday,No,Day,Other injury accident,40 km/hr,144.9969,-37.85233,Non-Intersection,STONNINGTON,Metro,2,0,1,1,0,0,0,No
2018,March,19/3/18,13.30.00,Collision with vehicle,Monday,No,Unk.,Other injury accident,60 km/hr,145.07033,-37.7527,Intersection,BANYULE,Metro,2,0,2,0,0,0,0,No
2018,March,19/3/18,08.15.00,Collision with vehicle,Monday,No,Day,Other injury accident,60 km/hr,145.06225,-37.8162,Intersection,BOROONDARA,Metro,2,0,0,2,0,0,0,No
2018,March,19/3/18,15.30.00,Vehicle overturned,Monday,No,Day,Other injury accident,50 km/hr,145.15329,-38.13877,Intersection,FRANKSTON,Metro,2,0,1,1,0,0,0,No
2018,March,19/3/18,03.30.00,Collision with vehicle,Monday,No,Dark,Other injury accident,60 km/hr,145.01723,-37.91232,Non-Intersection,BAYSIDE,Metro,2,0,1,1,0,0,2,No
2018,March,19/3/18,05.20.00,Collision with vehicle,Monday,No,Dark,Other injury accident,60 km/hr,144.65857,-37.9043,Intersection,WYNDHAM,Metro,2,0,2,0,0,0,0,No
2018,March,19/3/18,08.24.00,Collision with vehicle,Sunday,No,Day,Other injury accident,50 km/hr,145.92903,-38.16193,Intersection,BAW BAW,Country,2,0,2,0,0,0,1,No
2018,March,19/3/18,05.40.00,Collision with vehicle,Sunday,No,Dark,Other injury accident,70 km/hr,144.95931,-37.69607,Non-Intersection,MORELAND,Metro,2,0,2,0,0,0,0,No
2018,March,19/3/18,08.50.00,Struck pedestrian,Monday,No,Day,Other injury accident,60 km/hr,145.02463,-37.87309,Non-Intersection,GLEN EIRA,Metro,2,0,1,1,0,0,0,No
2018,March,19/3/18,09.00.00,Collision with vehicle,Monday,No,Day,Other injury accident,70 km/hr,144.82897,-37.82734,Intersection,HOBSONS BAY,Metro,3,0,2,0,0,0,0,No
2018,March,19/3/18,10.22.00,No collision and no object struck,Monday,No,Day,Other injury accident,50 km/hr,144.94291,-37.79059,Off Road,MELBOURNE,Metro,2,0,1,1,0,0,0,No
2018,March,19/3/18,07.45.00,Collision with object,Sunday,No,Day,Other injury accident,100 km/hr,145.16602,-36.61142,Non-Intersection,SHEPPARTON,Country,1,0,1,0,0,0,0,No
2018,March,19/3/18,09.35.00,Collision with object,Monday,No,Day,Other injury accident,60 km/hr,144.96253,-37.2756,Non-Intersection,MITCHELL,Country,1,0,0,1,0,0,0,No
2018,March,19/3/18,08.23.00,Collision with vehicle,Monday,No,Day,Other injury accident,100 km/hr,145.10851,-37.88653,Non-Intersection,MONASH,Metro,3,0,3,0,1,0,1,No
2018,March,19/3/18,02.20.00,Collision with vehicle,Sunday,No,Dark,Other injury accident,50 km/hr,145.00013,-37.76142,Intersection,DAREBIN,Metro,3,0,2,1,1,0,2,No
2018,March,19/3/18,07.00.00,Collision with vehicle,Monday,No,Dusk/Dawn,Other injury accident,40 km/hr,144.95827,-37.81905,Non-Intersection,MELBOURNE,Metro,2,0,2,0,0,0,0,No
2018,March,19/3/18,10.55.00,Collision with vehicle,Sunday,No,Day,Other injury accident,80 km/hr,144.33359,-38.24143,Intersection,GEELONG,Country,4,0,2,2,2,0,0,No
2018,March,19/3/18,09.35.00,Collision with vehicle,Sunday,No,Day,Other injury accident,60 km/hr,145.18679,-38.03499,Intersection,DANDENONG,Metro,3,0,1,1,1,0,0,No
2018,March,19/3/18,11.50.00,Vehicle overturned,Monday,No,Day,Serious injury accident,40 km/hr,143.53755,-38.81241,Non-Intersection,COLAC OTWAY,Country,2,0,1,1,0,0,0,No
2018,March,19/3/18,12.35.00,Collision with vehicle,Monday,No,Day,Other injury accident,60 km/hr,144.79419,-37.77067,Non-Intersection,BRIMBANK,Metro,2,0,1,1,0,0,0,No
2018,March,19/3/18,13.27.00,Collision with vehicle,Monday,No,Day,Other injury accident,60 km/hr,144.852,-37.7797,Intersection,MARIBYRNONG,Metro,4,0,3,1,1,0,1,No
2018,March,19/3/18,18.12.00,Collision with vehicle,Sunday,No,Day,Other injury accident,60 km/hr,144.94842,-37.79438,Non-Intersection,MELBOURNE,Metro,2,0,0,2,0,0,0,No
2018,March,19/3/18,15.40.00,Collision with vehicle,Monday,No,Day,Other injury accident,50 km/hr,145.07396,-37.84253,Non-Intersection,BOROONDARA,Metro,1,0,1,0,0,1,0,No
2018,March,19/3/18,14.11.00,Collision with vehicle,Monday,No,Day,Other injury accident,80 km/hr,145.20704,-38.00285,Non-Intersection,DANDENONG,Metro,3,0,1,2,1,0,1,No
2018,March,19/3/18,20.00.00,Collision with vehicle,Sunday,No,Dark,Other injury accident,60 km/hr,145.08019,-37.72553,Non-Intersection,BANYULE,Metro,3,0,2,1,0,0,2,No
2018,March,19/3/18,17.58.00,Collision with vehicle,Sunday,Yes,Day,Serious injury accident,60 km/hr,144.83099,-37.76322,Non-Intersection,BRIMBANK,Metro,2,0,1,1,0,0,0,No
2018,March,19/3/18,14.29.00,Collision with vehicle,Monday,No,Day,Fatal accident,110 km/hr,144.60763,-37.69531,Non-Intersection,MELTON,Metro,2,1,2,0,0,0,0,No
2018,March,19/3/18,20.05.00,Collision with object,Sunday,No,Dark,Serious injury accident,100 km/hr,145.73482,-37.21757,Non-Intersection,MURRINDINDI,Country,2,0,2,0,1,0,1,No
2018,March,19/3/18,18.24.00,Collision with object,Monday,No,Dusk/Dawn,Serious injury accident,100 km/hr,143.83056,-37.49605,Non-Intersection,BALLARAT,Country,3,0,2,1,2,0,0,Yes
2018,March,19/3/18,06.15.00,Struck pedestrian,Monday,No,Dark,Serious injury accident,50 km/hr,144.95943,-37.83053,Non-Intersection,PORT PHILLIP,Metro,2,0,1,1,0,0,0,No
2018,March,19/3/18,17.50.00,Collision with vehicle,Monday,No,Day,Other injury accident,60 km/hr,144.94003,-37.78918,Intersection,MELBOURNE,Metro,2,0,0,2,0,0,0,No
2018,March,19/3/18,19.05.00,Vehicle overturned,Monday,No,Day,Other injury accident,100 km/hr,142.92422,-38.44339,Non-Intersection,CORANGAMITE,Country,1,0,1,0,0,0,0,No
2018,March,19/3/18,16.10.00,Collision with vehicle,Monday,No,Day,Serious injury accident,60 km/hr,145.12263,-38.07687,Non-Intersection,KINGSTON,Metro,1,0,1,0,0,0,0,No
2018,March,19/3/18,12.30.00,Collision with vehicle,Monday,No,Day,Other injury accident,60 km/hr,144.89718,-37.81438,Intersection,MARIBYRNONG,Metro,2,0,2,0,0,0,0,No
2018,March,20/3/18,07.20.00,Collision with vehicle,Tuesday,No,Day,Other injury accident,100 km/hr,145.12422,-37.89201,Non-Intersection,MONASH,Metro,4,0,2,2,0,0,1,No
2018,March,20/3/18,08.15.00,Collision with vehicle,Tuesday,Yes,Day,Other injury accident,40 km/hr,144.9607,-37.77551,Non-Intersection,MORELAND,Metro,2,0,1,1,0,0,0,No
2018,March,20/3/18,15.35.00,Collision with vehicle,Tuesday,No,Day,Other injury accident,40 km/hr,144.99027,-37.87717,Non-Intersection,PORT PHILLIP,Metro,2,0,0,1,0,0,0,No
2018,March,20/3/18,07.45.00,Collision with vehicle,Tuesday,No,Unk.,Other injury accident,100 km/hr,145.15519,-38.09815,Non-Intersection,FRANKSTON,Metro,2,0,1,0,0,0,1,No
2018,March,20/3/18,18.45.00,Collision with vehicle,Monday,Yes,Day,Other injury accident,80 km/hr,145.41675,-37.82359,Non-Intersection,YARRA RANGES,Metro,2,0,2,0,0,0,1,No
2018,March,20/3/18,14.30.00,Collision with vehicle,Tuesday,No,Day,Other injury accident,60 km/hr,144.98737,-37.86848,Non-Intersection,PORT PHILLIP,Metro,3,0,2,1,0,0,0,No
2018,March,20/3/18,06.40.00,Collision with vehicle,Monday,No,Dark,Other injury accident,80 km/hr,145.06887,-37.68322,Non-Intersection,WHITTLESEA,Metro,2,0,1,1,0,0,2,No
2018,March,20/3/18,06.40.00,Collision with object,Tuesday,No,Dusk/Dawn,Serious injury accident,100 km/hr,145.89506,-36.39919,Non-Intersection,BENALLA,Country,1,0,1,0,0,0,0,No
2018,March,20/3/18,07.30.00,Collision with vehicle,Tuesday,No,Day,Other injury accident,60 km/hr,145.08448,-37.9836,Intersection,KINGSTON,Metro,2,0,2,0,0,0,0,No
2018,March,20/3/18,06.10.00,Collision with object,Tuesday,No,Dark,Other injury accident,60 km/hr,147.11177,-36.09887,Non-Intersection,TOWONG,Country,1,0,1,0,0,0,0,No
2018,March,20/3/18,06.17.00,Struck pedestrian,Tuesday,No,Dark,Serious injury accident,50 km/hr,145.25461,-37.86654,Off Road,KNOX,Metro,1,0,1,0,0,0,0,No
2018,March,20/3/18,06.48.00,Collision with vehicle,Tuesday,No,Dark,Serious injury accident,60 km/hr,145.07414,-37.96766,Intersection,KINGSTON,Metro,3,0,3,0,1,0,0,No
2018,March,20/3/18,12.00.00,Collision with vehicle,Tuesday,No,Day,Other injury accident,40 km/hr,144.97043,-37.8118,Non-Intersection,MELBOURNE,Metro,2,0,2,0,0,0,0,No
2018,March,20/3/18,06.00.00,Collision with object,Monday,No,Dark,Other injury accident,80 km/hr,145.26652,-38.1742,Non-Intersection,CASEY,Metro,1,0,1,0,0,0,0,No
2018,March,20/3/18,09.00.00,Collision with vehicle,Tuesday,No,Day,Serious injury accident,60 km/hr,145.00611,-37.72607,Intersection,DAREBIN,Metro,2,0,1,1,0,0,0,No
2018,March,20/3/18,14.11.00,Collision with vehicle,Tuesday,No,Day,Serious injury accident,60 km/hr,145.12785,-37.90711,Intersection,MONASH,Metro,5,0,4,1,2,0,0,No
2018,March,20/3/18,14.33.00,Collision with vehicle,Tuesday,No,Day,Serious injury accident,50 km/hr,144.85469,-37.84167,Intersection,HOBSONS BAY,Metro,2,0,1,1,0,0,0,No
2018,March,20/3/18,10.21.00,Vehicle overturned,Tuesday,No,Day,Serious injury accident,100 km/hr,142.48519,-36.90199,Non-Intersection,NORTHERN GRAMPIANS,Country,2,0,2,0,0,0,0,No
2018,March,20/3/18,16.30.00,Collision with vehicle,Tuesday,No,Day,Other injury accident,60 km/hr,142.49935,-38.37438,Intersection,WARRNAMBOOL,Country,3,0,1,2,0,0,1,No
2018,March,20/3/18,16.30.00,Collision with vehicle,Tuesday,Yes,Day,Other injury accident,60 km/hr,145.01883,-37.86604,Non-Intersection,GLEN EIRA,Metro,2,0,1,1,0,1,0,No
2018,March,20/3/18,09.30.00,Collision with vehicle,Monday,No,Day,Other injury accident,60 km/hr,144.99151,-37.64814,Intersection,WHITTLESEA,Metro,3,0,1,2,1,0,0,No
2018,March,20/3/18,15.40.00,Collision with vehicle,Monday,No,Day,Other injury accident,60 km/hr,143.81723,-37.55701,Intersection,BALLARAT,Country,3,0,1,2,1,0,2,No
2018,March,20/3/18,18.05.00,Collision with vehicle,Tuesday,No,Day,Serious injury accident,80 km/hr,145.23525,-37.90233,Non-Intersection,KNOX,Metro,6,0,4,2,3,0,1,No
2018,March,20/3/18,17.45.00,Collision with object,Tuesday,No,Day,Serious injury accident,100 km/hr,144.09498,-36.98812,Non-Intersection,MOUNT ALEXANDER,Country,1,0,1,0,0,0,0,No
2018,March,20/3/18,15.40.00,Collision with vehicle,Tuesday,No,Day,Serious injury accident,90 km/hr,145.1545,-38.35408,Non-Intersection,MORNINGTON PENINSULA,Metro,7,0,5,0,1,0,1,No
2018,March,20/3/18,17.43.00,Collision with vehicle,Tuesday,No,Day,Other injury accident,80 km/hr,145.12505,-37.91307,Intersection,MONASH,Metro,2,0,2,0,0,0,1,No
2018,March,20/3/18,18.40.00,Vehicle overturned,Tuesday,No,Day,Other injury accident,60 km/hr,144.9592,-37.84217,Intersection,PORT PHILLIP,Metro,1,0,1,0,0,0,0,No
2018,March,20/3/18,17.45.00,Collision with vehicle,Tuesday,No,Day,Serious injury accident,100 km/hr,145.17332,-36.42094,Intersection,SHEPPARTON,Country,5,0,2,3,3,0,0,No
2018,March,20/3/18,15.54.00,Collision with vehicle,Tuesday,No,Day,Serious injury accident,70 km/hr,144.8178,-37.81738,Intersection,WYNDHAM,Metro,2,0,2,0,0,0,0,No
2018,March,20/3/18,21.30.00,Collision with vehicle,Monday,No,Dark,Other injury accident,100 km/hr,144.78371,-37.79943,Non-Intersection,BRIMBANK,Metro,3,0,2,1,0,0,0,No
2018,March,20/3/18,22.50.00,Collision with vehicle,Tuesday,No,Dark,Other injury accident,80 km/hr,145.04245,-37.84778,Non-Intersection,STONNINGTON,Metro,2,0,2,0,0,1,0,No
2018,March,20/3/18,16.00.00,Vehicle overturned,Tuesday,Not known,Day,Other injury accident,60 km/hr,145.00217,-37.80074,Intersection,YARRA RANGES,Metro,2,0,0,1,0,0,0,No
2018,March,21/3/18,08.15.00,Collision with vehicle,Wednesday,No,Day,Other injury accident,50 km/hr,144.99351,-37.80512,Non-Intersection,YARRA RANGES,Metro,2,0,1,1,0,0,0,No
2018,March,21/3/18,17.13.00,Collision with vehicle,Wednesday,No,Day,Other injury accident,60 km/hr,142.47404,-38.37205,Intersection,WARRNAMBOOL,Country,2,0,1,1,0,0,0,No
2018,March,21/3/18,15.30.00,Collision with vehicle,Wednesday,No,Day,Other injury accident,80 km/hr,145.11105,-37.96458,Intersection,KINGSTON,Metro,2,0,2,0,0,0,0,No
2018,March,21/3/18,07.57.00,Collision with vehicle,Wednesday,No,Day,Other injury accident,60 km/hr,145.01237,-37.87868,Non-Intersection,GLEN EIRA,Metro,2,0,2,0,0,0,1,No
2018,March,21/3/18,23.45.00,Collision with vehicle,Wednesday,No,Unk.,Other injury accident,80 km/hr,145.18472,-37.9583,Intersection,DANDENONG,Metro,2,0,1,1,0,0,1,No
2018,March,21/3/18,19.00.00,Struck pedestrian,Tuesday,No,Day,Other injury accident,50 km/hr,144.98992,-37.73903,Intersection,DAREBIN,Metro,2,0,1,1,0,0,0,No
2018,March,21/3/18,06.35.00,Collision with vehicle,Wednesday,No,Dark,Serious injury accident,100 km/hr,145.54729,-36.41519,Non-Intersection,SHEPPARTON,Country,3,0,2,1,0,0,0,No
2018,March,21/3/18,01.30.00,Vehicle overturned,Wednesday,No,Dark,Other injury accident,60 km/hr,144.95283,-37.29037,Non-Intersection,MITCHELL,Country,1,0,1,0,0,0,0,No
2018,March,21/3/18,10.46.00,Collision with vehicle,Wednesday,No,Day,Other injury accident,60 km/hr,144.97477,-37.84066,Non-Intersection,PORT PHILLIP,Metro,3,0,2,1,0,0,0,No
2018,March,21/3/18,13.10.00,Collision with vehicle,Wednesday,No,Day,Other injury accident,70 km/hr,145.02106,-37.65171,Non-Intersection,WHITTLESEA,Metro,2,0,0,2,0,0,0,No
2018,March,21/3/18,14.54.00,Collision with vehicle,Wednesday,No,Day,Other injury accident,60 km/hr,145.14615,-38.17448,Non-Intersection,FRANKSTON,Metro,2,0,0,2,0,0,1,No
2018,March,21/3/18,14.30.00,Collision with object,Tuesday,No,Day,Other injury accident,50 km/hr,144.92328,-37.6671,Non-Intersection,HUME,Metro,1,0,1,0,0,0,0,No
2018,March,21/3/18,16.20.00,Struck pedestrian,Wednesday,Yes,Day,Serious injury accident,80 km/hr,143.80164,-37.50682,Non-Intersection,BALLARAT,Country,2,0,1,0,0,0,0,No
2018,March,21/3/18,15.17.00,No collision and no object struck,Wednesday,No,Day,Other injury accident,60 km/hr,144.95077,-37.80719,Intersection,MELBOURNE,Metro,1,0,1,0,0,0,0,No
2018,March,21/3/18,17.57.00,Collision with vehicle,Wednesday,No,Day,Serious injury accident,80 km/hr,145.17871,-37.79828,Intersection,MANNINGHAM,Metro,6,0,1,4,3,0,0,No
2018,March,21/3/18,15.25.00,Collision with object,Tuesday,No,Day,Other injury accident,50 km/hr,144.8532,-37.73723,Non-Intersection,BRIMBANK,Metro,1,0,1,0,0,0,0,No
2018,March,21/3/18,17.40.00,Collision with vehicle,Tuesday,No,Day,Other injury accident,50 km/hr,145.40673,-36.38893,Intersection,SHEPPARTON,Country,2,0,2,0,0,0,0,No
2018,March,21/3/18,19.57.00,No collision and no object struck,Wednesday,No,Dusk/Dawn,Serious injury accident,60 km/hr,144.7005,-37.74774,Non-Intersection,MELTON,Metro,1,0,1,0,0,0,0,No
2018,March,21/3/18,18.05.00,Vehicle overturned,Wednesday,No,Day,Fatal accident,100 km/hr,143.56254,-35.80937,Non-Intersection,GANNAWARRA,Country,1,1,0,1,0,0,0,No
2018,March,21/3/18,18.20.00,Collision with object,Wednesday,No,Day,Serious injury accident,100 km/hr,143.68745,-37.70876,Non-Intersection,GOLDEN PLAINS,Country,1,0,0,1,0,0,0,Yes
2018,March,21/3/18,19.00.00,Vehicle overturned,Wednesday,No,Day,Other injury accident,80 km/hr,144.92944,-37.82927,Non-Intersection,PORT PHILLIP,Metro,1,0,1,0,0,0,0,No
2018,March,21/3/18,21.30.00,Collision with vehicle,Wednesday,No,Dark,Other injury accident,80 km/hr,144.86617,-37.67783,Non-Intersection,HUME,Metro,5,0,2,3,1,0,1,No
2018,March,21/3/18,23.25.00,Collision with vehicle,Tuesday,No,Dark,Serious injury accident,50 km/hr,144.24629,-36.72075,Non-Intersection,BENDIGO,Country,1,0,1,0,0,0,0,No
2018,March,21/3/18,20.40.00,No collision and no object struck,Wednesday,No,Dark,Other injury accident,40 km/hr,144.07731,-37.86874,Non-Intersection,GOLDEN PLAINS,Country,6,0,3,1,1,0,0,No
2018,March,21/3/18,00.10.00,Collision with object,Wednesday,No,Dark,Serious injury accident,70 km/hr,144.99404,-37.75466,Non-Intersection,DAREBIN,Metro,2,0,1,1,1,0,0,No
2018,March,21/3/18,04.55.00,No collision and no object struck,Wednesday,No,Dark,Serious injury accident,60 km/hr,145.14313,-37.97234,Non-Intersection,DANDENONG,Metro,1,0,1,0,0,0,0,No
2018,March,21/3/18,05.30.00,Collision with object,Wednesday,No,Dark,Other injury accident,100 km/hr,144.6039,-37.69528,Intersection,MELTON,Metro,3,0,3,0,0,0,0,No
2018,March,21/3/18,11.00.00,Collision with object,Wednesday,No,Day,Serious injury accident,100 km/hr,145.106,-37.79145,Non-Intersection,MANNINGHAM,Metro,1,0,1,0,0,0,0,No
2018,March,22/3/18,17.45.00,Collision with vehicle,Thursday,No,Unk.,Other injury accident,80 km/hr,144.89382,-37.73428,Non-Intersection,MOONEE VALLEY,Metro,4,0,0,4,0,0,1,No
2018,March,22/3/18,11.50.00,Collision with vehicle,Wednesday,No,Day,Other injury accident,60 km/hr,143.84824,-37.55649,Intersection,BALLARAT,Country,2,0,2,0,0,1,0,No
2018,March,22/3/18,22.00.00,Collision with object,Wednesday,No,Dark,Serious injury accident,80 km/hr,145.05494,-37.88371,Non-Intersection,GLEN EIRA,Metro,1,0,1,0,0,0,0,No
2018,March,22/3/18,17.40.00,Collision with vehicle,Thursday,No,Day,Other injury accident,40 km/hr,144.98608,-37.80659,Intersection,YARRA RANGES,Metro,2,0,2,0,0,0,0,No
2018,March,22/3/18,20.00.00,No collision and no object struck,Thursday,No,Dark,Other injury accident,60 km/hr,145.33893,-37.86066,Intersection,YARRA RANGES,Metro,1,0,1,0,0,0,0,No
2018,March,22/3/18,17.50.00,Collision with vehicle,Thursday,Yes,Dusk/Dawn,Other injury accident,60 km/hr,144.97822,-37.84409,Intersection,PORT PHILLIP,Metro,2,0,2,0,0,0,0,No
2018,March,22/3/18,18.57.00,Collision with vehicle,Wednesday,No,Dusk/Dawn,Other injury accident,50 km/hr,145.49472,-38.07754,Non-Intersection,CARDINIA,Metro,1,0,1,0,0,0,1,No
2018,March,22/3/18,20.00.00,Collision with vehicle,Thursday,No,Dark,Other injury accident,60 km/hr,145.07372,-37.923,Non-Intersection,GLEN EIRA,Metro,2,0,2,0,0,0,1,No
2018,March,22/3/18,00.50.00,Collision with object,Thursday,Yes,Dark,Serious injury accident,50 km/hr,144.96378,-37.82954,Intersection,PORT PHILLIP,Metro,2,0,1,1,1,0,0,No
2018,March,22/3/18,02.27.00,Collision with vehicle,Thursday,No,Dark,Other injury accident,60 km/hr,144.9985,-37.67189,Non-Intersection,WHITTLESEA,Metro,2,0,1,1,1,0,1,No
2018,March,22/3/18,06.30.00,Collision with object,Wednesday,No,Dusk/Dawn,Other injury accident,70 km/hr,145.30136,-37.75667,Non-Intersection,YARRA RANGES,Metro,1,0,0,1,0,0,0,No
2018,March,22/3/18,09.31.00,Collision with vehicle,Thursday,No,Day,Other injury accident,70 km/hr,144.34635,-38.18207,Non-Intersection,GEELONG,Country,2,0,1,1,0,0,1,No
2018,March,22/3/18,07.47.00,Struck pedestrian,Thursday,No,Day,Other injury accident,60 km/hr,145.0475,-37.8303,Non-Intersection,BOROONDARA,Metro,2,0,2,0,0,0,0,No
2018,March,22/3/18,01.00.00,Collision with object,Thursday,No,Dark,Other injury accident,80 km/hr,144.34994,-37.37508,Non-Intersection,HEPBURN,Country,1,0,1,0,0,0,0,No
2018,March,22/3/18,10.00.00,Collision with object,Thursday,No,Day,Other injury accident,100 km/hr,144.67153,-36.40267,Non-Intersection,CAMPASPE,Country,1,0,1,0,0,1,0,No
2018,March,22/3/18,10.20.00,Vehicle overturned,Thursday,No,Day,Other injury accident,60 km/hr,144.68582,-37.86096,Intersection,WYNDHAM,Metro,2,0,2,0,0,0,0,No
2018,March,22/3/18,11.05.00,Struck pedestrian,Wednesday,No,Day,Other injury accident,60 km/hr,144.30522,-36.77325,Intersection,BENDIGO,Country,2,0,0,2,0,0,0,No