year,month,date,time,accident_type,day,hit_run,light_condition,severity,speed_zone,longitude,latitude,node_type,lga,state_div,total_persons,fatality,males,females,passengers,old_driver,young_driver,alcohol
2018,March,22/3/18,07.50.00,Collision with vehicle,Thursday,No,Day,Other injury accident,60 km/hr,145.12399,-37.78208,Intersection,MANNINGHAM,Metro,2,0,1,1,0,0,1,No
2018,March,22/3/18,10.50.00,Collision with vehicle,Thursday,No,Day,Other injury accident,60 km/hr,144.77493,-37.77024,Intersection,BRIMBANK,Metro,4,0,4,0,2,0,0,No
2018,March,22/3/18,09.30.00,Collision with vehicle,Thursday,No,Day,Other injury accident,40 km/hr,144.99699,-37.80024,Intersection,YARRA RANGES,Metro,2,0,0,2,0,0,0,No
2018,March,22/3/18,13.30.00,Collision with vehicle,Wednesday,No,Day,Other injury accident,60 km/hr,144.34737,-38.09034,Intersection,GEELONG,Country,4,0,1,3,2,1,0,No
2018,March,22/3/18,08.20.00,Collision with object,Thursday,No,Day,Serious injury accident,70 km/hr,144.39143,-38.05005,Non-Intersection,GEELONG,Country,1,0,1,0,0,0,1,No
2018,March,22/3/18,07.00.00,Collision with vehicle,Thursday,No,Dark,Serious injury accident,60 km/hr,145.7803,-38.23944,Non-Intersection,BAW BAW,Country,4,0,3,1,2,0,0,No
2018,March,22/3/18,14.15.00,Collision with vehicle,Wednesday,No,Day,Other injury accident,80 km/hr,145.06967,-37.67874,Non-Intersection,WHITTLESEA,Metro,4,0,2,2,1,0,0,No
2018,March,22/3/18,07.45.00,Collision with object,Thursday,No,Day,Other injury accident,100 km/hr,144.66534,-36.4627,Non-Intersection,CAMPASPE,Country,1,0,1,0,0,0,1,No
2018,March,22/3/18,15.15.00,Collision with vehicle,Wednesday,No,Day,Other injury accident,80 km/hr,145.2427,-38.1081,Non-Intersection,CASEY,Metro,4,0,2,2,2,0,0,No
2018,March,22/3/18,15.07.00,Collision with vehicle,Thursday,No,Day,Serious injury accident,80 km/hr,145.26648,-37.99545,Non-Intersection,CASEY,Metro,4,0,3,1,0,0,0,No
2018,March,22/3/18,16.30.00,Collision with object,Thursday,No,Day,Other injury accident,50 km/hr,145.17337,-37.78215,Non-Intersection,MANNINGHAM,Metro,2,0,1,1,1,0,0,No
2018,March,22/3/18,15.40.00,Vehicle overturned,Thursday,No,Day,Other injury accident,80 km/hr,143.25867,-38.74585,Non-Intersection,COLAC OTWAY,Country,5,0,2,2,3,0,0,No
2018,March,22/3/18,17.35.00,Collision with vehicle,Thursday,No,Day,Other injury accident,100 km/hr,144.45821,-38.01763,Non-Intersection,GEELONG,Country,2,0,2,0,0,0,0,No
2018,March,22/3/18,17.35.00,Collision with vehicle,Thursday,No,Day,Other injury accident,50 km/hr,144.33359,-38.24143,Intersection,GEELONG,Country,4,0,1,3,2,0,0,No
2018,March,22/3/18,16.50.00,Collision with vehicle,Thursday,No,Day,Other injury accident,70 km/hr,144.96367,-37.72721,Non-Intersection,MORELAND,Metro,2,0,1,1,0,0,0,No
2018,March,22/3/18,15.25.00,Collision with vehicle,Wednesday,Yes,Day,Other injury accident,60 km/hr,144.34457,-38.10464,Intersection,GEELONG,Country,2,0,1,0,0,0,0,No
2018,March,22/3/18,15.28.00,Collision with vehicle,Thursday,No,Day,Other injury accident,80 km/hr,144.70392,-37.88297,Intersection,WYNDHAM,Metro,3,0,1,1,0,0,0,No
2018,March,22/3/18,20.18.00,Collision with vehicle,Thursday,No,Dark,Other injury accident,70 km/hr,144.96263,-37.71679,Intersection,MORELAND,Metro,2,0,1,1,0,0,0,No
2018,March,22/3/18,16.45.00,Collision with vehicle,Thursday,No,Day,Other injury accident,70 km/hr,145.04408,-37.72078,Non-Intersection,DAREBIN,Metro,2,0,2,0,0,0,0,No
2018,March,22/3/18,21.20.00,Collision with vehicle,Thursday,No,Dark,Other injury accident,80 km/hr,144.69896,-37.78529,Non-Intersection,MELTON,Metro,3,0,1,2,0,0,2,No
2018,March,22/3/18,23.40.00,Collision with object,Wednesday,No,Dark,Other injury accident,100 km/hr,145.1629,-38.17331,Non-Intersection,FRANKSTON,Metro,1,0,1,0,0,0,0,Yes
2018,March,23/3/18,12.45.00,Collision with vehicle,Thursday,No,Day,Other injury accident,100 km/hr,145.67319,-36.05428,Non-Intersection,MOIRA,Country,2,0,1,1,0,1,1,No
2018,March,23/3/18,03.25.00,Collision with object,Friday,No,Dark,Other injury accident,60 km/hr,143.57205,-38.36295,Non-Intersection,COLAC OTWAY,Country,3,0,3,0,2,0,1,No
2018,March,23/3/18,06.25.00,Collision with vehicle,Friday,No,Dark,Other injury accident,110 km/hr,144.24904,-37.00373,Non-Intersection,MOUNT ALEXANDER,Country,2,0,2,0,0,0,0,No
2018,March,23/3/18,02.00.00,Collision with object,Thursday,No,Dark,Serious injury accident,100 km/hr,145.20489,-36.09687,Non-Intersection,MOIRA,Country,1,0,0,1,0,0,0,Yes
2018,March,23/3/18,08.15.00,Collision with vehicle,Friday,No,Day,Other injury accident,50 km/hr,145.05524,-37.71442,Intersection,DAREBIN,Metro,2,0,2,0,0,0,0,No
2018,March,23/3/18,10.25.00,Struck pedestrian,Friday,No,Day,Other injury accident,60 km/hr,145.03681,-37.741,Intersection,BANYULE,Metro,3,0,1,2,0,0,1,No
2018,March,23/3/18,11.30.00,Collision with object,Friday,No,Day,Other injury accident,80 km/hr,144.84497,-37.74337,Non-Intersection,BRIMBANK,Metro,1,0,1,0,0,0,0,No
2018,March,23/3/18,13.15.00,Collision with vehicle,Thursday,No,Day,Other injury accident,50 km/hr,146.29373,-38.18586,Intersection,LATROBE,Country,4,0,2,2,2,0,1,No
2018,March,23/3/18,15.00.00,Collision with vehicle,Friday,No,Day,Other injury accident,60 km/hr,145.93896,-38.16419,Non-Intersection,BAW BAW,Country,2,0,1,1,0,0,0,No
2018,March,23/3/18,14.00.00,Struck pedestrian,Friday,No,Day,Fatal accident,60 km/hr,145.14464,-37.7305,Non-Intersection,NILLUMBIK,Metro,4,1,3,1,2,0,0,Yes
2018,March,23/3/18,12.54.00,Vehicle overturned,Friday,No,Day,Serious injury accident,100 km/hr,142.03547,-36.05794,Non-Intersection,HINDMARSH,Country,1,0,1,0,0,0,0,No
2018,March,23/3/18,15.36.00,Collision with vehicle,Friday,No,Day,Other injury accident,80 km/hr,145.23395,-37.90075,Non-Intersection,KNOX,Metro,3,0,1,2,1,0,0,No
2018,March,23/3/18,16.00.00,Collision with vehicle,Friday,No,Day,Other injury accident,60 km/hr,144.38583,-38.1807,Non-Intersection,GEELONG,Country,1,0,1,0,0,1,0,No
2018,March,23/3/18,15.00.00,Collision with vehicle,Friday,Yes,Day,Other injury accident,60 km/hr,145.28971,-37.76199,Non-Intersection,MANNINGHAM,Metro,4,0,1,3,2,0,1,No
2018,March,23/3/18,17.14.00,Struck pedestrian,Friday,No,Day,Serious injury accident,50 km/hr,144.34262,-38.17516,Non-Intersection,GEELONG,Country,3,0,3,0,1,0,0,No
2018,March,23/3/18,15.40.00,Collision with vehicle,Thursday,No,Day,Serious injury accident,80 km/hr,145.20897,-37.68383,Non-Intersection,NILLUMBIK,Metro,2,0,2,0,0,0,0,No
2018,March,23/3/18,12.00.00,Collision with vehicle,Thursday,No,Unk.,Other injury accident,50 km/hr,145.04192,-37.80419,Intersection,BOROONDARA,Metro,2,0,2,0,0,0,0,No
2018,March,23/3/18,18.15.00,Collision with object,Friday,No,Day,Serious injury accident,100 km/hr,144.27184,-35.8221,Non-Intersection,GANNAWARRA,Country,4,0,1,2,3,0,1,No
2018,March,23/3/18,17.29.00,Collision with vehicle,Friday,Yes,Day,Other injury accident,80 km/hr,145.23606,-37.90332,Intersection,KNOX,Metro,5,0,2,3,2,0,1,No
2018,March,23/3/18,18.10.00,Collision with vehicle,Friday,No,Day,Other injury accident,50 km/hr,145.11085,-37.94026,Non-Intersection,KINGSTON,Metro,2,0,1,1,0,0,1,No
2018,March,23/3/18,18.10.00,Struck pedestrian,Friday,No,Day,Other injury accident,70 km/hr,144.88304,-37.68441,Intersection,HUME,Metro,2,0,1,1,0,0,1,No
2018,March,23/3/18,18.05.00,Collision with vehicle,Friday,No,Day,Other injury accident,50 km/hr,144.52191,-38.26786,Intersection,GEELONG,Country,2,0,0,1,0,0,0,No
2018,March,23/3/18,17.55.00,Collision with vehicle,Friday,No,Day,Other injury accident,70 km/hr,145.03914,-37.87462,Non-Intersection,GLEN EIRA,Metro,4,0,2,1,2,0,0,No
2018,March,23/3/18,15.14.00,Collision with vehicle,Friday,No,Day,Fatal accident,60 km/hr,145.06504,-37.78751,Intersection,BOROONDARA,Metro,4,1,3,1,0,0,0,No
2018,March,23/3/18,09.05.00,Struck pedestrian,Thursday,No,Day,Other injury accident,60 km/hr,144.93211,-37.83132,Intersection,PORT PHILLIP,Metro,2,0,2,0,0,0,1,No
2018,March,23/3/18,19.30.00,Collision with vehicle,Thursday,Yes,Dark,Other injury accident,50 km/hr,145.40979,-36.39192,Intersection,SHEPPARTON,Country,3,0,1,1,1,0,1,No
2018,March,23/3/18,02.50.00,Collision with vehicle,Thursday,No,Dark,Serious injury accident,50 km/hr,144.33174,-38.14395,Non-Intersection,GEELONG,Country,1,0,1,0,0,0,0,No
2018,March,23/3/18,23.50.00,Collision with vehicle,Thursday,No,Dark,Other injury accident,50 km/hr,144.97543,-37.76485,Non-Intersection,MORELAND,Metro,2,0,2,0,0,0,0,No
2018,March,23/3/18,15.15.00,Collision with vehicle,Friday,No,Day,Other injury accident,60 km/hr,144.98842,-37.90381,Intersection,BAYSIDE,Metro,3,0,2,1,0,0,1,No
2018,March,23/3/18,22.00.00,Collision with vehicle,Thursday,Yes,Dark,Other injury accident,100 km/hr,145.21568,-38.20062,Non-Intersection,CASEY,Metro,2,0,1,0,0,0,0,No
2018,March,23/3/18,21.55.00,Collision with vehicle,Friday,No,Dark,Other injury accident,60 km/hr,145.02237,-37.94546,Non-Intersection,BAYSIDE,Metro,2,0,1,1,0,0,0,No
2018,March,23/3/18,17.34.00,Struck pedestrian,Friday,No,Day,Other injury accident,60 km/hr,145.05972,-37.81548,Non-Intersection,BOROONDARA,Metro,2,0,1,1,0,0,0,No
2018,March,23/3/18,15.40.00,Struck pedestrian,Thursday,Yes,Day,Other injury accident,40 km/hr,145.02866,-37.73294,Non-Intersection,DAREBIN,Metro,2,0,1,0,0,0,0,No
2018,March,23/3/18,16.30.00,Collision with vehicle,Friday,No,Day,Other injury accident,60 km/hr,145.09934,-37.93341,Non-Intersection,KINGSTON,Metro,3,0,2,1,0,0,2,No
2018,March,23/3/18,14.50.00,Collision with vehicle,Thursday,No,Day,Serious injury accident,100 km/hr,144.69056,-37.74123,Non-Intersection,MELTON,Metro,2,0,2,0,0,0,0,No
2018,March,23/3/18,17.30.00,Collision with vehicle,Friday,No,Day,Other injury accident,40 km/hr,144.96075,-37.809,Non-Intersection,MELBOURNE,Metro,3,0,1,1,1,0,0,No
2018,March,23/3/18,19.00.00,Collision with vehicle,Thursday,No,Dusk/Dawn,Other injury accident,40 km/hr,144.96616,-37.82654,Non-Intersection,MELBOURNE,Metro,2,0,2,0,0,0,1,No
2018,March,23/3/18,16.46.00,Collision with vehicle,Thursday,No,Day,Other injury accident,60 km/hr,142.1314,-34.20257,Intersection,MILDURA,Country,3,0,2,1,0,0,1,No
2018,March,23/3/18,17.00.00,Collision with vehicle,Friday,No,Day,Other injury accident,100 km/hr,143.66194,-37.65796,Intersection,GOLDEN PLAINS,Country,2,0,0,2,0,0,0,No
2018,March,23/3/18,08.30.00,Collision with vehicle,Friday,No,Unk.,Other injury accident,40 km/hr,145.00727,-37.77774,Non-Intersection,DAREBIN,Metro,2,0,2,0,0,0,0,No
2018,March,23/3/18,16.00.00,Collision with vehicle,Thursday,No,Day,Other injury accident,100 km/hr,144.33198,-38.08207,Non-Intersection,GEELONG,Country,2,0,0,1,0,0,0,No
2018,March,24/3/18,12.15.00,Collision with vehicle,Saturday,No,Day,Other injury accident,80 km/hr,145.54688,-37.95811,Non-Intersection,CARDINIA,Metro,2,0,2,0,0,0,0,No
2018,March,24/3/18,23.30.00,Collision with object,Saturday,No,Dark,Serious injury accident,100 km/hr,146.41432,-36.03854,Intersection,INDIGO,Country,2,0,1,1,1,0,0,No
2018,March,24/3/18,00.29.00,Collision with object,Saturday,No,Dark,Serious injury accident,60 km/hr,144.85757,-37.79213,Intersection,MARIBYRNONG,Metro,1,0,1,0,0,0,0,No
2018,March,24/3/18,19.00.00,Collision with object,Friday,No,Day,Other injury accident,100 km/hr,146.1364,-38.69001,Non-Intersection,SOUTH GIPPSLAND,Country,1,0,0,1,0,0,0,No
2018,March,24/3/18,01.00.00,Collision with object,Saturday,No,Dark,Other injury accident,100 km/hr,147.07183,-37.98227,Intersection,WELLINGTON,Country,1,0,1,0,0,0,1,No
2018,March,24/3/18,01.48.00,Collision with object,Friday,No,Dark,Serious injury accident,60 km/hr,144.25761,-36.74696,Intersection,BENDIGO,Country,1,0,1,0,0,0,0,Yes
2018,March,24/3/18,05.50.00,Collision with vehicle,Saturday,No,Dark,Serious injury accident,50 km/hr,145.13486,-38.07299,Non-Intersection,KINGSTON,Metro,2,0,1,0,1,0,1,Yes
2018,March,24/3/18,09.10.00,Collision with vehicle,Friday,No,Day,Other injury accident,50 km/hr,145.35283,-37.75777,Non-Intersection,YARRA RANGES,Metro,6,0,3,3,4,0,0,No
2018,March,24/3/18,11.30.00,Collision with object,Friday,No,Day,Other injury accident,70 km/hr,144.96262,-37.69003,Non-Intersection,HUME,Metro,1,0,1,0,0,0,0,No
2018,March,24/3/18,12.40.00,Vehicle overturned,Saturday,No,Day,Other injury accident,60 km/hr,144.13297,-36.73567,Intersection,BENDIGO,Country,1,0,0,1,0,0,0,No
2018,March,24/3/18,12.50.00,Collision with vehicle,Saturday,No,Day,Other injury accident,60 km/hr,145.85524,-38.14235,Intersection,BAW BAW,Country,2,0,1,1,0,0,1,No
2018,March,24/3/18,11.56.00,Collision with vehicle,Saturday,No,Day,Serious injury accident,60 km/hr,145.39913,-37.78786,Non-Intersection,YARRA RANGES,Metro,6,0,4,2,1,0,1,No
2018,March,24/3/18,12.55.00,Collision with object,Saturday,No,Day,Serious injury accident,100 km/hr,145.44313,-38.52664,Non-Intersection,BASS COAST,Country,1,0,0,1,0,0,1,No
2018,March,24/3/18,10.15.00,Collision with vehicle,Friday,No,Day,Other injury accident,60 km/hr,145.18266,-38.19492,Non-Intersection,FRANKSTON,Metro,3,0,2,1,1,1,0,No
2018,March,24/3/18,13.06.00,Collision with vehicle,Saturday,No,Day,Other injury accident,70 km/hr,145.1351,-38.14816,Non-Intersection,FRANKSTON,Metro,4,0,1,2,0,0,0,No
2018,March,24/3/18,08.47.00,Collision with vehicle,Friday,No,Day,Other injury accident,50 km/hr,145.05488,-37.80263,Non-Intersection,BOROONDARA,Metro,1,0,1,0,0,0,1,No
2018,March,24/3/18,14.45.00,Collision with vehicle,Saturday,No,Day,Other injury accident,60 km/hr,145.4138,-37.86199,Non-Intersection,YARRA RANGES,Metro,2,0,0,2,0,0,1,No
2018,March,24/3/18,03.30.00,Collision with object,Saturday,No,Dark,Serious injury accident,100 km/hr,145.45755,-35.8389,Non-Intersection,MOIRA,Country,3,0,3,0,2,0,1,No
2018,March,24/3/18,15.10.00,Collision with vehicle,Saturday,No,Day,Other injury accident,50 km/hr,145.23759,-38.45029,Non-Intersection,BASS COAST,Country,3,0,1,2,1,1,0,No
2018,March,24/3/18,15.15.00,Collision with object,Saturday,No,Day,Other injury accident,80 km/hr,145.26919,-37.91292,Non-Intersection,KNOX,Metro,1,0,1,0,0,0,1,No
2018,March,24/3/18,18.32.00,Struck pedestrian,Saturday,No,Day,Serious injury accident,60 km/hr,145.12431,-37.81605,Non-Intersection,WHITEHORSE,Metro,3,0,1,2,1,0,0,No
2018,March,24/3/18,18.56.00,Collision with vehicle,Saturday,No,Day,Other injury accident,70 km/hr,144.95665,-37.67863,Intersection,HUME,Metro,3,0,2,1,0,0,0,No
2018,March,24/3/18,15.05.00,Collision with object,Saturday,No,Day,Other injury accident,60 km/hr,145.06698,-37.86192,Intersection,BOROONDARA,Metro,1,0,0,1,0,0,0,Yes
2018,March,24/3/18,19.40.00,Collision with object,Friday,No,Dark,Other injury accident,60 km/hr,144.99497,-37.78707,Non-Intersection,YARRA RANGES,Metro,1,0,1,0,0,0,0,No
2018,March,24/3/18,18.45.00,Collision with vehicle,Saturday,No,Day,Serious injury accident,60 km/hr,145.02632,-37.64462,Intersection,WHITTLESEA,Metro,6,0,3,3,2,0,0,No
2018,March,24/3/18,18.10.00,Collision with object,Saturday,No,Dark,Other injury accident,60 km/hr,144.56679,-37.67312,Non-Intersection,MELTON,Metro,3,0,1,0,1,0,1,No
2018,March,24/3/18,15.12.00,Collision with vehicle,Friday,No,Day,Other injury accident,60 km/hr,144.9142,-37.69389,Non-Intersection,HUME,Metro,3,0,3,0,1,0,0,No
2018,March,24/3/18,19.30.00,Collision with vehicle,Saturday,No,Dusk/Dawn,Other injury accident,50 km/hr,142.20685,-36.72694,Non-Intersection,HORSHAM,Country,3,0,1,2,1,0,0,No
2018,March,24/3/18,15.00.00,Collision with object,Saturday,No,Day,Other injury accident,80 km/hr,145.33432,-38.13472,Intersection,CASEY,Metro,3,0,2,1,2,0,1,No
2018,March,24/3/18,22.30.00,Collision with object,Friday,No,Dark,Other injury accident,60 km/hr,145.36724,-37.86214,Non-Intersection,YARRA RANGES,Metro,2,0,0,2,1,0,1,No
2018,March,24/3/18,21.13.00,Collision with vehicle,Saturday,No,Dark,Serious injury accident,70 km/hr,145.05739,-37.66416,Non-Intersection,WHITTLESEA,Metro,2,0,2,0,1,0,1,No
2018,March,24/3/18,13.10.00,Collision with object,Friday,No,Day,Other injury accident,80 km/hr,144.43912,-37.69015,Non-Intersection,MOORABOOL,Country,1,0,1,0,0,0,1,No
2018,March,24/3/18,15.15.00,Vehicle overturned,Saturday,No,Day,Other injury accident,70 km/hr,145.49103,-38.03032,Non-Intersection,CARDINIA,Metro,1,0,0,1,0,0,0,No
2018,March,24/3/18,15.00.00,Collision with vehicle,Friday,No,Day,Other injury accident,100 km/hr,145.52278,-37.25812,Non-Intersection,MURRINDINDI,Country,4,0,2,2,2,0,2,No
2018,March,24/3/18,23.20.00,Collision with object,Saturday,No,Dark,Serious injury accident,100 km/hr,144.17615,-38.02954,Non-Intersection,GOLDEN PLAINS,Country,2,0,1,1,1,0,0,Yes
2018,March,24/3/18,08.25.00,Collision with object,Friday,No,Day,Other injury accident,80 km/hr,146.28372,-38.19162,Non-Intersection,LATROBE,Country,2,0,2,0,1,0,0,No
2018,March,24/3/18,11.35.00,Collision with vehicle,Saturday,No,Day,Other injury accident,100 km/hr,144.77979,-37.85012,Non-Intersection,HOBSONS BAY,Metro,8,0,5,3,6,0,0,No
2018,March,24/3/18,13.28.00,Collision with vehicle,Saturday,No,Day,Other injury accident,60 km/hr,144.74786,-37.88118,Intersection,WYNDHAM,Metro,3,0,3,0,0,0,0,No
2018,March,24/3/18,18.00.00,Vehicle overturned,Saturday,No,Dark,Other injury accident,40 km/hr,145.23103,-37.81464,Intersection,MAROONDAH,Metro,1,0,1,0,0,0,0,No
2018,March,25/3/18,09.50.00,Collision with object,Sunday,No,Day,Serious injury accident,80 km/hr,145.63721,-37.59878,Non-Intersection,YARRA RANGES,Metro,2,0,1,1,1,1,0,No
2018,March,25/3/18,11.00.00,Struck pedestrian,,Yes,Day,Other injury accident,50 km/hr,145.02953,-37.6519,Non-Intersection,WHITTLESEA,Metro,2,0,1,0,0,0,0,No
2018,March,25/3/18,10.00.00,Collision with vehicle,Sunday,No,Day,Other injury accident,50 km/hr,145.40673,-36.38893,Intersection,SHEPPARTON,Country,2,0,1,1,0,1,0,No
2018,March,25/3/18,11.00.00,Vehicle overturned,Sunday,No,Day,Other injury accident,100 km/hr,147.85777,-37.67987,Non-Intersection,EAST GIPPSLAND,Country,1,0,0,1,0,0,0,No
2018,March,25/3/18,20.30.00,No collision and no object struck,Sunday,No,Dark,Other injury accident,40 km/hr,144.99224,-37.85779,Intersection,PORT PHILLIP,Metro,1,0,0,0,0,0,0,No
2018,March,25/3/18,00.17.00,Collision with vehicle,Sunday,Yes,Dark,Other injury accident,60 km/hr,144.91941,-37.67754,Intersection,HUME,Metro,9,0,1,5,7,0,0,Yes
2018,March,25/3/18,00.05.00,Collision with vehicle,Sunday,No,Dark,Other injury accident,40 km/hr,144.9663,-37.80888,Intersection,MELBOURNE,Metro,4,0,2,2,2,0,0,No
2018,March,25/3/18,03.44.00,Collision with object,Sunday,No,Dark,Serious injury accident,80 km/hr,145.16414,-37.88889,Intersection,MONASH,Metro,1,0,1,0,0,0,0,Yes
2018,March,25/3/18,00.11.00,Collision with vehicle,Sunday,No,Dark,Other injury accident,50 km/hr,144.98962,-37.74722,Non-Intersection,DAREBIN,Metro,2,0,0,2,1,0,1,Yes
2018,March,25/3/18,05.56.00,Collision with vehicle,,Yes,Dark,Other injury accident,60 km/hr,144.81682,-37.74626,Non-Intersection,BRIMBANK,Metro,2,0,0,0,1,0,0,No
2018,March,25/3/18,06.50.00,Collision with object,,No,Dark,Other injury accident,100 km/hr,144.94952,-37.40765,Non-Intersection,MITCHELL,Country,1,0,1,0,0,0,1,No
2018,March,25/3/18,11.10.00,Collision with vehicle,Sunday,No,Day,Other injury accident,80 km/hr,145.17387,-37.99876,Non-Intersection,DANDENONG,Metro,6,0,3,3,4,0,0,No
2018,March,25/3/18,11.30.00,Collision with vehicle,,No,Day,Other injury accident,100 km/hr,143.58185,-38.46176,Non-Intersection,COLAC OTWAY,Country,2,0,1,1,0,0,1,No
2018,March,25/3/18,12.15.00,Collision with vehicle,Sunday,No,Day,Other injury accident,60 km/hr,144.82634,-37.86399,Non-Intersection,HOBSONS BAY,Metro,3,0,1,2,1,0,0,No
2018,March,25/3/18,11.05.00,Struck pedestrian,,No,Day,Serious injury accident,40 km/hr,144.99356,-37.85053,Non-Intersection,STONNINGTON,Metro,2,0,2,0,0,0,0,No
2018,March,25/3/18,14.13.00,Collision with vehicle,Sunday,No,Day,Other injury accident,70 km/hr,144.35841,-38.05934,Non-Intersection,GEELONG,Country,4,0,2,2,1,0,0,No
2018,March,25/3/18,15.30.00,Collision with vehicle,,No,Day,Serious injury accident,60 km/hr,144.96021,-37.82586,Non-Intersection,MELBOURNE,Metro,4,0,2,2,2,0,0,No
2018,March,25/3/18,10.10.00,Collision with vehicle,,No,Day,Other injury accident,60 km/hr,144.86762,-37.78504,Intersection,MARIBYRNONG,Metro,2,0,1,0,0,0,0,No
2018,March,25/3/18,13.46.00,Collision with vehicle,,No,Day,Serious injury accident,80 km/hr,142.75301,-38.44745,Intersection,MOYNE,Country,2,0,1,1,0,0,0,No
2018,March,25/3/18,17.10.00,No collision and no object struck,Sunday,No,Day,Other injury accident,50 km/hr,144.76428,-37.74173,Non-Intersection,BRIMBANK,Metro,1,0,1,0,0,0,0,No
2018,March,25/3/18,18.15.00,Collision with vehicle,Sunday,No,Day,Serious injury accident,40 km/hr,144.95739,-37.82,Non-Intersection,MELBOURNE,Metro,5,0,4,1,3,1,0,No
2018,March,25/3/18,20.36.00,Collision with vehicle,,No,Dark,Serious injury accident,40 km/hr,144.99562,-37.8395,Intersection,STONNINGTON,Metro,2,0,1,1,0,1,0,No
2018,March,25/3/18,16.55.00,Collision with object,,No,Day,Serious injury accident,100 km/hr,142.68269,-38.33131,Non-Intersection,MOYNE,Country,3,0,3,0,2,0,1,No
2018,March,25/3/18,20.25.00,Vehicle overturned,Sunday,No,Dark,Other injury accident,100 km/hr,146.83546,-36.23686,Non-Intersection,WODONGA,Country,1,0,1,0,0,0,0,No
2018,March,25/3/18,22.00.00,Struck pedestrian,Sunday,No,Dark,Other injury accident,60 km/hr,145.03489,-37.90329,Intersection,GLEN EIRA,Metro,2,0,1,1,0,0,0,No
2018,March,25/3/18,09.10.00,Collision with vehicle,Sunday,No,Day,Other injury accident,60 km/hr,144.98974,-37.77652,Intersection,DAREBIN,Metro,2,0,1,1,0,0,0,No
2018,March,25/3/18,13.30.00,Collision with vehicle,Sunday,No,Day,Other injury accident,80 km/hr,145.25245,-37.91247,Intersection,KNOX,Metro,5,0,2,3,3,0,0,No
2018,March,25/3/18,06.02.00,Collision with object,,No,Dark,Serious injury accident,60 km/hr,145.06052,-38.24999,Non-Intersection,MORNINGTON PENINSULA,Metro,1,0,0,1,0,0,0,No
2018,March,25/3/18,15.12.00,Struck animal,Sunday,No,Day,Serious injury accident,80 km/hr,146.19907,-38.36754,Non-Intersection,SOUTH GIPPSLAND,Country,1,0,1,0,0,0,0,No
2018,March,25/3/18,11.18.00,Collision with vehicle,Sunday,No,Day,Other injury accident,40 km/hr,144.98262,-37.82384,Non-Intersection,MELBOURNE,Metro,2,0,2,0,0,0,0,No
2018,March,26/3/18,15.20.00,Struck pedestrian,Monday,No,Day,Serious injury accident,40 km/hr,144.79843,-37.78716,Intersection,BRIMBANK,Metro,2,0,2,0,0,0,0,Yes
2018,March,26/3/18,06.20.00,Collision with vehicle,Monday,No,Dark,Serious injury accident,60 km/hr,143.59188,-38.34548,Intersection,COLAC OTWAY,Country,2,0,2,0,0,0,1,No
2018,March,26/3/18,13.47.00,Collision with object,Monday,No,Day,Other injury accident,60 km/hr,144.89067,-37.75407,Intersection,MOONEE VALLEY,Metro,2,0,1,1,1,0,1,No
2018,March,26/3/18,19.00.00,Collision with object,Sunday,No,Day,Serious injury accident,100 km/hr,146.50768,-36.32041,Non-Intersection,WANGARATTA,Country,2,0,1,1,1,0,0,No
2018,March,26/3/18,22.21.00,Collision with object,Monday,No,Dark,Other injury accident,60 km/hr,145.06313,-37.9534,Intersection,KINGSTON,Metro,2,0,2,0,1,0,1,No
2018,March,26/3/18,05.15.00,Collision with object,Monday,No,Dark,Other injury accident,80 km/hr,145.869,-38.14903,Non-Intersection,BAW BAW,Country,1,0,1,0,0,0,0,No
2018,March,26/3/18,22.20.00,Collision with vehicle,Monday,No,Dark,Other injury accident,60 km/hr,144.9666,-37.74131,Intersection,MORELAND,Metro,3,0,2,1,1,0,2,No
2018,March,26/3/18,18.13.00,Collision with vehicle,Monday,No,Day,Serious injury accident,100 km/hr,146.96229,-38.01732,Non-Intersection,WELLINGTON,Country,3,0,3,0,1,1,1,No
2018,March,26/3/18,23.25.00,Collision with vehicle,Monday,No,Dark,Serious injury accident,60 km/hr,143.83902,-37.55986,Intersection,BALLARAT,Country,4,0,2,2,2,0,2,No
2018,March,26/3/18,17.13.00,Collision with object,Sunday,No,Dusk/Dawn,Other injury accident,60 km/hr,146.45502,-37.13142,Non-Intersection,MOUNT BULLER,Country,1,0,0,1,0,0,0,No
2018,March,26/3/18,16.15.00,Collision with vehicle,Monday,No,Day,Other injury accident,80 km/hr,144.91379,-37.73277,Non-Intersection,MOONEE VALLEY,Metro,3,0,1,1,1,0,0,No
2018,March,26/3/18,17.01.00,Collision with vehicle,Sunday,No,Day,Other injury accident,50 km/hr,145.266,-37.84418,Non-Intersection,KNOX,Metro,1,0,0,1,0,0,0,No
2018,March,26/3/18,15.45.00,Collision with vehicle,Monday,No,Day,Other injury accident,80 km/hr,145.23375,-37.86836,Non-Intersection,KNOX,Metro,6,0,1,5,0,0,0,No
2018,March,26/3/18,14.00.00,Collision with object,Monday,No,Day,Serious injury accident,80 km/hr,145.63342,-37.6023,Non-Intersection,YARRA RANGES,Metro,1,0,0,1,0,0,1,No
2018,March,26/3/18,13.50.00,Collision with object,Monday,No,Day,Other injury accident,100 km/hr,145.75829,-38.37564,Non-Intersection,SOUTH GIPPSLAND,Country,1,0,1,0,0,0,0,No