year,month,date,time,accident_type,day,hit_run,light_condition,severity,speed_zone,longitude,latitude,node_type,lga,state_div,total_persons,fatality,males,females,passengers,old_driver,young_driver,alcohol
2018,March,26/3/18,17.30.00,Collision with object,Sunday,No,Day,Other injury accident,70 km/hr,144.24199,-36.80405,Non-Intersection,BENDIGO,Country,1,0,0,1,0,0,0,No
2018,March,26/3/18,06.45.00,Collision with object,Monday,No,Dusk/Dawn,Serious injury accident,100 km/hr,144.89557,-37.38961,Non-Intersection,MACEDON RANGES,Country,1,0,0,1,0,0,0,No
2018,March,26/3/18,19.45.00,Struck animal,Sunday,No,Dusk/Dawn,Other injury accident,100 km/hr,144.22257,-36.68177,Non-Intersection,BENDIGO,Country,1,0,0,1,0,0,0,No
2018,March,26/3/18,07.00.00,Collision with vehicle,Sunday,No,Dusk/Dawn,Other injury accident,60 km/hr,145.17537,-38.3395,Intersection,MORNINGTON PENINSULA,Metro,2,0,1,1,0,0,1,No
2018,March,26/3/18,07.05.00,Struck pedestrian,Monday,No,Dusk/Dawn,Other injury accident,60 km/hr,145.28561,-37.86273,Non-Intersection,KNOX,Metro,2,0,1,1,0,0,1,No
2018,March,26/3/18,13.30.00,Collision with vehicle,Monday,No,Day,Other injury accident,70 km/hr,144.92906,-37.80308,Non-Intersection,MELBOURNE,Metro,4,0,2,0,1,0,0,No
2018,March,26/3/18,15.00.00,Collision with object,Monday,No,Day,Other injury accident,50 km/hr,144.97915,-37.76271,Non-Intersection,MORELAND,Metro,1,0,0,1,0,0,0,No
2018,March,26/3/18,15.40.00,Collision with vehicle,Monday,No,Day,Other injury accident,80 km/hr,145.2231,-38.10568,Non-Intersection,FRANKSTON,Metro,2,0,1,1,0,0,1,No
2018,March,26/3/18,17.39.00,Collision with vehicle,Monday,No,Day,Other injury accident,60 km/hr,145.16005,-37.96338,Intersection,DANDENONG,Metro,2,0,1,1,0,0,0,No
2018,March,26/3/18,15.30.00,Struck pedestrian,Monday,No,Day,Serious injury accident,50 km/hr,144.36007,-38.08723,Non-Intersection,GEELONG,Country,2,0,1,1,0,0,0,No
2018,March,26/3/18,18.22.00,Collision with vehicle,Monday,No,Day,Serious injury accident,70 km/hr,145.14386,-37.89621,Intersection,MONASH,Metro,4,0,3,1,2,0,1,No
2018,March,26/3/18,19.00.00,Collision with vehicle,Sunday,No,Dusk/Dawn,Other injury accident,80 km/hr,145.36034,-38.03961,Intersection,CASEY,Metro,3,0,2,1,0,0,1,No
2018,March,26/3/18,16.25.00,Collision with vehicle,Monday,No,Day,Other injury accident,70 km/hr,144.74394,-37.89916,Intersection,WYNDHAM,Metro,2,0,0,2,0,0,1,No
2018,March,26/3/18,05.35.00,Collision with vehicle,Monday,No,Dark,Other injury accident,60 km/hr,145.23945,-38.07766,Intersection,CASEY,Metro,2,0,2,0,0,0,0,No
2018,March,26/3/18,15.24.00,Collision with object,Monday,No,Day,Serious injury accident,100 km/hr,144.69843,-36.12947,Non-Intersection,CAMPASPE,Country,1,0,0,1,0,0,0,No
2018,March,26/3/18,15.13.00,Collision with vehicle,Sunday,No,Day,Other injury accident,60 km/hr,145.35164,-37.91884,Non-Intersection,YARRA RANGES,Metro,3,0,1,2,1,0,1,No
2018,March,27/3/18,05.10.00,Collision with vehicle,Tuesday,No,Dark,Other injury accident,70 km/hr,144.34308,-38.19131,Non-Intersection,GEELONG,Country,1,0,0,1,0,0,0,No
2018,March,27/3/18,05.17.00,Collision with vehicle,Monday,No,Dusk/Dawn,Serious injury accident,80 km/hr,144.88589,-37.70703,Intersection,HUME,Metro,2,0,2,0,0,0,0,No
2018,March,27/3/18,07.00.00,Collision with vehicle,Monday,No,Dusk/Dawn,Other injury accident,80 km/hr,145.43181,-36.37759,Intersection,SHEPPARTON,Country,2,0,2,0,0,0,1,No
2018,March,27/3/18,08.00.00,Collision with vehicle,Tuesday,No,Day,Other injury accident,60 km/hr,142.49363,-38.36706,Intersection,WARRNAMBOOL,Country,3,0,0,3,1,0,0,No
2018,March,27/3/18,09.50.00,Collision with vehicle,Tuesday,No,Day,Other injury accident,50 km/hr,145.35079,-37.75756,Intersection,YARRA RANGES,Metro,2,0,1,1,0,0,1,No
2018,March,27/3/18,09.20.00,Struck pedestrian,Monday,No,Day,Other injury accident,40 km/hr,144.95128,-37.81284,Intersection,MELBOURNE,Metro,2,0,1,1,0,0,0,No
2018,March,27/3/18,05.30.00,No collision and no object struck,Tuesday,No,Dark,Serious injury accident,40 km/hr,145.35151,-38.02955,Non-Intersection,CASEY,Metro,2,0,1,0,0,0,0,No
2018,March,27/3/18,08.24.00,Collision with vehicle,Tuesday,No,Day,Other injury accident,100 km/hr,145.20888,-37.93405,Non-Intersection,MONASH,Metro,2,0,1,1,0,0,1,No
2018,March,27/3/18,13.00.00,Collision with vehicle,Tuesday,No,Day,Other injury accident,70 km/hr,144.99427,-37.75531,Intersection,DAREBIN,Metro,2,0,1,1,0,0,0,No
2018,March,27/3/18,08.00.00,Vehicle overturned,Tuesday,No,Day,Other injury accident,100 km/hr,141.81512,-37.79047,Non-Intersection,SOUTHERN GRAMPIANS,Country,1,0,1,0,0,0,1,No
2018,March,27/3/18,07.30.00,Collision with vehicle,Tuesday,No,Day,Other injury accident,80 km/hr,145.29363,-38.00102,Non-Intersection,CASEY,Metro,2,0,2,0,0,0,0,No
2018,March,27/3/18,13.30.00,Collision with object,Tuesday,No,Day,Other injury accident,60 km/hr,145.27833,-37.8474,Non-Intersection,KNOX,Metro,2,0,2,0,1,0,0,No
2018,March,27/3/18,11.58.00,Collision with vehicle,Tuesday,No,Day,Other injury accident,60 km/hr,144.90992,-37.7444,Non-Intersection,MOONEE VALLEY,Metro,2,0,2,0,0,0,0,No
2018,March,27/3/18,15.30.00,Collision with vehicle,Tuesday,No,Day,Other injury accident,80 km/hr,145.06859,-37.93748,Intersection,KINGSTON,Metro,5,0,2,3,3,0,0,No
2018,March,27/3/18,14.30.00,Collision with vehicle,Tuesday,No,Day,Other injury accident,60 km/hr,145.1283,-37.96342,Non-Intersection,KINGSTON,Metro,3,0,2,1,1,0,0,No
2018,March,27/3/18,14.25.00,Collision with vehicle,Monday,Yes,Day,Other injury accident,60 km/hr,145.1998,-38.08878,Non-Intersection,FRANKSTON,Metro,2,0,0,1,0,0,0,No
2018,March,27/3/18,16.30.00,Collision with vehicle,Monday,No,Day,Other injury accident,60 km/hr,145.03158,-37.99307,Intersection,BAYSIDE,Metro,2,0,1,1,0,0,0,No
2018,March,27/3/18,16.42.00,Struck pedestrian,Tuesday,No,Day,Other injury accident,50 km/hr,144.92896,-37.63042,Off Road,HUME,Metro,2,0,2,0,0,0,0,No
2018,March,27/3/18,18.19.00,Collision with vehicle,Tuesday,No,Dusk/Dawn,Other injury accident,80 km/hr,147.61884,-37.81135,Intersection,EAST GIPPSLAND,Country,2,0,2,0,0,0,0,No
2018,March,27/3/18,17.00.00,Struck pedestrian,Tuesday,No,Day,Serious injury accident,60 km/hr,145.06896,-37.90751,Non-Intersection,GLEN EIRA,Metro,3,0,3,0,1,0,1,No
2018,March,27/3/18,16.17.00,Collision with object,Monday,No,Day,Other injury accident,60 km/hr,145.26474,-37.85969,Non-Intersection,KNOX,Metro,1,0,1,0,0,0,0,No
2018,March,27/3/18,17.30.00,Collision with vehicle,Tuesday,No,Day,Fatal accident,50 km/hr,144.93592,-37.76833,Non-Intersection,MOONEE VALLEY,Metro,2,1,1,1,0,0,2,No
2018,March,27/3/18,17.59.00,Collision with vehicle,Monday,No,Day,Other injury accident,60 km/hr,144.8811,-37.77503,Intersection,MARIBYRNONG,Metro,4,0,1,3,2,0,1,No
2018,March,27/3/18,18.06.00,Collision with vehicle,Tuesday,No,Dusk/Dawn,Serious injury accident,60 km/hr,144.98079,-37.85115,Non-Intersection,PORT PHILLIP,Metro,3,0,0,3,2,0,0,No
2018,March,27/3/18,17.32.00,Collision with vehicle,Tuesday,No,Day,Other injury accident,80 km/hr,145.12543,-37.91331,Non-Intersection,MONASH,Metro,2,0,0,2,0,0,1,No
2018,March,27/3/18,18.37.00,Collision with object,Tuesday,No,Day,Serious injury accident,80 km/hr,145.82802,-38.16803,Non-Intersection,BAW BAW,Country,1,0,1,0,0,0,1,No
2018,March,27/3/18,18.00.00,Collision with vehicle,Tuesday,No,Day,Serious injury accident,60 km/hr,144.90284,-37.80471,Intersection,MARIBYRNONG,Metro,2,0,1,1,0,0,0,No
2018,March,27/3/18,17.00.00,Collision with vehicle,Tuesday,No,Day,Other injury accident,60 km/hr,144.91773,-37.70434,Intersection,MORELAND,Metro,2,0,2,0,0,0,0,No
2018,March,27/3/18,12.56.00,Vehicle overturned,Tuesday,No,Day,Other injury accident,50 km/hr,145.05919,-37.94137,Non-Intersection,KINGSTON,Metro,1,0,1,0,0,0,0,No
2018,March,27/3/18,18.00.00,Collision with vehicle,Tuesday,No,Day,Other injury accident,60 km/hr,145.05063,-37.79933,Intersection,BOROONDARA,Metro,4,0,2,1,2,0,0,No
2018,March,27/3/18,16.50.00,Collision with vehicle,Monday,No,Day,Other injury accident,60 km/hr,145.12393,-37.72582,Intersection,BANYULE,Metro,2,0,2,0,0,0,0,No
2018,March,27/3/18,21.20.00,Struck pedestrian,Tuesday,No,Dark,Other injury accident,60 km/hr,145.13144,-37.85763,Non-Intersection,MONASH,Metro,2,0,1,1,0,0,0,No
2018,March,27/3/18,15.50.00,Collision with vehicle,Tuesday,Yes,Day,Other injury accident,60 km/hr,145.08999,-37.91013,Non-Intersection,MONASH,Metro,2,0,0,2,0,2,0,No
2018,March,28/3/18,17.45.00,Vehicle overturned,Wednesday,No,Unk.,Other injury accident,60 km/hr,144.89626,-37.65107,Intersection,HUME,Metro,1,0,1,0,0,0,0,No
2018,March,28/3/18,14.30.00,Collision with vehicle,Tuesday,No,Day,Other injury accident,60 km/hr,143.7867,-37.29484,Intersection,HEPBURN,Country,2,0,2,0,0,1,0,No
2018,March,28/3/18,00.15.00,Collision with vehicle,Wednesday,No,Dark,Other injury accident,50 km/hr,145.27897,-38.04366,Intersection,CASEY,Metro,3,0,0,3,1,0,1,No
2018,March,28/3/18,05.00.00,Collision with vehicle,Wednesday,No,Dark,Other injury accident,50 km/hr,144.37068,-38.17943,Intersection,GEELONG,Country,2,0,2,0,0,0,1,No
2018,March,28/3/18,04.10.00,Vehicle overturned,Tuesday,No,Dark,Other injury accident,100 km/hr,144.39243,-37.7351,Non-Intersection,MOORABOOL,Country,2,0,1,1,1,0,0,No
2018,March,28/3/18,04.30.00,Collision with object,Wednesday,No,Dark,Serious injury accident,100 km/hr,146.98815,-38.08375,Intersection,WELLINGTON,Country,1,0,0,1,0,0,0,No
2018,March,28/3/18,07.40.00,Collision with vehicle,Wednesday,No,Day,Other injury accident,50 km/hr,144.97121,-37.7845,Intersection,YARRA RANGES,Metro,2,0,1,1,0,0,0,No
2018,March,28/3/18,08.37.00,Collision with vehicle,Wednesday,No,Day,Other injury accident,80 km/hr,145.26338,-37.91382,Intersection,KNOX,Metro,2,0,2,0,0,0,0,No
2018,March,28/3/18,08.10.00,Struck pedestrian,Wednesday,No,Day,Other injury accident,50 km/hr,145.12698,-37.92216,Non-Intersection,MONASH,Metro,2,0,1,1,0,0,1,No
2018,March,28/3/18,08.32.00,Collision with vehicle,Wednesday,No,Day,Other injury accident,100 km/hr,144.97775,-37.43398,Non-Intersection,MITCHELL,Country,2,0,2,0,0,0,0,No
2018,March,28/3/18,10.20.00,Struck pedestrian,Wednesday,No,Day,Other injury accident,50 km/hr,145.05794,-37.82629,Non-Intersection,BOROONDARA,Metro,2,0,1,1,0,0,0,No
2018,March,28/3/18,07.15.00,Collision with vehicle,Tuesday,No,Dusk/Dawn,Other injury accident,80 km/hr,145.06813,-37.68622,Intersection,NILLUMBIK,Metro,2,0,1,1,0,0,1,No
2018,March,28/3/18,10.20.00,Collision with vehicle,Wednesday,No,Day,Other injury accident,60 km/hr,144.35854,-38.07615,Intersection,GEELONG,Country,2,0,1,1,0,1,0,No
2018,March,28/3/18,07.09.00,Collision with vehicle,Tuesday,No,Dark,Other injury accident,100 km/hr,144.36748,-37.89276,Intersection,GEELONG,Country,2,0,1,1,0,0,0,No
2018,March,28/3/18,09.25.00,Other accident,Wednesday,No,Day,Fatal accident,40 km/hr,145.10382,-37.70376,Non-Intersection,BANYULE,Metro,2,1,1,1,0,0,0,No
2018,March,28/3/18,11.48.00,Collision with vehicle,Wednesday,No,Day,Other injury accident,50 km/hr,145.73385,-38.63192,Intersection,BASS COAST,Country,2,0,2,0,0,0,0,No
2018,March,28/3/18,07.39.00,Collision with vehicle,Wednesday,No,Day,Other injury accident,60 km/hr,145.03396,-37.85723,Non-Intersection,STONNINGTON,Metro,2,0,1,1,0,0,0,No
2018,March,28/3/18,09.02.00,Collision with vehicle,Wednesday,No,Day,Other injury accident,40 km/hr,144.98517,-37.79372,Intersection,YARRA RANGES,Metro,2,0,1,1,0,0,0,No
2018,March,28/3/18,13.50.00,Collision with object,Wednesday,No,Day,Other injury accident,60 km/hr,144.96784,-37.74143,Non-Intersection,MORELAND,Metro,2,0,1,1,1,0,0,No
2018,March,28/3/18,13.20.00,Struck animal,Wednesday,No,Day,Serious injury accident,100 km/hr,147.5454,-36.17532,Non-Intersection,TOWONG,Country,1,0,1,0,0,0,0,No
2018,March,28/3/18,13.50.00,Collision with vehicle,Wednesday,No,Day,Other injury accident,60 km/hr,144.88589,-37.70703,Intersection,HUME,Metro,4,0,0,4,2,0,1,No
2018,March,28/3/18,15.38.00,Collision with vehicle,Tuesday,No,Day,Other injury accident,60 km/hr,144.92849,-37.6794,Intersection,HUME,Metro,2,0,1,1,0,0,0,No
2018,March,28/3/18,13.20.00,Collision with vehicle,Wednesday,No,Day,Serious injury accident,80 km/hr,144.70961,-37.72324,Non-Intersection,MELTON,Metro,3,0,3,0,1,0,1,Yes
2018,March,28/3/18,15.20.00,Collision with object,Tuesday,No,Day,Other injury accident,100 km/hr,147.4258,-37.8661,Non-Intersection,EAST GIPPSLAND,Country,1,0,1,0,0,0,0,No
2018,March,28/3/18,15.30.00,Collision with vehicle,Wednesday,No,Day,Other injury accident,60 km/hr,142.76505,-37.06417,Intersection,NORTHERN GRAMPIANS,Country,2,0,1,1,0,1,0,No
2018,March,28/3/18,16.30.00,Collision with vehicle,Tuesday,No,Day,Other injury accident,60 km/hr,145.30474,-38.03874,Intersection,CASEY,Metro,2,0,0,2,0,0,1,No
2018,March,28/3/18,17.20.00,Struck pedestrian,Wednesday,Yes,Day,Other injury accident,50 km/hr,147.06577,-38.11143,Intersection,WELLINGTON,Country,2,0,1,0,0,0,0,No
2018,March,28/3/18,19.30.00,Collision with vehicle,Wednesday,No,Dark,Serious injury accident,80 km/hr,145.14617,-37.98244,Intersection,DANDENONG,Metro,2,0,1,1,0,0,0,No
2018,March,28/3/18,19.45.00,Collision with object,Wednesday,No,Dark,Other injury accident,50 km/hr,145.1057,-37.87391,Non-Intersection,MONASH,Metro,1,0,0,1,0,0,0,No
2018,March,28/3/18,20.20.00,Collision with vehicle,Wednesday,No,Dark,Serious injury accident,60 km/hr,145.11325,-37.77924,Non-Intersection,MANNINGHAM,Metro,2,0,0,2,0,1,0,No
2018,March,28/3/18,18.38.00,Collision with vehicle,Tuesday,No,Day,Other injury accident,70 km/hr,144.99234,-37.76277,Intersection,DAREBIN,Metro,4,0,1,3,2,0,0,No
2018,March,28/3/18,19.10.00,Collision with vehicle,Wednesday,Yes,Dark,Other injury accident,50 km/hr,145.13839,-37.90626,Non-Intersection,MONASH,Metro,3,0,2,0,1,0,1,No
2018,March,28/3/18,19.03.00,Collision with object,Wednesday,No,Dark,Serious injury accident,50 km/hr,145.18725,-37.63318,Non-Intersection,NILLUMBIK,Metro,2,0,2,0,1,0,1,Yes
2018,March,28/3/18,16.45.00,Collision with vehicle,Wednesday,No,Day,Other injury accident,60 km/hr,145.09561,-37.85039,Intersection,WHITEHORSE,Metro,2,0,1,1,0,0,0,No
2018,March,28/3/18,05.10.00,No collision and no object struck,Wednesday,No,Dark,Serious injury accident,100 km/hr,144.63907,-37.4756,Non-Intersection,MACEDON RANGES,Country,1,0,1,0,0,0,1,No
2018,March,28/3/18,18.44.00,Collision with vehicle,Wednesday,No,Day,Other injury accident,40 km/hr,144.97765,-37.80306,Intersection,YARRA RANGES,Metro,2,0,1,1,0,0,0,No
2018,March,28/3/18,15.20.00,Collision with vehicle,Wednesday,No,Day,Other injury accident,100 km/hr,145.42988,-38.12104,Intersection,CARDINIA,Metro,4,0,3,1,2,0,0,No
2018,March,28/3/18,14.00.00,Struck pedestrian,Wednesday,No,Day,Other injury accident,60 km/hr,145.05708,-37.88921,Intersection,GLEN EIRA,Metro,4,0,0,4,0,0,0,No
2018,March,28/3/18,00.05.00,Collision with vehicle,Wednesday,No,Dark,Other injury accident,60 km/hr,144.97135,-37.79258,Intersection,MELBOURNE,Metro,3,0,1,2,1,0,1,No
2018,March,28/3/18,22.53.00,Collision with vehicle,Wednesday,No,Dark,Other injury accident,80 km/hr,145.16414,-37.88889,Intersection,MONASH,Metro,4,0,1,3,1,0,1,No
2018,March,28/3/18,20.00.00,Collision with vehicle,Wednesday,No,Dark,Other injury accident,40 km/hr,144.99344,-37.79698,Intersection,YARRA RANGES,Metro,2,0,2,0,0,0,0,No
2018,March,28/3/18,12.05.00,Struck pedestrian,Tuesday,No,Day,Other injury accident,30km/hr,145.00256,-37.73842,Non-Intersection,DAREBIN,Metro,2,0,0,2,0,0,0,No
2018,March,28/3/18,15.14.00,Collision with vehicle,Tuesday,No,Day,Other injury accident,60 km/hr,144.2807,-36.77606,Intersection,BENDIGO,Country,2,0,1,1,0,0,0,No
2018,March,28/3/18,13.10.00,Collision with vehicle,Wednesday,No,Day,Other injury accident,80 km/hr,145.28252,-38.10176,Intersection,CASEY,Metro,4,0,2,2,1,0,0,No
2018,March,28/3/18,17.10.00,Collision with vehicle,Wednesday,No,Day,Other injury accident,80 km/hr,144.95182,-37.64759,Intersection,HUME,Metro,2,0,1,1,0,0,0,No
2018,March,28/3/18,08.35.00,Collision with vehicle,Wednesday,No,Day,Other injury accident,100 km/hr,145.14499,-37.89518,Non-Intersection,MONASH,Metro,3,0,2,1,0,0,1,No
2018,March,29/3/18,14.45.00,Collision with vehicle,Thursday,Not known,Day,Other injury accident,60 km/hr,145.2403,-38.03517,Non-Intersection,DANDENONG,Metro,2,0,1,0,0,0,0,No
2018,March,29/3/18,14.00.00,No collision and no object struck,Thursday,No,Day,Other injury accident,60 km/hr,146.79668,-37.895,Non-Intersection,WELLINGTON,Country,1,0,1,0,0,0,0,No
2018,March,29/3/18,07.45.00,Collision with vehicle,Thursday,No,Unk.,Other injury accident,40 km/hr,144.97814,-37.8156,Non-Intersection,MELBOURNE,Metro,2,0,1,1,0,0,0,No
2018,March,29/3/18,08.30.00,Collision with vehicle,Wednesday,No,Day,Other injury accident,110 km/hr,142.22767,-34.61834,Non-Intersection,MILDURA,Country,5,0,2,3,3,0,0,No
2018,March,29/3/18,08.45.00,Struck pedestrian,Wednesday,No,Day,Serious injury accident,40 km/hr,144.99805,-37.84675,Non-Intersection,STONNINGTON,Metro,2,0,0,2,0,0,0,No
2018,March,29/3/18,09.07.00,Collision with vehicle,Wednesday,No,Day,Serious injury accident,100 km/hr,144.21807,-38.21211,Intersection,SURF COAST,Country,2,0,1,1,0,0,0,No
2018,March,29/3/18,10.00.00,Collision with vehicle,Thursday,No,Day,Other injury accident,60 km/hr,145.08899,-37.8825,Non-Intersection,STONNINGTON,Metro,2,0,1,1,0,0,0,No
2018,March,29/3/18,08.37.00,Collision with vehicle,Thursday,No,Day,Other injury accident,100 km/hr,144.66124,-37.68313,Intersection,MELTON,Metro,2,0,1,1,0,0,1,No
2018,March,29/3/18,09.50.00,Collision with vehicle,Thursday,No,Day,Other injury accident,60 km/hr,145.01006,-37.86771,Non-Intersection,GLEN EIRA,Metro,2,0,2,0,0,0,0,No
2018,March,29/3/18,11.25.00,Collision with vehicle,Wednesday,No,Day,Other injury accident,50 km/hr,144.80174,-37.74663,Non-Intersection,BRIMBANK,Metro,4,0,2,2,2,0,0,No
2018,March,29/3/18,13.10.00,Collision with vehicle,Thursday,No,Day,Other injury accident,60 km/hr,144.28742,-36.75834,Intersection,BENDIGO,Country,2,0,2,0,0,0,0,No
2018,March,29/3/18,10.15.00,Collision with vehicle,Thursday,No,Day,Other injury accident,50 km/hr,144.98331,-37.75264,Non-Intersection,DAREBIN,Metro,2,0,2,0,0,0,0,No
2018,March,29/3/18,14.15.00,Collision with vehicle,Thursday,No,Day,Serious injury accident,60 km/hr,144.95625,-37.80379,Intersection,MELBOURNE,Metro,5,0,0,5,3,0,0,No
2018,March,29/3/18,11.30.00,Struck pedestrian,Thursday,No,Day,Other injury accident,50 km/hr,142.16982,-34.23471,Non-Intersection,MILDURA,Country,2,0,1,1,0,0,0,No
2018,March,29/3/18,13.35.00,Collision with vehicle,Thursday,No,Day,Other injury accident,60 km/hr,144.83037,-37.76825,Non-Intersection,BRIMBANK,Metro,3,0,2,1,0,1,0,No
2018,March,29/3/18,12.30.00,Collision with object,Thursday,No,Day,Serious injury accident,100 km/hr,143.68905,-36.7415,Non-Intersection,LODDON,Country,1,0,0,1,0,0,0,No
2018,March,29/3/18,16.10.00,Struck pedestrian,Thursday,No,Day,Serious injury accident,60 km/hr,145.16094,-37.79456,Non-Intersection,MANNINGHAM,Metro,2,0,1,0,0,0,0,No
2018,March,29/3/18,16.25.00,No collision and no object struck,Thursday,No,Day,Other injury accident,50 km/hr,146.26092,-38.17631,Intersection,LATROBE,Country,1,0,1,0,0,0,0,No
2018,March,29/3/18,15.30.00,Vehicle overturned,Thursday,No,Day,Serious injury accident,80 km/hr,145.15366,-37.62319,Non-Intersection,NILLUMBIK,Metro,1,0,1,0,0,0,0,No
2018,March,29/3/18,14.35.00,Collision with vehicle,Thursday,No,Day,Serious injury accident,60 km/hr,145.06526,-37.70065,Intersection,BANYULE,Metro,4,0,2,2,2,1,0,No
2018,March,29/3/18,16.47.00,Collision with vehicle,Thursday,No,Day,Other injury accident,40 km/hr,144.99648,-37.85228,Intersection,STONNINGTON,Metro,2,0,2,0,0,0,0,No
2018,March,29/3/18,18.15.00,Collision with vehicle,Thursday,No,Dusk/Dawn,Other injury accident,40 km/hr,144.95756,-37.82036,Intersection,MELBOURNE,Metro,2,0,1,1,0,0,1,No
2018,March,29/3/18,17.40.00,Collision with vehicle,Thursday,Yes,Day,Other injury accident,50 km/hr,145.09335,-37.71442,Intersection,BANYULE,Metro,2,0,1,0,0,0,0,No
2018,March,29/3/18,18.15.00,Collision with vehicle,Thursday,Yes,Day,Other injury accident,60 km/hr,145.00525,-37.83771,Intersection,STONNINGTON,Metro,4,0,2,2,1,0,0,No
2018,March,29/3/18,17.30.00,Collision with vehicle,Wednesday,No,Day,Other injury accident,80 km/hr,144.82527,-37.82348,Non-Intersection,HOBSONS BAY,Metro,6,0,2,2,2,0,0,No
2018,March,29/3/18,04.28.00,Collision with vehicle,Thursday,No,Dark,Other injury accident,60 km/hr,145.29233,-38.10047,Intersection,CASEY,Metro,2,0,1,1,0,0,0,No
2018,March,29/3/18,17.10.00,Collision with object,Wednesday,No,Day,Serious injury accident,100 km/hr,145.17195,-38.08556,Non-Intersection,FRANKSTON,Metro,2,0,2,0,0,0,0,No
2018,March,29/3/18,15.45.00,Collision with vehicle,Thursday,No,Day,Serious injury accident,100 km/hr,145.16188,-37.9095,Non-Intersection,MONASH,Metro,6,0,4,2,1,1,1,No
2018,March,29/3/18,19.05.00,Collision with object,Thursday,No,Day,Other injury accident,60 km/hr,145.09778,-37.83593,Non-Intersection,BOROONDARA,Metro,3,0,2,1,2,0,0,No
2018,March,29/3/18,20.45.00,Collision with object,Thursday,No,Dark,Serious injury accident,70 km/hr,145.35711,-38.06081,Non-Intersection,CASEY,Metro,1,0,0,1,0,0,1,No
2018,March,29/3/18,06.30.00,Collision with object,Thursday,No,Dusk/Dawn,Other injury accident,60 km/hr,145.39589,-36.39689,Intersection,SHEPPARTON,Country,2,0,2,0,0,0,0,No
2018,March,29/3/18,23.00.00,Collision with vehicle,Thursday,No,Dark,Serious injury accident,50 km/hr,145.35366,-38.08119,Non-Intersection,CASEY,Metro,1,0,0,1,0,0,1,No
2018,March,29/3/18,05.40.00,Collision with vehicle,Thursday,No,Dark,Other injury accident,80 km/hr,144.94874,-37.62847,Intersection,HUME,Metro,3,0,3,0,1,0,0,No
2018,March,29/3/18,17.10.00,Collision with vehicle,Wednesday,No,Day,Other injury accident,60 km/hr,144.90992,-37.74394,Non-Intersection,MOONEE VALLEY,Metro,2,0,1,1,0,1,0,No
2018,March,29/3/18,20.21.00,Collision with vehicle,Thursday,No,Dark,Other injury accident,60 km/hr,145.20684,-37.95926,Intersection,DANDENONG,Metro,2,0,1,1,0,0,1,No
2018,March,29/3/18,15.00.00,Collision with vehicle,Wednesday,No,Day,Other injury accident,40 km/hr,144.89799,-37.85893,Intersection,HOBSONS BAY,Metro,2,0,1,0,0,0,0,No
2018,March,29/3/18,14.00.00,Struck pedestrian,Thursday,No,Day,Other injury accident,40 km/hr,144.35781,-38.14875,Non-Intersection,GEELONG,Country,1,0,0,1,0,0,0,No
2018,March,30/3/18,13.30.00,Collision with vehicle,Friday,No,Day,Serious injury accident,80 km/hr,145.09715,-38.33886,Intersection,MORNINGTON PENINSULA,Metro,2,0,1,1,0,0,0,No
2018,March,30/3/18,17.50.00,Vehicle overturned,Friday,No,Unk.,Other injury accident,60 km/hr,144.30118,-36.76428,Non-Intersection,BENDIGO,Country,1,0,1,0,0,0,0,No
2018,March,30/3/18,06.00.00,Collision with vehicle,Friday,No,Dark,Other injury accident,50 km/hr,145.08204,-37.76316,Non-Intersection,MANNINGHAM,Metro,1,0,1,0,0,0,0,No
2018,March,30/3/18,08.05.00,Collision with vehicle,Thursday,No,Day,Serious injury accident,100 km/hr,145.22132,-37.1243,Non-Intersection,MITCHELL,Country,2,0,2,0,0,1,0,No
2018,March,30/3/18,09.25.00,Collision with vehicle,Friday,No,Day,Other injury accident,60 km/hr,144.95008,-37.30742,Non-Intersection,MITCHELL,Country,4,0,2,2,2,0,0,No
2018,March,30/3/18,10.00.00,Vehicle overturned,Thursday,No,Day,Other injury accident,100 km/hr,143.92256,-37.38782,Non-Intersection,HEPBURN,Country,1,0,0,1,0,0,0,No
2018,March,30/3/18,09.50.00,Vehicle overturned,Friday,Not known,Day,Other injury accident,40 km/hr,141.24337,-36.37958,Off Road,WEST WIMMERA,Country,1,0,1,0,0,0,0,No
2018,March,30/3/18,12.00.00,Collision with object,Friday,No,Day,Serious injury accident,80 km/hr,145.30379,-37.9334,Intersection,KNOX,Metro,2,0,0,2,1,0,1,No
2018,March,30/3/18,12.15.00,Vehicle overturned,Friday,No,Day,Other injury accident,100 km/hr,143.4301,-35.3816,Non-Intersection,SWAN HILL,Country,2,0,1,1,1,0,0,No
2018,March,30/3/18,09.40.00,Vehicle overturned,Friday,No,Day,Serious injury accident,100 km/hr,145.51814,-37.83702,Non-Intersection,YARRA RANGES,Metro,1,0,1,0,0,0,0,No
2018,March,30/3/18,13.30.00,Fall from or in moving vehicle,Friday,No,Day,Other injury accident,60 km/hr,145.14056,-37.80914,Intersection,WHITEHORSE,Metro,3,0,1,0,2,0,0,No
2018,March,30/3/18,14.20.00,Collision with vehicle,Thursday,No,Day,Other injury accident,60 km/hr,144.94668,-37.81901,Intersection,MELBOURNE,Metro,3,0,3,0,1,0,0,No
2018,March,30/3/18,09.30.00,Collision with object,Friday,No,Day,Serious injury accident,100 km/hr,144.62127,-37.14214,Non-Intersection,MACEDON RANGES,Country,1,0,1,0,0,0,1,No
2018,March,30/3/18,12.15.00,Vehicle overturned,Friday,No,Day,Serious injury accident,70 km/hr,144.35337,-38.10875,Non-Intersection,GEELONG,Country,2,0,1,1,1,0,1,No