year,month,date,time,accident_type,day,hit_run,light_condition,severity,speed_zone,longitude,latitude,node_type,lga,state_div,total_persons,fatality,males,females,passengers,old_driver,young_driver,alcohol
2018,March,30/3/18,13.44.00,Collision with vehicle,Friday,No,Day,Serious injury accident,80 km/hr,145.33659,-38.04265,Non-Intersection,CASEY,Metro,6,0,3,3,4,0,0,No
2018,March,30/3/18,14.35.00,No collision and no object struck,Friday,No,Day,Serious injury accident,70 km/hr,145.45635,-38.08426,Non-Intersection,CARDINIA,Metro,1,0,1,0,0,0,0,No
2018,March,30/3/18,10.20.00,Collision with vehicle,Friday,No,Day,Serious injury accident,60 km/hr,144.35199,-38.17655,Intersection,GEELONG,Country,2,0,2,0,0,0,0,No
2018,March,30/3/18,12.30.00,Collision with vehicle,Thursday,No,Day,Other injury accident,60 km/hr,144.97501,-37.86795,Non-Intersection,PORT PHILLIP,Metro,2,0,2,0,0,0,0,No
2018,March,30/3/18,13.30.00,Collision with vehicle,Friday,No,Day,Serious injury accident,60 km/hr,144.05829,-38.10079,Intersection,GOLDEN PLAINS,Country,2,0,1,1,0,0,0,No
2018,March,30/3/18,15.45.00,Collision with object,Friday,Yes,Day,Serious injury accident,110 km/hr,146.18293,-38.20353,Non-Intersection,BAW BAW,Country,4,0,2,2,2,0,0,No
2018,March,30/3/18,16.50.00,Collision with object,Friday,No,Day,Serious injury accident,100 km/hr,142.09998,-36.73913,Non-Intersection,HORSHAM,Country,1,0,0,1,0,0,0,No
2018,March,30/3/18,19.59.00,Collision with vehicle,Friday,No,Dark,Other injury accident,40 km/hr,144.97731,-37.85981,Intersection,PORT PHILLIP,Metro,2,0,1,1,0,0,0,No
2018,March,30/3/18,18.38.00,Struck pedestrian,Friday,No,Day,Serious injury accident,60 km/hr,145.04528,-37.89754,Non-Intersection,GLEN EIRA,Metro,2,0,1,1,0,0,0,No
2018,March,30/3/18,20.50.00,Collision with vehicle,Friday,No,Dark,Serious injury accident,80 km/hr,144.89774,-37.82915,Non-Intersection,HOBSONS BAY,Metro,6,0,2,4,0,0,1,No
2018,March,30/3/18,18.40.00,Collision with vehicle,Friday,No,Day,Serious injury accident,60 km/hr,144.96108,-37.79173,Intersection,MELBOURNE,Metro,2,0,1,1,0,0,0,No
2018,March,30/3/18,21.00.00,Collision with object,Friday,No,Dark,Other injury accident,100 km/hr,145.47132,-36.62727,Intersection,STRATHBOGIE,Country,2,0,1,1,1,0,0,No
2018,March,30/3/18,16.30.00,Collision with object,Friday,No,Day,Serious injury accident,60 km/hr,145.34511,-37.88841,Non-Intersection,YARRA RANGES,Metro,2,0,2,0,1,0,1,No
2018,March,30/3/18,15.28.00,Vehicle overturned,Friday,No,Day,Other injury accident,60 km/hr,144.94336,-37.79949,Non-Intersection,MELBOURNE,Metro,1,0,1,0,0,0,0,No
2018,March,30/3/18,21.45.00,Vehicle overturned,Thursday,Yes,Dark,Other injury accident,80 km/hr,144.99911,-37.64926,Intersection,WHITTLESEA,Metro,2,0,2,0,0,0,0,No
2018,March,30/3/18,16.20.00,Collision with object,Friday,No,Day,Other injury accident,50 km/hr,145.12132,-37.97682,Non-Intersection,KINGSTON,Metro,1,0,0,1,0,0,1,No
2018,March,30/3/18,21.14.00,Collision with vehicle,Friday,No,Dark,Other injury accident,60 km/hr,144.92551,-37.6928,Intersection,HUME,Metro,2,0,2,0,0,0,1,No
2018,March,30/3/18,18.45.00,Vehicle overturned,Friday,No,Day,Serious injury accident,100 km/hr,141.64996,-38.10093,Non-Intersection,GLENELG,Country,3,0,0,2,2,0,0,No
2018,March,30/3/18,13.45.00,Collision with vehicle,Friday,No,Day,Other injury accident,90 km/hr,145.41364,-38.52358,Non-Intersection,BASS COAST,Country,5,0,3,2,3,0,0,No
2018,March,30/3/18,17.00.00,Collision with vehicle,Friday,No,Day,Other injury accident,60 km/hr,145.2925,-38.00472,Intersection,CASEY,Metro,2,0,1,1,0,0,1,No
2018,March,30/3/18,17.30.00,Vehicle overturned,Thursday,No,Day,Other injury accident,50 km/hr,146.40115,-37.36042,Non-Intersection,MANSFIELD,Country,1,0,1,0,0,0,0,No
2018,March,31/3/18,02.50.00,Collision with vehicle,Saturday,No,Dark,Other injury accident,60 km/hr,144.78694,-37.82077,Non-Intersection,WYNDHAM,Metro,1,0,1,0,0,0,0,No
2018,March,31/3/18,18.45.00,Collision with object,Saturday,No,Day,Serious injury accident,100 km/hr,144.55625,-37.48104,Non-Intersection,MACEDON RANGES,Country,1,0,1,0,0,0,0,Yes
2018,March,31/3/18,16.48.00,Collision with object,Saturday,No,Day,Serious injury accident,80 km/hr,145.14901,-37.9685,Non-Intersection,DANDENONG,Metro,2,0,1,1,1,0,1,No
2018,March,31/3/18,20.10.00,Collision with vehicle,Friday,No,Dark,Other injury accident,60 km/hr,145.79663,-37.25444,Intersection,MURRINDINDI,Country,6,0,2,4,4,0,0,No
2018,March,31/3/18,19.40.00,Collision with object,Saturday,No,Dusk/Dawn,Other injury accident,100 km/hr,143.50042,-36.95194,Non-Intersection,PYRENEES,Country,1,0,0,1,0,0,1,No
2018,March,31/3/18,21.00.00,Collision with vehicle,Saturday,No,Dark,Serious injury accident,50 km/hr,144.95623,-37.8236,Non-Intersection,MELBOURNE,Metro,6,0,3,3,2,0,0,No
2018,March,31/3/18,15.30.00,No collision and no object struck,Saturday,No,Day,Other injury accident,60 km/hr,146.31075,-36.35046,Intersection,WANGARATTA,Country,2,0,2,0,0,0,1,No
2018,March,31/3/18,19.30.00,Collision with vehicle,Friday,Yes,Dark,Serious injury accident,50 km/hr,145.01655,-36.58926,Non-Intersection,CAMPASPE,Country,1,0,0,1,0,0,0,No
2018,March,31/3/18,11.30.00,Vehicle overturned,Saturday,No,Day,Other injury accident,60 km/hr,144.82698,-37.79219,Intersection,BRIMBANK,Metro,2,0,1,0,0,0,0,No
2018,March,31/3/18,17.30.00,Collision with vehicle,Saturday,No,Day,Other injury accident,80 km/hr,146.08621,-37.9244,Non-Intersection,BAW BAW,Country,4,0,3,1,2,0,2,No
2018,March,31/3/18,08.48.00,Collision with vehicle,Saturday,No,Day,Other injury accident,50 km/hr,144.89569,-38.36762,Intersection,MORNINGTON PENINSULA,Metro,2,0,2,0,0,0,0,No
2018,March,31/3/18,09.30.00,Collision with vehicle,Saturday,No,Day,Other injury accident,40 km/hr,145.00231,-37.93857,Intersection,BAYSIDE,Metro,2,0,1,1,0,1,0,No
2018,March,31/3/18,12.05.00,Collision with vehicle,Saturday,No,Day,Other injury accident,80 km/hr,144.32745,-38.24806,Non-Intersection,GEELONG,Country,5,0,3,2,2,0,3,No
2018,March,31/3/18,11.10.00,No collision and no object struck,Saturday,No,Day,Serious injury accident,80 km/hr,143.93792,-35.74046,Non-Intersection,GANNAWARRA,Country,1,0,1,0,0,0,0,No
2018,March,31/3/18,10.50.00,Collision with object,Saturday,No,Day,Serious injury accident,100 km/hr,146.19885,-36.32405,Non-Intersection,WANGARATTA,Country,2,0,1,1,1,0,1,No
2018,March,31/3/18,10.12.00,Collision with vehicle,Friday,No,Day,Other injury accident,80 km/hr,145.31429,-37.98839,Intersection,CASEY,Metro,2,0,0,2,0,0,0,Yes
2018,March,31/3/18,12.38.00,Collision with object,Saturday,No,Day,Other injury accident,100 km/hr,146.0905,-37.3157,Non-Intersection,MANSFIELD,Country,1,0,1,0,0,0,0,No
2018,March,31/3/18,15.35.00,Collision with vehicle,Saturday,No,Day,Other injury accident,80 km/hr,145.12783,-38.20046,Non-Intersection,MORNINGTON PENINSULA,Metro,3,0,1,2,1,1,0,No
2018,March,31/3/18,13.56.00,Collision with vehicle,Friday,No,Day,Other injury accident,60 km/hr,144.56779,-37.68635,Intersection,MELTON,Metro,2,0,1,1,0,0,0,No
2018,March,31/3/18,14.30.00,Collision with vehicle,Saturday,No,Day,Other injury accident,100 km/hr,142.75404,-38.44756,Intersection,MOYNE,Country,9,0,5,4,7,0,0,No
2018,March,31/3/18,16.51.00,Collision with vehicle,Saturday,No,Day,Other injury accident,60 km/hr,145.00737,-38.40292,Non-Intersection,MORNINGTON PENINSULA,Metro,2,0,1,1,0,0,0,No
2018,March,31/3/18,15.30.00,Collision with vehicle,Saturday,No,Day,Serious injury accident,50 km/hr,145.438,-38.05953,Intersection,CARDINIA,Metro,4,0,0,4,2,0,2,No
2018,March,31/3/18,15.00.00,Collision with object,Saturday,No,Day,Serious injury accident,80 km/hr,144.58978,-37.80808,Non-Intersection,WYNDHAM,Metro,1,0,1,0,0,0,1,No
2018,March,31/3/18,18.40.00,Collision with vehicle,Saturday,No,Dusk/Dawn,Serious injury accident,60 km/hr,144.99067,-37.89174,Intersection,BAYSIDE,Metro,2,0,0,2,0,0,0,No
2018,March,31/3/18,18.45.00,Collision with vehicle,Friday,No,Dusk/Dawn,Other injury accident,100 km/hr,146.37305,-38.33553,Non-Intersection,LATROBE,Country,2,0,1,1,0,0,1,No
2018,March,31/3/18,18.35.00,Collision with vehicle,Friday,No,Dusk/Dawn,Other injury accident,80 km/hr,145.24912,-38.00329,Intersection,CASEY,Metro,4,0,1,3,2,0,0,No
2018,March,31/3/18,16.15.00,Collision with vehicle,Saturday,No,Day,Other injury accident,40 km/hr,145.00341,-37.86296,Intersection,PORT PHILLIP,Metro,3,0,2,1,1,0,0,No
2018,March,31/3/18,14.50.00,Collision with vehicle,Saturday,No,Day,Fatal accident,100 km/hr,145.80231,-37.5237,Non-Intersection,MURRINDINDI,Country,3,1,2,1,1,0,0,No
2018,March,31/3/18,23.00.00,Vehicle overturned,Saturday,Yes,Dark,Other injury accident,60 km/hr,144.98273,-37.85894,Non-Intersection,PORT PHILLIP,Metro,2,0,1,0,0,0,0,No
2018,April,1/4/18,00.35.00,Collision with object,,No,Dark,Serious injury accident,100 km/hr,143.46523,-38.74024,Non-Intersection,COLAC OTWAY,Country,1,0,1,0,0,0,0,Yes
2018,April,1/4/18,11.00.00,Collision with vehicle,,No,Day,Other injury accident,70 km/hr,145.18377,-38.03213,Non-Intersection,DANDENONG,Metro,5,0,3,2,3,0,0,No
2018,April,1/4/18,11.45.00,Collision with vehicle,,No,Day,Other injury accident,70 km/hr,145.24448,-38.07829,Non-Intersection,CASEY,Metro,4,0,2,2,2,0,0,No
2018,April,1/4/18,13.00.00,Collision with vehicle,Sunday,No,Day,Serious injury accident,60 km/hr,142.20494,-36.71781,Intersection,HORSHAM,Country,3,0,1,2,1,0,0,No
2018,April,1/4/18,12.05.00,Collision with vehicle,Sunday,No,Day,Other injury accident,100 km/hr,147.13393,-36.72646,Non-Intersection,ALPINE,Country,5,0,4,1,3,0,0,No
2018,April,1/4/18,15.20.00,Collision with vehicle,Sunday,No,Day,Other injury accident,80 km/hr,145.26891,-37.87983,Non-Intersection,KNOX,Metro,5,0,3,2,2,0,0,No
2018,April,1/4/18,14.00.00,Collision with vehicle,Sunday,No,Day,Serious injury accident,70 km/hr,145.00173,-37.67255,Intersection,WHITTLESEA,Metro,2,0,1,1,0,0,1,No
2018,April,1/4/18,18.00.00,Collision with vehicle,Sunday,No,Day,Other injury accident,50 km/hr,145.07459,-37.9062,Intersection,GLEN EIRA,Metro,3,0,0,3,1,0,0,No
2018,April,1/4/18,19.40.00,Collision with object,Sunday,No,Dark,Serious injury accident,80 km/hr,144.62301,-37.79681,Intersection,MELTON,Metro,1,0,1,0,0,0,0,No
2018,April,1/4/18,21.55.00,Collision with vehicle,Sunday,No,Dark,Other injury accident,60 km/hr,144.37983,-38.15493,Intersection,GEELONG,Country,6,0,4,2,3,0,2,No
2018,April,1/4/18,20.37.00,Collision with object,,No,Dark,Other injury accident,40 km/hr,145.2591,-37.91875,Intersection,KNOX,Metro,1,0,1,0,0,0,1,No
2018,April,1/4/18,18.50.00,Collision with vehicle,,No,Day,Serious injury accident,50 km/hr,144.31381,-38.20673,Intersection,GEELONG,Country,3,0,1,2,1,1,1,No
2018,April,1/4/18,20.20.00,Struck pedestrian,Sunday,No,Dark,Other injury accident,60 km/hr,145.19049,-38.30771,Intersection,MORNINGTON PENINSULA,Metro,4,0,2,2,0,0,0,No
2018,April,1/4/18,04.30.00,No collision and no object struck,,Yes,Dark,Serious injury accident,100 km/hr,144.98131,-36.17886,Intersection,CAMPASPE,Country,1,0,1,0,0,0,0,No
2018,April,2/4/18,02.40.00,No collision and no object struck,Monday,No,Dark,Other injury accident,60 km/hr,144.94875,-38.35285,Non-Intersection,MORNINGTON PENINSULA,Metro,1,0,1,0,0,0,0,No
2018,April,2/4/18,01.18.00,Collision with vehicle,Monday,No,Dark,Serious injury accident,80 km/hr,145.06748,-37.88455,Intersection,STONNINGTON,Metro,2,0,1,1,0,0,1,No
2018,April,2/4/18,07.35.00,Collision with object,Sunday,No,Day,Other injury accident,80 km/hr,145.10646,-37.69166,Non-Intersection,NILLUMBIK,Metro,4,0,1,1,1,0,0,No
2018,April,2/4/18,07.30.00,Collision with object,Monday,Yes,Day,Other injury accident,60 km/hr,144.2585,-36.74854,Intersection,BENDIGO,Country,1,0,0,1,0,0,1,No
2018,April,2/4/18,08.00.00,Collision with vehicle,Sunday,No,Day,Other injury accident,60 km/hr,144.99896,-37.93859,Non-Intersection,BAYSIDE,Metro,1,0,0,1,0,0,0,No
2018,April,2/4/18,11.30.00,Collision with object,Monday,No,Day,Serious injury accident,60 km/hr,144.99045,-37.81488,Non-Intersection,MELBOURNE,Metro,1,0,1,0,0,0,0,No
2018,April,2/4/18,12.25.00,Collision with vehicle,Monday,No,Day,Other injury accident,60 km/hr,145.25638,-37.84245,Intersection,KNOX,Metro,3,0,1,2,1,1,0,No
2018,April,2/4/18,13.40.00,Collision with vehicle,Sunday,No,Day,Other injury accident,60 km/hr,144.89244,-37.8033,Non-Intersection,MARIBYRNONG,Metro,4,0,3,1,2,0,0,No
2018,April,2/4/18,11.35.00,Collision with object,Monday,No,Day,Serious injury accident,80 km/hr,145.05444,-38.3552,Intersection,MORNINGTON PENINSULA,Metro,2,0,1,1,0,0,0,No
2018,April,2/4/18,13.35.00,Collision with vehicle,Monday,No,Day,Other injury accident,60 km/hr,144.96585,-37.80697,Intersection,MELBOURNE,Metro,9,0,3,5,7,0,0,No
2018,April,2/4/18,13.58.00,Vehicle overturned,Monday,No,Day,Serious injury accident,80 km/hr,145.08872,-37.70574,Non-Intersection,BANYULE,Metro,5,0,3,2,1,0,0,No
2018,April,2/4/18,13.56.00,Struck pedestrian,Monday,No,Day,Serious injury accident,100 km/hr,144.25287,-38.23915,Non-Intersection,GEELONG,Country,2,0,1,0,0,0,0,No
2018,April,2/4/18,11.00.00,Collision with object,Monday,No,Day,Serious injury accident,80 km/hr,144.1313,-37.86161,Non-Intersection,GOLDEN PLAINS,Country,1,0,1,0,0,0,0,No
2018,April,2/4/18,15.12.00,Collision with vehicle,Monday,No,Day,Serious injury accident,80 km/hr,145.10407,-37.95645,Intersection,KINGSTON,Metro,5,0,2,2,3,1,0,No
2018,April,2/4/18,15.15.00,Collision with vehicle,Monday,No,Day,Other injury accident,60 km/hr,145.04463,-37.86445,Intersection,STONNINGTON,Metro,2,0,1,1,0,0,1,No
2018,April,2/4/18,14.30.00,Collision with vehicle,Monday,No,Day,Other injury accident,80 km/hr,145.33204,-37.64847,Intersection,NILLUMBIK,Metro,4,0,2,2,1,0,1,No
2018,April,2/4/18,16.30.00,Collision with vehicle,Sunday,No,Day,Other injury accident,80 km/hr,144.50259,-37.68633,Intersection,MOORABOOL,Country,2,0,2,0,0,0,1,No
2018,April,2/4/18,15.30.00,Collision with object,Monday,No,Day,Serious injury accident,60 km/hr,145.5751,-38.27442,Non-Intersection,CARDINIA,Metro,2,0,1,1,1,0,1,No
2018,April,2/4/18,12.00.00,Collision with vehicle,Sunday,No,Day,Other injury accident,100 km/hr,143.61931,-36.93729,Non-Intersection,CENTRAL GOLDFIELDS,Country,3,0,3,0,1,1,0,No
2018,April,2/4/18,15.10.00,Collision with vehicle,Monday,No,Day,Other injury accident,100 km/hr,144.95102,-37.27969,Non-Intersection,MITCHELL,Country,4,0,2,2,1,1,1,No
2018,April,2/4/18,18.00.00,Collision with vehicle,Sunday,No,Dusk/Dawn,Other injury accident,50 km/hr,145.1064,-37.93444,Non-Intersection,KINGSTON,Metro,1,0,0,1,0,0,0,No
2018,April,2/4/18,17.30.00,Collision with vehicle,Monday,No,Day,Other injury accident,60 km/hr,144.88285,-37.77524,Non-Intersection,MARIBYRNONG,Metro,2,0,1,1,0,0,1,No
2018,April,2/4/18,18.15.00,Collision with vehicle,Monday,No,Dark,Serious injury accident,50 km/hr,144.96002,-37.82876,Intersection,PORT PHILLIP,Metro,3,0,0,3,1,0,0,No
2018,April,2/4/18,15.42.00,No collision and no object struck,Monday,No,Day,Other injury accident,100 km/hr,145.80554,-37.00826,Non-Intersection,MANSFIELD,Country,2,0,2,0,1,0,0,No
2018,April,2/4/18,17.10.00,Collision with vehicle,Sunday,No,Day,Other injury accident,50 km/hr,145.35682,-37.75725,Intersection,YARRA RANGES,Metro,3,0,2,1,1,0,1,No
2018,April,2/4/18,17.50.00,Collision with vehicle,Monday,No,Day,Serious injury accident,90 km/hr,144.52715,-37.38227,Non-Intersection,MACEDON RANGES,Country,2,0,0,2,0,1,0,No
2018,April,2/4/18,17.15.00,Collision with vehicle,Monday,Yes,Day,Serious injury accident,60 km/hr,142.20317,-34.29934,Intersection,MILDURA,Country,1,0,1,0,0,0,1,Yes
2018,April,2/4/18,17.59.00,Collision with vehicle,Monday,No,Day,Other injury accident,70 km/hr,145.016,-37.65119,Intersection,WHITTLESEA,Metro,4,0,2,2,2,0,1,No
2018,April,2/4/18,16.30.00,Collision with object,Monday,No,Day,Other injury accident,100 km/hr,145.75975,-37.09703,Off Road,MURRINDINDI,Country,2,0,1,1,1,0,0,No
2018,April,2/4/18,19.20.00,Collision with vehicle,Monday,No,Dark,Other injury accident,80 km/hr,145.31282,-37.9967,Intersection,CASEY,Metro,8,0,1,4,6,0,0,No
2018,April,2/4/18,14.40.00,Collision with vehicle,Monday,No,Day,Other injury accident,100 km/hr,144.71838,-36.97472,Non-Intersection,BENDIGO,Country,2,0,2,0,0,0,0,No
2018,April,3/4/18,09.00.00,Collision with vehicle,Tuesday,No,Day,Other injury accident,60 km/hr,145.28025,-38.03038,Non-Intersection,CASEY,Metro,2,0,2,0,0,0,0,No
2018,April,3/4/18,07.09.00,Collision with vehicle,Tuesday,No,Day,Serious injury accident,80 km/hr,145.41237,-37.82101,Non-Intersection,YARRA RANGES,Metro,3,0,3,0,1,0,0,No
2018,April,3/4/18,07.02.00,Collision with vehicle,Tuesday,No,Day,Other injury accident,100 km/hr,144.90901,-37.6938,Non-Intersection,HUME,Metro,2,0,2,0,0,0,1,No
2018,April,3/4/18,12.10.00,Collision with vehicle,Tuesday,No,Day,Other injury accident,70 km/hr,144.73042,-36.14786,Intersection,CAMPASPE,Country,3,0,2,1,1,0,0,No
2018,April,3/4/18,14.35.00,No collision and no object struck,Tuesday,No,Day,Other injury accident,80 km/hr,141.55642,-38.31686,Non-Intersection,GLENELG,Country,1,0,1,0,0,0,0,No
2018,April,3/4/18,16.00.00,Collision with vehicle,Tuesday,No,Day,Other injury accident,40 km/hr,143.89011,-37.62377,Intersection,BALLARAT,Country,2,0,1,1,0,0,0,No
2018,April,3/4/18,16.30.00,Struck pedestrian,Tuesday,No,Day,Serious injury accident,70 km/hr,145.20107,-38.11805,Non-Intersection,FRANKSTON,Metro,2,0,2,0,0,0,0,No
2018,April,3/4/18,15.45.00,Collision with vehicle,Monday,No,Day,Other injury accident,80 km/hr,145.37576,-37.68948,Non-Intersection,YARRA RANGES,Metro,5,0,3,1,2,0,1,No
2018,April,3/4/18,17.24.00,Collision with vehicle,Tuesday,No,Day,Other injury accident,60 km/hr,144.87548,-37.78552,Intersection,MARIBYRNONG,Metro,5,0,2,3,1,1,2,No
2018,April,3/4/18,19.05.00,Collision with vehicle,Monday,No,Dark,Serious injury accident,40 km/hr,144.97507,-37.78492,Intersection,YARRA RANGES,Metro,2,0,2,0,0,0,0,No
2018,April,3/4/18,16.18.00,Collision with vehicle,Tuesday,No,Day,Serious injury accident,50 km/hr,144.99339,-37.82518,Intersection,YARRA RANGES,Metro,2,0,1,0,0,0,0,No
2018,April,3/4/18,20.35.00,Collision with object,Monday,No,Dark,Serious injury accident,80 km/hr,145.02448,-37.60782,Non-Intersection,WHITTLESEA,Metro,1,0,0,1,0,0,0,No
2018,April,3/4/18,16.55.00,Collision with vehicle,Monday,No,Day,Other injury accident,80 km/hr,145.26997,-38.00582,Non-Intersection,CASEY,Metro,4,0,2,2,1,0,0,No
2018,April,3/4/18,20.19.00,Collision with vehicle,Tuesday,Yes,Dark,Serious injury accident,60 km/hr,145.10207,-37.94118,Non-Intersection,KINGSTON,Metro,3,0,1,2,1,0,0,No
2018,April,3/4/18,23.18.00,Collision with object,Tuesday,No,Dark,Other injury accident,80 km/hr,144.97093,-37.64598,Non-Intersection,HUME,Metro,2,0,2,0,1,0,1,No
2018,April,3/4/18,18.00.00,Collision with object,Tuesday,No,Day,Other injury accident,100 km/hr,143.14744,-38.6283,Intersection,CORANGAMITE,Country,1,0,0,1,0,0,1,No
2018,April,3/4/18,05.00.00,Collision with vehicle,Tuesday,No,Dark,Serious injury accident,110 km/hr,144.50151,-37.29296,Non-Intersection,MACEDON RANGES,Country,2,0,2,0,0,0,0,No
2018,April,3/4/18,17.45.00,Collision with vehicle,Tuesday,No,Day,Other injury accident,40 km/hr,144.97331,-37.78081,Non-Intersection,YARRA RANGES,Metro,3,0,0,3,1,0,1,No
2018,April,3/4/18,21.40.00,Collision with vehicle,Monday,No,Dark,Other injury accident,60 km/hr,144.99948,-37.76517,Intersection,DAREBIN,Metro,2,0,1,1,0,0,0,No
2018,April,3/4/18,16.30.00,No collision and no object struck,Tuesday,No,Day,Other injury accident,60 km/hr,144.98616,-37.84015,Intersection,STONNINGTON,Metro,1,0,0,1,0,0,0,No
2018,April,3/4/18,08.43.00,Collision with vehicle,Monday,No,Day,Other injury accident,40 km/hr,144.35791,-38.15343,Intersection,GEELONG,Country,2,0,0,2,0,0,1,No
2018,April,3/4/18,07.20.00,Collision with vehicle,Tuesday,Yes,Day,Other injury accident,60 km/hr,144.74854,-36.13009,Intersection,CAMPASPE,Country,2,0,1,0,0,0,0,No
2018,April,3/4/18,16.15.00,No collision and no object struck,Tuesday,No,Day,Serious injury accident,100 km/hr,147.23725,-36.63822,Non-Intersection,TOWONG,Country,1,0,1,0,0,0,0,No
2018,April,3/4/18,16.00.00,No collision and no object struck,Monday,No,Unk.,Other injury accident,40 km/hr,145.0916,-37.87543,Intersection,STONNINGTON,Metro,3,0,2,1,0,0,1,No
2018,April,3/4/18,19.18.00,Collision with vehicle,Monday,No,Dark,Other injury accident,60 km/hr,144.78186,-37.84414,Intersection,WYNDHAM,Metro,3,0,1,2,1,0,1,No
2018,April,4/4/18,21.50.00,Collision with object,Wednesday,No,Dark,Serious injury accident,60 km/hr,144.23826,-36.81873,Non-Intersection,BENDIGO,Country,2,0,0,2,1,0,1,No
2018,April,4/4/18,06.30.00,Collision with vehicle,Tuesday,No,Dusk/Dawn,Other injury accident,50 km/hr,144.61625,-37.89531,Intersection,WYNDHAM,Metro,2,0,1,1,0,0,2,No
2018,April,4/4/18,08.25.00,Struck pedestrian,Wednesday,No,Day,Serious injury accident,60 km/hr,145.00861,-37.87066,Intersection,GLEN EIRA,Metro,2,0,0,2,0,0,0,No
2018,April,4/4/18,09.13.00,Collision with vehicle,Wednesday,No,Day,Other injury accident,80 km/hr,145.00841,-37.90644,Non-Intersection,BAYSIDE,Metro,3,0,3,0,0,1,0,Yes
2018,April,4/4/18,09.55.00,Collision with vehicle,Wednesday,No,Day,Other injury accident,80 km/hr,141.5872,-38.34353,Intersection,GLENELG,Country,2,0,1,1,0,0,0,No
2018,April,4/4/18,08.20.00,Collision with vehicle,Wednesday,No,Day,Other injury accident,80 km/hr,145.23663,-37.97255,Non-Intersection,CASEY,Metro,5,0,2,3,2,0,0,No
2018,April,4/4/18,09.30.00,Collision with vehicle,Wednesday,No,Day,Serious injury accident,80 km/hr,145.06913,-37.68184,Intersection,WHITTLESEA,Metro,4,0,4,0,0,0,1,No
2018,April,4/4/18,13.05.00,Collision with vehicle,Wednesday,No,Day,Other injury accident,40 km/hr,144.98274,-37.80783,Intersection,YARRA RANGES,Metro,2,0,2,0,0,0,0,No
2018,April,4/4/18,11.30.00,Collision with vehicle,Tuesday,No,Day,Other injury accident,40 km/hr,144.99303,-37.85365,Non-Intersection,STONNINGTON,Metro,2,0,0,2,0,0,0,No
2018,April,4/4/18,12.00.00,Collision with vehicle,Wednesday,No,Day,Other injury accident,60 km/hr,143.80424,-37.55423,Intersection,BALLARAT,Country,2,0,0,2,0,0,0,No
2018,April,4/4/18,12.49.00,Collision with vehicle,Wednesday,No,Day,Other injury accident,40 km/hr,144.95882,-37.83225,Non-Intersection,PORT PHILLIP,Metro,2,0,2,0,0,0,0,No
2018,April,4/4/18,10.00.00,Collision with vehicle,Tuesday,No,Day,Other injury accident,60 km/hr,145.39331,-36.40894,Intersection,SHEPPARTON,Country,2,0,0,2,0,2,0,No
2018,April,4/4/18,16.25.00,Struck pedestrian,Wednesday,No,Day,Serious injury accident,50 km/hr,144.80386,-37.74471,Intersection,BRIMBANK,Metro,2,0,1,1,0,0,0,No
2018,April,4/4/18,15.35.00,Collision with vehicle,Wednesday,No,Day,Other injury accident,100 km/hr,145.53161,-36.36468,Intersection,SHEPPARTON,Country,2,0,2,0,0,0,0,No
2018,April,4/4/18,16.55.00,Collision with vehicle,Tuesday,No,Day,Other injury accident,40 km/hr,144.7103,-37.87113,Non-Intersection,WYNDHAM,Metro,3,0,3,0,1,0,0,No
2018,April,4/4/18,18.00.00,Collision with vehicle,Wednesday,No,Dusk/Dawn,Other injury accident,60 km/hr,145.06876,-37.7597,Non-Intersection,BANYULE,Metro,2,0,2,0,0,0,1,No
2018,April,4/4/18,15.00.00,Collision with vehicle,Wednesday,No,Day,Other injury accident,60 km/hr,145.00942,-37.81339,Non-Intersection,YARRA RANGES,Metro,2,0,1,1,0,1,0,No
2018,April,4/4/18,17.40.00,Collision with vehicle,Wednesday,No,Day,Serious injury accident,60 km/hr,145.13594,-37.93065,Intersection,KINGSTON,Metro,2,0,1,1,0,0,1,No
2018,April,4/4/18,16.49.00,Collision with vehicle,Wednesday,No,Day,Other injury accident,80 km/hr,145.09004,-37.91008,Intersection,MONASH,Metro,2,0,2,0,0,0,0,No
2018,April,4/4/18,17.53.00,Collision with vehicle,Wednesday,No,Day,Other injury accident,60 km/hr,145.21336,-37.81722,Intersection,WHITEHORSE,Metro,4,0,2,2,1,1,0,No
2018,April,4/4/18,14.45.00,Collision with vehicle,Tuesday,No,Day,Other injury accident,40 km/hr,144.36312,-38.14829,Non-Intersection,GEELONG,Country,2,0,2,0,0,0,0,No
2018,April,4/4/18,16.50.00,Struck pedestrian,Wednesday,No,Day,Other injury accident,60 km/hr,145.04617,-37.8872,Non-Intersection,GLEN EIRA,Metro,2,0,1,1,0,0,0,No
2018,April,4/4/18,17.40.00,Collision with vehicle,Wednesday,No,Dusk/Dawn,Other injury accident,60 km/hr,145.04205,-37.96374,Intersection,BAYSIDE,Metro,2,0,2,0,0,0,1,No
2018,April,4/4/18,16.30.00,Struck pedestrian,Tuesday,No,Day,Other injury accident,60 km/hr,144.95829,-37.79255,Intersection,MELBOURNE,Metro,2,0,0,2,0,0,0,No
2018,April,4/4/18,12.50.00,Collision with vehicle,Wednesday,No,Day,Other injury accident,60 km/hr,144.98934,-37.82166,Intersection,MELBOURNE,Metro,3,0,1,1,0,0,1,No
2018,April,4/4/18,13.05.00,Collision with vehicle,Wednesday,No,Day,Other injury accident,60 km/hr,145.02537,-38.25533,Intersection,MORNINGTON PENINSULA,Metro,2,0,0,2,0,0,1,No