year,month,date,time,accident_type,day,hit_run,light_condition,severity,speed_zone,longitude,latitude,node_type,lga,state_div,total_persons,fatality,males,females,passengers,old_driver,young_driver,alcohol
2018,April,4/4/18,20.45.00,Fall from or in moving vehicle,Wednesday,No,Dusk/Dawn,Serious injury accident,50 km/hr,144.90792,-37.67401,Non-Intersection,HUME,Metro,2,0,1,1,1,0,0,No
2018,April,4/4/18,18.10.00,Collision with vehicle,Wednesday,No,Dark,Other injury accident,60 km/hr,145.16977,-37.95832,Intersection,DANDENONG,Metro,2,0,2,0,0,0,0,No
2018,April,4/4/18,15.10.00,Collision with vehicle,Wednesday,No,Day,Other injury accident,50 km/hr,144.95755,-37.80125,Non-Intersection,MELBOURNE,Metro,2,0,1,1,0,0,0,No
2018,April,4/4/18,15.30.00,Collision with vehicle,Wednesday,No,Day,Other injury accident,100 km/hr,145.17738,-37.80387,Non-Intersection,MANNINGHAM,Metro,3,0,3,0,0,0,0,No
2018,April,4/4/18,21.40.00,Collision with vehicle,Wednesday,Yes,Dark,Other injury accident,60 km/hr,144.95056,-37.80992,Non-Intersection,MELBOURNE,Metro,2,0,1,0,0,0,0,No
2018,April,4/4/18,16.30.00,Collision with vehicle,Wednesday,No,Day,Other injury accident,40 km/hr,144.99991,-37.7627,Intersection,DAREBIN,Metro,2,0,2,0,0,0,0,No
2018,April,4/4/18,10.00.00,Collision with vehicle,Wednesday,No,Day,Other injury accident,50 km/hr,144.88351,-37.78636,Intersection,MARIBYRNONG,Metro,2,0,2,0,0,0,1,No
2018,April,5/4/18,18.40.00,Collision with vehicle,Wednesday,No,Dark,Other injury accident,80 km/hr,145.22705,-37.96124,Non-Intersection,DANDENONG,Metro,2,0,1,1,0,0,0,No
2018,April,5/4/18,09.00.00,Collision with vehicle,Thursday,No,Day,Other injury accident,60 km/hr,143.84293,-37.56037,Intersection,BALLARAT,Country,3,0,2,1,1,0,1,No
2018,April,5/4/18,07.35.00,Collision with vehicle,Thursday,No,Day,Other injury accident,40 km/hr,144.99566,-37.8393,Non-Intersection,STONNINGTON,Metro,2,0,1,1,0,0,0,No
2018,April,5/4/18,07.30.00,Collision with vehicle,Thursday,No,Day,Serious injury accident,100 km/hr,144.86639,-37.72283,Non-Intersection,BRIMBANK,Metro,3,0,3,0,0,0,0,No
2018,April,5/4/18,09.35.00,Collision with vehicle,Thursday,No,Day,Other injury accident,80 km/hr,145.00615,-38.34653,Intersection,MORNINGTON PENINSULA,Metro,2,0,0,2,0,0,0,No
2018,April,5/4/18,12.00.00,Collision with vehicle,Thursday,No,Day,Serious injury accident,50 km/hr,143.57908,-38.33879,Intersection,COLAC OTWAY,Country,2,0,1,1,0,0,1,No
2018,April,5/4/18,11.45.00,Vehicle overturned,Thursday,No,Day,Other injury accident,80 km/hr,145.24881,-37.98564,Non-Intersection,CASEY,Metro,1,0,0,1,0,0,0,No
2018,April,5/4/18,12.45.00,Collision with vehicle,Wednesday,No,Day,Other injury accident,60 km/hr,145.32716,-37.74455,Intersection,YARRA RANGES,Metro,2,0,1,1,0,0,0,No
2018,April,5/4/18,09.20.00,Collision with vehicle,Thursday,No,Day,Fatal accident,100 km/hr,144.48954,-36.78359,Non-Intersection,BENDIGO,Country,2,1,1,1,0,0,0,No
2018,April,5/4/18,07.58.00,Collision with vehicle,Wednesday,No,Day,Other injury accident,60 km/hr,145.1424,-37.79433,Non-Intersection,MANNINGHAM,Metro,2,0,2,0,0,0,0,No
2018,April,5/4/18,13.50.00,Collision with vehicle,Thursday,No,Day,Other injury accident,80 km/hr,145.17187,-37.83833,Intersection,WHITEHORSE,Metro,2,0,0,0,0,0,0,No
2018,April,5/4/18,11.30.00,Collision with object,Thursday,No,Day,Serious injury accident,80 km/hr,145.59437,-37.62986,Non-Intersection,YARRA RANGES,Metro,1,0,1,0,0,1,0,No
2018,April,5/4/18,14.12.00,Collision with vehicle,Thursday,No,Day,Other injury accident,100 km/hr,145.74551,-38.0795,Intersection,CARDINIA,Metro,8,0,5,3,6,0,0,No
2018,April,5/4/18,15.25.00,Collision with vehicle,Thursday,Yes,Day,Other injury accident,60 km/hr,144.72566,-37.7206,Intersection,MELTON,Metro,2,0,1,1,0,0,1,No
2018,April,5/4/18,13.09.00,Struck pedestrian,Thursday,No,Day,Fatal accident,80 km/hr,145.22444,-37.96486,Non-Intersection,DANDENONG,Metro,2,1,1,1,0,0,1,No
2018,April,5/4/18,13.45.00,Collision with vehicle,Thursday,No,Day,Other injury accident,80 km/hr,145.23033,-37.89911,Intersection,KNOX,Metro,5,0,2,1,2,0,1,No
2018,April,5/4/18,16.33.00,Collision with vehicle,Thursday,No,Day,Serious injury accident,100 km/hr,145.15629,-38.30009,Intersection,MORNINGTON PENINSULA,Metro,3,0,2,1,1,1,1,No
2018,April,5/4/18,17.15.00,Collision with object,Wednesday,No,Day,Serious injury accident,100 km/hr,146.80696,-36.25418,Non-Intersection,INDIGO,Country,1,0,0,1,0,0,1,No
2018,April,5/4/18,13.10.00,Collision with vehicle,Thursday,No,Day,Other injury accident,100 km/hr,142.05638,-36.45836,Intersection,HINDMARSH,Country,6,0,2,4,4,0,0,No
2018,April,5/4/18,16.18.00,Collision with vehicle,Thursday,No,Day,Other injury accident,60 km/hr,144.94687,-37.73933,Non-Intersection,MORELAND,Metro,2,0,1,1,0,0,0,No
2018,April,5/4/18,18.36.00,Collision with vehicle,Thursday,No,Dark,Other injury accident,60 km/hr,144.57388,-37.70924,Intersection,MELTON,Metro,4,0,3,1,2,0,1,No
2018,April,5/4/18,18.50.00,Collision with vehicle,Thursday,No,Dark,Other injury accident,80 km/hr,145.23743,-37.97229,Non-Intersection,CASEY,Metro,2,0,0,2,0,0,0,No
2018,April,5/4/18,16.00.00,Collision with vehicle,Wednesday,No,Day,Other injury accident,60 km/hr,144.72566,-37.7206,Intersection,MELTON,Metro,3,0,1,2,1,0,0,No
2018,April,5/4/18,22.10.00,Collision with vehicle,Thursday,No,Dark,Other injury accident,60 km/hr,145.0057,-37.92083,Intersection,BAYSIDE,Metro,2,0,1,1,0,0,1,No
2018,April,5/4/18,18.45.00,Struck pedestrian,Wednesday,No,Dark,Other injury accident,80 km/hr,145.15832,-37.85345,Intersection,WHITEHORSE,Metro,2,0,1,1,0,0,0,No
2018,April,5/4/18,17.45.00,Collision with vehicle,Thursday,No,Day,Other injury accident,60 km/hr,145.11325,-37.85968,Intersection,MONASH,Metro,2,0,0,2,0,0,0,No
2018,April,5/4/18,22.40.00,Collision with object,Thursday,No,Dark,Other injury accident,80 km/hr,146.00049,-36.74443,Intersection,BENALLA,Country,1,0,1,0,0,0,1,No
2018,April,5/4/18,22.56.00,Vehicle overturned,Thursday,No,Dark,Other injury accident,60 km/hr,144.93785,-37.58383,Intersection,HUME,Metro,1,0,1,0,0,0,0,No
2018,April,5/4/18,11.45.00,Collision with vehicle,Wednesday,Yes,Day,Other injury accident,40 km/hr,144.35945,-38.15007,Non-Intersection,GEELONG,Country,2,0,1,0,0,0,0,No
2018,April,5/4/18,14.43.00,Collision with vehicle,Thursday,No,Day,Serious injury accident,80 km/hr,145.23016,-37.89925,Non-Intersection,KNOX,Metro,6,0,2,4,2,0,1,No
2018,April,5/4/18,22.30.00,Collision with vehicle,Thursday,No,Dark,Other injury accident,100 km/hr,144.81395,-37.83106,Non-Intersection,HOBSONS BAY,Metro,2,0,1,1,0,0,0,No
2018,April,5/4/18,12.12.00,Collision with vehicle,Wednesday,No,Day,Other injury accident,50 km/hr,144.8022,-37.74451,Non-Intersection,BRIMBANK,Metro,3,0,2,1,1,0,0,No
2018,April,5/4/18,20.25.00,Collision with vehicle,Thursday,No,Dark,Other injury accident,70 km/hr,145.06132,-37.93653,Intersection,KINGSTON,Metro,5,0,2,3,3,0,0,No
2018,April,5/4/18,18.41.00,Collision with vehicle,Wednesday,No,Dark,Other injury accident,50 km/hr,143.8952,-37.42435,Non-Intersection,HEPBURN,Country,1,0,1,0,0,0,1,No
2018,April,5/4/18,17.00.00,Collision with vehicle,Thursday,No,Day,Other injury accident,100 km/hr,144.97788,-37.43234,Non-Intersection,MITCHELL,Country,3,0,2,1,1,0,1,No
2018,April,5/4/18,17.10.00,No collision and no object struck,Thursday,No,Day,Other injury accident,40 km/hr,144.98379,-37.83373,Non-Intersection,MELBOURNE,Metro,1,0,0,1,0,0,0,No
2018,April,5/4/18,11.00.00,Collision with vehicle,Thursday,No,Day,Other injury accident,60 km/hr,144.26284,-36.75617,Non-Intersection,BENDIGO,Country,5,0,2,3,3,0,0,No
2018,April,5/4/18,18.15.00,Collision with vehicle,Thursday,No,Dusk/Dawn,Other injury accident,60 km/hr,145.05316,-37.84972,Non-Intersection,BOROONDARA,Metro,2,0,1,1,0,0,0,No
2018,April,6/4/18,22.14.00,Collision with vehicle,Thursday,No,Dark,Other injury accident,100 km/hr,144.9683,-37.60304,Non-Intersection,WHITTLESEA,Metro,3,0,2,1,1,0,0,No
2018,April,6/4/18,19.00.00,Collision with vehicle,Thursday,No,Dark,Other injury accident,40 km/hr,145.02175,-37.81489,Intersection,BOROONDARA,Metro,4,0,2,1,1,0,1,No
2018,April,6/4/18,06.00.00,Collision with vehicle,Thursday,No,Dusk/Dawn,Other injury accident,100 km/hr,145.09724,-37.88513,Non-Intersection,MONASH,Metro,2,0,2,0,0,0,0,No
2018,April,6/4/18,17.30.00,Collision with vehicle,Thursday,No,Day,Serious injury accident,60 km/hr,144.98726,-37.83476,Intersection,STONNINGTON,Metro,2,0,2,0,0,0,0,No
2018,April,6/4/18,11.30.00,Collision with vehicle,Friday,No,Day,Serious injury accident,100 km/hr,144.44638,-38.26555,Non-Intersection,GEELONG,Country,2,0,1,1,0,0,0,No
2018,April,6/4/18,15.34.00,Struck pedestrian,Thursday,No,Day,Other injury accident,70 km/hr,144.34036,-38.20649,Non-Intersection,GEELONG,Country,2,0,2,0,0,0,1,No
2018,April,6/4/18,06.35.00,Collision with vehicle,Friday,No,Day,Other injury accident,100 km/hr,144.81195,-37.83172,Non-Intersection,WYNDHAM,Metro,2,0,1,1,0,0,0,No
2018,April,6/4/18,08.15.00,Struck pedestrian,Friday,No,Day,Serious injury accident,40 km/hr,145.08765,-37.90025,Non-Intersection,MONASH,Metro,2,0,2,0,0,0,0,No
2018,April,6/4/18,10.00.00,Collision with vehicle,Friday,No,Day,Other injury accident,80 km/hr,144.95116,-37.64332,Intersection,HUME,Metro,2,0,2,0,0,0,0,No
2018,April,6/4/18,13.40.00,No collision and no object struck,Thursday,Not known,Day,Serious injury accident,50 km/hr,145.20002,-37.90964,Non-Intersection,MONASH,Metro,1,0,0,1,0,0,0,No
2018,April,6/4/18,13.25.00,Collision with vehicle,Friday,No,Day,Other injury accident,50 km/hr,144.34053,-38.2049,Intersection,GEELONG,Country,9,0,7,2,7,0,1,No
2018,April,6/4/18,13.30.00,Collision with vehicle,Friday,No,Day,Other injury accident,50 km/hr,144.21955,-35.8106,Non-Intersection,GANNAWARRA,Country,2,0,1,1,0,0,0,No
2018,April,6/4/18,12.15.00,Collision with vehicle,Thursday,No,Day,Other injury accident,100 km/hr,144.76013,-37.58653,Non-Intersection,HUME,Metro,2,0,1,1,0,0,0,No
2018,April,6/4/18,14.50.00,No collision and no object struck,Friday,No,Day,Serious injury accident,100 km/hr,144.34773,-37.99532,Non-Intersection,GEELONG,Country,1,0,1,0,0,0,0,No
2018,April,6/4/18,15.05.00,Collision with vehicle,Thursday,No,Day,Other injury accident,50 km/hr,146.87209,-36.14027,Non-Intersection,WODONGA,Country,1,0,0,1,0,0,1,No
2018,April,6/4/18,14.15.00,Collision with vehicle,Friday,Yes,Day,Other injury accident,50 km/hr,145.04997,-37.72959,Intersection,BANYULE,Metro,2,0,1,1,0,0,1,No
2018,April,6/4/18,14.40.00,Collision with vehicle,Thursday,No,Day,Other injury accident,60 km/hr,143.84668,-37.56498,Non-Intersection,BALLARAT,Country,3,0,0,3,1,0,0,No
2018,April,6/4/18,16.20.00,Collision with vehicle,Friday,No,Day,Other injury accident,50 km/hr,144.59059,-37.48577,Non-Intersection,MACEDON RANGES,Country,2,0,1,1,0,0,0,No
2018,April,6/4/18,17.45.00,Collision with vehicle,Friday,No,Day,Other injury accident,80 km/hr,145.43172,-36.09037,Intersection,MOIRA,Country,2,0,1,1,0,1,0,No
2018,April,6/4/18,19.10.00,Struck pedestrian,Thursday,No,Dark,Other injury accident,60 km/hr,144.3185,-38.32228,Intersection,SURF COAST,Country,2,0,1,1,0,0,0,No
2018,April,6/4/18,16.25.00,Collision with vehicle,Friday,No,Day,Other injury accident,60 km/hr,143.86675,-37.54238,Intersection,BALLARAT,Country,1,0,1,0,0,0,0,No
2018,April,6/4/18,12.20.00,Collision with vehicle,Friday,No,Day,Other injury accident,50 km/hr,145.11382,-37.68913,Non-Intersection,NILLUMBIK,Metro,4,0,3,1,2,1,0,No
2018,April,6/4/18,17.00.00,Collision with vehicle,Friday,No,Day,Serious injury accident,80 km/hr,145.22892,-38.008,Non-Intersection,DANDENONG,Metro,2,0,2,0,0,0,1,No
2018,April,6/4/18,15.00.00,Collision with vehicle,Friday,No,Day,Other injury accident,60 km/hr,144.74962,-37.73037,Intersection,MELTON,Metro,2,0,0,2,0,0,0,No
2018,April,6/4/18,18.35.00,Collision with vehicle,Thursday,Yes,Dark,Serious injury accident,50 km/hr,145.34861,-37.90765,Intersection,YARRA RANGES,Metro,2,0,1,0,0,0,0,No
2018,April,6/4/18,21.10.00,Struck pedestrian,Friday,No,Dark,Serious injury accident,60 km/hr,143.85625,-37.55383,Non-Intersection,BALLARAT,Country,3,0,1,2,0,0,0,No
2018,April,6/4/18,20.25.00,Collision with vehicle,Thursday,No,Dark,Other injury accident,60 km/hr,145.00532,-37.66432,Intersection,WHITTLESEA,Metro,2,0,2,0,0,0,1,No
2018,April,6/4/18,18.49.00,Collision with vehicle,Thursday,No,Dark,Other injury accident,60 km/hr,145.02903,-37.66071,Intersection,WHITTLESEA,Metro,5,0,2,3,3,0,1,No
2018,April,6/4/18,16.45.00,Collision with vehicle,Friday,No,Day,Other injury accident,40 km/hr,144.96002,-37.81961,Intersection,MELBOURNE,Metro,4,0,2,2,2,0,0,No
2018,April,6/4/18,20.35.00,Collision with vehicle,Friday,No,Dark,Other injury accident,80 km/hr,145.16044,-38.4966,Intersection,BASS COAST,Country,4,0,1,2,2,0,1,No
2018,April,6/4/18,21.05.00,Collision with object,Thursday,No,Dark,Other injury accident,50 km/hr,145.35063,-38.0014,Non-Intersection,CASEY,Metro,1,0,0,1,0,0,1,No
2018,April,6/4/18,22.10.00,Collision with vehicle,Friday,No,Dark,Other injury accident,50 km/hr,144.82888,-37.79013,Non-Intersection,BRIMBANK,Metro,4,0,1,1,1,0,0,No
2018,April,6/4/18,03.45.00,Collision with object,Friday,No,Dark,Serious injury accident,100 km/hr,143.37292,-35.75634,Non-Intersection,GANNAWARRA,Country,3,0,1,2,2,0,0,No
2018,April,6/4/18,17.00.00,Collision with vehicle,Thursday,No,Day,Other injury accident,60 km/hr,144.99413,-37.84686,Intersection,STONNINGTON,Metro,2,0,0,1,0,0,0,No
2018,April,6/4/18,18.15.00,Collision with vehicle,Friday,No,Day,Other injury accident,100 km/hr,144.80266,-37.76734,Non-Intersection,BRIMBANK,Metro,2,0,2,0,0,0,0,No
2018,April,6/4/18,23.30.00,Collision with object,Thursday,No,Dark,Other injury accident,60 km/hr,144.59826,-37.67808,Non-Intersection,MELTON,Metro,1,0,0,1,0,0,0,No
2018,April,7/4/18,13.25.00,No collision and no object struck,Friday,No,Day,Serious injury accident,50 km/hr,144.64763,-37.89508,Non-Intersection,WYNDHAM,Metro,1,0,1,0,0,0,0,No
2018,April,7/4/18,08.30.00,Collision with object,Friday,No,Day,Other injury accident,60 km/hr,144.94251,-37.77884,Non-Intersection,MELBOURNE,Metro,1,0,1,0,0,0,0,No
2018,April,7/4/18,13.46.00,Collision with vehicle,Saturday,No,Day,Other injury accident,50 km/hr,143.86785,-36.57479,Non-Intersection,LODDON,Country,4,0,2,2,3,0,0,No
2018,April,7/4/18,16.12.00,Collision with vehicle,Saturday,No,Day,Other injury accident,60 km/hr,145.28702,-37.86272,Intersection,KNOX,Metro,2,0,2,0,0,1,0,No
2018,April,7/4/18,15.15.00,Collision with vehicle,Friday,No,Day,Other injury accident,70 km/hr,145.12914,-37.67707,Non-Intersection,NILLUMBIK,Metro,4,0,3,1,2,0,0,No
2018,April,7/4/18,16.17.00,Collision with vehicle,Saturday,No,Day,Other injury accident,60 km/hr,144.92646,-37.7581,Intersection,MOONEE VALLEY,Metro,3,0,2,1,1,0,1,No
2018,April,7/4/18,14.35.00,No collision and no object struck,Saturday,No,Day,Serious injury accident,80 km/hr,145.17803,-37.80477,Non-Intersection,MANNINGHAM,Metro,1,0,1,0,0,0,0,No
2018,April,7/4/18,16.36.00,Struck pedestrian,Saturday,No,Dusk/Dawn,Serious injury accident,50 km/hr,145.11753,-38.05585,Intersection,KINGSTON,Metro,2,0,1,1,0,0,0,No
2018,April,7/4/18,09.25.00,Collision with vehicle,Saturday,No,Day,Other injury accident,60 km/hr,144.74147,-37.88551,Intersection,WYNDHAM,Metro,2,0,2,0,0,0,0,No
2018,April,7/4/18,16.15.00,Collision with vehicle,Friday,No,Day,Other injury accident,60 km/hr,145.49214,-37.9346,Intersection,CARDINIA,Metro,5,0,0,5,3,0,1,No
2018,April,7/4/18,14.01.00,Collision with vehicle,Saturday,No,Day,Serious injury accident,50 km/hr,145.18195,-37.94377,Intersection,DANDENONG,Metro,5,0,1,4,3,0,0,No
2018,April,7/4/18,21.00.00,Vehicle overturned,Saturday,No,Dusk/Dawn,Serious injury accident,50 km/hr,144.40315,-38.16995,Non-Intersection,GEELONG,Country,4,0,4,0,3,0,1,No
2018,April,7/4/18,20.40.00,Collision with vehicle,Saturday,No,Dark,Other injury accident,70 km/hr,145.00532,-37.66432,Intersection,WHITTLESEA,Metro,5,0,1,0,3,0,0,No
2018,April,7/4/18,13.48.00,Collision with vehicle,Saturday,No,Day,Serious injury accident,40 km/hr,144.95483,-37.81443,Intersection,MELBOURNE,Metro,5,0,1,4,1,0,1,No
2018,April,7/4/18,07.55.00,Collision with vehicle,Saturday,No,Day,Other injury accident,60 km/hr,144.83904,-37.8654,Intersection,HOBSONS BAY,Metro,2,0,0,2,0,1,0,No
2018,April,7/4/18,12.00.00,Collision with vehicle,Saturday,No,Day,Other injury accident,40 km/hr,145.18195,-37.94377,Intersection,DANDENONG,Metro,2,0,1,1,0,0,0,No
2018,April,7/4/18,22.50.00,Collision with vehicle,Saturday,No,Dark,Other injury accident,40 km/hr,144.95992,-37.80719,Non-Intersection,MELBOURNE,Metro,4,0,2,2,1,0,0,No
2018,April,7/4/18,19.30.00,No collision and no object struck,Saturday,No,Dark,Other injury accident,60 km/hr,144.97858,-37.84385,Non-Intersection,MELBOURNE,Metro,2,0,1,0,0,0,0,No
2018,April,7/4/18,06.30.00,Struck animal,Saturday,No,Dusk/Dawn,Other injury accident,100 km/hr,144.61715,-36.26219,Non-Intersection,CAMPASPE,Country,1,0,1,0,0,0,0,No
2018,April,7/4/18,14.40.00,Collision with vehicle,Saturday,No,Day,Other injury accident,40 km/hr,145.00755,-37.81943,Non-Intersection,YARRA RANGES,Metro,3,0,1,1,0,0,0,No
2018,April,7/4/18,05.30.00,Collision with object,Saturday,No,Dark,Serious injury accident,80 km/hr,145.23724,-37.90548,Non-Intersection,KNOX,Metro,1,0,0,1,0,0,0,No
2018,April,7/4/18,14.20.00,Collision with vehicle,Saturday,No,Day,Other injury accident,50 km/hr,144.19012,-38.40544,Intersection,SURF COAST,Country,2,0,2,0,0,0,0,No
2018,April,7/4/18,08.50.00,Collision with object,Saturday,No,Day,Serious injury accident,60 km/hr,145.06706,-37.95391,Non-Intersection,KINGSTON,Metro,2,0,1,1,1,1,0,No
2018,April,7/4/18,10.15.00,Collision with vehicle,Friday,No,Day,Other injury accident,100 km/hr,145.45696,-37.25892,Non-Intersection,MURRINDINDI,Country,4,0,2,2,2,0,1,No
2018,April,7/4/18,11.10.00,Collision with object,Saturday,No,Day,Serious injury accident,50 km/hr,144.25857,-36.72093,Non-Intersection,BENDIGO,Country,1,0,1,0,0,0,0,No
2018,April,7/4/18,10.50.00,Struck animal,Saturday,No,Day,Other injury accident,100 km/hr,148.19206,-37.75213,Non-Intersection,EAST GIPPSLAND,Country,2,0,1,1,1,0,0,No
2018,April,7/4/18,07.53.00,No collision and no object struck,Saturday,No,Day,Serious injury accident,50 km/hr,145.18716,-38.1035,Non-Intersection,FRANKSTON,Metro,1,0,1,0,0,0,0,Yes
2018,April,8/4/18,11.00.00,Collision with vehicle,Sunday,No,Day,Other injury accident,60 km/hr,144.98152,-37.85332,Intersection,PORT PHILLIP,Metro,2,0,0,2,0,0,0,No
2018,April,8/4/18,11.35.00,Collision with vehicle,Sunday,No,Day,Other injury accident,60 km/hr,144.91746,-37.71429,Non-Intersection,MORELAND,Metro,5,0,2,1,1,0,2,No
2018,April,8/4/18,10.30.00,Collision with object,Sunday,No,Day,Serious injury accident,60 km/hr,144.89294,-38.36755,Non-Intersection,MORNINGTON PENINSULA,Metro,1,0,1,0,0,0,0,No
2018,April,8/4/18,13.00.00,Collision with vehicle,Sunday,No,Day,Other injury accident,80 km/hr,145.28657,-37.88765,Non-Intersection,KNOX,Metro,3,0,2,1,1,0,1,No
2018,April,8/4/18,11.50.00,Collision with vehicle,Sunday,No,Day,Other injury accident,60 km/hr,145.01403,-37.97298,Non-Intersection,BAYSIDE,Metro,1,0,1,0,0,0,0,No
2018,April,8/4/18,10.50.00,Collision with object,Sunday,No,Day,Serious injury accident,60 km/hr,147.57356,-38.05292,Non-Intersection,WELLINGTON,Country,1,0,1,0,0,0,0,No
2018,April,8/4/18,09.45.00,Collision with object,Sunday,No,Day,Serious injury accident,40 km/hr,144.47648,-38.19028,Non-Intersection,GEELONG,Country,1,0,1,0,0,0,0,No
2018,April,8/4/18,14.15.00,Collision with vehicle,Sunday,No,Day,Other injury accident,60 km/hr,144.96378,-37.82954,Intersection,PORT PHILLIP,Metro,5,0,3,2,2,0,1,No
2018,April,8/4/18,15.35.00,No collision and no object struck,Sunday,No,Day,Other injury accident,100 km/hr,144.51441,-37.30208,Non-Intersection,MACEDON RANGES,Country,1,0,0,1,0,0,0,No
2018,April,8/4/18,15.15.00,Vehicle overturned,Sunday,No,Day,Other injury accident,60 km/hr,145.21986,-36.61641,Non-Intersection,SHEPPARTON,Country,1,0,1,0,0,0,0,No
2018,April,8/4/18,15.52.00,Collision with vehicle,Sunday,No,Day,Serious injury accident,80 km/hr,145.06769,-37.68707,Intersection,BANYULE,Metro,4,0,3,1,1,0,2,No
2018,April,8/4/18,13.30.00,Struck pedestrian,Sunday,No,Day,Other injury accident,60 km/hr,145.03422,-37.82868,Non-Intersection,BOROONDARA,Metro,2,0,1,1,0,0,1,No
2018,April,8/4/18,18.45.00,Collision with vehicle,Sunday,No,Dark,Other injury accident,60 km/hr,145.47519,-38.07168,Intersection,CARDINIA,Metro,2,0,0,2,0,0,1,No
2018,April,8/4/18,17.15.00,Collision with vehicle,Sunday,No,Day,Other injury accident,60 km/hr,144.8837,-37.78529,Non-Intersection,MARIBYRNONG,Metro,3,0,1,2,1,0,0,No
2018,April,8/4/18,19.06.00,Collision with object,Sunday,No,Dark,Other injury accident,50 km/hr,145.00637,-38.30538,Non-Intersection,MORNINGTON PENINSULA,Metro,1,0,0,1,0,0,1,No
2018,April,8/4/18,20.50.00,Collision with object,Sunday,No,Dark,Other injury accident,60 km/hr,144.78982,-37.76287,Non-Intersection,BRIMBANK,Metro,3,0,1,2,2,1,0,No
2018,April,8/4/18,21.20.00,No collision and no object struck,Sunday,No,Dark,Serious injury accident,60 km/hr,144.74878,-37.72379,Non-Intersection,MELTON,Metro,2,0,2,0,1,0,1,No
2018,April,8/4/18,18.16.00,Vehicle overturned,Sunday,No,Dusk/Dawn,Serious injury accident,100 km/hr,145.10952,-37.55542,Non-Intersection,WHITTLESEA,Metro,3,0,2,1,1,0,1,No
2018,April,8/4/18,20.35.00,Collision with vehicle,Sunday,No,Dark,Other injury accident,60 km/hr,144.94196,-37.75283,Intersection,MORELAND,Metro,3,0,1,2,1,0,0,No
2018,April,8/4/18,23.50.00,Collision with object,Sunday,No,Dark,Serious injury accident,100 km/hr,145.23945,-38.07766,Intersection,CASEY,Metro,2,0,1,1,1,0,1,Yes
2018,April,8/4/18,23.00.00,Struck pedestrian,Sunday,Yes,Dark,Other injury accident,60 km/hr,144.97597,-37.7537,Non-Intersection,MORELAND,Metro,2,0,0,1,0,0,0,No
2018,April,8/4/18,23.50.00,Collision with object,Sunday,No,Dark,Serious injury accident,100 km/hr,145.75497,-38.12662,Intersection,BAW BAW,Metro,1,0,1,0,0,0,1,No
2018,April,8/4/18,13.20.00,Vehicle overturned,Sunday,No,Day,Serious injury accident,100 km/hr,145.76532,-38.50718,Intersection,SOUTH GIPPSLAND,Country,1,0,0,1,0,0,0,No
2018,April,8/4/18,17.00.00,Collision with vehicle,Sunday,No,Dusk/Dawn,Other injury accident,80 km/hr,146.32501,-38.66127,Intersection,SOUTH GIPPSLAND,Country,2,0,1,1,0,0,1,No
2018,April,8/4/18,09.30.00,Collision with vehicle,Sunday,No,Unk.,Other injury accident,60 km/hr,144.89765,-37.85662,Non-Intersection,HOBSONS BAY,Metro,2,0,1,1,0,0,0,No
2018,April,8/4/18,07.50.00,Collision with object,Sunday,Yes,Day,Other injury accident,60 km/hr,145.35477,-37.7577,Intersection,YARRA RANGES,Metro,1,0,1,0,0,0,0,No
2018,April,8/4/18,11.45.00,Collision with vehicle,Sunday,No,Unk.,Other injury accident,60 km/hr,144.98846,-37.74815,Non-Intersection,DAREBIN,Metro,2,0,1,1,0,0,1,No
2018,April,9/4/18,08.30.00,Collision with vehicle,Monday,No,Day,Other injury accident,80 km/hr,145.25223,-38.04265,Intersection,CASEY,Metro,2,0,2,0,0,0,1,No
2018,April,9/4/18,12.20.00,Collision with vehicle,Monday,No,Day,Serious injury accident,60 km/hr,145.26723,-37.85989,Non-Intersection,KNOX,Metro,3,0,3,0,1,0,0,No
2018,April,9/4/18,01.00.00,Collision with object,Monday,No,Dark,Other injury accident,80 km/hr,145.07423,-37.88592,Non-Intersection,GLEN EIRA,Metro,3,0,3,0,2,0,1,No
2018,April,9/4/18,07.30.00,Collision with vehicle,Monday,No,Day,Other injury accident,100 km/hr,144.77055,-37.86785,Non-Intersection,HOBSONS BAY,Metro,4,0,4,0,0,0,0,No
2018,April,9/4/18,07.20.00,Collision with object,Sunday,No,Day,Serious injury accident,50 km/hr,145.30688,-38.06491,Non-Intersection,CASEY,Metro,1,0,1,0,0,0,0,No
2018,April,9/4/18,10.00.00,No collision and no object struck,Sunday,No,Day,Other injury accident,50 km/hr,145.35164,-38.02811,Intersection,CASEY,Metro,2,0,1,0,0,0,0,No
2018,April,9/4/18,00.30.00,Vehicle overturned,Monday,No,Dark,Other injury accident,60 km/hr,147.05746,-38.09075,Non-Intersection,WELLINGTON,Country,1,0,1,0,0,0,0,No
2018,April,9/4/18,12.20.00,Collision with vehicle,Monday,No,Day,Serious injury accident,100 km/hr,145.20451,-36.44034,Intersection,SHEPPARTON,Country,3,0,2,1,1,1,0,No
2018,April,9/4/18,14.10.00,Struck pedestrian,Monday,No,Day,Serious injury accident,60 km/hr,142.19507,-36.70986,Non-Intersection,HORSHAM,Country,2,0,0,2,0,0,1,No
2018,April,9/4/18,14.00.00,Collision with vehicle,Monday,No,Day,Other injury accident,100 km/hr,144.28642,-38.33863,Intersection,SURF COAST,Country,4,0,1,2,2,0,0,No