year,month,date,time,accident_type,day,hit_run,light_condition,severity,speed_zone,longitude,latitude,node_type,lga,state_div,total_persons,fatality,males,females,passengers,old_driver,young_driver,alcohol
2018,April,9/4/18,13.25.00,Vehicle overturned,Monday,No,Day,Other injury accident,60 km/hr,145.06347,-37.77036,Intersection,BANYULE,Metro,1,0,1,0,0,0,0,No
2018,April,9/4/18,14.20.00,Collision with vehicle,Sunday,No,Day,Serious injury accident,70 km/hr,145.02145,-37.65175,Non-Intersection,WHITTLESEA,Metro,3,0,1,2,0,1,0,No
2018,April,9/4/18,06.00.00,Collision with vehicle,Monday,No,Dark,Other injury accident,60 km/hr,144.74836,-37.71079,Intersection,MELTON,Metro,2,0,2,0,0,0,0,No
2018,April,9/4/18,10.05.00,Struck pedestrian,Sunday,No,Day,Other injury accident,60 km/hr,145.19973,-37.98588,Non-Intersection,DANDENONG,Metro,2,0,1,1,0,0,0,No
2018,April,9/4/18,16.20.00,Collision with vehicle,Monday,No,Day,Serious injury accident,60 km/hr,145.06783,-37.94871,Non-Intersection,KINGSTON,Metro,2,0,2,0,0,0,0,No
2018,April,9/4/18,16.00.00,Collision with vehicle,Monday,No,Day,Other injury accident,60 km/hr,142.17568,-34.2396,Intersection,MILDURA,Country,2,0,1,1,0,1,1,No
2018,April,9/4/18,13.06.00,Collision with vehicle,Sunday,No,Day,Serious injury accident,60 km/hr,145.06229,-37.64455,Non-Intersection,WHITTLESEA,Metro,3,0,1,2,1,0,0,No
2018,April,9/4/18,13.37.00,Collision with vehicle,Monday,No,Day,Serious injury accident,80 km/hr,146.51455,-38.20423,Intersection,LATROBE,Country,2,0,1,1,0,0,0,No
2018,April,9/4/18,14.50.00,Collision with vehicle,Sunday,No,Day,Other injury accident,70 km/hr,145.19932,-37.7671,Intersection,MANNINGHAM,Metro,3,0,2,1,1,0,0,No
2018,April,9/4/18,18.58.00,Collision with vehicle,Monday,No,Dark,Other injury accident,60 km/hr,145.01718,-37.82724,Intersection,YARRA RANGES,Metro,4,0,2,2,2,0,1,No
2018,April,9/4/18,18.15.00,Collision with vehicle,Monday,Yes,Dark,Other injury accident,60 km/hr,145.10996,-37.87738,Non-Intersection,MONASH,Metro,4,0,3,1,2,0,0,No
2018,April,9/4/18,17.05.00,Collision with vehicle,Monday,No,Day,Other injury accident,60 km/hr,145.09106,-37.84991,Intersection,BOROONDARA,Metro,3,0,1,2,0,0,1,No
2018,April,9/4/18,18.53.00,Vehicle overturned,Monday,Yes,Dark,Other injury accident,100 km/hr,144.95683,-37.69194,Non-Intersection,HUME,Metro,3,0,1,1,0,0,0,No
2018,April,9/4/18,17.30.00,Collision with vehicle,Monday,No,Day,Other injury accident,100 km/hr,144.93823,-37.6931,Non-Intersection,HUME,Metro,4,0,3,1,0,0,0,No
2018,April,9/4/18,16.00.00,Collision with object,Sunday,No,Day,Serious injury accident,100 km/hr,143.37809,-37.47334,Non-Intersection,PYRENEES,Country,1,0,1,0,0,0,0,No
2018,April,9/4/18,18.30.00,Collision with vehicle,Monday,No,Dark,Other injury accident,60 km/hr,144.88906,-37.73603,Intersection,MOONEE VALLEY,Metro,2,0,1,1,0,0,0,No
2018,April,9/4/18,17.55.00,Collision with vehicle,Monday,No,Dark,Other injury accident,60 km/hr,144.27794,-36.75911,Intersection,BENDIGO,Country,2,0,1,1,0,0,0,No
2018,April,9/4/18,07.25.00,Collision with vehicle,Sunday,No,Day,Other injury accident,60 km/hr,145.26756,-38.03367,Non-Intersection,CASEY,Metro,2,0,1,1,0,0,1,No
2018,April,9/4/18,09.45.00,Collision with vehicle,Monday,No,Day,Other injury accident,60 km/hr,145.01894,-37.86542,Non-Intersection,GLEN EIRA,Metro,2,0,2,0,0,0,1,No
2018,April,9/4/18,16.00.00,Collision with vehicle,Monday,No,Day,Other injury accident,40 km/hr,144.99138,-37.82494,Non-Intersection,YARRA RANGES,Metro,2,0,2,0,0,0,0,No
2018,April,9/4/18,16.30.00,Collision with vehicle,Monday,No,Day,Other injury accident,60 km/hr,145.03898,-37.80384,Intersection,BOROONDARA,Metro,2,0,0,2,0,0,0,No
2018,April,9/4/18,07.50.00,No collision and no object struck,Monday,No,Day,Other injury accident,50 km/hr,144.28117,-36.75156,Non-Intersection,BENDIGO,Country,1,0,1,0,0,0,0,No
2018,April,10/4/18,19.15.00,Collision with vehicle,Tuesday,No,Day,Other injury accident,60 km/hr,145.26947,-37.81196,Intersection,MAROONDAH,Metro,3,0,0,3,1,0,1,No
2018,April,10/4/18,00.15.00,Vehicle overturned,Tuesday,No,Dark,Serious injury accident,50 km/hr,145.34704,-38.05724,Intersection,CASEY,Metro,8,0,6,0,7,0,1,No
2018,April,10/4/18,06.23.00,Vehicle overturned,Monday,No,Dusk/Dawn,Other injury accident,100 km/hr,144.98523,-37.68155,Non-Intersection,WHITTLESEA,Metro,1,0,1,0,0,0,0,No
2018,April,10/4/18,08.30.00,Collision with vehicle,Tuesday,No,Day,Other injury accident,60 km/hr,146.14894,-38.21054,Intersection,BAW BAW,Country,3,0,1,2,0,0,0,No
2018,April,10/4/18,08.40.00,Collision with vehicle,Tuesday,No,Day,Other injury accident,80 km/hr,145.17399,-37.82862,Non-Intersection,WHITEHORSE,Metro,3,0,0,3,0,0,0,No
2018,April,10/4/18,08.09.00,Struck pedestrian,Tuesday,No,Day,Serious injury accident,50 km/hr,145.18374,-37.83324,Non-Intersection,WHITEHORSE,Metro,4,0,4,0,2,0,0,No
2018,April,10/4/18,07.55.00,Collision with vehicle,Tuesday,No,Day,Serious injury accident,40 km/hr,144.9931,-37.79774,Intersection,YARRA RANGES,Metro,2,0,1,1,0,0,0,No
2018,April,10/4/18,09.20.00,Collision with vehicle,Monday,No,Day,Other injury accident,70 km/hr,145.26345,-37.80056,Intersection,MAROONDAH,Metro,2,0,1,1,0,0,0,No
2018,April,10/4/18,09.42.00,Collision with object,Tuesday,No,Day,Other injury accident,70 km/hr,145.13947,-37.70788,Intersection,NILLUMBIK,Metro,1,0,1,0,0,0,0,No
2018,April,10/4/18,11.15.00,Collision with object,Monday,No,Day,Other injury accident,100 km/hr,146.47287,-36.07479,Non-Intersection,INDIGO,Country,2,0,0,1,1,0,0,No
2018,April,10/4/18,06.40.00,Fall from or in moving vehicle,Tuesday,No,Dusk/Dawn,Other injury accident,60 km/hr,146.90985,-36.6971,Non-Intersection,ALPINE,Country,1,0,1,0,0,0,0,No
2018,April,10/4/18,12.30.00,Collision with vehicle,Monday,No,Day,Other injury accident,60 km/hr,145.16392,-37.90375,Non-Intersection,MONASH,Metro,2,0,2,0,0,0,0,No
2018,April,10/4/18,12.20.00,Collision with vehicle,Tuesday,No,Day,Other injury accident,50 km/hr,143.83971,-37.59527,Intersection,BALLARAT,Country,2,0,1,1,0,0,0,No
2018,April,10/4/18,13.19.00,Collision with vehicle,Tuesday,No,Day,Other injury accident,50 km/hr,144.87136,-38.36483,Non-Intersection,MORNINGTON PENINSULA,Metro,3,0,1,2,1,2,0,No
2018,April,10/4/18,09.45.00,Collision with vehicle,Tuesday,No,Day,Other injury accident,100 km/hr,145.08323,-37.77992,Non-Intersection,BOROONDARA,Metro,3,0,2,1,0,0,0,No
2018,April,10/4/18,13.49.00,Collision with object,Tuesday,No,Day,Serious injury accident,50 km/hr,145.14644,-37.73267,Non-Intersection,NILLUMBIK,Metro,1,0,1,0,0,0,0,No
2018,April,10/4/18,13.38.00,Collision with object,Tuesday,No,Day,Other injury accident,50 km/hr,144.76687,-37.73042,Non-Intersection,BRIMBANK,Metro,2,0,1,1,1,1,0,No
2018,April,10/4/18,17.53.00,Collision with object,Tuesday,No,Dark,Other injury accident,80 km/hr,145.86051,-38.08927,Non-Intersection,BAW BAW,Country,1,0,0,1,0,0,1,No
2018,April,10/4/18,18.15.00,Collision with vehicle,Tuesday,No,Dusk/Dawn,Other injury accident,100 km/hr,145.08345,-37.87875,Non-Intersection,STONNINGTON,Metro,4,0,3,1,2,0,1,No
2018,April,10/4/18,19.45.00,Collision with vehicle,Tuesday,No,Dark,Serious injury accident,60 km/hr,145.02915,-37.68453,Intersection,WHITTLESEA,Metro,3,0,0,2,1,0,0,No
2018,April,10/4/18,20.40.00,Collision with object,Tuesday,No,Dark,Other injury accident,100 km/hr,147.8917,-37.82644,Non-Intersection,EAST GIPPSLAND,Country,2,0,1,1,1,0,1,No
2018,April,10/4/18,23.30.00,Struck pedestrian,Tuesday,Yes,Dark,Other injury accident,50 km/hr,144.56496,-37.4229,Non-Intersection,MACEDON RANGES,Country,2,0,2,0,0,0,0,No
2018,April,10/4/18,23.50.00,Collision with vehicle,Tuesday,No,Dark,Other injury accident,50 km/hr,145.01498,-37.79309,Non-Intersection,BOROONDARA,Metro,5,0,3,2,3,0,1,No
2018,April,10/4/18,16.00.00,Collision with object,Tuesday,No,Day,Serious injury accident,100 km/hr,144.91965,-37.21327,Non-Intersection,MITCHELL,Country,3,0,1,2,2,0,0,No
2018,April,10/4/18,22.01.00,Collision with vehicle,Tuesday,Yes,Dark,Other injury accident,50 km/hr,145.1491,-37.8502,Non-Intersection,WHITEHORSE,Metro,2,0,1,0,0,0,0,No
2018,April,10/4/18,15.00.00,No collision and no object struck,Tuesday,No,Day,Other injury accident,90 km/hr,145.18996,-38.27209,Intersection,MORNINGTON PENINSULA,Metro,1,0,1,0,0,0,0,No
2018,April,10/4/18,22.20.00,Collision with vehicle,Tuesday,No,Dark,Other injury accident,50 km/hr,144.94322,-37.80449,Intersection,MELBOURNE,Metro,2,0,2,0,0,0,1,No
2018,April,10/4/18,16.05.00,Collision with vehicle,Tuesday,No,Day,Other injury accident,60 km/hr,144.9597,-37.85318,Intersection,PORT PHILLIP,Metro,2,0,1,1,0,1,0,No
2018,April,10/4/18,18.50.00,Collision with vehicle,Tuesday,No,Dark,Other injury accident,50 km/hr,144.95097,-37.70582,Intersection,MORELAND,Metro,2,0,1,1,0,0,0,No
2018,April,10/4/18,11.35.00,Collision with vehicle,Monday,No,Day,Other injury accident,60 km/hr,144.9903,-37.73658,Intersection,DAREBIN,Metro,3,0,2,1,1,1,0,No
2018,April,10/4/18,16.10.00,Vehicle overturned,Tuesday,No,Day,Other injury accident,70 km/hr,145.13614,-37.73354,Non-Intersection,BANYULE,Metro,1,0,0,1,0,0,0,No
2018,April,10/4/18,09.10.00,Collision with vehicle,Monday,No,Day,Other injury accident,60 km/hr,145.0225,-37.74321,Non-Intersection,DAREBIN,Metro,2,0,1,1,0,0,0,No
2018,April,10/4/18,13.10.00,Collision with vehicle,Tuesday,No,Unk.,Other injury accident,80 km/hr,145.17331,-37.83205,Intersection,WHITEHORSE,Metro,2,0,0,2,0,0,0,No
2018,April,11/4/18,19.00.00,Collision with vehicle,Wednesday,No,Dark,Other injury accident,70 km/hr,145.04227,-37.90423,Non-Intersection,GLEN EIRA,Metro,2,0,1,1,0,0,1,No
2018,April,11/4/18,01.40.00,Collision with vehicle,Wednesday,No,Dark,Serious injury accident,80 km/hr,145.10194,-38.16429,Non-Intersection,FRANKSTON,Metro,1,0,1,0,0,0,0,No
2018,April,11/4/18,08.20.00,Struck pedestrian,Tuesday,No,Day,Other injury accident,50 km/hr,145.02837,-37.76733,Intersection,DAREBIN,Metro,2,0,0,2,0,0,0,No
2018,April,11/4/18,08.15.00,Collision with vehicle,Tuesday,No,Day,Other injury accident,80 km/hr,144.83136,-37.71226,Non-Intersection,BRIMBANK,Metro,5,0,2,3,1,0,1,No
2018,April,11/4/18,07.30.00,Collision with vehicle,Tuesday,No,Day,Other injury accident,60 km/hr,144.9606,-37.77612,Intersection,MORELAND,Metro,2,0,2,0,0,0,0,No
2018,April,11/4/18,07.38.00,Vehicle overturned,Wednesday,No,Day,Other injury accident,60 km/hr,145.05269,-37.75907,Non-Intersection,BANYULE,Metro,1,0,0,1,0,0,0,No
2018,April,11/4/18,10.34.00,Struck pedestrian,Wednesday,No,Day,Other injury accident,50 km/hr,144.9464,-37.74969,Intersection,MORELAND,Metro,2,0,1,0,0,0,0,No
2018,April,11/4/18,11.30.00,Collision with vehicle,Wednesday,No,Day,Other injury accident,60 km/hr,145.02485,-37.93283,Non-Intersection,BAYSIDE,Metro,2,0,0,2,0,0,0,No
2018,April,11/4/18,11.15.00,Collision with vehicle,Wednesday,No,Day,Other injury accident,50 km/hr,143.86711,-37.5403,Intersection,BALLARAT,Country,2,0,0,2,0,1,0,No
2018,April,11/4/18,11.15.00,Collision with object,Wednesday,No,Day,Other injury accident,50 km/hr,145.18619,-37.93161,Intersection,MONASH,Metro,2,0,1,1,1,0,0,No
2018,April,11/4/18,06.15.00,Collision with vehicle,Wednesday,No,Day,Other injury accident,80 km/hr,144.95167,-37.82708,Non-Intersection,MELBOURNE,Metro,3,0,3,0,1,0,0,No
2018,April,11/4/18,14.47.00,Collision with vehicle,Wednesday,No,Day,Other injury accident,40 km/hr,144.98773,-37.79932,Non-Intersection,YARRA RANGES,Metro,2,0,2,0,0,0,0,No
2018,April,11/4/18,12.10.00,Vehicle overturned,Tuesday,No,Day,Other injury accident,50 km/hr,146.44706,-38.24628,Non-Intersection,LATROBE,Country,3,0,2,1,2,0,1,No
2018,April,11/4/18,16.00.00,Collision with vehicle,Tuesday,No,Day,Other injury accident,100 km/hr,146.52166,-36.39274,Intersection,WANGARATTA,Country,3,0,2,1,1,1,0,No
2018,April,11/4/18,16.20.00,Collision with vehicle,Wednesday,No,Day,Other injury accident,60 km/hr,145.49106,-38.08829,Non-Intersection,CARDINIA,Metro,6,0,3,3,3,0,1,No
2018,April,11/4/18,15.13.00,No collision and no object struck,Wednesday,No,Day,Serious injury accident,100 km/hr,144.2915,-38.03642,Non-Intersection,GEELONG,Country,2,0,2,0,0,0,0,No
2018,April,11/4/18,17.20.00,Collision with vehicle,Wednesday,No,Day,Other injury accident,80 km/hr,145.27858,-38.08709,Intersection,CASEY,Metro,3,0,2,1,0,0,0,No
2018,April,11/4/18,17.50.00,Collision with vehicle,Wednesday,No,Dusk/Dawn,Other injury accident,60 km/hr,144.89608,-37.75465,Non-Intersection,MOONEE VALLEY,Metro,2,0,0,2,0,0,1,No
2018,April,11/4/18,16.50.00,Collision with object,Wednesday,No,Day,Serious injury accident,80 km/hr,146.65857,-38.1739,Intersection,LATROBE,Country,1,0,1,0,0,0,0,No
2018,April,11/4/18,18.30.00,Collision with vehicle,Tuesday,No,Dark,Other injury accident,50 km/hr,145.07087,-37.82976,Intersection,BOROONDARA,Metro,3,0,3,0,1,0,0,No
2018,April,11/4/18,17.35.00,Struck pedestrian,Wednesday,No,Day,Other injury accident,60 km/hr,144.32907,-38.14461,Intersection,GEELONG,Country,3,0,2,1,1,0,1,No
2018,April,11/4/18,17.04.00,Collision with vehicle,Wednesday,No,Dusk/Dawn,Serious injury accident,50 km/hr,144.96556,-37.8515,Intersection,PORT PHILLIP,Metro,2,0,2,0,0,0,0,No
2018,April,11/4/18,18.57.00,Collision with vehicle,Wednesday,No,Dark,Other injury accident,60 km/hr,144.25168,-36.77835,Non-Intersection,BENDIGO,Country,2,0,1,0,0,0,0,No
2018,April,11/4/18,20.10.00,Collision with vehicle,Tuesday,No,Dark,Other injury accident,60 km/hr,143.58289,-38.35767,Intersection,COLAC OTWAY,Country,3,0,1,2,1,0,1,No
2018,April,11/4/18,21.55.00,Collision with vehicle,Tuesday,No,Dark,Serious injury accident,80 km/hr,144.85227,-37.81588,Non-Intersection,BRIMBANK,Metro,3,0,0,2,1,0,1,No
2018,April,11/4/18,19.45.00,Collision with vehicle,Tuesday,No,Dark,Other injury accident,40 km/hr,145.14646,-37.79944,Non-Intersection,MANNINGHAM,Metro,2,0,1,1,0,0,0,No
2018,April,11/4/18,21.25.00,Collision with vehicle,Wednesday,No,Dark,Other injury accident,50 km/hr,145.02053,-37.70063,Non-Intersection,DAREBIN,Metro,2,0,2,0,0,0,0,No
2018,April,11/4/18,07.55.00,Collision with vehicle,Wednesday,No,Unk.,Other injury accident,40 km/hr,144.96249,-37.80999,Non-Intersection,MELBOURNE,Metro,2,0,1,1,0,0,1,No
2018,April,11/4/18,19.15.00,Collision with vehicle,Tuesday,No,Dusk/Dawn,Other injury accident,50 km/hr,144.73242,-37.57783,Non-Intersection,HUME,Metro,2,0,1,1,0,0,0,No
2018,April,11/4/18,19.10.00,Collision with vehicle,Wednesday,No,Day,Other injury accident,60 km/hr,145.40836,-36.405,Intersection,SHEPPARTON,Country,2,0,2,0,0,1,0,No
2018,April,11/4/18,16.20.00,Collision with vehicle,Wednesday,No,Day,Other injury accident,40 km/hr,144.96312,-37.83101,Non-Intersection,PORT PHILLIP,Metro,2,0,1,1,0,0,0,No
2018,April,11/4/18,17.30.00,Collision with vehicle,Wednesday,No,Dusk/Dawn,Other injury accident,60 km/hr,144.97766,-37.78264,Intersection,YARRA RANGES,Metro,2,0,1,1,0,0,0,No
2018,April,11/4/18,19.30.00,Vehicle overturned,Wednesday,Yes,Dark,Other injury accident,50 km/hr,145.14279,-37.9068,Non-Intersection,MONASH,Metro,2,0,1,0,0,0,0,No
2018,April,12/4/18,16.30.00,Collision with vehicle,Thursday,No,Day,Other injury accident,60 km/hr,144.97683,-37.84632,Non-Intersection,PORT PHILLIP,Metro,2,0,1,1,0,0,1,No
2018,April,12/4/18,08.49.00,Collision with vehicle,Wednesday,No,Day,Other injury accident,40 km/hr,144.97399,-37.80542,Non-Intersection,YARRA RANGES,Metro,2,0,1,1,0,0,0,No
2018,April,12/4/18,08.14.00,Collision with vehicle,Thursday,No,Day,Other injury accident,60 km/hr,144.60177,-37.47069,Intersection,MACEDON RANGES,Country,2,0,1,1,0,0,0,No
2018,April,12/4/18,11.35.00,Collision with vehicle,Thursday,No,Day,Other injury accident,70 km/hr,145.09121,-37.76674,Non-Intersection,MANNINGHAM,Metro,2,0,0,2,0,0,0,No
2018,April,12/4/18,10.04.00,No collision and no object struck,Thursday,No,Day,Other injury accident,100 km/hr,142.94507,-37.44244,Non-Intersection,ARARAT,Country,3,0,2,1,2,0,1,No
2018,April,12/4/18,11.00.00,Collision with object,Thursday,No,Day,Other injury accident,100 km/hr,145.39539,-38.17224,Non-Intersection,CARDINIA,Metro,1,0,1,0,0,0,1,No
2018,April,12/4/18,13.15.00,Collision with vehicle,Thursday,No,Day,Other injury accident,60 km/hr,145.1577,-37.81104,Intersection,WHITEHORSE,Metro,3,0,2,0,1,1,1,No
2018,April,12/4/18,12.20.00,Collision with vehicle,Thursday,No,Day,Other injury accident,30km/hr,144.94371,-37.81329,Intersection,MELBOURNE,Metro,2,0,1,0,0,0,0,No
2018,April,12/4/18,16.00.00,Collision with vehicle,Thursday,No,Day,Serious injury accident,60 km/hr,145.25241,-38.1093,Non-Intersection,CASEY,Metro,2,0,2,0,0,0,0,No
2018,April,12/4/18,13.24.00,Collision with vehicle,Thursday,No,Day,Other injury accident,50 km/hr,145.05469,-37.7301,Intersection,BANYULE,Metro,2,0,2,0,0,1,1,No
2018,April,12/4/18,17.35.00,No collision and no object struck,Thursday,No,Day,Serious injury accident,60 km/hr,144.16664,-37.95714,Non-Intersection,GOLDEN PLAINS,Country,1,0,1,0,0,0,0,No
2018,April,12/4/18,18.20.00,Collision with vehicle,Thursday,No,Dark,Serious injury accident,60 km/hr,145.10279,-38.028,Non-Intersection,KINGSTON,Metro,2,0,1,1,0,0,0,No
2018,April,12/4/18,18.10.00,Collision with vehicle,Thursday,No,Dark,Serious injury accident,60 km/hr,145.14196,-37.80133,Non-Intersection,WHITEHORSE,Metro,2,0,2,0,0,0,0,No
2018,April,12/4/18,18.30.00,Collision with vehicle,Thursday,Yes,Dark,Other injury accident,70 km/hr,145.17187,-37.83833,Intersection,WHITEHORSE,Metro,2,0,1,0,0,0,0,No
2018,April,12/4/18,18.48.00,Collision with vehicle,Thursday,No,Dark,Other injury accident,80 km/hr,145.35329,-37.98337,Intersection,CASEY,Metro,2,0,2,0,0,0,0,No
2018,April,12/4/18,18.00.00,Collision with vehicle,Thursday,Yes,Day,Other injury accident,60 km/hr,145.12255,-37.9758,Intersection,KINGSTON,Metro,2,0,0,2,0,0,0,No
2018,April,12/4/18,10.45.00,Collision with vehicle,Thursday,No,Day,Other injury accident,50 km/hr,144.94982,-37.82032,Non-Intersection,MELBOURNE,Metro,3,0,2,1,1,0,0,No
2018,April,12/4/18,17.00.00,Collision with vehicle,Wednesday,No,Dusk/Dawn,Serious injury accident,50 km/hr,144.9306,-37.82397,Intersection,MELBOURNE,Metro,2,0,1,1,0,0,0,No
2018,April,12/4/18,19.32.00,Collision with vehicle,Thursday,No,Dark,Other injury accident,50 km/hr,144.99045,-37.86526,Non-Intersection,PORT PHILLIP,Metro,2,0,2,0,0,0,0,No
2018,April,12/4/18,21.12.00,Collision with vehicle,Thursday,No,Dark,Other injury accident,40 km/hr,144.97925,-37.79842,Non-Intersection,YARRA RANGES,Metro,2,0,1,1,0,0,0,No
2018,April,12/4/18,19.30.00,Collision with vehicle,Thursday,No,Dark,Other injury accident,40 km/hr,144.97786,-37.79827,Non-Intersection,YARRA RANGES,Metro,2,0,2,0,0,0,1,No
2018,April,12/4/18,21.00.00,Collision with vehicle,Wednesday,No,Dark,Other injury accident,50 km/hr,144.97757,-37.87291,Non-Intersection,PORT PHILLIP,Metro,1,0,0,1,0,0,0,No
2018,April,12/4/18,17.00.00,Collision with vehicle,Thursday,No,Day,Other injury accident,60 km/hr,145.14568,-38.36143,Non-Intersection,MORNINGTON PENINSULA,Metro,2,0,1,1,0,0,1,No
2018,April,12/4/18,07.00.00,Collision with vehicle,Thursday,No,Day,Other injury accident,60 km/hr,144.98906,-37.9004,Intersection,BAYSIDE,Metro,2,0,2,0,0,0,1,No
2018,April,12/4/18,12.15.00,Vehicle overturned,Thursday,No,Day,Other injury accident,60 km/hr,146.26507,-37.67048,Off Road,BAW BAW,Country,1,0,1,0,0,0,0,No
2018,April,12/4/18,16.30.00,Collision with vehicle,Wednesday,No,Day,Other injury accident,60 km/hr,142.17672,-34.19384,Non-Intersection,MILDURA,Country,2,0,1,1,0,0,0,No
2018,April,13/4/18,17.30.00,Collision with vehicle,Friday,No,Day,Other injury accident,60 km/hr,145.35672,-36.38965,Intersection,SHEPPARTON,Country,5,0,2,2,3,0,1,No
2018,April,13/4/18,12.27.00,Collision with vehicle,Friday,No,Day,Other injury accident,60 km/hr,144.84822,-37.77311,Intersection,BRIMBANK,Metro,3,0,3,0,1,0,2,No
2018,April,13/4/18,17.30.00,Collision with vehicle,Friday,No,Day,Other injury accident,70 km/hr,145.13681,-37.96052,Intersection,DANDENONG,Metro,2,0,1,0,0,0,0,No
2018,April,13/4/18,07.00.00,Collision with vehicle,Friday,No,Day,Other injury accident,50 km/hr,143.83076,-37.54334,Intersection,BALLARAT,Country,2,0,1,1,0,0,0,No
2018,April,13/4/18,07.59.00,Collision with vehicle,Friday,No,Day,Other injury accident,60 km/hr,145.00485,-37.82644,Non-Intersection,YARRA RANGES,Metro,3,0,1,2,1,0,0,No
2018,April,13/4/18,08.45.00,Collision with vehicle,Friday,No,Day,Other injury accident,70 km/hr,144.86697,-37.85557,Non-Intersection,HOBSONS BAY,Metro,3,0,1,1,1,0,0,No
2018,April,13/4/18,10.20.00,Collision with object,Thursday,No,Day,Other injury accident,50 km/hr,146.85613,-36.12896,Intersection,WODONGA,Country,1,0,1,0,0,1,0,No
2018,April,13/4/18,11.30.00,Collision with vehicle,Friday,No,Day,Other injury accident,60 km/hr,145.33347,-37.74518,Intersection,YARRA RANGES,Metro,2,0,1,1,0,0,1,No
2018,April,13/4/18,08.25.00,Collision with vehicle,Friday,No,Day,Serious injury accident,50 km/hr,145.01177,-37.76758,Intersection,DAREBIN,Metro,2,0,0,2,0,0,0,No
2018,April,13/4/18,12.20.00,Collision with vehicle,Friday,No,Day,Other injury accident,60 km/hr,145.11878,-37.99364,Non-Intersection,KINGSTON,Metro,2,0,2,0,0,0,0,No
2018,April,13/4/18,13.00.00,Collision with vehicle,Friday,No,Day,Other injury accident,60 km/hr,144.99489,-37.75328,Intersection,DAREBIN,Metro,2,0,2,0,0,0,0,No
2018,April,13/4/18,12.56.00,Collision with object,Friday,No,Day,Other injury accident,50 km/hr,145.25164,-37.8335,Non-Intersection,MAROONDAH,Metro,2,0,1,1,1,0,0,No
2018,April,13/4/18,16.57.00,Collision with vehicle,Friday,No,Day,Other injury accident,60 km/hr,144.88262,-37.81273,Intersection,MARIBYRNONG,Metro,3,0,1,2,0,0,0,No
2018,April,13/4/18,16.55.00,Collision with vehicle,Friday,No,Day,Other injury accident,60 km/hr,145.15754,-37.81186,Intersection,WHITEHORSE,Metro,2,0,2,0,0,0,0,No
2018,April,13/4/18,17.23.00,Collision with vehicle,Friday,No,Day,Other injury accident,60 km/hr,145.05226,-37.75351,Intersection,BANYULE,Metro,2,0,0,2,0,0,1,No
2018,April,13/4/18,16.00.00,Collision with vehicle,Friday,No,Day,Other injury accident,40 km/hr,144.96226,-37.81228,Intersection,MELBOURNE,Metro,2,0,2,0,0,0,0,No
2018,April,13/4/18,18.24.00,Collision with vehicle,Friday,No,Dark,Other injury accident,40 km/hr,144.96421,-37.78113,Intersection,YARRA RANGES,Metro,2,0,0,1,0,0,0,No
2018,April,13/4/18,18.00.00,Collision with vehicle,Friday,No,Dusk/Dawn,Other injury accident,100 km/hr,145.10382,-37.58028,Non-Intersection,WHITTLESEA,Metro,8,0,2,3,4,0,1,No
2018,April,13/4/18,16.30.00,Collision with vehicle,Friday,No,Day,Other injury accident,60 km/hr,144.9797,-37.84692,Non-Intersection,MELBOURNE,Metro,2,0,1,1,0,0,0,No
2018,April,13/4/18,20.42.00,Collision with vehicle,Friday,No,Dark,Other injury accident,60 km/hr,145.18346,-37.81001,Non-Intersection,WHITEHORSE,Metro,2,0,1,1,0,0,0,No
2018,April,13/4/18,18.30.00,Collision with vehicle,Friday,No,Unk.,Other injury accident,50 km/hr,143.84961,-37.56539,Intersection,BALLARAT,Country,2,0,2,0,0,0,0,No
2018,April,13/4/18,23.20.00,Collision with vehicle,Friday,Yes,Dark,Serious injury accident,40 km/hr,145.00341,-37.74185,Non-Intersection,DAREBIN,Metro,2,0,1,0,0,0,0,No
2018,April,13/4/18,09.30.00,Collision with vehicle,Friday,No,Day,Other injury accident,60 km/hr,144.99155,-37.7294,Intersection,DAREBIN,Metro,2,0,1,1,0,0,0,No
2018,April,13/4/18,17.00.00,Collision with vehicle,Friday,No,Day,Other injury accident,70 km/hr,144.95511,-37.66973,Intersection,HUME,Metro,2,0,2,0,0,0,0,No
2018,April,13/4/18,11.00.00,Struck pedestrian,Friday,No,Day,Other injury accident,30km/hr,144.8849,-38.36131,Non-Intersection,MORNINGTON PENINSULA,Metro,2,0,1,1,0,0,0,No
2018,April,14/4/18,09.15.00,Collision with vehicle,Friday,No,Day,Other injury accident,50 km/hr,145.04085,-37.8768,Non-Intersection,GLEN EIRA,Metro,2,0,2,0,0,0,0,No
2018,April,14/4/18,08.10.00,Struck animal,Saturday,No,Day,Serious injury accident,100 km/hr,142.26542,-36.16206,Non-Intersection,YARRIAMBIACK,Country,1,0,1,0,0,0,0,No
2018,April,14/4/18,06.18.00,Collision with vehicle,Saturday,No,Dusk/Dawn,Other injury accident,60 km/hr,144.79511,-37.74369,Intersection,BRIMBANK,Metro,1,0,1,0,0,0,0,No
2018,April,14/4/18,12.30.00,Collision with vehicle,Friday,No,Day,Other injury accident,100 km/hr,145.16232,-36.89577,Non-Intersection,STRATHBOGIE,Country,3,0,2,1,1,0,0,No
2018,April,14/4/18,11.03.00,Collision with object,Saturday,No,Day,Serious injury accident,100 km/hr,148.52453,-37.70543,Non-Intersection,EAST GIPPSLAND,Country,1,0,0,1,0,0,0,No
2018,April,14/4/18,13.20.00,Struck pedestrian,Saturday,No,Day,Other injury accident,60 km/hr,144.94678,-37.81449,Non-Intersection,MELBOURNE,Metro,2,0,2,0,0,0,0,No
2018,April,14/4/18,13.35.00,Collision with vehicle,Friday,No,Day,Other injury accident,60 km/hr,144.94745,-37.79361,Intersection,MELBOURNE,Metro,2,0,1,1,0,0,0,No