year,month,date,time,accident_type,day,hit_run,light_condition,severity,speed_zone,longitude,latitude,node_type,lga,state_div,total_persons,fatality,males,females,passengers,old_driver,young_driver,alcohol
2018,April,14/4/18,09.20.00,Vehicle overturned,Friday,No,Day,Other injury accident,100 km/hr,142.67158,-36.99509,Non-Intersection,NORTHERN GRAMPIANS,Country,1,0,1,0,0,0,0,No
2018,April,14/4/18,12.00.00,Collision with vehicle,Saturday,No,Day,Other injury accident,60 km/hr,144.00845,-38.49732,Non-Intersection,SURF COAST,Country,9,0,3,6,7,0,0,No
2018,April,14/4/18,14.15.00,Collision with vehicle,Saturday,No,Day,Other injury accident,80 km/hr,145.37365,-37.62926,Non-Intersection,YARRA RANGES,Metro,4,0,2,2,2,0,0,No
2018,April,14/4/18,09.30.00,Vehicle overturned,Saturday,No,Day,Other injury accident,100 km/hr,145.70531,-37.83853,Non-Intersection,YARRA RANGES,Metro,1,0,1,0,0,0,0,No
2018,April,14/4/18,09.50.00,Vehicle overturned,Saturday,No,Day,Serious injury accident,100 km/hr,145.71193,-37.37988,Non-Intersection,MURRINDINDI,Country,2,0,1,1,0,1,0,No
2018,April,14/4/18,13.50.00,Collision with vehicle,Friday,No,Unk.,Other injury accident,60 km/hr,145.00485,-37.83979,Non-Intersection,STONNINGTON,Metro,2,0,1,1,0,0,0,No
2018,April,14/4/18,17.30.00,Collision with vehicle,Friday,No,Day,Other injury accident,60 km/hr,145.11893,-37.85609,Intersection,MONASH,Metro,5,0,2,2,2,0,2,No
2018,April,14/4/18,17.54.00,Collision with vehicle,Saturday,No,Day,Other injury accident,50 km/hr,144.72314,-37.88125,Non-Intersection,WYNDHAM,Metro,2,0,1,1,1,0,1,No
2018,April,14/4/18,05.10.00,Collision with vehicle,Saturday,No,Dark,Other injury accident,80 km/hr,144.89633,-37.82853,Non-Intersection,HOBSONS BAY,Metro,2,0,2,0,0,0,0,Yes
2018,April,14/4/18,20.21.00,Collision with vehicle,Saturday,No,Dark,Serious injury accident,80 km/hr,145.10167,-38.16668,Intersection,FRANKSTON,Metro,5,0,2,2,3,1,0,No
2018,April,14/4/18,05.30.00,Vehicle overturned,Friday,No,Dark,Serious injury accident,50 km/hr,145.2586,-37.8293,Non-Intersection,MAROONDAH,Metro,1,0,1,0,0,0,0,No
2018,April,14/4/18,11.20.00,Collision with vehicle,Friday,No,Day,Other injury accident,80 km/hr,144.4581,-38.17427,Intersection,GEELONG,Country,2,0,1,1,0,0,1,No
2018,April,14/4/18,14.19.00,Collision with object,Saturday,No,Day,Other injury accident,60 km/hr,145.35665,-37.92146,Non-Intersection,YARRA RANGES,Metro,3,0,0,2,0,0,0,No
2018,April,14/4/18,13.15.00,Collision with vehicle,Saturday,Yes,Day,Serious injury accident,80 km/hr,144.35504,-38.09812,Non-Intersection,GEELONG,Country,2,0,2,0,0,0,0,Yes
2018,April,14/4/18,11.25.00,Collision with vehicle,Saturday,No,Day,Serious injury accident,80 km/hr,145.19652,-37.81595,Non-Intersection,WHITEHORSE,Metro,3,0,1,2,1,0,0,No
2018,April,14/4/18,11.30.00,Collision with vehicle,Friday,No,Day,Other injury accident,60 km/hr,144.97746,-37.87987,Intersection,PORT PHILLIP,Metro,4,0,1,1,2,0,0,No
2018,April,14/4/18,18.00.00,Collision with vehicle,Saturday,No,Dusk/Dawn,Other injury accident,40 km/hr,144.99802,-37.8252,Non-Intersection,YARRA RANGES,Metro,1,0,1,0,0,0,0,No
2018,April,14/4/18,19.20.00,Collision with vehicle,Saturday,No,Dark,Other injury accident,60 km/hr,145.28444,-37.88306,Intersection,KNOX,Metro,2,0,1,1,0,0,1,No
2018,April,14/4/18,17.50.00,No collision and no object struck,Saturday,No,Dark,Other injury accident,60 km/hr,144.95797,-37.79501,Non-Intersection,MELBOURNE,Metro,2,0,2,0,0,0,1,No
2018,April,14/4/18,02.50.00,Collision with vehicle,Friday,No,Dark,Other injury accident,110 km/hr,144.25003,-37.00756,Non-Intersection,MOUNT ALEXANDER,Country,4,0,3,1,2,0,2,No
2018,April,14/4/18,10.00.00,Collision with vehicle,Friday,No,Day,Other injury accident,100 km/hr,144.32145,-38.09673,Non-Intersection,GEELONG,Country,2,0,1,1,0,0,0,No
2018,April,15/4/18,00.25.00,Collision with object,Sunday,No,Dark,Other injury accident,50 km/hr,144.32333,-38.33802,Non-Intersection,SURF COAST,Country,2,0,1,1,1,0,1,Yes
2018,April,15/4/18,11.48.00,Vehicle overturned,Sunday,No,Day,Other injury accident,100 km/hr,145.23353,-38.10668,Non-Intersection,FRANKSTON,Metro,1,0,1,0,0,0,0,No
2018,April,15/4/18,14.20.00,Collision with object,,No,Day,Other injury accident,80 km/hr,143.69509,-38.55834,Non-Intersection,COLAC OTWAY,Country,2,0,2,0,1,0,1,No
2018,April,15/4/18,15.25.00,Collision with vehicle,,No,Day,Other injury accident,50 km/hr,144.3553,-38.14077,Intersection,GEELONG,Country,7,0,3,4,5,0,0,No
2018,April,15/4/18,15.58.00,Collision with vehicle,Sunday,No,Day,Other injury accident,100 km/hr,145.15564,-37.80093,Non-Intersection,WHITEHORSE,Metro,2,0,2,0,0,0,0,No
2018,April,15/4/18,13.40.00,Collision with vehicle,Sunday,No,Day,Other injury accident,60 km/hr,145.12085,-37.84544,Intersection,WHITEHORSE,Metro,3,0,1,1,1,0,0,No
2018,April,15/4/18,16.10.00,Collision with object,Sunday,No,Day,Other injury accident,50 km/hr,145.06422,-37.67123,Non-Intersection,WHITTLESEA,Metro,1,0,1,0,0,0,0,No
2018,April,15/4/18,16.00.00,Collision with vehicle,Sunday,No,Day,Serious injury accident,100 km/hr,143.88441,-37.36492,Intersection,HEPBURN,Country,3,0,1,2,1,0,0,No
2018,April,15/4/18,17.40.00,Vehicle overturned,Sunday,No,Day,Serious injury accident,40 km/hr,144.9644,-37.75388,Non-Intersection,MORELAND,Metro,2,0,2,0,0,0,0,No
2018,April,15/4/18,16.30.00,Collision with vehicle,Sunday,No,Day,Other injury accident,80 km/hr,144.35096,-38.13226,Non-Intersection,GEELONG,Country,3,0,0,2,1,0,0,No
2018,April,15/4/18,14.20.00,Collision with vehicle,Sunday,No,Day,Other injury accident,60 km/hr,145.22731,-37.81785,Non-Intersection,MAROONDAH,Metro,6,0,3,2,4,0,2,No
2018,April,15/4/18,18.45.00,Collision with vehicle,Sunday,No,Dark,Other injury accident,60 km/hr,144.90521,-37.59324,Non-Intersection,HUME,Metro,2,0,1,1,0,0,1,No
2018,April,15/4/18,18.20.00,Collision with object,Sunday,No,Dark,Other injury accident,60 km/hr,145.02371,-37.65188,Intersection,WHITTLESEA,Metro,1,0,0,1,0,0,1,No
2018,April,15/4/18,20.25.00,Collision with vehicle,Sunday,No,Dark,Serious injury accident,100 km/hr,145.46844,-38.21193,Non-Intersection,CARDINIA,Metro,4,0,1,3,2,0,1,No
2018,April,15/4/18,20.30.00,Collision with vehicle,Sunday,No,Dark,Other injury accident,40 km/hr,144.97214,-37.8094,Intersection,MELBOURNE,Metro,3,0,0,3,1,0,0,No
2018,April,15/4/18,13.15.00,Collision with vehicle,Sunday,No,Day,Serious injury accident,60 km/hr,144.92251,-37.67513,Non-Intersection,HUME,Metro,7,0,0,2,4,0,0,No
2018,April,15/4/18,22.06.00,Collision with object,,No,Dark,Other injury accident,100 km/hr,145.07137,-38.27621,Non-Intersection,MORNINGTON PENINSULA,Metro,1,0,0,1,0,0,1,Yes
2018,April,15/4/18,19.15.00,No collision and no object struck,Sunday,No,Dark,Serious injury accident,60 km/hr,145.28039,-38.04957,Intersection,CASEY,Metro,1,0,0,1,0,0,0,No
2018,April,15/4/18,21.00.00,Collision with vehicle,Sunday,Yes,Dark,Other injury accident,50 km/hr,145.18053,-37.98415,Non-Intersection,DANDENONG,Metro,2,0,2,0,1,0,0,Yes
2018,April,15/4/18,09.35.00,Collision with vehicle,Sunday,No,Day,Serious injury accident,80 km/hr,145.24651,-37.92665,Intersection,KNOX,Metro,4,0,1,3,2,1,0,No
2018,April,15/4/18,13.30.00,Collision with object,Sunday,No,Day,Other injury accident,80 km/hr,146.13125,-38.48907,Non-Intersection,SOUTH GIPPSLAND,Country,2,0,1,1,1,0,0,No
2018,April,15/4/18,14.06.00,Collision with object,Sunday,No,Day,Other injury accident,60 km/hr,144.94644,-37.74946,Non-Intersection,MORELAND,Metro,1,0,0,1,0,0,0,No
2018,April,15/4/18,11.15.00,Collision with vehicle,Sunday,No,Day,Other injury accident,60 km/hr,145.05201,-37.89061,Intersection,GLEN EIRA,Metro,3,0,1,2,1,1,1,No
2018,April,15/4/18,16.30.00,Collision with vehicle,Sunday,No,Day,Other injury accident,50 km/hr,144.96915,-37.67951,Intersection,HUME,Metro,2,0,1,1,0,0,0,No
2018,April,15/4/18,22.30.00,Collision with vehicle,Sunday,No,Dark,Other injury accident,60 km/hr,145.12552,-37.67798,Intersection,NILLUMBIK,Metro,4,0,2,2,2,0,0,No
2018,April,15/4/18,19.30.00,Collision with object,,No,Dark,Other injury accident,100 km/hr,145.45487,-37.65696,Non-Intersection,YARRA RANGES,Metro,1,0,0,1,0,0,1,No
2018,April,15/4/18,08.38.00,No collision and no object struck,Sunday,No,Day,Serious injury accident,60 km/hr,144.55479,-38.16059,Non-Intersection,GEELONG,Country,1,0,1,0,0,0,0,No
2018,April,15/4/18,12.20.00,Vehicle overturned,Sunday,No,Day,Serious injury accident,60 km/hr,145.2099,-37.74739,Intersection,MANNINGHAM,Metro,1,0,1,0,0,0,0,No
2018,April,16/4/18,06.10.00,Collision with vehicle,Sunday,No,Dusk/Dawn,Other injury accident,100 km/hr,144.77715,-37.86109,Non-Intersection,HOBSONS BAY,Metro,2,0,2,0,0,0,0,No
2018,April,16/4/18,09.45.00,Collision with vehicle,Monday,No,Day,Serious injury accident,80 km/hr,145.01734,-37.91548,Non-Intersection,BAYSIDE,Metro,2,0,2,0,0,0,0,No
2018,April,16/4/18,08.00.00,Collision with vehicle,Monday,No,Day,Other injury accident,60 km/hr,144.63751,-37.88718,Non-Intersection,WYNDHAM,Metro,4,0,2,2,2,0,0,No
2018,April,16/4/18,08.20.00,Collision with vehicle,Monday,No,Day,Other injury accident,100 km/hr,146.95585,-37.9696,Intersection,WELLINGTON,Country,2,0,1,1,0,0,0,No
2018,April,16/4/18,11.00.00,Collision with vehicle,Monday,No,Day,Other injury accident,80 km/hr,145.10195,-37.89658,Non-Intersection,MONASH,Metro,3,0,1,2,1,0,1,No
2018,April,16/4/18,08.30.00,Collision with vehicle,Monday,No,Day,Other injury accident,60 km/hr,144.92576,-37.63126,Intersection,HUME,Metro,6,0,2,4,4,0,0,No
2018,April,16/4/18,06.50.00,Collision with vehicle,Monday,No,Day,Other injury accident,60 km/hr,145.04049,-37.86199,Non-Intersection,STONNINGTON,Metro,3,0,1,2,0,0,0,No
2018,April,16/4/18,13.27.00,Collision with object,Monday,No,Day,Other injury accident,60 km/hr,144.98291,-37.73596,Intersection,MORELAND,Metro,1,0,0,1,0,0,0,No
2018,April,16/4/18,07.10.00,Collision with vehicle,Monday,No,Day,Other injury accident,80 km/hr,145.14081,-37.97736,Non-Intersection,KINGSTON,Metro,4,0,4,0,0,0,0,No
2018,April,16/4/18,11.00.00,Collision with vehicle,Monday,No,Day,Other injury accident,50 km/hr,144.96806,-37.80086,Non-Intersection,MELBOURNE,Metro,2,0,2,0,0,0,0,No
2018,April,16/4/18,14.10.00,Collision with object,Sunday,No,Day,Serious injury accident,100 km/hr,144.35047,-36.74729,Non-Intersection,BENDIGO,Country,2,0,0,2,1,0,1,No
2018,April,16/4/18,15.05.00,Collision with vehicle,Sunday,No,Day,Other injury accident,60 km/hr,147.63278,-37.82823,Intersection,EAST GIPPSLAND,Country,2,0,1,1,0,0,0,No
2018,April,16/4/18,18.40.00,Collision with vehicle,Monday,No,Dark,Other injury accident,70 km/hr,145.18069,-37.74765,Non-Intersection,MANNINGHAM,Metro,3,0,2,1,1,0,1,No
2018,April,16/4/18,18.20.00,Collision with vehicle,Monday,No,Dark,Other injury accident,80 km/hr,144.69318,-37.82208,Non-Intersection,WYNDHAM,Metro,4,0,4,0,0,0,2,No
2018,April,16/4/18,08.30.00,Collision with object,Monday,No,Day,Serious injury accident,100 km/hr,147.45696,-36.14962,Non-Intersection,TOWONG,Country,1,0,0,1,0,0,0,No
2018,April,17/4/18,14.13.00,Collision with object,Tuesday,No,Day,Serious injury accident,80 km/hr,144.64665,-37.7995,Non-Intersection,MELTON,Metro,1,0,1,0,0,0,0,Yes
2018,April,17/4/18,06.11.00,Struck pedestrian,Monday,No,Dusk/Dawn,Other injury accident,80 km/hr,145.30595,-38.03128,Intersection,CASEY,Metro,2,0,2,0,0,0,0,No
2018,April,17/4/18,06.50.00,Collision with object,Tuesday,No,Dusk/Dawn,Serious injury accident,100 km/hr,141.29837,-37.45612,Non-Intersection,GLENELG,Country,1,0,1,0,0,0,0,No
2018,April,17/4/18,10.05.00,Collision with vehicle,Tuesday,No,Day,Serious injury accident,70 km/hr,144.99919,-37.67946,Non-Intersection,WHITTLESEA,Metro,1,0,1,0,0,0,0,No
2018,April,17/4/18,14.15.00,Collision with vehicle,Tuesday,No,Day,Other injury accident,60 km/hr,144.84864,-37.78668,Non-Intersection,MARIBYRNONG,Metro,2,0,2,0,0,0,0,No
2018,April,17/4/18,13.30.00,Collision with vehicle,Tuesday,No,Day,Other injury accident,100 km/hr,145.0449,-37.68752,Non-Intersection,WHITTLESEA,Metro,4,0,3,1,2,0,0,No
2018,April,17/4/18,14.50.00,Struck pedestrian,Monday,Yes,Day,Other injury accident,40 km/hr,144.97217,-37.80948,Non-Intersection,MELBOURNE,Metro,2,0,2,0,0,0,0,No
2018,April,17/4/18,15.10.00,Collision with vehicle,Tuesday,No,Day,Other injury accident,80 km/hr,145.16828,-37.9436,Non-Intersection,DANDENONG,Metro,3,0,1,2,0,0,2,No
2018,April,17/4/18,15.34.00,Collision with vehicle,Tuesday,No,Day,Other injury accident,70 km/hr,144.9569,-37.6818,Non-Intersection,HUME,Metro,5,0,2,2,3,0,0,No
2018,April,17/4/18,17.49.00,Collision with vehicle,Tuesday,No,Dusk/Dawn,Serious injury accident,60 km/hr,145.04375,-37.90653,Intersection,GLEN EIRA,Metro,2,0,0,1,0,0,1,No
2018,April,17/4/18,18.03.00,Collision with vehicle,Tuesday,No,Dark,Other injury accident,60 km/hr,144.72462,-37.83755,Intersection,WYNDHAM,Metro,2,0,0,2,0,0,0,No
2018,April,17/4/18,17.20.00,Collision with vehicle,Monday,No,Day,Other injury accident,80 km/hr,145.09161,-38.19475,Non-Intersection,MORNINGTON PENINSULA,Metro,3,0,1,2,1,1,0,No
2018,April,17/4/18,17.16.00,No collision and no object struck,Tuesday,No,Dusk/Dawn,Other injury accident,50 km/hr,144.25095,-36.79259,Non-Intersection,BENDIGO,Country,1,0,1,0,0,0,0,No
2018,April,17/4/18,18.36.00,Collision with vehicle,Monday,No,Dark,Serious injury accident,80 km/hr,143.70456,-37.17715,Non-Intersection,CENTRAL GOLDFIELDS,Country,2,0,2,0,0,0,0,No
2018,April,17/4/18,18.52.00,Collision with vehicle,Tuesday,No,Dark,Serious injury accident,60 km/hr,144.46586,-37.24276,Non-Intersection,MACEDON RANGES,Country,3,0,3,0,0,0,0,No
2018,April,17/4/18,17.25.00,Collision with vehicle,Tuesday,No,Day,Serious injury accident,80 km/hr,145.12998,-37.91618,Non-Intersection,MONASH,Metro,2,0,1,1,0,0,0,No
2018,April,17/4/18,21.30.00,Collision with object,Tuesday,No,Dark,Serious injury accident,100 km/hr,143.77963,-37.7682,Non-Intersection,GOLDEN PLAINS,Country,1,0,1,0,0,0,1,No
2018,April,17/4/18,17.15.00,Collision with vehicle,Tuesday,No,Day,Other injury accident,80 km/hr,142.18613,-34.23096,Intersection,MILDURA,Country,4,0,2,1,2,0,0,No
2018,April,17/4/18,11.00.00,No collision and no object struck,Tuesday,No,Day,Other injury accident,100 km/hr,147.31344,-37.74313,Intersection,EAST GIPPSLAND,Country,1,0,0,1,0,0,0,No
2018,April,17/4/18,09.00.00,Collision with vehicle,Tuesday,No,Day,Other injury accident,50 km/hr,144.97973,-37.84772,Intersection,MELBOURNE,Metro,2,0,2,0,0,0,0,No
2018,April,17/4/18,17.30.00,Collision with vehicle,Monday,No,Day,Other injury accident,60 km/hr,145.02737,-37.68953,Intersection,WHITTLESEA,Metro,3,0,1,1,1,0,0,No
2018,April,18/4/18,09.30.00,Vehicle overturned,Tuesday,No,Day,Other injury accident,100 km/hr,146.38657,-37.19579,Non-Intersection,MANSFIELD,Country,1,0,1,0,0,0,0,No
2018,April,18/4/18,16.00.00,Collision with vehicle,Wednesday,No,Day,Other injury accident,50 km/hr,144.95589,-37.80587,Intersection,MELBOURNE,Metro,2,0,1,1,0,0,0,No
2018,April,18/4/18,00.40.00,Struck pedestrian,Wednesday,No,Dark,Other injury accident,60 km/hr,145.00631,-37.74549,Intersection,DAREBIN,Metro,2,0,1,1,0,0,0,No
2018,April,18/4/18,04.55.00,Collision with vehicle,Wednesday,No,Dark,Serious injury accident,60 km/hr,144.77306,-37.78299,Intersection,BRIMBANK,Metro,2,0,2,0,0,0,0,No
2018,April,18/4/18,04.58.00,Struck pedestrian,Wednesday,No,Dark,Serious injury accident,100 km/hr,147.65369,-37.87669,Non-Intersection,EAST GIPPSLAND,Country,2,0,2,0,0,0,0,No
2018,April,18/4/18,08.10.00,Collision with object,Tuesday,No,Day,Serious injury accident,80 km/hr,145.64013,-37.59251,Non-Intersection,YARRA RANGES,Metro,1,0,1,0,0,0,1,No
2018,April,18/4/18,08.00.00,Struck pedestrian,Wednesday,No,Day,Other injury accident,80 km/hr,145.17343,-37.90503,Non-Intersection,MONASH,Metro,2,0,0,2,0,0,1,No
2018,April,18/4/18,07.40.00,Collision with vehicle,Tuesday,No,Day,Serious injury accident,80 km/hr,144.85851,-37.81418,Non-Intersection,HOBSONS BAY,Metro,3,0,2,1,1,0,0,No
2018,April,18/4/18,18.30.00,Collision with vehicle,Wednesday,No,Dark,Other injury accident,50 km/hr,144.87656,-37.84179,Non-Intersection,HOBSONS BAY,Metro,2,0,2,0,0,0,0,No
2018,April,18/4/18,08.40.00,Collision with vehicle,Wednesday,No,Day,Serious injury accident,50 km/hr,144.89626,-37.78533,Intersection,MARIBYRNONG,Metro,2,0,1,1,0,0,0,No
2018,April,18/4/18,08.25.00,Collision with vehicle,Wednesday,No,Day,Other injury accident,100 km/hr,146.69604,-38.16805,Intersection,LATROBE,Country,4,0,2,2,2,0,0,No
2018,April,18/4/18,10.54.00,Collision with vehicle,Tuesday,No,Day,Other injury accident,60 km/hr,144.93528,-37.68718,Off Road,HUME,Metro,2,0,0,2,0,1,1,No
2018,April,18/4/18,13.15.00,Collision with vehicle,Wednesday,No,Day,Other injury accident,60 km/hr,144.97757,-37.81426,Non-Intersection,MELBOURNE,Metro,2,0,2,0,0,0,0,No
2018,April,18/4/18,12.45.00,Collision with vehicle,Tuesday,No,Day,Serious injury accident,60 km/hr,145.30802,-37.80175,Intersection,MAROONDAH,Metro,2,0,1,1,0,0,0,No
2018,April,18/4/18,09.40.00,Collision with vehicle,Wednesday,No,Day,Other injury accident,40 km/hr,144.97603,-37.8381,Non-Intersection,PORT PHILLIP,Metro,2,0,1,1,1,0,1,No
2018,April,18/4/18,13.35.00,Collision with vehicle,Wednesday,No,Day,Serious injury accident,100 km/hr,145.12478,-37.89233,Non-Intersection,MONASH,Metro,3,0,1,2,0,0,0,No
2018,April,18/4/18,16.00.00,Struck pedestrian,Wednesday,No,Day,Serious injury accident,50 km/hr,143.86396,-37.56195,Non-Intersection,BALLARAT,Country,2,0,2,0,0,0,0,No
2018,April,18/4/18,16.10.00,Collision with vehicle,Wednesday,No,Day,Serious injury accident,60 km/hr,145.41247,-36.38493,Intersection,SHEPPARTON,Country,3,0,2,1,1,0,0,No
2018,April,18/4/18,16.45.00,Collision with vehicle,Wednesday,No,Day,Other injury accident,40 km/hr,144.97812,-37.80036,Intersection,YARRA RANGES,Metro,2,0,2,0,0,0,0,No
2018,April,18/4/18,13.45.00,Collision with vehicle,Wednesday,No,Day,Other injury accident,50 km/hr,142.4794,-38.38413,Non-Intersection,WARRNAMBOOL,Country,2,0,2,0,0,1,0,No
2018,April,18/4/18,17.15.00,Collision with vehicle,Wednesday,No,Day,Other injury accident,50 km/hr,145.21986,-37.99253,Intersection,DANDENONG,Metro,2,0,1,1,0,0,0,No
2018,April,18/4/18,15.50.00,Collision with vehicle,Wednesday,No,Day,Other injury accident,60 km/hr,145.18167,-37.99542,Intersection,DANDENONG,Metro,5,0,3,2,3,0,1,No
2018,April,18/4/18,16.44.00,Collision with object,Wednesday,No,Day,Other injury accident,50 km/hr,145.11332,-37.98038,Intersection,KINGSTON,Metro,2,0,2,0,1,0,1,No
2018,April,18/4/18,14.15.00,Collision with vehicle,Wednesday,No,Day,Serious injury accident,100 km/hr,146.51902,-36.46423,Intersection,WANGARATTA,Country,5,0,1,4,3,0,0,No
2018,April,18/4/18,17.34.00,Collision with vehicle,Wednesday,No,Dusk/Dawn,Other injury accident,80 km/hr,144.93104,-37.64697,Non-Intersection,HUME,Metro,4,0,0,4,2,0,1,No
2018,April,18/4/18,17.55.00,Struck pedestrian,Wednesday,No,Dark,Other injury accident,60 km/hr,144.84893,-37.82707,Intersection,HOBSONS BAY,Metro,2,0,0,1,0,0,0,No
2018,April,18/4/18,14.40.00,Collision with vehicle,Wednesday,No,Day,Other injury accident,40 km/hr,144.95732,-37.81371,Intersection,MELBOURNE,Metro,2,0,0,2,0,0,1,No
2018,April,18/4/18,15.23.00,Struck pedestrian,Wednesday,No,Day,Serious injury accident,50 km/hr,145.08862,-37.89935,Intersection,MONASH,Metro,2,0,1,1,0,0,0,No
2018,April,18/4/18,18.20.00,Struck pedestrian,Wednesday,No,Dark,Fatal accident,50 km/hr,144.83585,-37.77057,Non-Intersection,BRIMBANK,Metro,2,1,1,1,0,0,0,No
2018,April,18/4/18,19.05.00,Collision with vehicle,Wednesday,No,Dark,Serious injury accident,100 km/hr,143.28196,-38.26295,Non-Intersection,CORANGAMITE,Country,2,0,1,1,0,0,0,No
2018,April,18/4/18,16.45.00,Collision with vehicle,Wednesday,No,Day,Serious injury accident,60 km/hr,145.00525,-37.83771,Intersection,STONNINGTON,Metro,2,0,2,0,0,0,0,No
2018,April,18/4/18,22.21.00,Collision with vehicle,Wednesday,Yes,Dark,Serious injury accident,60 km/hr,145.23402,-37.78162,Non-Intersection,MANNINGHAM,Metro,2,0,1,0,0,0,0,No
2018,April,18/4/18,20.45.00,Vehicle overturned,Wednesday,No,Dark,Other injury accident,100 km/hr,143.83207,-37.91137,Non-Intersection,GOLDEN PLAINS,Country,1,0,1,0,0,0,0,No
2018,April,18/4/18,07.42.00,Collision with vehicle,Wednesday,No,Dusk/Dawn,Other injury accident,40 km/hr,145.14247,-37.86993,Intersection,MONASH,Metro,2,0,1,1,0,0,0,No
2018,April,18/4/18,16.45.00,Collision with vehicle,Tuesday,No,Dusk/Dawn,Serious injury accident,60 km/hr,144.92938,-37.67569,Intersection,HUME,Metro,2,0,1,1,0,0,0,No
2018,April,19/4/18,17.50.00,Collision with vehicle,Thursday,No,Day,Other injury accident,60 km/hr,145.02006,-37.76746,Intersection,DAREBIN,Metro,2,0,1,1,0,0,1,No
2018,April,19/4/18,17.45.00,Collision with vehicle,Thursday,No,Dusk/Dawn,Serious injury accident,60 km/hr,145.03031,-37.87021,Non-Intersection,GLEN EIRA,Metro,2,0,2,0,0,0,0,No
2018,April,19/4/18,17.00.00,Collision with vehicle,Thursday,No,Day,Other injury accident,60 km/hr,144.96461,-37.79332,Intersection,MELBOURNE,Metro,4,0,4,0,1,0,0,No
2018,April,19/4/18,08.15.00,Struck pedestrian,Thursday,Yes,Day,Other injury accident,40 km/hr,144.73779,-37.7099,Intersection,MELTON,Metro,2,0,0,1,0,0,0,No
2018,April,19/4/18,08.17.00,Collision with vehicle,Thursday,No,Day,Other injury accident,40 km/hr,144.96428,-37.75457,Intersection,MORELAND,Metro,2,0,2,0,0,0,0,No
2018,April,19/4/18,07.18.00,Collision with vehicle,Thursday,Yes,Day,Other injury accident,80 km/hr,144.87969,-37.58985,Intersection,HUME,Metro,4,0,1,2,2,0,2,No
2018,April,19/4/18,11.10.00,Collision with object,Wednesday,No,Day,Serious injury accident,100 km/hr,146.65454,-38.55095,Non-Intersection,WELLINGTON,Country,2,0,1,1,0,0,1,No
2018,April,19/4/18,16.30.00,Collision with vehicle,Thursday,No,Day,Serious injury accident,40 km/hr,144.99357,-37.85043,Non-Intersection,STONNINGTON,Metro,2,0,1,0,0,0,0,No
2018,April,19/4/18,05.12.00,Collision with object,Wednesday,No,Dark,Serious injury accident,100 km/hr,145.15659,-36.99576,Non-Intersection,MITCHELL,Country,1,0,1,0,0,0,0,No
2018,April,19/4/18,08.00.00,Collision with vehicle,Thursday,No,Day,Other injury accident,50 km/hr,145.03699,-37.84922,Intersection,STONNINGTON,Metro,2,0,0,2,0,0,1,No
2018,April,19/4/18,08.30.00,Collision with vehicle,Thursday,No,Day,Other injury accident,100 km/hr,145.14143,-38.04362,Non-Intersection,KINGSTON,Metro,6,0,1,2,4,0,0,No
2018,April,19/4/18,07.30.00,Collision with vehicle,Thursday,No,Day,Serious injury accident,80 km/hr,145.14337,-37.92456,Intersection,MONASH,Metro,4,0,3,1,0,0,1,No
2018,April,19/4/18,09.35.00,Struck pedestrian,Thursday,No,Day,Other injury accident,50 km/hr,145.16309,-37.83378,Non-Intersection,WHITEHORSE,Metro,3,0,2,1,0,0,0,No
2018,April,19/4/18,12.48.00,Collision with vehicle,Thursday,No,Day,Other injury accident,60 km/hr,145.11932,-37.81734,Intersection,WHITEHORSE,Metro,7,0,3,3,5,0,0,No
2018,April,19/4/18,11.00.00,Collision with vehicle,Thursday,No,Day,Serious injury accident,60 km/hr,144.56805,-38.18743,Intersection,GEELONG,Country,3,0,1,2,1,0,1,No
2018,April,19/4/18,08.00.00,Collision with vehicle,Thursday,No,Day,Other injury accident,50 km/hr,145.07018,-37.86616,Intersection,BOROONDARA,Metro,2,0,2,0,0,0,0,No
2018,April,19/4/18,14.25.00,Collision with vehicle,Wednesday,No,Day,Other injury accident,80 km/hr,142.51896,-38.35864,Intersection,MOYNE,Country,2,0,2,0,0,0,0,No
2018,April,19/4/18,15.00.00,Collision with vehicle,Thursday,No,Day,Other injury accident,60 km/hr,144.98642,-37.90959,Non-Intersection,BAYSIDE,Metro,3,0,2,1,0,0,0,No
2018,April,19/4/18,11.16.00,Collision with vehicle,Thursday,No,Day,Other injury accident,50 km/hr,144.91138,-37.58605,Intersection,HUME,Metro,2,0,1,1,0,1,0,No
2018,April,19/4/18,15.25.00,Collision with vehicle,Thursday,No,Day,Other injury accident,50 km/hr,144.97558,-37.4065,Non-Intersection,MITCHELL,Country,1,0,0,1,0,0,0,No
2018,April,19/4/18,15.02.00,Collision with vehicle,Thursday,No,Day,Serious injury accident,80 km/hr,142.40279,-36.25446,Intersection,YARRIAMBIACK,Country,4,0,2,2,2,1,1,No
2018,April,19/4/18,16.29.00,Collision with vehicle,Thursday,No,Day,Other injury accident,60 km/hr,145.06187,-37.90609,Non-Intersection,GLEN EIRA,Metro,2,0,2,0,0,1,0,No
2018,April,19/4/18,15.54.00,Collision with object,Thursday,No,Day,Other injury accident,100 km/hr,144.87063,-36.46201,Non-Intersection,CAMPASPE,Country,1,0,1,0,0,0,1,No
2018,April,19/4/18,18.00.00,Collision with object,Wednesday,No,Dark,Other injury accident,60 km/hr,144.88492,-37.70579,Non-Intersection,HUME,Metro,1,0,0,1,0,0,0,No
2018,April,19/4/18,17.57.00,Collision with vehicle,Thursday,No,Day,Other injury accident,60 km/hr,144.74952,-37.73037,Non-Intersection,MELTON,Metro,4,0,3,1,1,0,0,No