year,month,date,time,accident_type,day,hit_run,light_condition,severity,speed_zone,longitude,latitude,node_type,lga,state_div,total_persons,fatality,males,females,passengers,old_driver,young_driver,alcohol
2018,April,19/4/18,19.55.00,Fall from or in moving vehicle,Thursday,No,Dark,Other injury accident,60 km/hr,145.536,-37.94698,Intersection,CARDINIA,Metro,1,0,1,0,0,0,0,No
2018,April,19/4/18,19.40.00,No collision and no object struck,Thursday,Not known,Dark,Other injury accident,70 km/hr,144.35018,-38.1604,Intersection,GEELONG,Country,1,0,1,0,0,0,0,No
2018,April,19/4/18,19.30.00,Collision with vehicle,Thursday,No,Dark,Other injury accident,70 km/hr,144.88954,-38.36436,Intersection,MORNINGTON PENINSULA,Metro,2,0,2,0,0,0,0,No
2018,April,19/4/18,19.05.00,Collision with vehicle,Thursday,No,Dark,Other injury accident,40 km/hr,144.99089,-37.8389,Non-Intersection,STONNINGTON,Metro,3,0,3,0,0,0,0,No
2018,April,19/4/18,20.50.00,Collision with vehicle,Wednesday,No,Dark,Other injury accident,60 km/hr,145.34545,-38.04286,Non-Intersection,CASEY,Metro,4,0,1,3,2,0,0,No
2018,April,19/4/18,22.45.00,Collision with object,Thursday,No,Dark,Serious injury accident,60 km/hr,144.21555,-37.41464,Intersection,HEPBURN,Country,1,0,1,0,0,0,0,Yes
2018,April,19/4/18,14.56.00,Collision with vehicle,Thursday,No,Day,Other injury accident,60 km/hr,145.05616,-37.64769,Intersection,WHITTLESEA,Metro,4,0,0,2,2,0,0,No
2018,April,19/4/18,16.40.00,Collision with vehicle,Thursday,No,Day,Other injury accident,60 km/hr,144.94186,-37.8122,Non-Intersection,MELBOURNE,Metro,2,0,1,1,0,0,1,No
2018,April,19/4/18,16.15.00,Collision with vehicle,Wednesday,No,Day,Other injury accident,80 km/hr,144.825,-37.71007,Non-Intersection,BRIMBANK,Metro,3,0,1,2,0,0,0,No
2018,April,19/4/18,16.53.00,Struck pedestrian,Thursday,No,Day,Serious injury accident,40 km/hr,145.05738,-37.88552,Non-Intersection,GLEN EIRA,Metro,2,0,1,1,0,0,0,No
2018,April,19/4/18,15.30.00,Collision with vehicle,Thursday,No,Day,Other injury accident,80 km/hr,145.30237,-38.01177,Non-Intersection,CASEY,Metro,3,0,2,1,1,0,0,No
2018,April,20/4/18,17.00.00,Collision with vehicle,Thursday,No,Day,Serious injury accident,50 km/hr,145.35086,-37.75836,Off Road,YARRA RANGES,Metro,2,0,2,0,0,0,0,No
2018,April,20/4/18,16.30.00,Collision with vehicle,Friday,No,Unk.,Other injury accident,60 km/hr,144.83423,-37.79636,Intersection,BRIMBANK,Metro,2,0,2,0,0,0,0,No
2018,April,20/4/18,12.30.00,Collision with vehicle,Friday,No,Day,Other injury accident,80 km/hr,145.21745,-38.00404,Intersection,DANDENONG,Metro,2,0,2,0,0,0,0,No
2018,April,20/4/18,15.50.00,Collision with vehicle,Thursday,No,Day,Other injury accident,60 km/hr,144.95023,-37.82255,Non-Intersection,MELBOURNE,Metro,7,0,2,5,5,0,0,No
2018,April,20/4/18,19.30.00,Collision with vehicle,Friday,No,Dark,Other injury accident,60 km/hr,145.10267,-37.86691,Intersection,MONASH,Metro,3,0,0,3,1,0,0,No
2018,April,20/4/18,19.30.00,Collision with object,Thursday,No,Dark,Serious injury accident,100 km/hr,143.35889,-35.83036,Non-Intersection,BULOKE,Country,1,0,1,0,0,0,1,No
2018,April,20/4/18,21.21.00,Collision with vehicle,Friday,No,Dark,Other injury accident,60 km/hr,145.008,-37.71563,Intersection,DAREBIN,Metro,4,0,1,3,2,0,0,No
2018,April,20/4/18,20.30.00,Collision with vehicle,Friday,No,Dark,Other injury accident,100 km/hr,142.48453,-38.26866,Non-Intersection,MOYNE,Country,4,0,2,2,2,0,2,No
2018,April,20/4/18,23.49.00,Collision with object,Friday,No,Dark,Other injury accident,60 km/hr,145.15136,-37.88747,Non-Intersection,MONASH,Metro,1,0,1,0,0,0,0,Yes
2018,April,20/4/18,10.00.00,Collision with vehicle,Friday,No,Day,Serious injury accident,50 km/hr,144.84536,-37.79005,Intersection,BRIMBANK,Metro,2,0,2,0,0,0,0,No
2018,April,20/4/18,12.35.00,Struck pedestrian,Thursday,No,Day,Other injury accident,50 km/hr,146.26143,-38.17722,Non-Intersection,LATROBE,Country,2,0,1,1,0,1,0,No
2018,April,20/4/18,18.00.00,Collision with vehicle,Friday,No,Dark,Other injury accident,50 km/hr,145.00735,-37.73605,Intersection,DAREBIN,Metro,6,0,2,2,1,0,0,No
2018,April,20/4/18,11.00.00,Collision with object,Friday,No,Day,Other injury accident,40 km/hr,145.4457,-37.60246,Non-Intersection,YARRA RANGES,Metro,1,0,1,0,0,0,0,No
2018,April,20/4/18,14.00.00,Collision with vehicle,Friday,No,Day,Other injury accident,50 km/hr,144.75188,-36.12806,Intersection,CAMPASPE,Country,2,0,1,1,0,0,0,No
2018,April,20/4/18,08.30.00,Collision with vehicle,Friday,No,Day,Other injury accident,50 km/hr,144.60975,-38.27722,Intersection,GEELONG,Country,2,0,1,1,0,0,0,No
2018,April,20/4/18,07.10.00,Collision with vehicle,Friday,No,Day,Serious injury accident,50 km/hr,145.35581,-38.07018,Non-Intersection,CASEY,Metro,3,0,2,1,1,0,0,No
2018,April,20/4/18,10.15.00,Vehicle overturned,Friday,No,Day,Other injury accident,60 km/hr,145.53147,-37.64736,Non-Intersection,YARRA RANGES,Metro,1,0,1,0,0,0,0,No
2018,April,20/4/18,07.45.00,Collision with vehicle,Friday,No,Day,Other injury accident,80 km/hr,145.23893,-38.4967,Intersection,BASS COAST,Country,2,0,2,0,0,0,0,No
2018,April,20/4/18,06.00.00,Collision with vehicle,Friday,No,Dark,Serious injury accident,60 km/hr,144.93856,-37.80574,Non-Intersection,MELBOURNE,Metro,3,0,3,0,1,0,1,Yes
2018,April,20/4/18,09.35.00,Struck pedestrian,Friday,No,Day,Serious injury accident,50 km/hr,144.90998,-38.35438,Non-Intersection,MORNINGTON PENINSULA,Metro,2,0,0,0,0,0,0,No
2018,April,20/4/18,06.00.00,Struck pedestrian,Friday,No,Dusk/Dawn,Other injury accident,50 km/hr,145.28116,-38.10537,Non-Intersection,CASEY,Metro,2,0,1,0,0,0,0,No
2018,April,20/4/18,07.15.00,Collision with vehicle,Friday,No,Day,Other injury accident,100 km/hr,143.34024,-38.32562,Intersection,COLAC OTWAY,Country,2,0,2,0,0,0,0,No
2018,April,20/4/18,09.00.00,Struck pedestrian,Friday,No,Day,Other injury accident,50 km/hr,145.11853,-37.81295,Non-Intersection,WHITEHORSE,Metro,2,0,0,2,0,0,0,No
2018,April,20/4/18,11.10.00,Collision with vehicle,Friday,No,Day,Other injury accident,60 km/hr,144.81235,-38.40148,Intersection,MORNINGTON PENINSULA,Metro,2,0,1,1,0,2,0,No
2018,April,20/4/18,13.15.00,Struck pedestrian,Friday,No,Day,Other injury accident,50 km/hr,146.31996,-36.37801,Non-Intersection,WANGARATTA,Country,2,0,1,1,0,0,0,No
2018,April,20/4/18,08.00.00,Collision with vehicle,Friday,No,Day,Serious injury accident,50 km/hr,145.26299,-37.96601,Intersection,CASEY,Metro,2,0,1,1,0,0,0,No
2018,April,20/4/18,12.05.00,Collision with vehicle,Friday,No,Day,Other injury accident,70 km/hr,145.0022,-37.69393,Non-Intersection,WHITTLESEA,Metro,6,0,3,3,2,0,1,No
2018,April,20/4/18,13.00.00,Collision with vehicle,Thursday,No,Day,Other injury accident,60 km/hr,145.02572,-37.7248,Intersection,DAREBIN,Metro,2,0,1,1,0,0,0,No
2018,April,20/4/18,12.00.00,Collision with vehicle,Thursday,No,Day,Other injury accident,60 km/hr,145.21454,-36.61775,Intersection,SHEPPARTON,Country,7,0,3,4,5,0,0,No
2018,April,20/4/18,15.52.00,Collision with vehicle,Friday,No,Day,Other injury accident,40 km/hr,144.96479,-37.75167,Non-Intersection,MORELAND,Metro,2,0,2,0,0,0,0,No
2018,April,20/4/18,10.00.00,Collision with object,Friday,Yes,Day,Other injury accident,40 km/hr,144.83172,-37.78642,Intersection,BRIMBANK,Metro,2,0,2,0,0,0,0,No
2018,April,20/4/18,15.22.00,Struck pedestrian,Friday,Yes,Day,Other injury accident,50 km/hr,144.25446,-36.76984,Non-Intersection,BENDIGO,Country,3,0,3,0,0,0,1,No
2018,April,20/4/18,16.40.00,Collision with vehicle,Friday,No,Day,Other injury accident,60 km/hr,144.26099,-36.73294,Intersection,BENDIGO,Country,2,0,1,1,0,0,0,No
2018,April,20/4/18,17.44.00,Collision with vehicle,Friday,No,Day,Serious injury accident,40 km/hr,144.89918,-37.74004,Intersection,MOONEE VALLEY,Metro,2,0,1,1,0,0,0,No
2018,April,20/4/18,16.20.00,Struck pedestrian,Friday,No,Day,Other injury accident,50 km/hr,145.00642,-37.89766,Non-Intersection,GLEN EIRA,Metro,4,0,0,4,0,0,0,No
2018,April,20/4/18,15.40.00,Collision with vehicle,Thursday,No,Day,Other injury accident,80 km/hr,144.71152,-37.609,Intersection,HUME,Metro,3,0,0,3,1,0,0,No
2018,April,20/4/18,15.30.00,Collision with vehicle,Thursday,No,Day,Serious injury accident,70 km/hr,144.72047,-37.87405,Intersection,WYNDHAM,Metro,2,0,1,1,0,0,0,No
2018,April,20/4/18,08.50.00,Collision with vehicle,Thursday,No,Day,Other injury accident,80 km/hr,145.28817,-38.01333,Non-Intersection,CASEY,Metro,2,0,1,1,0,0,0,No
2018,April,20/4/18,19.50.00,Collision with vehicle,Thursday,No,Dark,Other injury accident,100 km/hr,144.99402,-37.68855,Non-Intersection,WHITTLESEA,Metro,3,0,2,1,1,0,1,No
2018,April,21/4/18,12.30.00,Vehicle overturned,Saturday,No,Day,Other injury accident,50 km/hr,144.93147,-37.82179,Intersection,MELBOURNE,Metro,1,0,1,0,0,0,0,No
2018,April,21/4/18,01.11.00,Collision with vehicle,Saturday,Yes,Dark,Fatal accident,80 km/hr,145.24365,-37.85275,Intersection,KNOX,Metro,4,2,2,2,2,0,1,No
2018,April,21/4/18,04.08.00,Collision with vehicle,Saturday,No,Dark,Serious injury accident,60 km/hr,144.68967,-37.84105,Intersection,WYNDHAM,Metro,2,0,2,0,0,0,0,No
2018,April,21/4/18,07.00.00,Collision with vehicle,Friday,No,Day,Other injury accident,60 km/hr,143.82728,-37.58071,Intersection,BALLARAT,Country,2,0,1,1,0,0,1,No
2018,April,21/4/18,10.40.00,Collision with vehicle,Friday,No,Day,Serious injury accident,60 km/hr,145.11223,-38.15252,Intersection,FRANKSTON,Metro,2,0,2,0,0,0,0,No
2018,April,21/4/18,05.30.00,Collision with vehicle,Saturday,No,Day,Other injury accident,60 km/hr,144.93524,-37.78321,Non-Intersection,MOONEE VALLEY,Metro,2,0,1,0,0,0,0,No
2018,April,21/4/18,10.45.00,Collision with object,Saturday,No,Day,Serious injury accident,100 km/hr,147.24478,-36.2266,Non-Intersection,TOWONG,Country,1,0,1,0,0,0,0,No
2018,April,21/4/18,12.10.00,Collision with vehicle,Friday,No,Day,Other injury accident,80 km/hr,145.06111,-37.96984,Non-Intersection,KINGSTON,Metro,3,0,1,2,1,0,1,No
2018,April,21/4/18,12.29.00,Vehicle overturned,Saturday,No,Day,Serious injury accident,100 km/hr,146.25303,-38.21737,Non-Intersection,LATROBE,Country,1,0,1,0,0,0,0,No
2018,April,21/4/18,12.24.00,Collision with vehicle,Friday,No,Day,Serious injury accident,80 km/hr,145.30802,-38.01724,Non-Intersection,CASEY,Metro,8,0,2,6,5,0,0,No
2018,April,21/4/18,13.30.00,Struck pedestrian,Saturday,No,Day,Serious injury accident,60 km/hr,144.86211,-37.79955,Intersection,MARIBYRNONG,Metro,2,0,2,0,0,0,0,No
2018,April,21/4/18,12.05.00,Collision with vehicle,Saturday,No,Day,Serious injury accident,60 km/hr,145.13627,-38.10893,Intersection,FRANKSTON,Metro,2,0,2,0,0,0,0,No
2018,April,21/4/18,13.45.00,Collision with vehicle,Saturday,No,Day,Other injury accident,60 km/hr,145.22547,-37.98614,Non-Intersection,DANDENONG,Metro,8,0,2,6,6,0,0,No
2018,April,21/4/18,17.53.00,Collision with vehicle,Friday,No,Dark,Other injury accident,60 km/hr,145.07158,-37.92274,Intersection,GLEN EIRA,Metro,7,0,5,2,4,1,1,No
2018,April,21/4/18,18.15.00,Collision with object,Saturday,No,Dark,Other injury accident,80 km/hr,145.15611,-37.93262,Non-Intersection,DANDENONG,Metro,1,0,0,1,0,0,0,No
2018,April,21/4/18,21.30.00,Collision with vehicle,Friday,Yes,Dark,Other injury accident,50 km/hr,144.91637,-37.65616,Non-Intersection,HUME,Metro,3,0,1,1,1,0,0,No
2018,April,21/4/18,18.45.00,Collision with object,Friday,No,Dark,Serious injury accident,100 km/hr,144.17672,-35.86684,Intersection,GANNAWARRA,Country,1,0,1,0,0,0,0,No
2018,April,21/4/18,20.20.00,Collision with vehicle,Saturday,No,Dark,Other injury accident,110 km/hr,145.0917,-37.11146,Non-Intersection,MITCHELL,Country,6,0,4,1,3,1,1,No
2018,April,21/4/18,05.30.00,Collision with object,Friday,No,Dark,Other injury accident,80 km/hr,145.89544,-38.34798,Non-Intersection,SOUTH GIPPSLAND,Country,1,0,1,0,0,0,1,No
2018,April,21/4/18,15.45.00,Collision with vehicle,Saturday,No,Day,Other injury accident,60 km/hr,144.70128,-37.87943,Intersection,WYNDHAM,Metro,2,0,1,1,0,0,0,No
2018,April,21/4/18,15.00.00,Collision with vehicle,Saturday,No,Day,Other injury accident,40 km/hr,144.98393,-37.80091,Non-Intersection,YARRA RANGES,Metro,2,0,1,0,0,0,0,No
2018,April,22/4/18,01.10.00,No collision and no object struck,,No,Dark,Serious injury accident,50 km/hr,143.73884,-37.0552,Intersection,CENTRAL GOLDFIELDS,Country,1,0,1,0,0,0,0,No
2018,April,22/4/18,01.33.00,Collision with object,Sunday,No,Dark,Other injury accident,60 km/hr,145.09138,-38.01194,Non-Intersection,KINGSTON,Metro,1,0,1,0,0,0,1,Yes
2018,April,22/4/18,04.40.00,Collision with object,Sunday,No,Dark,Other injury accident,100 km/hr,144.20414,-36.71799,Intersection,BENDIGO,Country,1,0,1,0,0,0,0,Yes
2018,April,22/4/18,07.45.00,No collision and no object struck,Sunday,No,Day,Serious injury accident,60 km/hr,144.89238,-37.84454,Non-Intersection,HOBSONS BAY,Metro,1,0,1,0,0,0,0,No
2018,April,22/4/18,06.30.00,Collision with object,,No,Dark,Serious injury accident,100 km/hr,143.99033,-37.5327,Intersection,MOORABOOL,Country,1,0,1,0,0,0,1,No
2018,April,22/4/18,11.20.00,Collision with vehicle,Sunday,No,Day,Other injury accident,60 km/hr,144.67218,-37.46556,Intersection,MACEDON RANGES,Country,4,0,2,2,2,0,0,No
2018,April,22/4/18,09.15.00,Collision with vehicle,Sunday,No,Day,Serious injury accident,60 km/hr,142.01316,-37.73586,Non-Intersection,SOUTHERN GRAMPIANS,Country,2,0,1,1,0,1,0,No
2018,April,22/4/18,15.15.00,Fall from or in moving vehicle,,No,Day,Other injury accident,50 km/hr,145.13433,-38.15473,Non-Intersection,FRANKSTON,Metro,2,0,1,1,0,0,0,No
2018,April,22/4/18,14.30.00,No collision and no object struck,Sunday,No,Day,Serious injury accident,80 km/hr,145.90658,-37.59898,Non-Intersection,YARRA RANGES,Metro,1,0,1,0,0,0,0,No
2018,April,22/4/18,16.00.00,Collision with vehicle,Sunday,No,Day,Serious injury accident,80 km/hr,145.28744,-37.82845,Intersection,MAROONDAH,Metro,2,0,2,0,0,0,0,No
2018,April,22/4/18,16.15.00,Struck pedestrian,Sunday,No,Day,Serious injury accident,50 km/hr,145.84768,-38.14261,Non-Intersection,BAW BAW,Country,2,0,1,1,1,0,0,No
2018,April,22/4/18,15.05.00,Collision with vehicle,,No,Day,Other injury accident,50 km/hr,144.90231,-37.85663,Intersection,HOBSONS BAY,Metro,2,0,1,1,0,0,0,No
2018,April,22/4/18,16.40.00,Collision with vehicle,Sunday,No,Day,Other injury accident,80 km/hr,145.33415,-38.52185,Intersection,BASS COAST,Country,2,0,1,1,0,0,0,No
2018,April,22/4/18,18.10.00,Collision with vehicle,Sunday,No,Dark,Serious injury accident,60 km/hr,145.2696,-37.81057,Intersection,MAROONDAH,Metro,3,0,1,2,1,0,0,No
2018,April,22/4/18,18.40.00,Collision with object,Sunday,No,Dark,Serious injury accident,60 km/hr,144.83254,-37.70558,Non-Intersection,BRIMBANK,Metro,1,0,1,0,0,0,0,No
2018,April,22/4/18,16.44.00,Collision with object,,No,Day,Other injury accident,100 km/hr,144.8722,-37.71838,Non-Intersection,BRIMBANK,Metro,2,0,2,0,1,0,1,No
2018,April,22/4/18,17.10.00,Collision with object,,No,Day,Other injury accident,60 km/hr,145.38953,-37.88267,Non-Intersection,YARRA RANGES,Metro,1,0,1,0,0,0,0,No
2018,April,22/4/18,15.15.00,Collision with vehicle,Sunday,No,Day,Other injury accident,80 km/hr,145.17653,-37.81515,Non-Intersection,WHITEHORSE,Metro,3,0,0,3,1,0,1,No
2018,April,22/4/18,19.25.00,Collision with object,,No,Dark,Serious injury accident,100 km/hr,146.23801,-38.14562,Non-Intersection,BAW BAW,Country,1,0,1,0,0,0,1,No
2018,April,22/4/18,17.00.00,Collision with vehicle,Sunday,No,Day,Other injury accident,80 km/hr,144.86267,-37.72538,Non-Intersection,BRIMBANK,Metro,2,0,2,0,0,0,0,No
2018,April,22/4/18,17.20.00,Collision with vehicle,Sunday,No,Day,Other injury accident,50 km/hr,141.60128,-38.34207,Intersection,GLENELG,Country,2,0,1,1,0,0,0,No
2018,April,22/4/18,19.40.00,Struck pedestrian,,Yes,Dark,Serious injury accident,60 km/hr,143.37743,-35.1763,Non-Intersection,SWAN HILL,Country,2,0,0,1,0,0,0,No
2018,April,22/4/18,20.13.00,Collision with vehicle,Sunday,No,Dark,Other injury accident,60 km/hr,144.7088,-37.83621,Intersection,WYNDHAM,Metro,3,0,1,1,1,0,0,No
2018,April,22/4/18,19.55.00,Collision with object,Sunday,No,Dark,Serious injury accident,100 km/hr,142.18645,-37.11177,Non-Intersection,HORSHAM,Country,1,0,1,0,0,0,0,No
2018,April,22/4/18,21.15.00,Struck pedestrian,,No,Dark,Other injury accident,40 km/hr,144.95514,-37.81655,Non-Intersection,MELBOURNE,Metro,3,0,2,1,0,0,0,No
2018,April,22/4/18,13.00.00,Collision with object,,No,Day,Serious injury accident,100 km/hr,145.86961,-36.7919,Off Road,BENALLA,Country,1,0,1,0,0,0,0,No
2018,April,22/4/18,11.30.00,Collision with vehicle,Sunday,No,Day,Other injury accident,100 km/hr,144.66134,-37.68314,Non-Intersection,MELTON,Metro,2,0,1,1,0,0,1,No
2018,April,22/4/18,19.30.00,Struck pedestrian,Sunday,Yes,Dark,Other injury accident,60 km/hr,145.2066,-37.74663,Non-Intersection,MANNINGHAM,Metro,2,0,1,0,0,0,0,No
2018,April,23/4/18,11.15.00,Struck pedestrian,Monday,No,Day,Other injury accident,40 km/hr,145.08181,-37.8248,Intersection,BOROONDARA,Metro,2,0,1,1,0,0,0,No
2018,April,23/4/18,01.10.00,Collision with vehicle,Monday,No,Dark,Serious injury accident,60 km/hr,144.93704,-37.84263,Non-Intersection,PORT PHILLIP,Metro,1,0,1,0,0,0,1,No
2018,April,23/4/18,05.20.00,Collision with object,Monday,No,Dark,Other injury accident,100 km/hr,144.33058,-38.25857,Non-Intersection,SURF COAST,Country,1,0,0,1,0,0,0,No
2018,April,23/4/18,09.50.00,Struck pedestrian,Monday,No,Day,Other injury accident,50 km/hr,145.09697,-37.70395,Intersection,BANYULE,Metro,2,0,1,0,0,0,0,No
2018,April,23/4/18,10.45.00,Collision with vehicle,Monday,No,Day,Other injury accident,60 km/hr,145.0421,-37.82967,Non-Intersection,BOROONDARA,Metro,2,0,0,2,0,0,0,No
2018,April,23/4/18,05.55.00,Vehicle overturned,Sunday,No,Dark,Serious injury accident,80 km/hr,143.37951,-38.6843,Non-Intersection,COLAC OTWAY,Country,1,0,1,0,0,0,0,No
2018,April,23/4/18,09.47.00,Collision with vehicle,Monday,No,Day,Other injury accident,80 km/hr,144.35437,-38.0298,Intersection,GEELONG,Country,2,0,1,1,0,0,1,No
2018,April,23/4/18,12.30.00,Collision with vehicle,Sunday,No,Day,Other injury accident,40 km/hr,144.96575,-37.81572,Intersection,MELBOURNE,Metro,4,0,3,1,0,0,0,No
2018,April,23/4/18,11.50.00,Collision with object,Monday,No,Day,Serious injury accident,100 km/hr,143.60472,-37.80526,Non-Intersection,GOLDEN PLAINS,Country,1,0,0,1,0,0,0,No
2018,April,23/4/18,13.20.00,Collision with object,Monday,No,Day,Other injury accident,80 km/hr,145.09163,-37.10779,Non-Intersection,MITCHELL,Country,1,0,0,1,0,0,0,No
2018,April,23/4/18,13.05.00,Collision with vehicle,Monday,No,Day,Other injury accident,60 km/hr,145.04457,-37.90114,Non-Intersection,GLEN EIRA,Metro,5,0,1,4,3,0,0,No
2018,April,23/4/18,14.24.00,Struck pedestrian,Monday,No,Day,Other injury accident,50 km/hr,144.94986,-37.8203,Non-Intersection,MELBOURNE,Metro,2,0,1,1,0,0,0,No
2018,April,23/4/18,15.15.00,Struck pedestrian,Monday,No,Day,Other injury accident,60 km/hr,145.06809,-37.79284,Non-Intersection,BOROONDARA,Metro,2,0,1,1,0,0,1,No
2018,April,23/4/18,13.14.00,Collision with vehicle,Monday,No,Day,Serious injury accident,50 km/hr,143.8395,-37.57901,Intersection,BALLARAT,Country,4,0,1,3,2,1,0,No
2018,April,23/4/18,16.10.00,Collision with vehicle,Monday,No,Day,Fatal accident,50 km/hr,145.06267,-37.69202,Intersection,WHITTLESEA,Metro,2,1,2,0,0,1,0,No
2018,April,23/4/18,15.25.00,Collision with vehicle,Monday,No,Day,Other injury accident,60 km/hr,145.18701,-37.96765,Non-Intersection,DANDENONG,Metro,2,0,1,1,0,0,0,No
2018,April,23/4/18,16.47.00,Collision with vehicle,Monday,No,Unk.,Other injury accident,50 km/hr,144.99758,-37.88703,Intersection,BAYSIDE,Metro,2,0,1,1,0,0,0,No
2018,April,23/4/18,15.53.00,Collision with vehicle,Monday,No,Day,Other injury accident,80 km/hr,145.2524,-38.10937,Intersection,CASEY,Metro,2,0,2,0,0,0,1,No
2018,April,23/4/18,14.15.00,No collision and no object struck,Monday,No,Day,Other injury accident,100 km/hr,143.25287,-38.73191,Non-Intersection,COLAC OTWAY,Country,1,0,0,1,0,0,0,No
2018,April,23/4/18,17.55.00,Collision with vehicle,Monday,No,Dark,Serious injury accident,60 km/hr,145.13071,-37.75483,Intersection,MANNINGHAM,Metro,2,0,1,1,0,0,1,No
2018,April,23/4/18,18.15.00,Struck pedestrian,Monday,No,Dark,Serious injury accident,40 km/hr,144.95783,-37.80186,Off Road,MELBOURNE,Metro,2,0,1,1,0,0,0,No
2018,April,23/4/18,06.30.00,Collision with vehicle,Monday,No,Dusk/Dawn,Other injury accident,60 km/hr,145.03586,-37.84434,Non-Intersection,STONNINGTON,Metro,2,0,2,0,0,0,1,No
2018,April,23/4/18,17.30.00,Collision with vehicle,Monday,No,Dusk/Dawn,Other injury accident,80 km/hr,145.20977,-37.83291,Non-Intersection,WHITEHORSE,Metro,3,0,2,1,0,0,1,No
2018,April,23/4/18,18.30.00,Collision with vehicle,Monday,No,Dark,Other injury accident,100 km/hr,145.08995,-37.77993,Non-Intersection,BOROONDARA,Metro,3,0,3,0,0,0,0,No
2018,April,23/4/18,07.20.00,Collision with vehicle,Monday,No,Day,Serious injury accident,60 km/hr,143.84744,-37.56092,Intersection,BALLARAT,Country,2,0,2,0,0,0,0,No
2018,April,23/4/18,19.30.00,Collision with object,Monday,No,Dark,Other injury accident,60 km/hr,145.15608,-36.77771,Intersection,STRATHBOGIE,Country,1,0,1,0,0,0,0,Yes
2018,April,23/4/18,17.35.00,Collision with object,Monday,No,Day,Fatal accident,110 km/hr,145.9037,-36.58424,Non-Intersection,BENALLA,Country,1,1,1,0,0,0,0,No
2018,April,23/4/18,17.50.00,Collision with vehicle,Monday,Yes,Day,Other injury accident,60 km/hr,145.02426,-37.74745,Intersection,DAREBIN,Metro,2,0,1,1,0,1,0,No
2018,April,23/4/18,20.15.00,Collision with vehicle,Monday,No,Dark,Serious injury accident,50 km/hr,144.52123,-38.26962,Intersection,GEELONG,Country,4,0,1,1,2,0,0,No
2018,April,23/4/18,21.00.00,Collision with vehicle,Sunday,No,Dark,Serious injury accident,100 km/hr,145.09788,-37.78086,Non-Intersection,BOROONDARA,Metro,3,0,1,1,0,0,1,No
2018,April,23/4/18,14.50.00,Collision with vehicle,Monday,No,Day,Other injury accident,60 km/hr,145.35249,-37.86868,Intersection,YARRA RANGES,Metro,2,0,0,2,0,0,0,No
2018,April,23/4/18,15.25.00,Collision with object,Monday,No,Day,Serious injury accident,50 km/hr,144.30336,-36.78071,Off Road,BENDIGO,Country,1,0,1,0,0,0,1,No
2018,April,23/4/18,21.30.00,Collision with object,Sunday,No,Dark,Other injury accident,80 km/hr,145.4933,-37.91686,Non-Intersection,CARDINIA,Metro,1,0,1,0,0,0,1,No
2018,April,23/4/18,16.00.00,Collision with vehicle,Sunday,No,Unk.,Other injury accident,50 km/hr,143.83976,-37.59761,Intersection,BALLARAT,Country,2,0,1,1,0,1,0,No
2018,April,24/4/18,17.00.00,Collision with vehicle,Tuesday,No,Day,Other injury accident,60 km/hr,144.36496,-38.14534,Non-Intersection,GEELONG,Country,2,0,1,0,0,0,0,No
2018,April,24/4/18,16.24.00,Collision with vehicle,Tuesday,No,Day,Other injury accident,60 km/hr,144.9485,-37.81935,Non-Intersection,MELBOURNE,Metro,2,0,2,0,0,0,0,No
2018,April,24/4/18,15.45.00,Collision with vehicle,Tuesday,No,Day,Other injury accident,40 km/hr,145.01119,-37.87098,Intersection,GLEN EIRA,Metro,2,0,0,2,0,0,1,No
2018,April,24/4/18,05.55.00,Collision with vehicle,Tuesday,No,Dark,Other injury accident,70 km/hr,145.27569,-38.02939,Non-Intersection,CASEY,Metro,2,0,1,1,0,0,0,No
2018,April,24/4/18,18.00.00,Collision with vehicle,Monday,No,Dark,Other injury accident,60 km/hr,145.15194,-37.70241,Non-Intersection,NILLUMBIK,Metro,2,0,0,2,0,0,1,No
2018,April,24/4/18,05.15.00,Vehicle overturned,Tuesday,No,Dark,Serious injury accident,80 km/hr,143.52281,-35.32768,Intersection,SWAN HILL,Country,2,0,2,0,0,0,0,No
2018,April,24/4/18,07.15.00,Collision with vehicle,Monday,No,Day,Other injury accident,60 km/hr,145.02188,-37.95393,Intersection,BAYSIDE,Metro,3,0,0,3,1,0,0,No
2018,April,24/4/18,09.07.00,Vehicle overturned,Tuesday,No,Day,Other injury accident,80 km/hr,145.21625,-37.68795,Intersection,NILLUMBIK,Metro,1,0,1,0,0,0,1,No
2018,April,24/4/18,12.20.00,Collision with vehicle,Tuesday,No,Day,Other injury accident,40 km/hr,144.99775,-37.88387,Non-Intersection,GLEN EIRA,Metro,2,0,2,0,0,1,0,No
2018,April,24/4/18,09.30.00,Collision with vehicle,Tuesday,No,Day,Other injury accident,70 km/hr,144.99213,-37.80499,Intersection,YARRA RANGES,Metro,5,0,3,2,1,0,0,No
2018,April,24/4/18,10.59.00,Struck pedestrian,Monday,No,Day,Other injury accident,60 km/hr,145.04317,-37.71696,Intersection,DAREBIN,Metro,2,0,2,0,0,0,1,No
2018,April,24/4/18,15.00.00,Struck pedestrian,Tuesday,No,Unk.,Other injury accident,60 km/hr,144.9161,-37.68162,Non-Intersection,HUME,Metro,2,0,1,1,0,1,0,No
2018,April,24/4/18,13.45.00,Struck pedestrian,Tuesday,No,Day,Serious injury accident,50 km/hr,146.97648,-37.96665,Off Road,WELLINGTON,Country,3,0,0,3,0,1,0,No