year,month,date,time,accident_type,day,hit_run,light_condition,severity,speed_zone,longitude,latitude,node_type,lga,state_div,total_persons,fatality,males,females,passengers,old_driver,young_driver,alcohol
2018,April,24/4/18,11.15.00,Collision with vehicle,Monday,No,Day,Other injury accident,60 km/hr,144.89526,-37.73505,Non-Intersection,MOONEE VALLEY,Metro,5,0,3,2,2,0,0,No
2018,April,24/4/18,10.40.00,Collision with object,Tuesday,No,Day,Serious injury accident,80 km/hr,144.44014,-38.18357,Non-Intersection,GEELONG,Country,1,0,1,0,0,0,1,No
2018,April,24/4/18,11.00.00,Collision with object,Tuesday,No,Day,Other injury accident,100 km/hr,142.01155,-38.04602,Non-Intersection,MOYNE,Country,1,0,1,0,0,0,0,No
2018,April,24/4/18,08.00.00,Collision with vehicle,Tuesday,No,Day,Other injury accident,80 km/hr,145.17765,-38.19846,Non-Intersection,MORNINGTON PENINSULA,Metro,2,0,1,1,0,0,0,No
2018,April,24/4/18,15.43.00,Collision with vehicle,Monday,No,Day,Other injury accident,40 km/hr,144.96145,-37.81665,Non-Intersection,MELBOURNE,Metro,2,0,1,1,0,0,0,No
2018,April,24/4/18,15.35.00,Collision with vehicle,Tuesday,No,Day,Other injury accident,50 km/hr,144.96374,-37.80178,Intersection,MELBOURNE,Metro,2,0,2,0,0,0,0,No
2018,April,24/4/18,16.50.00,Collision with vehicle,Tuesday,No,Dusk/Dawn,Serious injury accident,40 km/hr,144.9556,-37.81611,Non-Intersection,MELBOURNE,Metro,3,0,2,1,0,0,0,No
2018,April,24/4/18,15.10.00,Collision with object,Monday,No,Day,Serious injury accident,80 km/hr,145.31557,-37.91371,Non-Intersection,YARRA RANGES,Metro,1,0,1,0,0,0,0,No
2018,April,24/4/18,16.00.00,Collision with vehicle,Tuesday,No,Day,Other injury accident,60 km/hr,145.1768,-37.96544,Non-Intersection,DANDENONG,Metro,5,0,1,4,3,0,0,No
2018,April,24/4/18,19.27.00,Collision with vehicle,Tuesday,No,Dark,Other injury accident,100 km/hr,144.90687,-37.69387,Non-Intersection,MORELAND,Metro,5,0,0,5,1,0,0,No
2018,April,24/4/18,18.00.00,Collision with vehicle,Tuesday,No,Dark,Other injury accident,50 km/hr,145.01207,-37.80095,Intersection,BOROONDARA,Metro,4,0,2,2,2,0,0,No
2018,April,24/4/18,19.58.00,Collision with vehicle,Tuesday,No,Dark,Other injury accident,60 km/hr,143.83572,-37.54068,Non-Intersection,BALLARAT,Country,4,0,3,0,1,0,0,No
2018,April,24/4/18,19.35.00,Struck pedestrian,Tuesday,No,Dark,Other injury accident,30km/hr,146.31592,-36.35913,Non-Intersection,WANGARATTA,Country,4,0,2,2,1,0,0,No
2018,April,24/4/18,17.30.00,Struck pedestrian,Monday,No,Day,Other injury accident,60 km/hr,145.06622,-37.6499,Non-Intersection,WHITTLESEA,Metro,4,0,2,1,2,0,1,No
2018,April,24/4/18,18.21.00,Collision with vehicle,Monday,No,Dark,Serious injury accident,60 km/hr,145.13235,-37.85212,Intersection,WHITEHORSE,Metro,2,0,1,1,0,0,1,No
2018,April,24/4/18,20.30.00,Struck pedestrian,Tuesday,No,Dark,Other injury accident,60 km/hr,144.53037,-37.35407,Non-Intersection,MACEDON RANGES,Country,2,0,2,0,0,0,0,No
2018,April,24/4/18,14.55.00,Collision with vehicle,Tuesday,No,Day,Other injury accident,50 km/hr,145.28495,-38.11206,Intersection,CASEY,Metro,2,0,1,1,0,0,1,No
2018,April,24/4/18,17.50.00,Collision with vehicle,Tuesday,No,Dark,Serious injury accident,80 km/hr,145.30168,-37.82236,Non-Intersection,MAROONDAH,Metro,2,0,1,1,0,0,0,No
2018,April,24/4/18,18.30.00,Collision with vehicle,Tuesday,No,Dark,Other injury accident,40 km/hr,144.9885,-37.7779,Intersection,YARRA RANGES,Metro,2,0,0,2,0,0,1,No
2018,April,24/4/18,08.30.00,Struck pedestrian,Tuesday,No,Day,Other injury accident,50 km/hr,145.05539,-37.81689,Intersection,BOROONDARA,Metro,2,0,1,1,0,0,0,No
2018,April,24/4/18,19.30.00,No collision and no object struck,Tuesday,No,Dark,Other injury accident,50 km/hr,145.11331,-37.75721,Intersection,MANNINGHAM,Metro,1,0,1,0,0,0,0,No
2018,April,24/4/18,14.05.00,Collision with vehicle,Monday,No,Day,Other injury accident,50 km/hr,146.32432,-36.35633,Non-Intersection,WANGARATTA,Country,4,0,2,2,2,0,1,No
2018,April,24/4/18,20.20.00,No collision and no object struck,Monday,No,Dark,Other injury accident,50 km/hr,144.98942,-37.79738,Intersection,YARRA RANGES,Metro,1,0,0,0,0,0,0,No
2018,April,24/4/18,13.20.00,Collision with vehicle,Tuesday,No,Day,Other injury accident,80 km/hr,144.35942,-38.08339,Non-Intersection,GEELONG,Country,3,0,2,1,0,0,0,No
2018,April,25/4/18,13.00.00,Fall from or in moving vehicle,Wednesday,No,Day,Other injury accident,100 km/hr,145.90499,-37.57207,Non-Intersection,YARRA RANGES,Metro,1,0,1,0,0,0,0,No
2018,April,25/4/18,19.00.00,Collision with vehicle,Wednesday,No,Dark,Other injury accident,40 km/hr,145.00314,-37.84842,Non-Intersection,STONNINGTON,Metro,2,0,0,2,0,0,0,No
2018,April,25/4/18,03.30.00,Collision with vehicle,Wednesday,Yes,Dark,Other injury accident,60 km/hr,145.42408,-38.14606,Non-Intersection,CARDINIA,Metro,2,0,1,0,0,0,0,No
2018,April,25/4/18,09.40.00,Struck pedestrian,Tuesday,Yes,Day,Other injury accident,50 km/hr,146.88806,-36.12454,Intersection,WODONGA,Country,2,0,1,0,0,0,0,No
2018,April,25/4/18,14.20.00,Collision with vehicle,Wednesday,No,Day,Serious injury accident,60 km/hr,145.20679,-37.96907,Non-Intersection,DANDENONG,Metro,5,0,3,2,2,1,0,No
2018,April,25/4/18,13.00.00,Collision with vehicle,Wednesday,No,Day,Serious injury accident,80 km/hr,144.63339,-37.68318,Non-Intersection,MELTON,Metro,5,0,3,2,2,0,1,No
2018,April,25/4/18,14.50.00,No collision and no object struck,Wednesday,No,Day,Serious injury accident,100 km/hr,147.3386,-36.47813,Non-Intersection,TOWONG,Country,1,0,0,1,0,0,0,No
2018,April,25/4/18,15.00.00,Collision with vehicle,Wednesday,No,Day,Other injury accident,60 km/hr,143.73404,-37.04929,Non-Intersection,CENTRAL GOLDFIELDS,Country,4,0,2,2,0,0,0,Yes
2018,April,25/4/18,16.50.00,Collision with object,Wednesday,No,Day,Other injury accident,60 km/hr,145.18103,-37.66128,Non-Intersection,NILLUMBIK,Metro,4,0,2,1,3,0,0,No
2018,April,25/4/18,10.15.00,Collision with vehicle,Wednesday,No,Day,Fatal accident,100 km/hr,143.63331,-38.26274,Non-Intersection,COLAC OTWAY,Country,3,1,2,1,1,0,0,No
2018,April,25/4/18,16.45.00,Collision with vehicle,Wednesday,No,Day,Serious injury accident,50 km/hr,145.0512,-37.65369,Intersection,WHITTLESEA,Metro,2,0,2,0,0,0,0,Yes
2018,April,25/4/18,17.26.00,Collision with vehicle,Tuesday,No,Day,Other injury accident,60 km/hr,145.20773,-38.07377,Non-Intersection,DANDENONG,Metro,3,0,1,2,0,0,0,No
2018,April,25/4/18,18.03.00,Collision with vehicle,Wednesday,No,Dark,Other injury accident,40 km/hr,144.99723,-37.8296,Intersection,YARRA RANGES,Metro,2,0,1,1,0,0,0,No
2018,April,25/4/18,20.30.00,Struck pedestrian,Wednesday,No,Dark,Serious injury accident,70 km/hr,144.92243,-37.53761,Non-Intersection,HUME,Metro,2,0,1,1,0,0,0,No
2018,April,25/4/18,15.55.00,Collision with vehicle,Wednesday,No,Day,Other injury accident,50 km/hr,145.12498,-37.98113,Intersection,KINGSTON,Metro,2,0,2,0,0,0,0,No
2018,April,25/4/18,20.45.00,No collision and no object struck,Wednesday,No,Dusk/Dawn,Other injury accident,110 km/hr,146.6687,-36.114,Non-Intersection,INDIGO,Country,2,0,1,1,0,0,0,No
2018,April,26/4/18,15.00.00,Collision with vehicle,Thursday,No,Unk.,Other injury accident,80 km/hr,144.88135,-37.82554,Non-Intersection,HOBSONS BAY,Metro,2,0,1,1,0,0,0,No
2018,April,26/4/18,07.47.00,Collision with vehicle,Thursday,No,Day,Other injury accident,60 km/hr,145.04287,-37.91165,Intersection,GLEN EIRA,Metro,3,0,2,1,1,0,0,No
2018,April,26/4/18,06.20.00,Collision with vehicle,Wednesday,No,Dusk/Dawn,Other injury accident,100 km/hr,144.99592,-37.68814,Non-Intersection,WHITTLESEA,Metro,3,0,3,0,0,0,1,No
2018,April,26/4/18,14.00.00,Collision with object,Thursday,No,Day,Other injury accident,100 km/hr,145.08575,-37.41858,Non-Intersection,MITCHELL,Country,1,0,0,1,0,0,1,No
2018,April,26/4/18,15.35.00,Collision with object,Wednesday,No,Day,Other injury accident,100 km/hr,146.40379,-38.19115,Non-Intersection,LATROBE,Country,1,0,1,0,0,0,0,No
2018,April,26/4/18,00.49.00,Vehicle overturned,Thursday,No,Dark,Other injury accident,60 km/hr,143.81046,-37.56983,Intersection,BALLARAT,Country,1,0,1,0,0,0,0,No
2018,April,26/4/18,07.50.00,Collision with vehicle,Thursday,No,Day,Other injury accident,60 km/hr,144.96305,-37.83229,Intersection,PORT PHILLIP,Metro,2,0,1,1,0,0,0,No
2018,April,26/4/18,07.56.00,Collision with vehicle,Wednesday,No,Day,Other injury accident,50 km/hr,145.09563,-37.69721,Intersection,BANYULE,Metro,3,0,3,0,1,0,0,No
2018,April,26/4/18,08.05.00,Collision with vehicle,Wednesday,No,Day,Other injury accident,60 km/hr,145.13411,-38.15055,Non-Intersection,FRANKSTON,Metro,2,0,0,2,0,0,0,No
2018,April,26/4/18,08.20.00,Collision with object,Wednesday,No,Day,Other injury accident,40 km/hr,145.29504,-37.85132,Non-Intersection,KNOX,Metro,1,0,0,1,0,0,0,No
2018,April,26/4/18,09.55.00,Collision with vehicle,Thursday,No,Day,Other injury accident,50 km/hr,144.96305,-37.83229,Intersection,PORT PHILLIP,Metro,2,0,2,0,0,0,0,No
2018,April,26/4/18,08.00.00,Collision with vehicle,Thursday,No,Day,Other injury accident,50 km/hr,145.01344,-37.75771,Intersection,DAREBIN,Metro,2,0,1,1,0,0,0,No
2018,April,26/4/18,12.20.00,Collision with vehicle,Thursday,No,Day,Other injury accident,60 km/hr,145.11815,-38.0577,Intersection,KINGSTON,Metro,2,0,1,1,0,0,0,No
2018,April,26/4/18,11.30.00,Collision with vehicle,Thursday,No,Day,Serious injury accident,60 km/hr,144.33545,-38.09051,Non-Intersection,GEELONG,Country,2,0,2,0,0,0,0,No
2018,April,26/4/18,12.05.00,Collision with vehicle,Thursday,No,Day,Other injury accident,80 km/hr,145.21801,-38.12015,Non-Intersection,FRANKSTON,Metro,2,0,0,2,0,0,1,No
2018,April,26/4/18,12.28.00,Collision with vehicle,Thursday,No,Day,Other injury accident,50 km/hr,144.97507,-37.78492,Intersection,YARRA RANGES,Metro,2,0,1,1,0,0,0,No
2018,April,26/4/18,11.00.00,Collision with vehicle,Thursday,No,Day,Other injury accident,80 km/hr,145.26046,-38.0548,Intersection,CASEY,Metro,2,0,2,0,0,0,0,No
2018,April,26/4/18,13.50.00,Collision with vehicle,Thursday,No,Day,Other injury accident,50 km/hr,143.8395,-37.57901,Intersection,BALLARAT,Country,2,0,0,2,0,0,1,No
2018,April,26/4/18,21.46.00,Collision with vehicle,Wednesday,No,Dark,Serious injury accident,60 km/hr,145.02584,-37.64852,Intersection,WHITTLESEA,Metro,3,0,2,0,1,0,0,No
2018,April,26/4/18,14.02.00,Collision with vehicle,Thursday,No,Day,Other injury accident,50 km/hr,142.03204,-37.73605,Non-Intersection,SOUTHERN GRAMPIANS,Country,2,0,2,0,0,1,0,No
2018,April,26/4/18,13.00.00,Collision with vehicle,Wednesday,No,Day,Other injury accident,70 km/hr,145.47339,-38.0803,Off Road,CARDINIA,Metro,2,0,2,0,0,0,0,No
2018,April,26/4/18,14.30.00,Collision with vehicle,Thursday,No,Day,Serious injury accident,40 km/hr,144.78537,-37.88666,Intersection,HOBSONS BAY,Metro,2,0,0,2,0,2,0,No
2018,April,26/4/18,14.19.00,Collision with vehicle,Thursday,No,Day,Serious injury accident,70 km/hr,144.62069,-37.88084,Intersection,WYNDHAM,Metro,3,0,0,3,1,0,0,No
2018,April,26/4/18,17.20.00,Collision with vehicle,Thursday,No,Dark,Other injury accident,70 km/hr,145.17619,-37.81729,Non-Intersection,WHITEHORSE,Metro,3,0,3,0,1,0,1,No
2018,April,26/4/18,12.48.00,Collision with vehicle,Thursday,No,Day,Serious injury accident,100 km/hr,145.15454,-37.80066,Non-Intersection,WHITEHORSE,Metro,4,0,2,0,0,0,0,No
2018,April,26/4/18,18.39.00,Collision with vehicle,Wednesday,No,Dark,Other injury accident,60 km/hr,145.01556,-37.65114,Non-Intersection,WHITTLESEA,Metro,2,0,0,2,0,0,0,No
2018,April,26/4/18,17.37.00,Collision with vehicle,Thursday,No,Dark,Other injury accident,60 km/hr,145.11794,-37.93357,Intersection,KINGSTON,Metro,3,0,1,2,1,0,1,No
2018,April,26/4/18,15.40.00,Struck pedestrian,Thursday,No,Day,Other injury accident,60 km/hr,145.0734,-37.8798,Intersection,STONNINGTON,Metro,2,0,0,2,0,0,0,No
2018,April,26/4/18,20.15.00,Collision with vehicle,Thursday,No,Dark,Other injury accident,40 km/hr,144.97432,-37.83466,Intersection,PORT PHILLIP,Metro,2,0,1,1,0,0,0,No
2018,April,26/4/18,19.09.00,Collision with vehicle,Wednesday,No,Dark,Other injury accident,60 km/hr,145.11427,-37.77396,Intersection,MANNINGHAM,Metro,2,0,1,1,0,0,0,No
2018,April,26/4/18,20.23.00,Collision with vehicle,Wednesday,No,Dark,Other injury accident,60 km/hr,144.94434,-37.76163,Non-Intersection,MORELAND,Metro,2,0,1,1,0,0,0,No
2018,April,26/4/18,20.14.00,Collision with object,Wednesday,No,Dark,Serious injury accident,50 km/hr,144.90379,-38.36709,Intersection,MORNINGTON PENINSULA,Metro,1,0,1,0,0,0,0,No
2018,April,26/4/18,15.21.00,Collision with vehicle,Thursday,No,Day,Other injury accident,60 km/hr,144.95552,-37.80371,Intersection,MELBOURNE,Metro,2,0,1,1,0,0,1,No
2018,April,26/4/18,09.25.00,Collision with object,Wednesday,No,Day,Other injury accident,100 km/hr,145.79886,-38.21923,Non-Intersection,BAW BAW,Country,1,0,1,0,0,0,1,No
2018,April,27/4/18,08.40.00,Collision with object,Friday,No,Unk.,Serious injury accident,50 km/hr,144.89835,-37.80596,Non-Intersection,MARIBYRNONG,Metro,1,0,1,0,0,0,0,No
2018,April,27/4/18,08.40.00,Vehicle overturned,Thursday,No,Day,Other injury accident,100 km/hr,145.10235,-37.52445,Non-Intersection,WHITTLESEA,Metro,2,0,0,2,0,0,1,No
2018,April,27/4/18,09.37.00,Struck pedestrian,Friday,No,Day,Serious injury accident,40 km/hr,145.07232,-37.66277,Non-Intersection,WHITTLESEA,Metro,2,0,0,1,0,0,1,No
2018,April,27/4/18,07.55.00,Collision with vehicle,Friday,No,Day,Other injury accident,80 km/hr,145.21598,-37.90254,Intersection,KNOX,Metro,4,0,2,2,0,0,0,Yes
2018,April,27/4/18,10.45.00,Collision with vehicle,Friday,No,Day,Serious injury accident,80 km/hr,145.39469,-37.72382,Non-Intersection,YARRA RANGES,Metro,3,0,1,2,1,0,0,No
2018,April,27/4/18,09.47.00,Collision with vehicle,Friday,No,Day,Other injury accident,60 km/hr,144.97959,-37.79168,Non-Intersection,YARRA RANGES,Metro,2,0,1,1,0,0,0,No
2018,April,27/4/18,07.40.00,Collision with vehicle,Friday,No,Day,Serious injury accident,70 km/hr,145.32422,-38.0145,Intersection,CASEY,Metro,2,0,1,1,0,0,1,No
2018,April,27/4/18,12.36.00,Collision with vehicle,Friday,No,Day,Other injury accident,60 km/hr,143.54833,-35.32676,Intersection,SWAN HILL,Country,2,0,1,1,0,0,1,No
2018,April,27/4/18,11.49.00,Collision with vehicle,Friday,No,Day,Other injury accident,70 km/hr,144.99001,-37.81755,Intersection,MELBOURNE,Metro,2,0,1,1,0,0,0,No
2018,April,27/4/18,10.00.00,Struck pedestrian,Friday,No,Day,Other injury accident,70 km/hr,144.3518,-38.15168,Intersection,GEELONG,Country,2,0,1,1,0,0,0,No
2018,April,27/4/18,08.00.00,Collision with vehicle,Friday,Yes,Day,Serious injury accident,100 km/hr,144.88295,-37.70989,Non-Intersection,BRIMBANK,Metro,4,0,1,2,1,0,0,No
2018,April,27/4/18,09.25.00,Struck pedestrian,Thursday,No,Day,Serious injury accident,60 km/hr,144.8966,-37.75471,Intersection,MOONEE VALLEY,Metro,3,0,0,3,1,0,0,No
2018,April,27/4/18,10.35.00,Collision with vehicle,Thursday,No,Day,Other injury accident,80 km/hr,144.82963,-37.82226,Intersection,HOBSONS BAY,Metro,3,0,2,1,0,0,0,No
2018,April,27/4/18,12.00.00,Vehicle overturned,Friday,No,Day,Serious injury accident,100 km/hr,144.35794,-37.48874,Non-Intersection,MOORABOOL,Country,1,0,1,0,0,0,0,No
2018,April,27/4/18,18.15.00,Struck pedestrian,Friday,No,Dark,Serious injury accident,60 km/hr,145.2273,-37.81753,Non-Intersection,MAROONDAH,Metro,2,0,2,0,0,0,0,No
2018,April,27/4/18,17.15.00,Collision with vehicle,Friday,No,Dusk/Dawn,Other injury accident,50 km/hr,144.97905,-37.85361,Non-Intersection,PORT PHILLIP,Metro,5,0,3,2,3,0,1,No
2018,April,27/4/18,18.10.00,Collision with vehicle,Friday,No,Dark,Other injury accident,60 km/hr,145.02155,-37.88913,Intersection,GLEN EIRA,Metro,2,0,2,0,0,0,0,No
2018,April,27/4/18,14.41.00,Collision with vehicle,Friday,No,Day,Other injury accident,50 km/hr,145.03966,-37.79199,Intersection,BOROONDARA,Metro,3,0,1,2,1,0,0,No
2018,April,27/4/18,18.35.00,Collision with vehicle,Friday,No,Dark,Other injury accident,80 km/hr,144.80581,-38.37857,Intersection,MORNINGTON PENINSULA,Metro,3,0,2,1,1,0,0,No
2018,April,27/4/18,18.28.00,Collision with vehicle,Thursday,No,Dark,Other injury accident,100 km/hr,144.8843,-37.70904,Non-Intersection,BRIMBANK,Metro,6,0,3,3,1,0,1,No
2018,April,27/4/18,16.25.00,Struck pedestrian,Friday,No,Day,Serious injury accident,40 km/hr,144.92875,-37.7855,Non-Intersection,MOONEE VALLEY,Metro,2,0,2,0,0,0,0,No
2018,April,27/4/18,17.40.00,No collision and no object struck,Friday,No,Dusk/Dawn,Serious injury accident,80 km/hr,145.12826,-38.23266,Intersection,MORNINGTON PENINSULA,Metro,1,0,1,0,0,0,0,No
2018,April,27/4/18,19.15.00,Struck pedestrian,Friday,No,Dark,Other injury accident,60 km/hr,145.12416,-37.81682,Non-Intersection,WHITEHORSE,Metro,2,0,1,1,0,0,1,No
2018,April,27/4/18,15.34.00,Collision with vehicle,Friday,No,Day,Serious injury accident,80 km/hr,145.31857,-38.15991,Intersection,CASEY,Metro,5,0,2,1,3,0,0,No
2018,April,27/4/18,18.43.00,No collision and no object struck,Thursday,No,Dark,Serious injury accident,60 km/hr,145.02999,-37.80084,Non-Intersection,BOROONDARA,Metro,1,0,1,0,0,0,0,No
2018,April,27/4/18,20.30.00,Collision with vehicle,Thursday,Yes,Dark,Serious injury accident,70 km/hr,145.02239,-37.69611,Intersection,DAREBIN,Metro,2,0,1,1,0,0,0,No
2018,April,27/4/18,20.15.00,Collision with vehicle,Thursday,No,Dark,Serious injury accident,70 km/hr,145.28688,-37.84158,Non-Intersection,KNOX,Metro,3,0,2,1,1,0,1,Yes
2018,April,27/4/18,22.40.00,Collision with vehicle,Thursday,No,Dark,Other injury accident,70 km/hr,144.79367,-37.72786,Intersection,BRIMBANK,Metro,2,0,2,0,0,0,2,No
2018,April,27/4/18,22.20.00,No collision and no object struck,Friday,No,Dark,Serious injury accident,80 km/hr,144.96133,-37.64515,Non-Intersection,HUME,Metro,1,0,1,0,0,0,1,No
2018,April,27/4/18,11.15.00,Vehicle overturned,Friday,No,Day,Serious injury accident,100 km/hr,147.62019,-37.64023,Intersection,EAST GIPPSLAND,Country,1,0,1,0,0,0,0,No
2018,April,27/4/18,17.10.00,Collision with object,Friday,No,Dark,Other injury accident,50 km/hr,145.23522,-37.8061,Non-Intersection,MAROONDAH,Metro,1,0,1,0,0,0,0,No
2018,April,27/4/18,21.12.00,Collision with object,Friday,No,Dark,Other injury accident,50 km/hr,145.21445,-37.97408,Non-Intersection,DANDENONG,Metro,1,0,1,0,0,0,0,Yes
2018,April,27/4/18,08.10.00,Collision with vehicle,Thursday,No,Day,Other injury accident,110 km/hr,145.95867,-38.16856,Non-Intersection,BAW BAW,Country,2,0,0,2,0,0,2,No
2018,April,27/4/18,13.20.00,Collision with vehicle,Friday,No,Day,Other injury accident,60 km/hr,145.07739,-37.81798,Intersection,BOROONDARA,Metro,3,0,0,2,1,0,0,No
2018,April,27/4/18,01.30.00,Collision with object,Thursday,No,Dark,Other injury accident,80 km/hr,145.33241,-37.86868,Non-Intersection,YARRA RANGES,Metro,2,0,2,0,1,0,1,No
2018,April,27/4/18,08.10.00,Collision with vehicle,Friday,No,Day,Other injury accident,60 km/hr,144.30272,-36.77743,Intersection,BENDIGO,Country,2,0,1,1,0,0,1,No
2018,April,27/4/18,09.20.00,Collision with vehicle,Friday,No,Day,Other injury accident,60 km/hr,142.19973,-36.71784,Intersection,HORSHAM,Country,2,0,0,2,0,0,0,No
2018,April,27/4/18,09.15.00,Collision with vehicle,Friday,No,Day,Other injury accident,40 km/hr,144.98984,-37.8683,Non-Intersection,PORT PHILLIP,Metro,2,0,2,0,0,0,0,No
2018,April,28/4/18,10.15.00,Collision with vehicle,Saturday,No,Day,Other injury accident,50 km/hr,144.25255,-36.71791,Intersection,BENDIGO,Country,5,0,1,4,3,0,0,No
2018,April,28/4/18,11.00.00,Collision with vehicle,Saturday,No,Day,Other injury accident,60 km/hr,145.24133,-37.80802,Intersection,MAROONDAH,Metro,6,0,2,3,2,0,1,No
2018,April,28/4/18,02.00.00,Collision with vehicle,Saturday,Yes,Dark,Other injury accident,50 km/hr,145.18961,-37.96417,Intersection,DANDENONG,Metro,4,0,4,0,2,0,2,No
2018,April,28/4/18,01.50.00,Collision with object,Saturday,No,Dark,Serious injury accident,70 km/hr,144.77655,-37.75914,Non-Intersection,BRIMBANK,Metro,1,0,0,1,0,0,0,No
2018,April,28/4/18,08.20.00,Collision with vehicle,Friday,No,Day,Other injury accident,40 km/hr,145.22249,-37.73559,Non-Intersection,NILLUMBIK,Metro,4,0,3,1,1,0,0,No
2018,April,28/4/18,08.40.00,Collision with vehicle,Saturday,No,Day,Other injury accident,50 km/hr,144.98887,-38.33171,Non-Intersection,MORNINGTON PENINSULA,Metro,2,0,1,1,0,0,0,No
2018,April,28/4/18,07.51.00,Collision with vehicle,Saturday,No,Day,Serious injury accident,80 km/hr,145.18065,-37.99976,Non-Intersection,DANDENONG,Metro,2,0,2,0,0,0,0,No
2018,April,28/4/18,11.00.00,Collision with vehicle,Saturday,No,Day,Other injury accident,60 km/hr,145.08283,-37.82423,Intersection,BOROONDARA,Metro,2,0,1,1,0,1,0,No
2018,April,28/4/18,11.10.00,Collision with vehicle,Saturday,No,Day,Other injury accident,80 km/hr,145.03732,-38.26484,Intersection,MORNINGTON PENINSULA,Metro,2,0,1,1,0,2,0,No
2018,April,28/4/18,12.35.00,Collision with vehicle,Saturday,No,Day,Other injury accident,70 km/hr,144.344,-38.10772,Non-Intersection,GEELONG,Country,2,0,2,0,0,0,0,No
2018,April,28/4/18,09.45.00,Collision with vehicle,Saturday,No,Day,Other injury accident,50 km/hr,144.84645,-37.86483,Non-Intersection,HOBSONS BAY,Metro,2,0,2,0,0,0,0,No
2018,April,28/4/18,13.00.00,Collision with vehicle,Saturday,No,Day,Other injury accident,100 km/hr,142.76847,-34.61266,Intersection,SWAN HILL,Country,6,0,2,1,4,0,1,No
2018,April,28/4/18,13.25.00,Collision with vehicle,Saturday,No,Day,Other injury accident,50 km/hr,144.28525,-36.75145,Intersection,BENDIGO,Country,3,0,2,1,1,0,0,No
2018,April,28/4/18,11.00.00,Collision with vehicle,Friday,No,Day,Serious injury accident,80 km/hr,143.69626,-38.66728,Non-Intersection,COLAC OTWAY,Country,5,0,2,0,3,0,1,No
2018,April,28/4/18,16.55.00,Collision with object,Saturday,No,Day,Other injury accident,70 km/hr,145.37989,-37.71751,Non-Intersection,YARRA RANGES,Metro,2,0,1,1,0,1,0,No
2018,April,28/4/18,17.20.00,Collision with vehicle,Saturday,No,Day,Serious injury accident,60 km/hr,144.41302,-38.03516,Non-Intersection,GEELONG,Country,2,0,2,0,0,0,1,No
2018,April,28/4/18,18.48.00,Collision with vehicle,Saturday,No,Dark,Other injury accident,80 km/hr,144.87667,-37.562,Intersection,HUME,Metro,5,0,2,3,3,0,2,No
2018,April,28/4/18,13.35.00,Collision with vehicle,Saturday,No,Day,Other injury accident,60 km/hr,144.95615,-37.84506,Intersection,PORT PHILLIP,Metro,2,0,1,1,0,0,0,No
2018,April,28/4/18,19.36.00,Collision with object,Saturday,No,Dark,Serious injury accident,90 km/hr,144.97801,-37.39753,Non-Intersection,MITCHELL,Country,4,0,3,1,1,0,1,No
2018,April,28/4/18,22.20.00,Collision with vehicle,Saturday,No,Dark,Other injury accident,60 km/hr,145.18569,-37.97441,Intersection,DANDENONG,Metro,4,0,3,1,2,0,1,No
2018,April,28/4/18,23.18.00,Collision with object,Saturday,No,Dark,Serious injury accident,50 km/hr,145.24851,-37.80689,Non-Intersection,MAROONDAH,Metro,1,0,1,0,0,0,0,Yes
2018,April,28/4/18,21.40.00,Struck pedestrian,Saturday,Yes,Dark,Other injury accident,60 km/hr,144.96172,-37.82456,Non-Intersection,MELBOURNE,Metro,2,0,1,1,0,0,0,No
2018,April,28/4/18,23.51.00,Collision with vehicle,Saturday,Yes,Dark,Other injury accident,80 km/hr,145.14268,-37.97991,Intersection,KINGSTON,Metro,2,0,1,0,0,0,0,No
2018,April,28/4/18,23.49.00,Vehicle overturned,Saturday,No,Dark,Serious injury accident,70 km/hr,145.11045,-37.75679,Non-Intersection,MANNINGHAM,Metro,1,0,1,0,0,0,0,No
2018,April,28/4/18,05.45.00,Collision with object,Friday,No,Dusk/Dawn,Other injury accident,80 km/hr,145.48888,-38.09819,Intersection,CARDINIA,Metro,1,0,1,0,0,0,1,No
2018,April,28/4/18,13.55.00,Collision with vehicle,Saturday,No,Day,Other injury accident,60 km/hr,145.0274,-37.63128,Non-Intersection,WHITTLESEA,Metro,2,0,2,0,0,0,1,No
2018,April,28/4/18,21.10.00,Collision with vehicle,Saturday,No,Dark,Serious injury accident,60 km/hr,144.86784,-37.78243,Non-Intersection,MARIBYRNONG,Metro,8,0,4,3,4,0,2,No
2018,April,28/4/18,16.25.00,Collision with vehicle,Saturday,No,Day,Other injury accident,80 km/hr,144.85493,-37.71819,Intersection,BRIMBANK,Metro,2,0,0,2,0,0,1,No
2018,April,28/4/18,12.30.00,Collision with vehicle,Saturday,Yes,Day,Serious injury accident,60 km/hr,145.21572,-37.69074,Non-Intersection,NILLUMBIK,Metro,4,0,2,1,1,0,0,No
2018,April,28/4/18,13.25.00,Collision with vehicle,Friday,No,Day,Other injury accident,40 km/hr,145.17563,-37.96685,Non-Intersection,DANDENONG,Metro,2,0,2,0,0,0,0,No
2018,April,28/4/18,14.40.00,No collision and no object struck,Saturday,No,Day,Other injury accident,40 km/hr,144.99921,-37.7684,Intersection,DAREBIN,Metro,1,0,1,0,0,0,0,No
2018,April,28/4/18,18.08.00,Collision with vehicle,Saturday,No,Dusk/Dawn,Other injury accident,70 km/hr,144.83337,-37.77766,Intersection,BRIMBANK,Metro,2,0,2,0,0,0,0,No