year,month,date,time,accident_type,day,hit_run,light_condition,severity,speed_zone,longitude,latitude,node_type,lga,state_div,total_persons,fatality,males,females,passengers,old_driver,young_driver,alcohol
2018,April,29/4/18,02.40.00,Struck pedestrian,,Yes,Dark,Serious injury accident,60 km/hr,144.34471,-38.18362,Non-Intersection,GEELONG,Country,2,0,2,0,0,0,0,No
2018,April,29/4/18,10.45.00,Collision with vehicle,Sunday,No,Day,Other injury accident,70 km/hr,144.82796,-37.77707,Non-Intersection,BRIMBANK,Metro,2,0,1,1,0,0,0,No
2018,April,29/4/18,11.40.00,Collision with vehicle,Sunday,No,Day,Other injury accident,80 km/hr,145.31872,-37.83556,Intersection,YARRA RANGES,Metro,5,0,3,2,2,0,0,No
2018,April,29/4/18,11.30.00,Collision with object,Sunday,No,Day,Other injury accident,80 km/hr,145.20327,-37.87675,Non-Intersection,KNOX,Metro,1,0,0,1,0,1,0,No
2018,April,29/4/18,11.55.00,Collision with vehicle,Sunday,No,Day,Serious injury accident,50 km/hr,143.97576,-38.54254,Intersection,SURF COAST,Country,5,0,1,4,2,1,1,No
2018,April,29/4/18,07.35.00,Collision with object,,No,Day,Other injury accident,60 km/hr,144.90976,-37.60119,Intersection,HUME,Metro,1,0,1,0,0,0,0,No
2018,April,29/4/18,14.54.00,Collision with vehicle,Sunday,No,Day,Other injury accident,50 km/hr,145.02514,-37.64963,Intersection,WHITTLESEA,Metro,3,0,1,2,1,0,1,No
2018,April,29/4/18,17.20.00,Struck pedestrian,,No,Day,Other injury accident,50 km/hr,145.02144,-37.94631,Non-Intersection,BAYSIDE,Metro,2,0,0,2,0,0,0,No
2018,April,29/4/18,16.12.00,Struck pedestrian,Sunday,No,Day,Fatal accident,60 km/hr,144.73248,-37.5663,Non-Intersection,HUME,Metro,2,1,1,1,0,0,0,Yes
2018,April,29/4/18,15.30.00,Struck pedestrian,Sunday,No,Day,Other injury accident,50 km/hr,145.51565,-37.65984,Intersection,YARRA RANGES,Metro,2,0,1,1,0,0,0,No
2018,April,29/4/18,22.25.00,Collision with vehicle,Sunday,No,Dark,Other injury accident,70 km/hr,145.0882,-37.89309,Intersection,MONASH,Metro,3,0,2,1,1,0,0,No
2018,April,29/4/18,21.30.00,Collision with vehicle,,No,Dark,Serious injury accident,110 km/hr,145.10285,-37.07748,Non-Intersection,MITCHELL,Country,9,0,3,6,7,0,0,No
2018,April,29/4/18,22.40.00,Collision with object,,No,Dark,Other injury accident,50 km/hr,145.27986,-37.80629,Non-Intersection,MAROONDAH,Metro,1,0,1,0,0,0,0,No
2018,April,29/4/18,17.30.00,Collision with vehicle,,No,Dusk/Dawn,Other injury accident,100 km/hr,145.18917,-37.93292,Non-Intersection,MONASH,Metro,5,0,3,1,3,0,0,No
2018,April,29/4/18,19.30.00,Collision with vehicle,Sunday,No,Day,Other injury accident,60 km/hr,144.98788,-37.83165,Non-Intersection,MELBOURNE,Metro,2,0,1,1,0,0,1,No
2018,April,29/4/18,21.45.00,Collision with object,,No,Dark,Other injury accident,60 km/hr,147.09045,-37.97298,Non-Intersection,WELLINGTON,Country,1,0,1,0,0,0,0,Yes
2018,April,29/4/18,23.35.00,No collision and no object struck,Sunday,No,Dark,Serious injury accident,100 km/hr,142.65126,-37.85616,Intersection,MOYNE,Country,1,0,1,0,0,0,1,No
2018,April,30/4/18,07.45.00,Collision with vehicle,Monday,No,Day,Other injury accident,60 km/hr,145.02905,-37.90255,Intersection,GLEN EIRA,Metro,2,0,0,2,0,0,1,No
2018,April,30/4/18,15.20.00,Collision with vehicle,Monday,No,Day,Other injury accident,60 km/hr,144.63816,-37.89642,Intersection,WYNDHAM,Metro,2,0,1,1,0,0,1,No
2018,April,30/4/18,01.26.00,Collision with object,Monday,No,Dark,Other injury accident,70 km/hr,145.25134,-38.02618,Non-Intersection,CASEY,Metro,1,0,1,0,0,0,1,No
2018,April,30/4/18,05.15.00,Collision with vehicle,Sunday,No,Dark,Other injury accident,100 km/hr,144.87719,-37.71455,Non-Intersection,BRIMBANK,Metro,2,0,2,0,0,0,0,No
2018,April,30/4/18,07.20.00,Collision with vehicle,Sunday,No,Day,Other injury accident,50 km/hr,145.08965,-38.00628,Intersection,KINGSTON,Metro,2,0,2,0,0,0,0,No
2018,April,30/4/18,08.23.00,Collision with object,Sunday,No,Day,Other injury accident,80 km/hr,143.62408,-38.34305,Intersection,COLAC OTWAY,Country,2,0,2,0,0,0,1,No
2018,April,30/4/18,06.50.00,Collision with vehicle,Monday,No,Day,Serious injury accident,100 km/hr,142.04504,-36.73899,Intersection,HORSHAM,Country,2,0,0,2,0,0,0,No
2018,April,30/4/18,08.50.00,Collision with vehicle,Sunday,No,Day,Other injury accident,80 km/hr,143.80546,-37.50687,Intersection,BALLARAT,Country,2,0,1,1,0,0,0,No
2018,April,30/4/18,07.55.00,Struck pedestrian,Monday,No,Day,Other injury accident,40 km/hr,144.54853,-37.71482,Non-Intersection,MELTON,Metro,2,0,0,2,0,0,0,No
2018,April,30/4/18,10.00.00,Collision with vehicle,Sunday,No,Day,Other injury accident,60 km/hr,144.359,-38.09269,Intersection,GEELONG,Country,2,0,2,0,0,0,0,No
2018,April,30/4/18,09.30.00,Collision with vehicle,Monday,No,Day,Other injury accident,60 km/hr,144.88185,-37.78809,Non-Intersection,MARIBYRNONG,Metro,2,0,2,0,0,0,0,No
2018,April,30/4/18,08.50.00,Collision with object,Monday,No,Day,Serious injury accident,80 km/hr,145.2001,-37.90817,Non-Intersection,MONASH,Metro,1,0,1,0,0,0,0,No
2018,April,30/4/18,12.20.00,Collision with vehicle,Sunday,No,Day,Other injury accident,50 km/hr,144.95147,-37.71956,Non-Intersection,MORELAND,Metro,1,0,0,1,0,0,0,No
2018,April,30/4/18,08.40.00,Collision with vehicle,Monday,No,Day,Other injury accident,60 km/hr,144.90674,-37.77217,Intersection,MOONEE VALLEY,Metro,2,0,1,1,0,0,0,No
2018,April,30/4/18,12.10.00,Collision with vehicle,Sunday,No,Day,Other injury accident,70 km/hr,144.35222,-38.17521,Intersection,GEELONG,Country,3,0,0,3,0,0,1,No
2018,April,30/4/18,16.30.00,Collision with vehicle,Monday,No,Day,Other injury accident,40 km/hr,144.95639,-37.81784,Intersection,MELBOURNE,Metro,2,0,0,2,0,0,0,No
2018,April,30/4/18,12.24.00,Struck pedestrian,Monday,No,Day,Serious injury accident,60 km/hr,144.91515,-37.70181,Non-Intersection,MORELAND,Metro,3,0,2,1,0,0,0,No
2018,April,30/4/18,08.30.00,Collision with vehicle,Sunday,No,Day,Other injury accident,80 km/hr,145.38648,-38.0559,Intersection,CARDINIA,Metro,5,0,2,3,2,0,0,No
2018,April,30/4/18,08.10.00,Collision with vehicle,Monday,No,Day,Serious injury accident,60 km/hr,144.99047,-37.77206,Intersection,DAREBIN,Metro,3,0,1,2,1,0,0,No
2018,April,30/4/18,14.15.00,Collision with vehicle,Sunday,No,Day,Serious injury accident,60 km/hr,144.24083,-36.7887,Intersection,BENDIGO,Country,3,0,2,1,1,1,0,No
2018,April,30/4/18,15.27.00,Struck pedestrian,Sunday,No,Day,Other injury accident,50 km/hr,144.91481,-37.72685,Non-Intersection,MOONEE VALLEY,Metro,2,0,1,1,0,0,0,No
2018,April,30/4/18,15.00.00,Collision with object,Monday,No,Day,Other injury accident,60 km/hr,144.27359,-36.7611,Intersection,BENDIGO,Country,1,0,1,0,0,0,0,No
2018,April,30/4/18,15.00.00,Collision with vehicle,Monday,No,Day,Other injury accident,60 km/hr,142.16054,-34.19516,Intersection,MILDURA,Country,2,0,2,0,0,0,0,No
2018,April,30/4/18,15.30.00,Collision with vehicle,Monday,No,Day,Other injury accident,60 km/hr,145.10368,-38.00726,Intersection,KINGSTON,Metro,2,0,0,2,0,1,1,No
2018,April,30/4/18,16.55.00,Collision with vehicle,Monday,No,Day,Other injury accident,60 km/hr,144.99001,-37.81755,Intersection,MELBOURNE,Metro,2,0,1,1,0,0,1,No
2018,April,30/4/18,19.15.00,Collision with vehicle,Monday,No,Dark,Serious injury accident,60 km/hr,144.25837,-36.74407,Intersection,BENDIGO,Country,3,0,2,1,1,0,0,No
2018,April,30/4/18,14.00.00,Collision with vehicle,Sunday,No,Day,Other injury accident,60 km/hr,144.31184,-36.72248,Intersection,BENDIGO,Country,4,0,2,2,2,0,1,No
2018,April,30/4/18,16.55.00,Collision with vehicle,Sunday,No,Dusk/Dawn,Other injury accident,70 km/hr,144.91256,-37.63854,Non-Intersection,HUME,Metro,2,0,1,1,0,0,0,No
2018,April,30/4/18,18.00.00,Collision with vehicle,Monday,No,Dark,Other injury accident,60 km/hr,144.9632,-37.82418,Intersection,MELBOURNE,Metro,2,0,2,0,0,0,0,No
2018,April,30/4/18,17.05.00,Collision with vehicle,Monday,No,Dusk/Dawn,Other injury accident,100 km/hr,147.60484,-37.85732,Non-Intersection,EAST GIPPSLAND,Country,4,0,1,2,1,0,1,No
2018,April,30/4/18,18.45.00,Collision with vehicle,Monday,Yes,Dark,Serious injury accident,60 km/hr,145.01857,-37.78319,Intersection,DAREBIN,Metro,2,0,1,0,0,0,0,No
2018,April,30/4/18,21.21.00,Collision with vehicle,Monday,No,Dark,Serious injury accident,60 km/hr,144.96466,-37.73239,Intersection,MORELAND,Metro,2,0,1,1,0,0,0,No
2018,April,30/4/18,23.15.00,Collision with object,Monday,No,Dark,Other injury accident,60 km/hr,143.88744,-38.40106,Non-Intersection,SURF COAST,Country,1,0,1,0,0,0,0,No
2018,April,30/4/18,18.46.00,Struck pedestrian,Sunday,Yes,Dark,Serious injury accident,40 km/hr,144.36237,-38.14885,Non-Intersection,GEELONG,Country,2,0,0,0,0,0,0,No
2018,April,30/4/18,15.45.00,Collision with vehicle,Sunday,No,Day,Serious injury accident,60 km/hr,144.62394,-37.88424,Non-Intersection,WYNDHAM,Metro,3,0,1,2,0,0,0,No
2018,April,30/4/18,11.00.00,No collision and no object struck,Monday,No,Day,Other injury accident,60 km/hr,144.94163,-37.78898,Non-Intersection,MELBOURNE,Metro,2,0,1,0,0,0,0,No
2018,April,30/4/18,19.30.00,Collision with vehicle,Sunday,No,Dark,Other injury accident,60 km/hr,144.88467,-37.78008,Intersection,MARIBYRNONG,Metro,4,0,1,3,1,0,1,No
2018,April,30/4/18,12.30.00,Collision with vehicle,Monday,No,Day,Other injury accident,70 km/hr,145.04898,-37.93469,Intersection,GLEN EIRA,Metro,2,0,1,0,0,0,0,No
2018,April,30/4/18,16.30.00,Collision with vehicle,Monday,No,Day,Other injury accident,60 km/hr,145.06292,-37.84671,Non-Intersection,BOROONDARA,Metro,2,0,1,1,0,0,0,No
2018,April,30/4/18,17.00.00,No collision and no object struck,Monday,No,Day,Other injury accident,40 km/hr,145.29149,-38.15242,Non-Intersection,CASEY,Metro,1,0,1,0,0,0,0,No
2018,April,30/4/18,08.20.00,Collision with vehicle,Sunday,No,Unk.,Serious injury accident,80 km/hr,145.05453,-37.96107,Non-Intersection,KINGSTON,Metro,2,0,1,1,0,0,0,No
2018,May,1/5/18,13.30.00,Collision with vehicle,Tuesday,No,Day,Other injury accident,80 km/hr,144.85013,-37.81646,Intersection,BRIMBANK,Metro,2,0,1,1,0,0,0,No
2018,May,1/5/18,11.30.00,Collision with vehicle,Tuesday,No,Day,Other injury accident,50 km/hr,144.72642,-37.58144,Non-Intersection,HUME,Metro,2,0,1,1,0,0,0,No
2018,May,1/5/18,04.15.00,Vehicle overturned,Monday,No,Dark,Other injury accident,80 km/hr,144.68129,-37.57664,Non-Intersection,HUME,Metro,2,0,2,0,1,0,1,No
2018,May,1/5/18,08.35.00,Collision with vehicle,Monday,No,Day,Other injury accident,60 km/hr,145.19421,-38.11626,Non-Intersection,FRANKSTON,Metro,2,0,1,1,0,0,0,No
2018,May,1/5/18,09.40.00,Vehicle overturned,Tuesday,No,Day,Other injury accident,60 km/hr,145.41355,-37.862,Non-Intersection,YARRA RANGES,Metro,2,0,2,0,1,0,0,No
2018,May,1/5/18,08.30.00,Collision with vehicle,Tuesday,No,Day,Serious injury accident,100 km/hr,141.55793,-38.30726,Intersection,GLENELG,Country,3,0,2,1,1,0,0,No
2018,May,1/5/18,10.15.00,Collision with vehicle,Monday,No,Day,Other injury accident,50 km/hr,144.25231,-36.72039,Intersection,BENDIGO,Country,2,0,0,2,0,0,0,No
2018,May,1/5/18,08.51.00,Collision with vehicle,Tuesday,No,Day,Other injury accident,80 km/hr,145.25404,-37.79788,Intersection,MAROONDAH,Metro,6,0,2,1,3,0,0,No
2018,May,1/5/18,12.30.00,Collision with vehicle,Tuesday,No,Day,Other injury accident,80 km/hr,141.59979,-38.32728,Intersection,GLENELG,Country,4,0,2,2,0,0,0,No
2018,May,1/5/18,08.47.00,Collision with vehicle,Tuesday,No,Day,Other injury accident,70 km/hr,142.44336,-38.35827,Intersection,WARRNAMBOOL,Country,2,0,0,2,0,0,0,No
2018,May,1/5/18,10.45.00,Collision with vehicle,Monday,No,Day,Serious injury accident,100 km/hr,142.89765,-37.33575,Non-Intersection,ARARAT,Country,2,0,2,0,0,0,0,No
2018,May,1/5/18,13.55.00,Collision with object,Tuesday,No,Day,Other injury accident,50 km/hr,143.89425,-37.42479,Intersection,HEPBURN,Country,1,0,0,1,0,0,0,No
2018,May,1/5/18,07.55.00,Collision with vehicle,Tuesday,No,Day,Serious injury accident,60 km/hr,144.69551,-37.83501,Intersection,WYNDHAM,Metro,2,0,0,2,0,0,1,No
2018,May,1/5/18,11.58.00,Collision with vehicle,Tuesday,No,Day,Fatal accident,80 km/hr,145.4859,-37.5799,Non-Intersection,YARRA RANGES,Metro,2,1,2,0,0,0,0,No
2018,May,1/5/18,14.08.00,Collision with vehicle,Monday,No,Day,Other injury accident,60 km/hr,145.1182,-37.7995,Non-Intersection,WHITEHORSE,Metro,5,0,4,1,2,0,1,No
2018,May,1/5/18,17.10.00,Collision with vehicle,Tuesday,No,Day,Other injury accident,50 km/hr,145.07705,-37.89882,Non-Intersection,MONASH,Metro,2,0,2,0,0,0,0,No
2018,May,1/5/18,19.00.00,Collision with vehicle,Tuesday,No,Dark,Other injury accident,60 km/hr,145.84591,-38.12824,Non-Intersection,BAW BAW,Country,1,0,1,0,0,0,0,No
2018,May,1/5/18,19.20.00,Struck pedestrian,Tuesday,No,Dark,Other injury accident,60 km/hr,145.08137,-37.83421,Intersection,BOROONDARA,Metro,3,0,1,2,1,0,0,No
2018,May,1/5/18,18.45.00,No collision and no object struck,Tuesday,No,Dark,Other injury accident,50 km/hr,146.43402,-38.21887,Non-Intersection,LATROBE,Country,3,0,1,0,1,0,1,No
2018,May,1/5/18,16.15.00,Collision with vehicle,Tuesday,No,Day,Serious injury accident,100 km/hr,145.03267,-37.57167,Non-Intersection,WHITTLESEA,Metro,2,0,2,0,0,0,0,No
2018,May,1/5/18,19.10.00,Collision with vehicle,Tuesday,No,Dark,Other injury accident,70 km/hr,144.74259,-37.75735,Non-Intersection,MELTON,Metro,2,0,1,1,0,0,1,No
2018,May,1/5/18,16.24.00,Collision with vehicle,Tuesday,No,Day,Serious injury accident,70 km/hr,144.59816,-37.67184,Non-Intersection,MELTON,Metro,2,0,2,0,0,0,1,No
2018,May,1/5/18,18.29.00,Collision with vehicle,Monday,No,Dark,Serious injury accident,100 km/hr,144.68525,-37.68577,Non-Intersection,MELTON,Metro,2,0,1,1,0,0,0,No
2018,May,1/5/18,20.46.00,Collision with vehicle,Tuesday,No,Dark,Other injury accident,60 km/hr,144.92223,-37.78252,Intersection,MOONEE VALLEY,Metro,2,0,2,0,0,0,1,No
2018,May,1/5/18,18.13.00,Collision with vehicle,Tuesday,No,Dark,Other injury accident,60 km/hr,144.70988,-37.57844,Non-Intersection,HUME,Metro,3,0,2,1,0,0,1,No
2018,May,1/5/18,12.30.00,Collision with vehicle,Tuesday,No,Day,Other injury accident,70 km/hr,145.09905,-37.91112,Intersection,MONASH,Metro,2,0,2,0,0,0,0,No
2018,May,1/5/18,08.55.00,Collision with vehicle,Tuesday,No,Day,Serious injury accident,50 km/hr,145.04712,-37.87541,Non-Intersection,STONNINGTON,Metro,2,0,0,2,0,0,2,No
2018,May,1/5/18,16.30.00,Collision with vehicle,Monday,No,Day,Other injury accident,40 km/hr,144.99388,-37.84846,Non-Intersection,STONNINGTON,Metro,3,0,2,1,1,0,0,No
2018,May,1/5/18,17.30.00,Collision with vehicle,Tuesday,No,Dark,Other injury accident,70 km/hr,144.352,-38.17425,Non-Intersection,GEELONG,Country,4,0,0,4,2,0,0,No
2018,May,1/5/18,17.00.00,Collision with vehicle,Tuesday,Yes,Day,Other injury accident,70 km/hr,144.78271,-37.81316,Non-Intersection,BRIMBANK,Metro,2,0,1,0,0,0,0,No
2018,May,2/5/18,18.30.00,Struck pedestrian,Tuesday,No,Dark,Other injury accident,60 km/hr,142.47624,-38.29106,Non-Intersection,MOYNE,Country,2,0,1,1,0,0,0,No
2018,May,2/5/18,05.30.00,Collision with vehicle,Tuesday,No,Dusk/Dawn,Other injury accident,80 km/hr,144.87907,-37.54977,Non-Intersection,HUME,Metro,2,0,2,0,0,0,2,No
2018,May,2/5/18,09.30.00,Collision with vehicle,Tuesday,No,Day,Serious injury accident,100 km/hr,145.23355,-38.10711,Intersection,FRANKSTON,Metro,2,0,1,1,0,0,2,No
2018,May,2/5/18,08.30.00,Collision with vehicle,Tuesday,No,Day,Other injury accident,70 km/hr,144.34359,-38.18858,Intersection,GEELONG,Country,2,0,0,2,0,0,0,No
2018,May,2/5/18,12.00.00,Collision with vehicle,Wednesday,No,Day,Other injury accident,60 km/hr,145.12315,-37.82164,Non-Intersection,WHITEHORSE,Metro,4,0,3,1,2,0,1,No
2018,May,2/5/18,12.40.00,Collision with object,Wednesday,No,Day,Other injury accident,60 km/hr,145.15445,-36.77979,Non-Intersection,STRATHBOGIE,Country,1,0,1,0,0,1,0,No
2018,May,2/5/18,11.25.00,Collision with vehicle,Wednesday,No,Day,Other injury accident,40 km/hr,144.33688,-38.13806,Non-Intersection,GEELONG,Country,2,0,1,1,0,1,0,No
2018,May,2/5/18,12.30.00,Collision with vehicle,Wednesday,No,Day,Other injury accident,60 km/hr,145.1426,-37.79324,Intersection,MANNINGHAM,Metro,2,0,1,1,0,1,0,No
2018,May,2/5/18,12.13.00,Collision with vehicle,Wednesday,No,Day,Other injury accident,80 km/hr,143.80593,-37.52077,Intersection,BALLARAT,Country,2,0,0,2,0,0,1,No
2018,May,2/5/18,11.05.00,Collision with vehicle,Wednesday,No,Day,Other injury accident,40 km/hr,144.96181,-37.8113,Intersection,MELBOURNE,Metro,2,0,2,0,0,0,0,No
2018,May,2/5/18,15.43.00,Collision with vehicle,Wednesday,No,Day,Other injury accident,80 km/hr,145.03572,-38.25621,Non-Intersection,MORNINGTON PENINSULA,Metro,4,0,1,3,0,0,0,No
2018,May,2/5/18,17.00.00,Collision with vehicle,Wednesday,No,Dusk/Dawn,Other injury accident,60 km/hr,145.50514,-37.65483,Intersection,YARRA RANGES,Metro,3,0,2,1,1,0,0,No
2018,May,2/5/18,15.30.00,Collision with vehicle,Wednesday,No,Day,Other injury accident,60 km/hr,144.9968,-37.71534,Intersection,DAREBIN,Metro,2,0,1,1,0,0,0,No
2018,May,2/5/18,18.50.00,Collision with vehicle,Tuesday,No,Dark,Other injury accident,60 km/hr,144.91686,-37.68661,Non-Intersection,HUME,Metro,3,0,2,1,1,0,1,No
2018,May,2/5/18,19.00.00,Collision with vehicle,Wednesday,No,Dark,Other injury accident,60 km/hr,145.13713,-37.82602,Intersection,WHITEHORSE,Metro,3,0,0,3,1,0,1,No
2018,May,2/5/18,15.56.00,Collision with vehicle,Wednesday,No,Day,Other injury accident,80 km/hr,145.13584,-38.16055,Intersection,FRANKSTON,Metro,3,0,1,2,1,1,0,No
2018,May,2/5/18,19.35.00,Struck animal,Tuesday,No,Dark,Serious injury accident,100 km/hr,144.63752,-37.60007,Non-Intersection,MELTON,Metro,1,0,1,0,0,0,0,No
2018,May,2/5/18,18.30.00,Collision with vehicle,Tuesday,No,Dark,Other injury accident,60 km/hr,145.20954,-37.93904,Non-Intersection,DANDENONG,Metro,3,0,2,1,0,0,0,No
2018,May,2/5/18,20.10.00,Collision with vehicle,Wednesday,Yes,Dark,Other injury accident,70 km/hr,145.06039,-37.69478,Intersection,BANYULE,Metro,5,0,1,2,3,0,0,No
2018,May,2/5/18,23.20.00,Collision with object,Wednesday,Not known,Dark,Fatal accident,80 km/hr,145.28679,-38.11786,Non-Intersection,CASEY,Metro,2,1,1,0,0,0,0,No
2018,May,2/5/18,16.59.00,Collision with vehicle,Wednesday,No,Day,Other injury accident,70 km/hr,144.715,-37.58918,Intersection,HUME,Metro,3,0,2,1,1,0,1,No
2018,May,2/5/18,18.00.00,Collision with vehicle,Wednesday,No,Dusk/Dawn,Other injury accident,60 km/hr,144.92635,-37.75871,Non-Intersection,MOONEE VALLEY,Metro,3,0,0,3,0,0,1,No
2018,May,3/5/18,21.00.00,Collision with vehicle,Thursday,No,Dark,Other injury accident,60 km/hr,144.70128,-37.87943,Intersection,WYNDHAM,Metro,2,0,1,1,0,0,0,No
2018,May,3/5/18,15.15.00,Collision with vehicle,Thursday,No,Day,Other injury accident,60 km/hr,145.06345,-38.21519,Intersection,MORNINGTON PENINSULA,Metro,2,0,0,2,0,0,0,No
2018,May,3/5/18,13.33.00,Collision with vehicle,Thursday,No,Day,Other injury accident,60 km/hr,145.12765,-38.14164,Intersection,FRANKSTON,Metro,2,0,0,2,0,0,0,No
2018,May,3/5/18,08.13.00,Collision with vehicle,Thursday,No,Day,Other injury accident,60 km/hr,144.99921,-37.78587,Intersection,YARRA RANGES,Metro,2,0,2,0,0,0,0,No
2018,May,3/5/18,17.34.00,Collision with vehicle,Thursday,No,Dark,Other injury accident,60 km/hr,144.87683,-37.85043,Non-Intersection,HOBSONS BAY,Metro,1,0,0,1,0,0,0,No
2018,May,3/5/18,16.40.00,Collision with vehicle,Thursday,No,Day,Other injury accident,40 km/hr,144.95848,-37.81628,Non-Intersection,MELBOURNE,Metro,3,0,3,0,0,0,0,No
2018,May,3/5/18,16.50.00,Collision with vehicle,Wednesday,No,Day,Other injury accident,60 km/hr,145.03047,-37.65965,Non-Intersection,WHITTLESEA,Metro,2,0,1,1,0,0,1,No
2018,May,3/5/18,16.00.00,Collision with vehicle,Thursday,No,Day,Other injury accident,40 km/hr,142.19626,-36.71089,Non-Intersection,HORSHAM,Country,2,0,1,1,0,0,0,No
2018,May,3/5/18,20.47.00,Collision with vehicle,Thursday,No,Dark,Other injury accident,40 km/hr,144.98482,-37.79902,Non-Intersection,YARRA RANGES,Metro,2,0,2,0,0,0,0,No
2018,May,3/5/18,18.37.00,Collision with vehicle,Wednesday,No,Dark,Other injury accident,60 km/hr,145.11289,-37.82772,Intersection,WHITEHORSE,Metro,2,0,1,1,0,0,0,No
2018,May,3/5/18,18.34.00,Collision with vehicle,Wednesday,No,Dark,Serious injury accident,80 km/hr,145.25631,-37.87591,Non-Intersection,KNOX,Metro,2,0,1,1,0,0,0,No
2018,May,3/5/18,20.20.00,Collision with vehicle,Thursday,No,Dark,Serious injury accident,60 km/hr,144.966,-37.75568,Intersection,MORELAND,Metro,2,0,1,1,0,0,0,No
2018,May,3/5/18,16.15.00,Collision with vehicle,Thursday,No,Day,Other injury accident,70 km/hr,145.00201,-37.69177,Intersection,WHITTLESEA,Metro,4,0,1,3,0,0,0,No
2018,May,3/5/18,19.13.00,Collision with vehicle,Wednesday,No,Dark,Other injury accident,80 km/hr,145.04439,-37.71445,Non-Intersection,DAREBIN,Metro,9,0,5,4,5,0,1,No
2018,May,3/5/18,15.23.00,Collision with vehicle,Thursday,No,Day,Other injury accident,60 km/hr,145.3158,-37.81236,Non-Intersection,YARRA RANGES,Metro,4,0,2,2,2,1,0,No
2018,May,3/5/18,21.50.00,Collision with object,Thursday,No,Dark,Serious injury accident,60 km/hr,144.24208,-36.7248,Intersection,BENDIGO,Country,1,0,1,0,0,0,1,No
2018,May,3/5/18,06.30.00,Collision with object,Thursday,No,Dusk/Dawn,Other injury accident,100 km/hr,143.08239,-37.32919,Non-Intersection,ARARAT,Country,1,0,1,0,0,0,0,No
2018,May,3/5/18,17.53.00,Collision with vehicle,Thursday,No,Dark,Other injury accident,80 km/hr,144.31791,-36.69597,Intersection,BENDIGO,Country,2,0,1,1,0,0,1,No
2018,May,3/5/18,17.00.00,Collision with vehicle,Wednesday,No,Day,Other injury accident,50 km/hr,144.29985,-36.74021,Intersection,BENDIGO,Country,2,0,1,1,0,0,0,No
2018,May,3/5/18,22.00.00,Collision with vehicle,Thursday,No,Dark,Other injury accident,60 km/hr,144.9234,-37.76475,Non-Intersection,MOONEE VALLEY,Metro,5,0,0,2,0,0,1,No
2018,May,3/5/18,14.15.00,Collision with vehicle,Thursday,No,Day,Other injury accident,60 km/hr,146.55011,-38.20896,Intersection,LATROBE,Country,2,0,1,1,0,0,0,No
2018,May,3/5/18,08.30.00,Other accident,Thursday,Not known,Day,Other injury accident,60 km/hr,144.93304,-37.78177,Non-Intersection,MOONEE VALLEY,Metro,1,0,1,0,0,0,0,No
2018,May,3/5/18,09.38.00,Collision with object,Thursday,No,Day,Other injury accident,100 km/hr,144.63582,-37.92722,Non-Intersection,WYNDHAM,Metro,1,0,1,0,0,0,0,No
2018,May,3/5/18,16.00.00,Collision with vehicle,Wednesday,No,Day,Other injury accident,40 km/hr,144.96407,-37.81622,Intersection,MELBOURNE,Metro,3,0,0,3,1,0,0,No
2018,May,3/5/18,11.00.00,Collision with vehicle,Wednesday,No,Day,Other injury accident,100 km/hr,145.03198,-36.53487,Non-Intersection,CAMPASPE,Country,3,0,2,1,1,1,0,No
2018,May,3/5/18,00.00.00,No collision and no object struck,Thursday,No,Dark,Other injury accident,110 km/hr,146.29087,-36.4041,Non-Intersection,WANGARATTA,Country,1,0,1,0,0,0,0,No
2018,May,3/5/18,00.40.00,Collision with object,Thursday,No,Dark,Other injury accident,110 km/hr,146.29993,-38.20501,Non-Intersection,LATROBE,Country,1,0,1,0,0,0,0,Yes
2018,May,3/5/18,06.20.00,Collision with vehicle,Thursday,No,Dusk/Dawn,Other injury accident,60 km/hr,144.99271,-37.86161,Non-Intersection,PORT PHILLIP,Metro,2,0,1,1,0,0,0,No
2018,May,3/5/18,09.12.00,Vehicle overturned,Thursday,No,Day,Serious injury accident,60 km/hr,145.03295,-37.83583,Non-Intersection,BOROONDARA,Metro,1,0,0,1,0,0,0,No
2018,May,3/5/18,08.50.00,Collision with vehicle,Thursday,Yes,Day,Other injury accident,60 km/hr,145.58092,-38.58882,Intersection,BASS COAST,Country,2,0,0,1,0,0,0,No
2018,May,3/5/18,08.55.00,Collision with vehicle,Wednesday,No,Day,Other injury accident,80 km/hr,145.23736,-37.86494,Intersection,KNOX,Metro,4,0,4,0,2,0,0,No
2018,May,3/5/18,09.30.00,Collision with vehicle,Wednesday,No,Day,Other injury accident,100 km/hr,144.90114,-37.69566,Non-Intersection,MORELAND,Metro,2,0,1,1,0,0,0,No
2018,May,3/5/18,08.40.00,Collision with vehicle,Wednesday,No,Day,Other injury accident,60 km/hr,143.83092,-37.5898,Intersection,BALLARAT,Country,2,0,1,1,0,0,0,No
2018,May,3/5/18,10.15.00,Collision with vehicle,Thursday,No,Day,Serious injury accident,40 km/hr,145.00515,-37.73138,Intersection,DAREBIN,Metro,2,0,2,0,0,0,0,No
2018,May,3/5/18,10.45.00,Collision with object,Wednesday,No,Day,Other injury accident,110 km/hr,145.30207,-36.86356,Non-Intersection,STRATHBOGIE,Country,1,0,1,0,0,0,0,No
2018,May,3/5/18,09.36.00,Collision with vehicle,Thursday,No,Day,Other injury accident,60 km/hr,144.56755,-37.68758,Intersection,MELTON,Metro,2,0,1,1,0,1,0,No
2018,May,3/5/18,11.50.00,Struck pedestrian,Wednesday,No,Day,Other injury accident,50 km/hr,145.41245,-36.38398,Non-Intersection,SHEPPARTON,Country,2,0,2,0,0,0,0,No
2018,May,3/5/18,12.40.00,Collision with vehicle,Thursday,No,Day,Other injury accident,60 km/hr,144.99933,-37.63479,Off Road,WHITTLESEA,Metro,3,0,3,0,1,0,0,No