year,month,date,time,accident_type,day,hit_run,light_condition,severity,speed_zone,longitude,latitude,node_type,lga,state_div,total_persons,fatality,males,females,passengers,old_driver,young_driver,alcohol
2018,May,3/5/18,14.35.00,Collision with object,Thursday,No,Day,Other injury accident,100 km/hr,141.69085,-38.05492,Non-Intersection,GLENELG,Country,2,0,2,0,1,0,0,No
2018,May,4/5/18,10.20.00,Collision with vehicle,Thursday,No,Day,Other injury accident,60 km/hr,144.79133,-37.75789,Non-Intersection,BRIMBANK,Metro,2,0,1,1,0,0,1,No
2018,May,4/5/18,15.00.00,Collision with vehicle,Friday,No,Day,Other injury accident,80 km/hr,145.17444,-37.82641,Intersection,WHITEHORSE,Metro,3,0,1,2,1,0,0,No
2018,May,4/5/18,02.45.00,Collision with vehicle,Thursday,Yes,Dark,Serious injury accident,80 km/hr,144.44494,-38.18448,Non-Intersection,GEELONG,Country,2,0,1,0,0,0,0,No
2018,May,4/5/18,06.00.00,Collision with vehicle,Friday,No,Dark,Other injury accident,60 km/hr,144.96201,-37.71486,Intersection,MORELAND,Metro,3,0,2,1,1,0,0,No
2018,May,4/5/18,06.45.00,Collision with object,Friday,No,Day,Other injury accident,60 km/hr,145.1532,-38.06695,Intersection,DANDENONG,Metro,1,0,0,1,0,0,1,No
2018,May,4/5/18,07.15.00,Collision with vehicle,Friday,No,Day,Other injury accident,60 km/hr,144.92688,-37.77263,Non-Intersection,MOONEE VALLEY,Metro,3,0,3,0,1,0,1,No
2018,May,4/5/18,07.20.00,Collision with vehicle,Thursday,No,Day,Other injury accident,60 km/hr,145.27447,-37.78086,Off Road,MAROONDAH,Metro,2,0,2,0,0,0,1,No
2018,May,4/5/18,08.55.00,Collision with vehicle,Friday,No,Day,Other injury accident,60 km/hr,145.00812,-37.74315,Intersection,DAREBIN,Metro,5,0,1,4,3,0,0,No
2018,May,4/5/18,07.30.00,Struck pedestrian,Friday,No,Day,Other injury accident,60 km/hr,145.03785,-37.82291,Non-Intersection,BOROONDARA,Metro,2,0,1,1,0,0,0,No
2018,May,4/5/18,08.20.00,Collision with object,Friday,No,Day,Serious injury accident,100 km/hr,141.62627,-38.25386,Non-Intersection,GLENELG,Country,1,0,1,0,0,0,0,No
2018,May,4/5/18,09.30.00,Vehicle overturned,Thursday,No,Day,Serious injury accident,80 km/hr,143.85458,-37.37247,Non-Intersection,BALLARAT,Country,1,0,1,0,0,0,1,No
2018,May,4/5/18,07.00.00,Collision with object,Friday,No,Day,Serious injury accident,60 km/hr,145.40412,-37.87278,Non-Intersection,YARRA RANGES,Metro,1,0,0,1,0,0,0,No
2018,May,4/5/18,08.30.00,Collision with vehicle,Friday,No,Day,Other injury accident,60 km/hr,144.9786,-37.80831,Intersection,YARRA RANGES,Metro,2,0,0,2,0,0,0,No
2018,May,4/5/18,09.06.00,Collision with vehicle,Friday,No,Day,Other injury accident,50 km/hr,144.81006,-37.79991,Intersection,BRIMBANK,Metro,2,0,1,1,0,0,0,No
2018,May,4/5/18,09.20.00,Struck pedestrian,Thursday,No,Day,Other injury accident,80 km/hr,145.16923,-37.86202,Intersection,WHITEHORSE,Metro,2,0,1,1,0,0,0,No
2018,May,4/5/18,12.45.00,Collision with object,Thursday,No,Day,Serious injury accident,100 km/hr,145.95341,-38.56257,Non-Intersection,SOUTH GIPPSLAND,Country,2,0,1,1,1,1,0,No
2018,May,4/5/18,16.20.00,Collision with object,Friday,No,Dusk/Dawn,Other injury accident,40 km/hr,146.41808,-38.22619,Non-Intersection,LATROBE,Country,1,0,1,0,0,0,0,No
2018,May,4/5/18,09.30.00,Vehicle overturned,Thursday,No,Day,Serious injury accident,80 km/hr,144.24975,-37.71789,Non-Intersection,MOORABOOL,Country,3,0,2,1,2,0,0,No
2018,May,4/5/18,15.10.00,Collision with vehicle,Friday,No,Day,Serious injury accident,80 km/hr,145.31921,-38.15768,Non-Intersection,CASEY,Metro,2,0,1,1,0,0,0,No
2018,May,4/5/18,05.23.00,Collision with vehicle,Thursday,No,Dark,Serious injury accident,80 km/hr,146.48698,-38.18893,Intersection,LATROBE,Country,3,0,3,0,1,0,0,No
2018,May,4/5/18,13.55.00,Collision with object,Friday,No,Day,Other injury accident,80 km/hr,145.35127,-37.99078,Non-Intersection,CASEY,Metro,1,0,0,1,0,0,1,No
2018,May,4/5/18,16.50.00,Collision with vehicle,Friday,No,Day,Other injury accident,70 km/hr,145.2973,-38.04879,Non-Intersection,CASEY,Metro,4,0,1,3,1,0,1,No
2018,May,4/5/18,14.34.00,Collision with vehicle,Friday,No,Day,Other injury accident,50 km/hr,144.88195,-37.68429,Non-Intersection,HUME,Metro,3,0,0,2,0,0,0,No
2018,May,4/5/18,19.20.00,Collision with vehicle,Friday,No,Day,Other injury accident,50 km/hr,144.28034,-36.76131,Intersection,BENDIGO,Country,2,0,1,1,0,0,1,No
2018,May,4/5/18,18.37.00,Collision with vehicle,Thursday,No,Dark,Other injury accident,70 km/hr,145.37483,-38.05141,Intersection,CARDINIA,Metro,3,0,2,1,1,0,0,No
2018,May,4/5/18,17.49.00,Struck pedestrian,Thursday,No,Dark,Other injury accident,60 km/hr,144.86223,-37.74909,Non-Intersection,MOONEE VALLEY,Metro,2,0,0,2,0,0,0,No
2018,May,4/5/18,21.03.00,Collision with vehicle,Thursday,No,Dark,Other injury accident,60 km/hr,144.27058,-36.76347,Intersection,BENDIGO,Country,2,0,0,2,0,0,1,No
2018,May,4/5/18,17.30.00,Collision with vehicle,Thursday,No,Dusk/Dawn,Serious injury accident,100 km/hr,145.10004,-37.88551,Non-Intersection,MONASH,Metro,3,0,1,2,1,0,0,No
2018,May,4/5/18,20.27.00,Collision with vehicle,Friday,No,Dark,Other injury accident,60 km/hr,144.97486,-37.79806,Non-Intersection,MELBOURNE,Metro,5,0,2,2,1,0,1,No
2018,May,4/5/18,05.30.00,Struck animal,Thursday,No,Dark,Other injury accident,100 km/hr,143.90982,-37.01475,Non-Intersection,MOUNT ALEXANDER,Country,1,0,0,1,0,0,1,No
2018,May,4/5/18,18.35.00,Collision with vehicle,Friday,No,Dark,Other injury accident,80 km/hr,145.2524,-38.10937,Intersection,CASEY,Metro,2,0,1,1,0,0,1,No
2018,May,4/5/18,14.45.00,Collision with object,Friday,No,Day,Other injury accident,60 km/hr,145.23942,-37.9877,Intersection,CASEY,Metro,1,0,0,1,0,0,1,No
2018,May,5/5/18,14.45.00,Collision with vehicle,Saturday,No,Day,Other injury accident,50 km/hr,144.94761,-37.81104,Non-Intersection,MELBOURNE,Metro,3,0,2,1,1,0,0,No
2018,May,5/5/18,18.40.00,Collision with vehicle,Saturday,No,Dark,Other injury accident,70 km/hr,144.99213,-37.80499,Intersection,YARRA RANGES,Metro,4,0,3,1,0,0,1,No
2018,May,5/5/18,03.37.00,Vehicle overturned,Friday,No,Dark,Serious injury accident,80 km/hr,145.15485,-38.35363,Non-Intersection,MORNINGTON PENINSULA,Metro,2,0,2,0,1,0,1,No
2018,May,5/5/18,08.30.00,Collision with vehicle,Friday,No,Day,Other injury accident,50 km/hr,145.36924,-37.88489,Intersection,YARRA RANGES,Metro,2,0,1,1,0,0,1,No
2018,May,5/5/18,02.30.00,No collision and no object struck,Saturday,No,Dark,Fatal accident,80 km/hr,145.41645,-37.55996,Non-Intersection,YARRA RANGES,Metro,2,1,0,2,1,0,0,No
2018,May,5/5/18,09.00.00,Collision with vehicle,Friday,No,Day,Other injury accident,60 km/hr,144.35805,-38.15928,Intersection,GEELONG,Country,4,0,1,3,2,0,1,No
2018,May,5/5/18,07.25.00,Collision with vehicle,Saturday,No,Day,Other injury accident,60 km/hr,143.86632,-37.56616,Intersection,BALLARAT,Country,2,0,2,0,0,0,0,No
2018,May,5/5/18,07.40.00,Collision with object,Saturday,No,Dusk/Dawn,Other injury accident,100 km/hr,141.72536,-37.60299,Non-Intersection,SOUTHERN GRAMPIANS,Country,2,0,1,1,1,0,0,No
2018,May,5/5/18,11.45.00,Collision with vehicle,Saturday,No,Day,Serious injury accident,80 km/hr,144.2033,-37.59005,Intersection,MOORABOOL,Country,5,0,2,3,3,1,0,No
2018,May,5/5/18,11.00.00,Collision with vehicle,Saturday,No,Day,Other injury accident,60 km/hr,144.77016,-37.80464,Intersection,BRIMBANK,Metro,4,0,2,2,1,0,1,No
2018,May,5/5/18,07.50.00,No collision and no object struck,Saturday,No,Day,Other injury accident,60 km/hr,145.38125,-37.81114,Non-Intersection,YARRA RANGES,Metro,1,0,0,1,0,0,0,No
2018,May,5/5/18,12.00.00,Collision with vehicle,Saturday,No,Day,Other injury accident,80 km/hr,144.24063,-36.80946,Non-Intersection,BENDIGO,Country,10,0,2,8,7,0,2,No
2018,May,5/5/18,14.00.00,Collision with vehicle,Saturday,No,Day,Other injury accident,50 km/hr,145.15809,-37.87862,Non-Intersection,MONASH,Metro,2,0,1,1,0,0,0,No
2018,May,5/5/18,14.15.00,Collision with object,Friday,No,Day,Serious injury accident,100 km/hr,145.6884,-38.42141,Non-Intersection,BASS COAST,Country,1,0,1,0,0,0,0,No
2018,May,5/5/18,14.16.00,Collision with vehicle,Saturday,No,Day,Other injury accident,100 km/hr,145.68834,-38.42147,Non-Intersection,BASS COAST,Country,1,0,1,0,0,0,0,No
2018,May,5/5/18,15.43.00,Collision with object,Saturday,No,Day,Serious injury accident,100 km/hr,147.09395,-36.71756,Non-Intersection,ALPINE,Country,1,0,1,0,0,0,0,No
2018,May,5/5/18,18.38.00,Struck pedestrian,Saturday,No,Dark,Other injury accident,60 km/hr,145.30482,-38.01476,Non-Intersection,CASEY,Metro,2,0,1,1,0,0,0,No
2018,May,5/5/18,14.20.00,No collision and no object struck,Saturday,No,Day,Serious injury accident,100 km/hr,144.55556,-37.48075,Non-Intersection,MACEDON RANGES,Country,1,0,1,0,0,0,0,No
2018,May,5/5/18,17.45.00,Collision with vehicle,Friday,No,Dark,Other injury accident,60 km/hr,145.2861,-37.85401,Intersection,KNOX,Metro,4,0,2,1,2,0,0,No
2018,May,5/5/18,18.40.00,Collision with vehicle,Saturday,No,Dark,Serious injury accident,110 km/hr,145.24075,-36.90837,Intersection,STRATHBOGIE,Country,5,0,3,2,3,0,1,No
2018,May,5/5/18,11.09.00,Collision with vehicle,Saturday,No,Day,Other injury accident,40 km/hr,144.99813,-37.77365,Non-Intersection,DAREBIN,Metro,2,0,0,2,0,0,0,No
2018,May,5/5/18,03.00.00,Vehicle overturned,Friday,No,Dark,Serious injury accident,100 km/hr,146.70488,-36.30022,Non-Intersection,INDIGO,Country,1,0,1,0,0,0,0,No
2018,May,5/5/18,17.50.00,Collision with vehicle,Saturday,No,Dark,Other injury accident,60 km/hr,145.19443,-37.82565,Non-Intersection,WHITEHORSE,Metro,2,0,0,2,0,0,1,No
2018,May,5/5/18,14.03.00,Collision with vehicle,Saturday,No,Day,Fatal accident,50 km/hr,145.00165,-37.75229,Intersection,DAREBIN,Metro,2,1,1,1,0,0,0,No
2018,May,5/5/18,15.50.00,Collision with vehicle,Friday,No,Day,Other injury accident,50 km/hr,144.98645,-37.88469,Intersection,PORT PHILLIP,Metro,2,0,1,1,0,0,1,No
2018,May,5/5/18,06.14.00,No collision and no object struck,Saturday,No,Dark,Other injury accident,60 km/hr,145.08045,-37.72399,Non-Intersection,BANYULE,Metro,1,0,1,0,0,0,0,No
2018,May,5/5/18,22.50.00,Collision with object,Friday,No,Dark,Other injury accident,50 km/hr,145.35567,-37.8608,Non-Intersection,YARRA RANGES,Metro,2,0,1,1,1,0,1,No
2018,May,5/5/18,18.05.00,Collision with vehicle,Saturday,No,Dark,Fatal accident,80 km/hr,143.11533,-36.90533,Intersection,NORTHERN GRAMPIANS,Country,5,4,0,5,3,1,0,No
2018,May,5/5/18,22.30.00,Collision with object,Saturday,No,Dark,Fatal accident,80 km/hr,146.94224,-36.72097,Non-Intersection,ALPINE,Country,1,1,1,0,0,0,0,No
2018,May,5/5/18,16.00.00,Vehicle overturned,Friday,No,Day,Other injury accident,100 km/hr,144.93088,-36.29826,Non-Intersection,CAMPASPE,Country,1,0,1,0,0,0,0,No
2018,May,5/5/18,11.40.00,Collision with vehicle,Saturday,No,Day,Other injury accident,60 km/hr,144.73142,-37.57685,Intersection,HUME,Metro,2,0,0,2,0,0,0,No
2018,May,5/5/18,12.10.00,Collision with vehicle,Friday,No,Day,Other injury accident,40 km/hr,144.96136,-37.81032,Intersection,MELBOURNE,Metro,3,0,3,0,1,0,0,No
2018,May,5/5/18,23.55.00,Collision with object,Saturday,No,Dark,Other injury accident,50 km/hr,145.07018,-37.60714,Non-Intersection,WHITTLESEA,Metro,2,0,1,1,1,0,0,No
2018,May,5/5/18,12.40.00,Collision with vehicle,Friday,Yes,Day,Other injury accident,40 km/hr,144.95236,-37.76307,Non-Intersection,MORELAND,Metro,2,0,1,0,0,0,0,No
2018,May,5/5/18,03.57.00,Collision with vehicle,Saturday,No,Dark,Other injury accident,50 km/hr,142.78486,-37.05695,Non-Intersection,NORTHERN GRAMPIANS,Country,2,0,2,0,0,0,0,No
2018,May,5/5/18,10.45.00,Collision with vehicle,Saturday,No,Day,Other injury accident,70 km/hr,145.07731,-37.95056,Non-Intersection,KINGSTON,Metro,2,0,2,0,0,1,0,No
2018,May,6/5/18,12.15.00,No collision and no object struck,Sunday,No,Day,Serious injury accident,80 km/hr,144.40281,-38.27395,Non-Intersection,GEELONG,Country,1,0,1,0,0,0,0,No
2018,May,6/5/18,00.40.00,Collision with object,Sunday,No,Dark,Other injury accident,60 km/hr,144.42415,-37.66104,Intersection,MOORABOOL,Country,3,0,1,0,1,0,0,No
2018,May,6/5/18,02.30.00,Collision with object,,No,Dark,Other injury accident,90 km/hr,145.48883,-37.77575,Non-Intersection,YARRA RANGES,Metro,2,0,0,2,1,0,1,No
2018,May,6/5/18,02.35.00,Collision with object,Sunday,No,Dark,Fatal accident,100 km/hr,145.05746,-37.39043,Non-Intersection,MITCHELL,Country,5,1,4,1,4,0,1,No
2018,May,6/5/18,01.45.00,Collision with object,Sunday,No,Dark,Serious injury accident,50 km/hr,144.5691,-38.17088,Non-Intersection,GEELONG,Country,3,0,3,0,2,0,1,No
2018,May,6/5/18,07.08.00,Collision with vehicle,,Yes,Day,Other injury accident,100 km/hr,145.00754,-37.68623,Non-Intersection,WHITTLESEA,Metro,2,0,1,1,0,0,1,No
2018,May,6/5/18,08.59.00,Collision with object,,No,Day,Other injury accident,100 km/hr,143.58911,-37.0722,Non-Intersection,CENTRAL GOLDFIELDS,Country,2,0,2,0,0,0,0,No
2018,May,6/5/18,11.00.00,Collision with vehicle,Sunday,No,Day,Serious injury accident,60 km/hr,144.35854,-38.07615,Intersection,GEELONG,Country,3,0,2,1,1,0,1,No
2018,May,6/5/18,11.30.00,Collision with vehicle,Sunday,No,Day,Other injury accident,60 km/hr,145.07994,-37.65611,Intersection,WHITTLESEA,Metro,7,0,2,4,5,0,0,No
2018,May,6/5/18,12.00.00,Collision with vehicle,,No,Day,Other injury accident,60 km/hr,145.01296,-37.89664,Non-Intersection,GLEN EIRA,Metro,2,0,1,1,0,0,0,No
2018,May,6/5/18,11.10.00,Collision with vehicle,Sunday,Yes,Day,Other injury accident,60 km/hr,143.85827,-37.56715,Intersection,BALLARAT,Country,4,0,2,2,2,0,0,No
2018,May,6/5/18,14.30.00,Collision with vehicle,Sunday,No,Day,Other injury accident,80 km/hr,145.09025,-37.89335,Non-Intersection,MONASH,Metro,5,0,3,2,2,0,0,No
2018,May,6/5/18,12.00.00,Struck pedestrian,Sunday,No,Day,Fatal accident,60 km/hr,144.83737,-37.72071,Non-Intersection,BRIMBANK,Metro,2,1,2,0,0,0,0,No
2018,May,6/5/18,12.58.00,No collision and no object struck,,Yes,Day,Serious injury accident,50 km/hr,146.42816,-38.22348,Non-Intersection,LATROBE,Country,2,0,1,1,0,0,0,No
2018,May,6/5/18,16.42.00,Collision with vehicle,Sunday,No,Day,Other injury accident,60 km/hr,143.83935,-37.45086,Non-Intersection,BALLARAT,Country,5,0,2,3,3,1,0,No
2018,May,6/5/18,18.35.00,Struck pedestrian,Sunday,No,Dark,Serious injury accident,70 km/hr,145.16982,-37.77267,Intersection,MANNINGHAM,Metro,2,0,1,1,0,0,1,No
2018,May,6/5/18,19.35.00,Collision with vehicle,Sunday,No,Dark,Other injury accident,60 km/hr,146.87039,-36.11602,Non-Intersection,WODONGA,Country,2,0,2,0,0,0,0,Yes
2018,May,6/5/18,14.50.00,Collision with vehicle,Sunday,No,Day,Other injury accident,100 km/hr,145.38286,-37.70082,Non-Intersection,YARRA RANGES,Metro,5,0,3,2,1,0,0,No
2018,May,6/5/18,13.15.00,Collision with vehicle,Sunday,No,Day,Other injury accident,60 km/hr,144.96332,-37.72148,Non-Intersection,MORELAND,Metro,4,0,2,1,2,0,0,No
2018,May,6/5/18,13.00.00,Collision with vehicle,Sunday,No,Day,Other injury accident,50 km/hr,142.50492,-38.39317,Intersection,WARRNAMBOOL,Country,5,0,4,1,2,0,0,No
2018,May,6/5/18,12.30.00,Fall from or in moving vehicle,,No,Unk.,Serious injury accident,60 km/hr,145.11682,-37.77547,Intersection,MANNINGHAM,Metro,2,0,1,1,1,0,0,No
2018,May,7/5/18,12.30.00,Collision with vehicle,Monday,No,Day,Other injury accident,60 km/hr,144.96767,-37.83346,Intersection,PORT PHILLIP,Metro,3,0,1,2,1,0,0,No
2018,May,7/5/18,01.15.00,Collision with object,Monday,No,Dark,Serious injury accident,80 km/hr,144.75825,-37.63437,Non-Intersection,HUME,Metro,1,0,1,0,0,0,1,No
2018,May,7/5/18,08.51.00,Collision with vehicle,Monday,No,Day,Other injury accident,60 km/hr,144.98567,-37.79081,Intersection,YARRA RANGES,Metro,2,0,2,0,0,0,0,No
2018,May,7/5/18,09.09.00,Collision with vehicle,Monday,No,Day,Other injury accident,50 km/hr,144.92122,-37.72131,Intersection,MORELAND,Metro,2,0,2,0,0,0,0,No
2018,May,7/5/18,10.15.00,Collision with vehicle,Sunday,No,Day,Other injury accident,60 km/hr,145.08366,-37.91779,Non-Intersection,MONASH,Metro,3,0,1,2,0,0,0,No
2018,May,7/5/18,11.12.00,Collision with vehicle,Monday,No,Day,Other injury accident,60 km/hr,142.14797,-34.18759,Non-Intersection,MILDURA,Country,3,0,1,2,1,0,1,No
2018,May,7/5/18,08.40.00,Collision with vehicle,Sunday,No,Day,Other injury accident,60 km/hr,144.47426,-38.1875,Intersection,GEELONG,Country,2,0,2,0,0,0,0,No
2018,May,7/5/18,13.30.00,Collision with object,Monday,No,Day,Other injury accident,60 km/hr,147.99783,-37.87645,Non-Intersection,EAST GIPPSLAND,Country,1,0,1,0,0,0,0,No
2018,May,7/5/18,09.00.00,Struck pedestrian,Sunday,No,Day,Other injury accident,40 km/hr,145.04646,-37.20179,Non-Intersection,MITCHELL,Country,2,0,1,1,0,0,0,No
2018,May,7/5/18,17.50.00,Collision with vehicle,Sunday,No,Dusk/Dawn,Other injury accident,80 km/hr,145.1795,-38.20897,Non-Intersection,MORNINGTON PENINSULA,Metro,2,0,2,0,0,0,1,No
2018,May,7/5/18,15.20.00,Collision with vehicle,Monday,No,Day,Serious injury accident,70 km/hr,145.12155,-37.72525,Intersection,BANYULE,Metro,2,0,1,1,0,0,0,No
2018,May,7/5/18,17.10.00,Collision with vehicle,Monday,No,Day,Other injury accident,60 km/hr,145.28653,-37.79929,Non-Intersection,MAROONDAH,Metro,3,0,2,1,1,1,0,No
2018,May,7/5/18,18.10.00,Struck pedestrian,Sunday,No,Dusk/Dawn,Other injury accident,50 km/hr,145.10022,-37.76825,Intersection,MANNINGHAM,Metro,2,0,1,1,0,0,0,No
2018,May,7/5/18,18.15.00,Collision with vehicle,Monday,No,Dusk/Dawn,Other injury accident,60 km/hr,145.02286,-37.94279,Intersection,BAYSIDE,Metro,2,0,0,2,0,0,0,No
2018,May,7/5/18,18.30.00,No collision and no object struck,Sunday,No,Day,Other injury accident,50 km/hr,144.9931,-37.85332,Intersection,STONNINGTON,Metro,1,0,1,0,0,0,0,No
2018,May,7/5/18,16.40.00,No collision and no object struck,Monday,No,Day,Serious injury accident,100 km/hr,143.94276,-38.41823,Non-Intersection,SURF COAST,Country,1,0,1,0,0,0,0,No
2018,May,7/5/18,18.43.00,Collision with vehicle,Monday,No,Dark,Serious injury accident,100 km/hr,144.79003,-36.35735,Intersection,CAMPASPE,Country,2,0,2,0,0,0,0,No
2018,May,7/5/18,17.48.00,Collision with vehicle,Monday,No,Dark,Other injury accident,60 km/hr,144.33432,-38.0963,Intersection,GEELONG,Country,2,0,2,0,0,0,1,No
2018,May,7/5/18,17.40.00,Collision with object,Sunday,No,Dark,Serious injury accident,100 km/hr,145.26658,-37.42216,Non-Intersection,MURRINDINDI,Country,1,0,1,0,0,0,0,No
2018,May,7/5/18,16.40.00,Collision with vehicle,Monday,No,Day,Other injury accident,80 km/hr,145.27528,-38.08034,Non-Intersection,CASEY,Metro,5,0,2,3,2,0,2,No
2018,May,7/5/18,18.35.00,Struck pedestrian,Monday,No,Dark,Other injury accident,60 km/hr,145.09744,-37.82486,Non-Intersection,BOROONDARA,Metro,2,0,1,1,0,0,0,No
2018,May,7/5/18,17.00.00,Collision with object,Sunday,No,Day,Other injury accident,80 km/hr,144.36598,-38.25236,Non-Intersection,GEELONG,Country,1,0,0,1,0,0,1,No
2018,May,7/5/18,20.45.00,Collision with vehicle,Sunday,No,Dark,Other injury accident,70 km/hr,145.17174,-37.76734,Non-Intersection,MANNINGHAM,Metro,3,0,1,2,1,0,0,No
2018,May,7/5/18,18.30.00,Collision with vehicle,Monday,No,Dusk/Dawn,Other injury accident,40 km/hr,144.96135,-37.77156,Intersection,MORELAND,Metro,3,0,2,1,1,0,1,No
2018,May,7/5/18,06.45.00,Collision with vehicle,Monday,No,Dusk/Dawn,Other injury accident,80 km/hr,144.82848,-37.8255,Non-Intersection,HOBSONS BAY,Metro,2,0,2,0,0,0,0,No
2018,May,7/5/18,22.06.00,Collision with object,Monday,No,Dark,Other injury accident,60 km/hr,145.00056,-37.60558,Non-Intersection,WHITTLESEA,Metro,1,0,1,0,0,0,0,No
2018,May,7/5/18,19.46.00,Collision with vehicle,Monday,No,Dark,Serious injury accident,80 km/hr,144.93641,-37.79273,Non-Intersection,MELBOURNE,Metro,3,0,2,1,0,0,0,No
2018,May,7/5/18,21.47.00,Collision with vehicle,Monday,No,Dark,Serious injury accident,80 km/hr,145.167,-38.30514,Non-Intersection,MORNINGTON PENINSULA,Metro,2,0,2,0,0,0,1,No
2018,May,7/5/18,19.29.00,Collision with vehicle,Monday,No,Dark,Other injury accident,60 km/hr,144.91565,-37.70414,Intersection,MORELAND,Metro,4,0,3,1,1,0,0,No
2018,May,7/5/18,06.20.00,Collision with vehicle,Monday,No,Dusk/Dawn,Serious injury accident,80 km/hr,145.20362,-37.97527,Intersection,DANDENONG,Metro,3,0,2,1,0,0,1,No
2018,May,7/5/18,19.00.00,Collision with vehicle,Monday,No,Dark,Other injury accident,40 km/hr,144.97441,-37.8143,Intersection,MELBOURNE,Metro,2,0,1,0,0,0,0,No
2018,May,8/5/18,16.00.00,Collision with vehicle,Tuesday,No,Day,Other injury accident,50 km/hr,145.08827,-38.00461,Intersection,KINGSTON,Metro,2,0,2,0,0,0,0,No
2018,May,8/5/18,23.30.00,No collision and no object struck,Tuesday,No,Dark,Other injury accident,50 km/hr,144.84026,-37.64756,Non-Intersection,HUME,Metro,1,0,1,0,0,0,0,No
2018,May,8/5/18,18.05.00,Collision with vehicle,Tuesday,No,Dark,Other injury accident,70 km/hr,145.2303,-37.83229,Non-Intersection,MAROONDAH,Metro,3,0,1,2,1,0,1,No
2018,May,8/5/18,21.33.00,Collision with vehicle,Tuesday,Yes,Dark,Other injury accident,60 km/hr,145.13073,-37.98246,Non-Intersection,KINGSTON,Metro,5,0,2,2,3,0,0,No
2018,May,8/5/18,15.40.00,Collision with vehicle,Tuesday,No,Day,Other injury accident,80 km/hr,145.13499,-38.0238,Non-Intersection,KINGSTON,Metro,3,0,2,1,1,0,1,No
2018,May,8/5/18,09.45.00,Collision with object,Tuesday,No,Day,Serious injury accident,100 km/hr,148.20918,-37.49938,Non-Intersection,EAST GIPPSLAND,Country,1,0,1,0,0,1,0,No
2018,May,8/5/18,02.10.00,Collision with object,Tuesday,No,Dark,Other injury accident,50 km/hr,145.04004,-37.75666,Intersection,BANYULE,Metro,1,0,1,0,0,0,1,No
2018,May,8/5/18,00.55.00,Collision with vehicle,Monday,No,Dark,Other injury accident,60 km/hr,145.16316,-37.99299,Intersection,DANDENONG,Metro,2,0,1,1,0,0,1,No
2018,May,8/5/18,06.15.00,Collision with vehicle,Tuesday,No,Dark,Serious injury accident,60 km/hr,144.79732,-37.63217,Non-Intersection,HUME,Metro,3,0,3,0,0,0,0,No
2018,May,8/5/18,06.55.00,Collision with object,Monday,No,Day,Other injury accident,100 km/hr,145.57422,-38.15217,Non-Intersection,CARDINIA,Metro,1,0,0,1,0,0,0,No
2018,May,8/5/18,08.05.00,Collision with object,Tuesday,No,Day,Other injury accident,80 km/hr,145.17144,-37.64988,Non-Intersection,NILLUMBIK,Metro,2,0,1,1,1,0,0,No
2018,May,8/5/18,08.50.00,Collision with vehicle,Tuesday,No,Day,Other injury accident,80 km/hr,144.90968,-37.8337,Non-Intersection,MELBOURNE,Metro,6,0,2,4,0,0,1,No
2018,May,8/5/18,09.45.00,Collision with vehicle,Tuesday,No,Day,Serious injury accident,40 km/hr,144.97789,-37.84205,Non-Intersection,MELBOURNE,Metro,3,0,3,0,0,0,0,No
2018,May,8/5/18,08.30.00,Collision with vehicle,Tuesday,No,Day,Other injury accident,40 km/hr,145.0455,-37.84253,Non-Intersection,BOROONDARA,Metro,2,0,1,1,0,0,0,No
2018,May,8/5/18,11.35.00,Collision with vehicle,Monday,No,Day,Serious injury accident,60 km/hr,145.07135,-37.98217,Intersection,KINGSTON,Metro,3,0,1,2,1,1,0,No
2018,May,8/5/18,11.30.00,Collision with object,Tuesday,No,Day,Serious injury accident,60 km/hr,144.83751,-37.76506,Non-Intersection,BRIMBANK,Metro,3,0,1,2,2,0,0,No
2018,May,8/5/18,11.30.00,Collision with vehicle,Monday,No,Day,Other injury accident,100 km/hr,145.54029,-38.09584,Intersection,CARDINIA,Metro,2,0,1,1,0,0,1,No
2018,May,8/5/18,08.00.00,Collision with vehicle,Tuesday,No,Day,Other injury accident,80 km/hr,144.36075,-38.08227,Non-Intersection,GEELONG,Country,2,0,1,1,0,0,0,No
2018,May,8/5/18,12.40.00,Collision with vehicle,Monday,No,Day,Other injury accident,50 km/hr,145.26852,-37.91566,Non-Intersection,KNOX,Metro,2,0,2,0,0,0,0,No
2018,May,8/5/18,13.16.00,Collision with vehicle,Tuesday,No,Day,Serious injury accident,60 km/hr,144.98219,-37.85448,Non-Intersection,PORT PHILLIP,Metro,2,0,1,1,0,0,0,No
2018,May,8/5/18,13.48.00,Collision with object,Tuesday,No,Day,Other injury accident,50 km/hr,145.09496,-37.87314,Non-Intersection,MONASH,Metro,1,0,1,0,0,0,0,No
2018,May,8/5/18,14.00.00,Collision with vehicle,Monday,No,Day,Other injury accident,60 km/hr,144.66623,-37.90383,Intersection,WYNDHAM,Metro,4,0,4,0,2,0,0,No
2018,May,8/5/18,15.40.00,Collision with vehicle,Tuesday,No,Day,Serious injury accident,60 km/hr,144.33249,-38.10581,Intersection,GEELONG,Country,2,0,1,1,0,0,0,No
2018,May,8/5/18,15.50.00,Collision with vehicle,Tuesday,No,Day,Other injury accident,80 km/hr,145.12231,-37.91135,Intersection,MONASH,Metro,2,0,0,2,0,0,1,No
2018,May,8/5/18,16.25.00,Struck pedestrian,Tuesday,No,Day,Other injury accident,50 km/hr,145.18903,-37.8477,Intersection,WHITEHORSE,Metro,2,0,1,1,0,0,0,No
2018,May,8/5/18,17.30.00,Collision with vehicle,Tuesday,No,Dark,Other injury accident,80 km/hr,144.8921,-37.72007,Non-Intersection,MOONEE VALLEY,Metro,4,0,2,2,0,0,1,No
2018,May,8/5/18,18.15.00,Collision with vehicle,Monday,No,Dark,Other injury accident,60 km/hr,144.55254,-37.6854,Non-Intersection,MELTON,Metro,4,0,2,2,1,0,2,No