year,month,date,time,accident_type,day,hit_run,light_condition,severity,speed_zone,longitude,latitude,node_type,lga,state_div,total_persons,fatality,males,females,passengers,old_driver,young_driver,alcohol
2018,May,8/5/18,19.00.00,Struck animal,Tuesday,No,Dark,Serious injury accident,80 km/hr,148.38139,-37.74621,Non-Intersection,EAST GIPPSLAND,Country,1,0,1,0,0,0,0,No
2018,May,8/5/18,17.09.00,Collision with vehicle,Tuesday,No,Day,Other injury accident,60 km/hr,144.30074,-38.17096,Intersection,GEELONG,Country,3,0,2,1,1,0,1,No
2018,May,8/5/18,18.09.00,Collision with vehicle,Monday,No,Dusk/Dawn,Serious injury accident,70 km/hr,145.26947,-37.81196,Intersection,MAROONDAH,Metro,2,0,2,0,0,0,0,Yes
2018,May,8/5/18,18.15.00,No collision and no object struck,Monday,No,Dark,Serious injury accident,100 km/hr,144.11527,-38.21393,Intersection,SURF COAST,Country,1,0,1,0,0,0,0,No
2018,May,8/5/18,18.35.00,Collision with vehicle,Tuesday,No,Dark,Other injury accident,60 km/hr,145.00183,-37.85643,Non-Intersection,STONNINGTON,Metro,4,0,1,3,0,0,0,No
2018,May,8/5/18,18.05.00,Collision with vehicle,Monday,No,Dark,Other injury accident,50 km/hr,146.00865,-36.01106,Intersection,MOIRA,Country,2,0,1,1,0,0,0,No
2018,May,8/5/18,17.50.00,No collision and no object struck,Monday,No,Dark,Serious injury accident,50 km/hr,144.70332,-37.58349,Non-Intersection,HUME,Metro,1,0,1,0,0,0,0,No
2018,May,8/5/18,18.55.00,Collision with vehicle,Tuesday,No,Dark,Serious injury accident,60 km/hr,145.02055,-37.83133,Non-Intersection,YARRA RANGES,Metro,4,0,2,2,0,0,2,No
2018,May,8/5/18,17.20.00,Collision with vehicle,Tuesday,No,Dusk/Dawn,Serious injury accident,80 km/hr,145.27334,-38.0063,Intersection,CASEY,Metro,4,0,0,4,2,0,1,No
2018,May,8/5/18,16.43.00,Collision with vehicle,Monday,No,Day,Other injury accident,70 km/hr,144.89854,-37.79392,Non-Intersection,MARIBYRNONG,Metro,2,0,2,0,0,0,0,No
2018,May,8/5/18,14.12.00,Collision with vehicle,Tuesday,No,Day,Serious injury accident,60 km/hr,144.77906,-37.7448,Non-Intersection,BRIMBANK,Metro,2,0,2,0,0,0,1,No
2018,May,8/5/18,06.00.00,Collision with vehicle,Tuesday,No,Dark,Other injury accident,60 km/hr,145.10311,-37.81547,Non-Intersection,WHITEHORSE,Metro,2,0,2,0,0,0,0,No
2018,May,8/5/18,18.43.00,Collision with vehicle,Monday,No,Dark,Other injury accident,100 km/hr,145.20369,-37.95091,Non-Intersection,DANDENONG,Metro,3,0,0,3,0,0,1,No
2018,May,8/5/18,17.45.00,Collision with vehicle,Tuesday,No,Dark,Other injury accident,100 km/hr,145.21407,-37.92245,Non-Intersection,KNOX,Metro,4,0,2,2,1,0,0,No
2018,May,9/5/18,16.50.00,Collision with vehicle,Wednesday,No,Dusk/Dawn,Other injury accident,60 km/hr,145.18993,-38.03644,Non-Intersection,DANDENONG,Metro,2,0,1,1,0,0,0,No
2018,May,9/5/18,10.30.00,Struck pedestrian,Wednesday,No,Day,Other injury accident,50 km/hr,142.57439,-38.33268,Non-Intersection,MOYNE,Country,2,0,0,2,0,0,0,No
2018,May,9/5/18,08.50.00,Collision with vehicle,Wednesday,No,Day,Other injury accident,60 km/hr,145.06476,-37.77664,Intersection,BANYULE,Metro,2,0,0,2,0,0,0,No
2018,May,9/5/18,17.00.00,No collision and no object struck,Wednesday,No,Dusk/Dawn,Other injury accident,60 km/hr,145.00922,-37.78402,Non-Intersection,DAREBIN,Metro,3,0,1,1,0,0,0,No
2018,May,9/5/18,08.05.00,Collision with vehicle,Wednesday,No,Day,Serious injury accident,100 km/hr,144.75753,-36.35735,Non-Intersection,CAMPASPE,Country,7,0,6,1,1,0,0,No
2018,May,9/5/18,13.13.00,Collision with vehicle,Wednesday,No,Day,Other injury accident,80 km/hr,145.23299,-37.89636,Intersection,KNOX,Metro,2,0,1,1,0,0,0,No
2018,May,9/5/18,11.45.00,Struck pedestrian,Wednesday,No,Day,Fatal accident,40 km/hr,143.85901,-37.56223,Non-Intersection,BALLARAT,Country,2,1,1,1,0,0,0,No
2018,May,9/5/18,12.40.00,Collision with object,Wednesday,No,Day,Other injury accident,70 km/hr,145.37503,-38.05156,Non-Intersection,CARDINIA,Metro,3,0,1,2,1,0,1,No
2018,May,9/5/18,09.30.00,Vehicle overturned,Wednesday,No,Day,Other injury accident,100 km/hr,145.98359,-38.37226,Non-Intersection,SOUTH GIPPSLAND,Country,1,0,1,0,0,0,0,No
2018,May,9/5/18,14.38.00,Collision with vehicle,Wednesday,No,Day,Fatal accident,100 km/hr,145.92207,-38.10004,Intersection,BAW BAW,Country,2,1,2,0,0,0,0,No
2018,May,9/5/18,15.15.00,Collision with vehicle,Tuesday,No,Day,Other injury accident,80 km/hr,145.19445,-38.07175,Intersection,DANDENONG,Metro,5,0,3,2,3,0,1,No
2018,May,9/5/18,16.50.00,Collision with vehicle,Wednesday,No,Day,Other injury accident,60 km/hr,145.09233,-37.86904,Intersection,BOROONDARA,Metro,2,0,1,1,0,0,0,No
2018,May,9/5/18,16.30.00,Collision with vehicle,Wednesday,No,Day,Other injury accident,50 km/hr,144.76076,-37.73009,Non-Intersection,MELTON,Metro,3,0,0,3,2,0,0,No
2018,May,9/5/18,14.35.00,Collision with vehicle,Wednesday,No,Day,Other injury accident,60 km/hr,144.9652,-37.79315,Intersection,MELBOURNE,Metro,4,0,4,0,1,0,0,No
2018,May,9/5/18,15.39.00,Collision with vehicle,Tuesday,No,Day,Other injury accident,100 km/hr,144.79041,-37.84199,Non-Intersection,WYNDHAM,Metro,2,0,2,0,0,0,0,No
2018,May,9/5/18,20.20.00,Struck pedestrian,Wednesday,No,Dark,Serious injury accident,60 km/hr,144.98936,-37.80943,Non-Intersection,YARRA RANGES,Metro,2,0,1,1,0,0,0,No
2018,May,9/5/18,16.15.00,Vehicle overturned,Wednesday,No,Day,Other injury accident,60 km/hr,144.93653,-37.78382,Intersection,MOONEE VALLEY,Metro,1,0,1,0,0,0,0,No
2018,May,9/5/18,17.39.00,Collision with object,Wednesday,No,Dusk/Dawn,Other injury accident,100 km/hr,145.81666,-38.13975,Non-Intersection,BAW BAW,Country,1,0,0,1,0,0,0,No
2018,May,9/5/18,15.30.00,Collision with object,Wednesday,No,Day,Other injury accident,50 km/hr,144.70074,-37.59066,Non-Intersection,HUME,Metro,1,0,0,1,0,1,0,No
2018,May,9/5/18,07.30.00,Collision with vehicle,Tuesday,No,Day,Other injury accident,60 km/hr,144.69136,-37.83246,Non-Intersection,WYNDHAM,Metro,2,0,0,2,0,0,0,No
2018,May,9/5/18,18.10.00,Collision with vehicle,Wednesday,No,Dark,Other injury accident,60 km/hr,144.59623,-37.49065,Non-Intersection,MACEDON RANGES,Country,2,0,1,1,0,0,1,No
2018,May,9/5/18,21.20.00,Struck animal,Wednesday,No,Dark,Serious injury accident,100 km/hr,146.73879,-38.34132,Non-Intersection,WELLINGTON,Country,1,0,0,1,0,0,0,No
2018,May,9/5/18,14.05.00,Vehicle overturned,Tuesday,No,Day,Serious injury accident,100 km/hr,145.03208,-38.4475,Non-Intersection,MORNINGTON PENINSULA,Metro,1,0,0,1,0,0,0,No
2018,May,9/5/18,19.43.00,Struck pedestrian,Tuesday,No,Dark,Other injury accident,50 km/hr,145.2674,-38.03446,Non-Intersection,CASEY,Metro,4,0,3,1,2,0,0,No
2018,May,9/5/18,21.45.00,Collision with vehicle,Wednesday,No,Dark,Other injury accident,60 km/hr,144.98479,-37.69816,Intersection,DAREBIN,Metro,3,0,2,1,0,1,1,No
2018,May,9/5/18,10.14.00,Vehicle overturned,Tuesday,No,Day,Other injury accident,50 km/hr,145.49938,-38.06077,Non-Intersection,CARDINIA,Metro,1,0,1,0,0,0,0,No
2018,May,9/5/18,00.34.00,Collision with vehicle,Wednesday,No,Dark,Serious injury accident,50 km/hr,145.21525,-38.03207,Non-Intersection,DANDENONG,Metro,1,0,1,0,0,0,0,No
2018,May,9/5/18,06.18.00,Collision with vehicle,Tuesday,No,Dusk/Dawn,Serious injury accident,100 km/hr,144.88091,-37.71146,Non-Intersection,BRIMBANK,Metro,5,0,5,0,0,0,1,No
2018,May,9/5/18,08.30.00,Vehicle overturned,Wednesday,No,Day,Other injury accident,50 km/hr,145.72223,-38.62973,Intersection,BASS COAST,Country,1,0,1,0,0,0,0,No
2018,May,9/5/18,08.35.00,Collision with vehicle,Wednesday,No,Day,Serious injury accident,100 km/hr,144.7251,-37.87627,Non-Intersection,WYNDHAM,Metro,2,0,2,0,0,0,1,No
2018,May,9/5/18,09.10.00,Collision with vehicle,Wednesday,No,Day,Serious injury accident,100 km/hr,145.01059,-37.79247,Non-Intersection,YARRA RANGES,Metro,5,0,4,1,2,0,1,No
2018,May,9/5/18,11.45.00,Collision with vehicle,Wednesday,No,Day,Serious injury accident,60 km/hr,144.81772,-38.37331,Intersection,MORNINGTON PENINSULA,Metro,2,0,2,0,0,1,0,No
2018,May,9/5/18,09.30.00,Collision with vehicle,Tuesday,No,Day,Other injury accident,50 km/hr,144.94494,-37.79487,Intersection,MELBOURNE,Metro,2,0,0,2,0,1,0,No
2018,May,9/5/18,06.20.00,Struck pedestrian,Wednesday,No,Dark,Serious injury accident,60 km/hr,145.24696,-37.91181,Non-Intersection,KNOX,Metro,2,0,1,1,0,0,0,No
2018,May,9/5/18,11.50.00,Collision with vehicle,Tuesday,No,Day,Other injury accident,100 km/hr,144.91909,-37.69454,Non-Intersection,HUME,Metro,2,0,2,0,0,0,0,No
2018,May,9/5/18,11.05.00,Collision with vehicle,Tuesday,No,Day,Other injury accident,40 km/hr,144.9992,-37.76766,Intersection,DAREBIN,Metro,2,0,2,0,0,0,0,No
2018,May,9/5/18,18.15.00,Collision with vehicle,Wednesday,No,Dark,Other injury accident,50 km/hr,144.99226,-37.88327,Intersection,BAYSIDE,Metro,2,0,1,1,0,0,0,No
2018,May,10/5/18,15.25.00,Collision with vehicle,Wednesday,No,Day,Other injury accident,40 km/hr,143.85129,-37.55896,Non-Intersection,BALLARAT,Country,2,0,1,1,0,0,0,No
2018,May,10/5/18,16.30.00,Collision with vehicle,Thursday,No,Day,Other injury accident,60 km/hr,145.39773,-36.37871,Non-Intersection,SHEPPARTON,Country,3,0,1,2,1,0,2,No
2018,May,10/5/18,18.45.00,Struck pedestrian,Thursday,No,Dark,Other injury accident,80 km/hr,145.08825,-37.89285,Intersection,MONASH,Metro,2,0,1,0,0,0,0,No
2018,May,10/5/18,09.00.00,Collision with vehicle,Thursday,No,Day,Other injury accident,50 km/hr,144.25722,-36.71888,Non-Intersection,BENDIGO,Country,2,0,0,2,0,0,0,No
2018,May,10/5/18,07.26.00,Collision with vehicle,Thursday,No,Day,Other injury accident,40 km/hr,144.95145,-37.84387,Intersection,PORT PHILLIP,Metro,2,0,1,1,0,0,0,No
2018,May,10/5/18,06.58.00,Collision with vehicle,Thursday,No,Dark,Serious injury accident,60 km/hr,145.13945,-37.81542,Intersection,WHITEHORSE,Metro,3,0,3,0,0,0,0,No
2018,May,10/5/18,10.15.00,Collision with object,Thursday,No,Day,Other injury accident,70 km/hr,145.28811,-37.81339,Intersection,MAROONDAH,Metro,1,0,0,1,0,0,0,No
2018,May,10/5/18,08.45.00,Struck pedestrian,Wednesday,No,Day,Other injury accident,50 km/hr,145.05353,-37.79796,Non-Intersection,BOROONDARA,Metro,2,0,1,1,0,0,0,No
2018,May,10/5/18,10.41.00,Collision with vehicle,Thursday,No,Day,Other injury accident,70 km/hr,145.06776,-37.66994,Non-Intersection,WHITTLESEA,Metro,1,0,1,0,0,0,1,No
2018,May,10/5/18,08.08.00,Collision with vehicle,Wednesday,No,Day,Other injury accident,40 km/hr,145.03375,-37.64527,Non-Intersection,WHITTLESEA,Metro,3,0,2,1,0,0,0,No
2018,May,10/5/18,12.48.00,Collision with vehicle,Thursday,No,Day,Other injury accident,60 km/hr,144.96329,-37.7213,Intersection,MORELAND,Metro,7,0,2,3,2,0,1,No
2018,May,10/5/18,12.40.00,Collision with vehicle,Thursday,No,Day,Serious injury accident,80 km/hr,144.95766,-37.82844,Non-Intersection,MELBOURNE,Metro,2,0,2,0,0,0,0,No
2018,May,10/5/18,12.15.00,No collision and no object struck,Thursday,No,Day,Other injury accident,100 km/hr,147.43772,-36.14588,Non-Intersection,TOWONG,Country,2,0,1,1,1,0,0,No
2018,May,10/5/18,13.25.00,Collision with vehicle,Wednesday,No,Day,Other injury accident,60 km/hr,144.84863,-37.82401,Non-Intersection,HOBSONS BAY,Metro,3,0,1,1,1,0,1,No
2018,May,10/5/18,13.43.00,Struck pedestrian,Thursday,No,Day,Other injury accident,60 km/hr,144.96277,-37.71867,Intersection,MORELAND,Metro,2,0,0,2,0,0,0,No
2018,May,10/5/18,11.40.00,Collision with vehicle,Thursday,No,Day,Fatal accident,60 km/hr,146.97937,-37.96872,Non-Intersection,WELLINGTON,Country,2,1,1,1,0,1,0,No
2018,May,10/5/18,13.15.00,Collision with object,Thursday,No,Day,Serious injury accident,100 km/hr,144.22552,-36.85647,Non-Intersection,BENDIGO,Country,1,0,0,1,0,0,0,No
2018,May,10/5/18,15.35.00,Collision with vehicle,Thursday,No,Day,Other injury accident,60 km/hr,144.93457,-37.73108,Non-Intersection,MORELAND,Metro,2,0,0,2,0,0,1,No
2018,May,10/5/18,15.25.00,Collision with vehicle,Thursday,No,Day,Other injury accident,100 km/hr,142.7627,-37.41158,Intersection,ARARAT,Country,2,0,0,2,0,0,0,No
2018,May,10/5/18,13.50.00,Collision with vehicle,Thursday,No,Day,Other injury accident,60 km/hr,145.03148,-37.88811,Non-Intersection,GLEN EIRA,Metro,2,0,1,1,0,0,1,No
2018,May,10/5/18,14.00.00,Collision with vehicle,Thursday,No,Day,Other injury accident,50 km/hr,145.06697,-37.85593,Non-Intersection,BOROONDARA,Metro,2,0,0,1,0,0,0,No
2018,May,10/5/18,18.30.00,Collision with object,Thursday,No,Dark,Serious injury accident,60 km/hr,145.20023,-37.59128,Non-Intersection,NILLUMBIK,Metro,1,0,1,0,0,1,0,No
2018,May,10/5/18,18.04.00,Collision with vehicle,Thursday,No,Dark,Other injury accident,80 km/hr,145.09096,-37.69312,Non-Intersection,BANYULE,Metro,3,0,2,1,1,0,1,No
2018,May,10/5/18,19.45.00,Collision with vehicle,Thursday,No,Dark,Other injury accident,80 km/hr,143.81386,-37.52964,Intersection,BALLARAT,Country,2,0,2,0,0,0,0,Yes
2018,May,10/5/18,21.40.00,Collision with object,Thursday,No,Dark,Other injury accident,60 km/hr,145.36845,-36.39891,Non-Intersection,SHEPPARTON,Country,1,0,1,0,0,0,0,No
2018,May,10/5/18,23.09.00,Collision with object,Wednesday,No,Dark,Serious injury accident,70 km/hr,144.9392,-37.68762,Non-Intersection,HUME,Metro,2,0,1,1,1,0,0,No
2018,May,10/5/18,22.45.00,Collision with object,Thursday,No,Dark,Fatal accident,80 km/hr,145.10312,-37.89935,Non-Intersection,MONASH,Metro,1,1,1,0,0,0,0,No
2018,May,10/5/18,20.15.00,Struck pedestrian,Thursday,No,Dark,Other injury accident,60 km/hr,145.22043,-37.81701,Non-Intersection,MAROONDAH,Metro,2,0,1,1,0,0,0,No
2018,May,10/5/18,22.00.00,Collision with vehicle,Thursday,No,Dark,Other injury accident,60 km/hr,144.9049,-37.73589,Non-Intersection,MOONEE VALLEY,Metro,3,0,2,1,1,0,1,No
2018,May,10/5/18,13.00.00,Collision with vehicle,Thursday,Not known,Day,Other injury accident,50 km/hr,145.34594,-36.39418,Intersection,SHEPPARTON,Country,2,0,1,0,0,0,0,No
2018,May,11/5/18,14.11.00,Collision with vehicle,Friday,No,Day,Other injury accident,80 km/hr,144.84154,-37.72529,Non-Intersection,BRIMBANK,Metro,2,0,2,0,0,0,0,No
2018,May,11/5/18,09.20.00,Collision with object,Friday,No,Day,Serious injury accident,60 km/hr,144.73551,-37.74376,Non-Intersection,MELTON,Metro,1,0,1,0,0,0,0,No
2018,May,11/5/18,02.30.00,Collision with object,Friday,No,Dark,Serious injury accident,50 km/hr,142.98293,-38.48675,Non-Intersection,CORANGAMITE,Country,1,0,1,0,0,0,0,No
2018,May,11/5/18,14.15.00,Collision with vehicle,Friday,Yes,Day,Other injury accident,80 km/hr,144.88147,-37.63496,Non-Intersection,HUME,Metro,2,0,1,1,0,0,0,No
2018,May,11/5/18,11.00.00,Collision with vehicle,Friday,No,Day,Other injury accident,50 km/hr,144.95705,-37.80089,Non-Intersection,MELBOURNE,Metro,2,0,2,0,0,0,0,No
2018,May,11/5/18,18.36.00,Collision with vehicle,Friday,No,Dark,Other injury accident,60 km/hr,145.12238,-38.14631,Intersection,FRANKSTON,Metro,3,0,1,2,1,0,1,No
2018,May,11/5/18,18.47.00,Collision with object,Friday,No,Dark,Other injury accident,50 km/hr,144.94628,-37.81463,Non-Intersection,MELBOURNE,Metro,3,0,2,1,2,0,1,No
2018,May,11/5/18,21.00.00,Collision with object,Friday,No,Dark,Other injury accident,60 km/hr,143.85054,-37.5747,Non-Intersection,BALLARAT,Country,2,0,2,0,1,0,1,No
2018,May,11/5/18,20.53.00,Struck pedestrian,Friday,No,Dark,Other injury accident,60 km/hr,145.28123,-37.79873,Non-Intersection,MAROONDAH,Metro,2,0,2,0,0,0,0,No
2018,May,11/5/18,19.10.00,No collision and no object struck,Friday,No,Dark,Other injury accident,50 km/hr,144.96205,-37.76424,Non-Intersection,MORELAND,Metro,2,0,2,0,0,0,0,No
2018,May,11/5/18,17.30.00,Collision with vehicle,Thursday,No,Dark,Other injury accident,60 km/hr,143.80082,-37.53989,Intersection,BALLARAT,Country,2,0,1,1,0,0,1,No
2018,May,11/5/18,17.27.00,Collision with vehicle,Friday,No,Dark,Other injury accident,60 km/hr,145.1872,-37.96665,Intersection,DANDENONG,Metro,8,0,3,5,3,0,0,No
2018,May,11/5/18,19.20.00,Collision with object,Friday,No,Dark,Serious injury accident,50 km/hr,144.8982,-37.80808,Non-Intersection,MARIBYRNONG,Metro,1,0,1,0,0,0,1,No
2018,May,11/5/18,20.30.00,Collision with vehicle,Friday,No,Dark,Other injury accident,80 km/hr,145.14161,-37.93137,Intersection,DANDENONG,Metro,2,0,1,1,0,0,1,No
2018,May,11/5/18,11.55.00,Collision with vehicle,Friday,No,Day,Other injury accident,60 km/hr,144.84813,-37.77364,Intersection,BRIMBANK,Metro,3,0,3,0,0,1,2,No
2018,May,11/5/18,20.00.00,Struck pedestrian,Friday,No,Dark,Other injury accident,60 km/hr,145.13268,-37.7872,Intersection,MANNINGHAM,Metro,2,0,1,1,0,0,0,No
2018,May,11/5/18,05.50.00,Collision with vehicle,Thursday,No,Unk.,Other injury accident,80 km/hr,144.86045,-37.70613,Intersection,HUME,Metro,2,0,2,0,0,0,0,No
2018,May,11/5/18,17.00.00,Collision with vehicle,Friday,No,Unk.,Other injury accident,70 km/hr,144.79785,-37.70115,Non-Intersection,BRIMBANK,Metro,2,0,1,1,0,0,0,No
2018,May,11/5/18,05.10.00,Collision with object,Friday,No,Dark,Other injury accident,110 km/hr,144.97908,-37.44966,Non-Intersection,MITCHELL,Country,1,0,1,0,0,0,0,No
2018,May,11/5/18,06.03.00,Collision with object,Friday,No,Dark,Other injury accident,70 km/hr,144.83481,-37.77782,Intersection,BRIMBANK,Metro,1,0,0,1,0,0,0,No
2018,May,11/5/18,08.50.00,Collision with object,Friday,No,Day,Serious injury accident,100 km/hr,145.8416,-38.21505,Non-Intersection,BAW BAW,Country,1,0,0,1,0,0,0,No
2018,May,11/5/18,10.30.00,Collision with vehicle,Friday,Yes,Day,Other injury accident,60 km/hr,143.85354,-37.55923,Non-Intersection,BALLARAT,Country,5,0,1,2,2,0,0,No
2018,May,11/5/18,12.16.00,Collision with vehicle,Thursday,No,Day,Other injury accident,50 km/hr,144.44024,-37.65533,Intersection,MOORABOOL,Country,3,0,1,2,1,0,0,No
2018,May,11/5/18,07.15.00,Collision with vehicle,Friday,No,Day,Other injury accident,80 km/hr,143.80957,-37.52485,Intersection,BALLARAT,Country,2,0,2,0,0,1,0,No
2018,May,11/5/18,12.35.00,Collision with vehicle,Friday,No,Day,Other injury accident,40 km/hr,143.85553,-37.5659,Non-Intersection,BALLARAT,Country,2,0,0,2,0,0,0,No
2018,May,11/5/18,14.30.00,Collision with vehicle,Friday,No,Day,Other injury accident,50 km/hr,143.87403,-37.55732,Non-Intersection,BALLARAT,Country,4,0,1,3,2,0,0,No
2018,May,11/5/18,15.20.00,Collision with vehicle,Friday,No,Day,Other injury accident,40 km/hr,147.08397,-38.09828,Non-Intersection,WELLINGTON,Country,4,0,2,2,2,0,1,No
2018,May,11/5/18,17.00.00,Collision with vehicle,Friday,No,Dusk/Dawn,Other injury accident,60 km/hr,145.14528,-37.88906,Non-Intersection,MONASH,Metro,2,0,2,0,0,0,0,No
2018,May,12/5/18,13.00.00,Collision with vehicle,Saturday,No,Day,Other injury accident,60 km/hr,144.91375,-37.68391,Intersection,HUME,Metro,3,0,2,1,1,0,0,No
2018,May,12/5/18,23.30.00,Vehicle overturned,Saturday,No,Dark,Other injury accident,100 km/hr,145.38056,-38.06849,Non-Intersection,CARDINIA,Metro,5,0,1,2,4,0,0,No
2018,May,12/5/18,04.04.00,Collision with object,Friday,No,Dark,Serious injury accident,100 km/hr,145.30277,-36.32656,Non-Intersection,SHEPPARTON,Country,1,0,1,0,0,0,0,No
2018,May,12/5/18,04.00.00,Collision with object,Saturday,No,Dark,Other injury accident,110 km/hr,144.17276,-37.5914,Non-Intersection,MOORABOOL,Country,1,0,1,0,0,0,0,No
2018,May,12/5/18,09.15.00,Collision with vehicle,Friday,No,Day,Other injury accident,80 km/hr,145.02936,-38.30972,Intersection,MORNINGTON PENINSULA,Metro,2,0,1,1,0,0,0,No
2018,May,12/5/18,10.00.00,Struck pedestrian,Friday,No,Day,Other injury accident,60 km/hr,145.40847,-36.40436,Non-Intersection,SHEPPARTON,Country,2,0,1,1,0,0,0,No
2018,May,12/5/18,07.40.00,Collision with object,Saturday,No,Day,Serious injury accident,50 km/hr,145.10189,-37.71319,Intersection,BANYULE,Metro,1,0,1,0,0,0,0,No
2018,May,12/5/18,09.50.00,Collision with vehicle,Saturday,No,Day,Other injury accident,80 km/hr,144.6953,-36.90893,Non-Intersection,BENDIGO,Country,2,0,1,1,0,0,0,No
2018,May,12/5/18,12.50.00,Struck pedestrian,Saturday,No,Day,Other injury accident,60 km/hr,144.94316,-37.76745,Non-Intersection,MORELAND,Metro,2,0,0,2,0,0,0,No
2018,May,12/5/18,11.20.00,Collision with vehicle,Friday,No,Day,Other injury accident,40 km/hr,144.98588,-37.83824,Non-Intersection,MELBOURNE,Metro,4,0,2,1,1,0,0,No
2018,May,12/5/18,16.55.00,Collision with vehicle,Saturday,No,Day,Serious injury accident,100 km/hr,144.22854,-36.85175,Non-Intersection,BENDIGO,Country,3,0,0,3,1,0,1,No
2018,May,12/5/18,19.55.00,Struck pedestrian,Saturday,No,Dark,Other injury accident,40 km/hr,144.99776,-37.88387,Non-Intersection,GLEN EIRA,Metro,2,0,2,0,0,0,0,No
2018,May,12/5/18,19.05.00,Collision with vehicle,Saturday,No,Dark,Serious injury accident,60 km/hr,145.06791,-37.82198,Intersection,BOROONDARA,Metro,2,0,2,0,0,1,1,No
2018,May,12/5/18,19.10.00,Collision with vehicle,Saturday,No,Dark,Other injury accident,60 km/hr,145.01266,-37.91918,Intersection,BAYSIDE,Metro,2,0,0,1,0,0,0,No
2018,May,12/5/18,22.03.00,Vehicle overturned,Saturday,No,Dark,Serious injury accident,50 km/hr,144.97706,-37.80667,Non-Intersection,YARRA RANGES,Metro,1,0,1,0,0,0,0,No
2018,May,12/5/18,22.15.00,Collision with object,Friday,No,Dark,Serious injury accident,50 km/hr,145.13124,-38.08399,Non-Intersection,FRANKSTON,Metro,2,0,2,0,1,0,0,No
2018,May,12/5/18,23.10.00,Collision with object,Saturday,No,Dark,Other injury accident,100 km/hr,145.27702,-36.40639,Non-Intersection,SHEPPARTON,Country,1,0,0,1,0,0,0,No
2018,May,12/5/18,13.30.00,Collision with vehicle,Saturday,No,Day,Serious injury accident,80 km/hr,145.1093,-37.98633,Non-Intersection,KINGSTON,Metro,4,0,1,2,1,0,0,No
2018,May,12/5/18,11.20.00,Struck pedestrian,Saturday,No,Day,Other injury accident,50 km/hr,144.94736,-37.73939,Intersection,MORELAND,Metro,3,0,2,1,0,0,0,No
2018,May,12/5/18,14.40.00,No collision and no object struck,Saturday,No,Day,Serious injury accident,60 km/hr,145.36659,-37.8178,Intersection,YARRA RANGES,Metro,1,0,1,0,0,0,0,No
2018,May,12/5/18,10.00.00,Collision with vehicle,Saturday,No,Day,Other injury accident,60 km/hr,145.08188,-37.86183,Intersection,BOROONDARA,Metro,2,0,1,1,0,1,0,No
2018,May,13/5/18,00.13.00,Collision with vehicle,Sunday,Yes,Dark,Serious injury accident,60 km/hr,145.1346,-37.87061,Intersection,MONASH,Metro,2,0,1,1,0,0,1,No
2018,May,13/5/18,02.45.00,Collision with object,Sunday,No,Dark,Other injury accident,60 km/hr,144.88214,-37.83536,Intersection,HOBSONS BAY,Metro,1,0,0,1,0,0,0,No
2018,May,13/5/18,09.00.00,Collision with object,,No,Day,Other injury accident,40 km/hr,144.35981,-38.14932,Intersection,GEELONG,Country,1,0,1,0,0,0,1,No
2018,May,13/5/18,06.50.00,Collision with vehicle,Sunday,No,Dark,Serious injury accident,80 km/hr,145.13946,-37.59812,Non-Intersection,WHITTLESEA,Metro,2,0,2,0,0,0,1,No
2018,May,13/5/18,13.00.00,Collision with vehicle,Sunday,No,Day,Serious injury accident,50 km/hr,144.95704,-37.80388,Non-Intersection,MELBOURNE,Metro,2,0,1,1,0,0,0,No
2018,May,13/5/18,10.16.00,Collision with vehicle,,No,Day,Serious injury accident,100 km/hr,147.85302,-37.7331,Non-Intersection,EAST GIPPSLAND,Country,2,0,1,1,0,0,0,No
2018,May,13/5/18,11.00.00,Collision with vehicle,Sunday,No,Day,Other injury accident,70 km/hr,145.05076,-37.70907,Intersection,DAREBIN,Metro,2,0,0,2,0,0,0,No
2018,May,13/5/18,12.39.00,Collision with object,Sunday,No,Day,Other injury accident,60 km/hr,145.40584,-38.00663,Non-Intersection,CARDINIA,Metro,1,0,1,0,0,0,0,No
2018,May,13/5/18,13.40.00,Collision with vehicle,,No,Day,Other injury accident,80 km/hr,145.1753,-37.85549,Non-Intersection,WHITEHORSE,Metro,3,0,1,2,0,0,1,No
2018,May,13/5/18,12.19.00,Collision with vehicle,Sunday,No,Day,Other injury accident,60 km/hr,145.01105,-37.71205,Intersection,DAREBIN,Metro,3,0,3,0,1,0,1,No
2018,May,13/5/18,14.26.00,Collision with object,Sunday,No,Day,Other injury accident,40 km/hr,145.1256,-37.92811,Non-Intersection,MONASH,Metro,1,0,1,0,0,0,0,No
2018,May,13/5/18,17.05.00,Collision with vehicle,Sunday,No,Dark,Other injury accident,80 km/hr,145.24707,-38.00304,Intersection,CASEY,Metro,7,0,5,2,2,0,0,No
2018,May,13/5/18,17.35.00,Collision with object,Sunday,No,Dusk/Dawn,Serious injury accident,80 km/hr,145.3336,-38.52102,Non-Intersection,BASS COAST,Country,1,0,0,1,0,0,1,No
2018,May,13/5/18,18.15.00,Collision with object,Sunday,No,Dark,Other injury accident,100 km/hr,148.57825,-37.7034,Non-Intersection,EAST GIPPSLAND,Country,1,0,1,0,0,0,0,No
2018,May,13/5/18,18.45.00,Collision with object,,No,Dark,Other injury accident,80 km/hr,144.18198,-38.01637,Non-Intersection,GOLDEN PLAINS,Country,1,0,1,0,0,0,0,No
2018,May,13/5/18,21.20.00,Vehicle overturned,Sunday,No,Dark,Other injury accident,50 km/hr,144.9499,-37.80622,Non-Intersection,MELBOURNE,Metro,1,0,1,0,0,0,0,No
2018,May,13/5/18,22.30.00,Collision with vehicle,Sunday,No,Dark,Other injury accident,60 km/hr,145.12497,-37.8126,Intersection,WHITEHORSE,Metro,2,0,1,1,0,0,0,No
2018,May,14/5/18,17.30.00,Collision with vehicle,Monday,No,Unk.,Other injury accident,60 km/hr,144.9991,-37.89889,Intersection,BAYSIDE,Metro,2,0,2,0,0,0,1,No