year,month,date,time,accident_type,day,hit_run,light_condition,severity,speed_zone,longitude,latitude,node_type,lga,state_div,total_persons,fatality,males,females,passengers,old_driver,young_driver,alcohol
2018,May,14/5/18,16.10.00,Collision with vehicle,Monday,No,Day,Other injury accident,60 km/hr,144.68967,-37.84105,Intersection,WYNDHAM,Metro,2,0,0,2,0,0,1,No
2018,May,14/5/18,19.40.00,Collision with vehicle,Monday,No,Dark,Other injury accident,50 km/hr,145.58839,-38.60516,Intersection,BASS COAST,Country,2,0,0,2,0,0,2,No
2018,May,14/5/18,06.38.00,Collision with vehicle,Sunday,No,Dusk/Dawn,Other injury accident,80 km/hr,145.23607,-37.91255,Intersection,KNOX,Metro,2,0,1,1,0,0,0,No
2018,May,14/5/18,08.20.00,Collision with vehicle,Monday,No,Day,Other injury accident,60 km/hr,145.00186,-37.89925,Non-Intersection,BAYSIDE,Metro,1,0,1,0,0,0,0,No
2018,May,14/5/18,07.50.00,Collision with vehicle,Sunday,No,Day,Other injury accident,80 km/hr,144.58829,-38.26527,Non-Intersection,GEELONG,Country,2,0,1,1,0,1,0,No
2018,May,14/5/18,08.42.00,Collision with vehicle,Monday,No,Day,Other injury accident,60 km/hr,144.90496,-37.68118,Intersection,HUME,Metro,2,0,1,1,0,0,1,No
2018,May,14/5/18,07.40.00,Collision with vehicle,Monday,No,Day,Other injury accident,60 km/hr,145.13154,-37.86226,Intersection,MONASH,Metro,2,0,0,2,0,0,1,No
2018,May,14/5/18,07.20.00,Collision with vehicle,Monday,No,Dusk/Dawn,Other injury accident,50 km/hr,145.10344,-37.91223,Intersection,MONASH,Metro,3,0,2,1,1,0,0,No
2018,May,14/5/18,08.35.00,Collision with object,Sunday,No,Day,Serious injury accident,100 km/hr,142.40484,-35.26241,Non-Intersection,MILDURA,Country,1,0,0,1,0,0,0,No
2018,May,14/5/18,10.14.00,Collision with vehicle,Sunday,No,Day,Other injury accident,50 km/hr,144.95949,-37.80414,Intersection,MELBOURNE,Metro,2,0,1,1,0,0,0,No
2018,May,14/5/18,11.30.00,Collision with vehicle,Monday,No,Day,Serious injury accident,60 km/hr,145.05827,-37.95156,Non-Intersection,KINGSTON,Metro,2,0,1,1,0,0,0,No
2018,May,14/5/18,06.50.00,Collision with vehicle,Monday,No,Dusk/Dawn,Other injury accident,60 km/hr,145.28495,-38.08763,Intersection,CASEY,Metro,2,0,2,0,0,0,1,No
2018,May,14/5/18,08.39.00,Collision with object,Sunday,No,Day,Other injury accident,50 km/hr,145.31085,-38.05741,Non-Intersection,CASEY,Metro,1,0,1,0,0,0,1,No
2018,May,14/5/18,09.05.00,Collision with vehicle,Sunday,No,Day,Other injury accident,40 km/hr,145.11493,-37.71349,Non-Intersection,BANYULE,Metro,2,0,1,1,0,0,0,No
2018,May,14/5/18,13.00.00,Collision with vehicle,Sunday,No,Day,Other injury accident,60 km/hr,147.07995,-37.96683,Non-Intersection,WELLINGTON,Country,2,0,1,1,0,0,0,No
2018,May,14/5/18,11.15.00,Collision with vehicle,Monday,No,Day,Serious injury accident,70 km/hr,144.20106,-36.75691,Non-Intersection,BENDIGO,Country,2,0,1,1,0,0,0,No
2018,May,14/5/18,09.11.00,Collision with vehicle,Monday,Yes,Day,Other injury accident,60 km/hr,145.09023,-37.8195,Non-Intersection,BOROONDARA,Metro,3,0,1,1,0,0,0,No
2018,May,14/5/18,13.45.00,Collision with vehicle,Monday,No,Day,Other injury accident,110 km/hr,145.13731,-36.98374,Non-Intersection,MITCHELL,Country,2,0,2,0,0,0,0,No
2018,May,14/5/18,13.50.00,Collision with vehicle,Monday,No,Day,Serious injury accident,60 km/hr,145.06514,-37.92193,Intersection,GLEN EIRA,Metro,2,0,0,2,0,0,0,No
2018,May,14/5/18,10.46.00,Collision with vehicle,Monday,Yes,Day,Serious injury accident,70 km/hr,144.33166,-38.11754,Non-Intersection,GEELONG,Country,2,0,0,2,0,0,0,No
2018,May,14/5/18,17.20.00,Collision with vehicle,Monday,No,Dark,Other injury accident,60 km/hr,144.35069,-38.17165,Intersection,GEELONG,Country,3,0,1,2,1,0,0,No
2018,May,14/5/18,16.45.00,Vehicle overturned,Monday,No,Dusk/Dawn,Other injury accident,50 km/hr,145.37587,-37.91496,Non-Intersection,YARRA RANGES,Metro,1,0,1,0,0,0,0,No
2018,May,14/5/18,15.50.00,Collision with vehicle,Sunday,No,Day,Other injury accident,60 km/hr,145.27067,-37.84151,Non-Intersection,KNOX,Metro,4,0,1,3,1,0,2,No
2018,May,14/5/18,16.15.00,Collision with vehicle,Monday,No,Day,Other injury accident,70 km/hr,145.14276,-37.85132,Non-Intersection,WHITEHORSE,Metro,3,0,0,3,1,1,0,No
2018,May,14/5/18,17.30.00,Struck pedestrian,Monday,No,Dusk/Dawn,Other injury accident,50 km/hr,145.16351,-37.66756,Non-Intersection,NILLUMBIK,Metro,2,0,1,1,0,0,0,No
2018,May,14/5/18,20.48.00,Struck pedestrian,Monday,No,Dark,Other injury accident,40 km/hr,144.96684,-37.81616,Non-Intersection,MELBOURNE,Metro,2,0,1,0,0,0,0,No
2018,May,14/5/18,19.30.00,Struck pedestrian,Sunday,No,Dark,Serious injury accident,70 km/hr,145.35753,-38.05485,Non-Intersection,CASEY,Metro,5,0,1,4,2,0,0,No
2018,May,14/5/18,16.58.00,Collision with vehicle,Sunday,Yes,Day,Other injury accident,60 km/hr,145.22731,-38.01612,Non-Intersection,DANDENONG,Metro,2,0,1,1,0,0,0,No
2018,May,14/5/18,20.00.00,Collision with vehicle,Monday,No,Dark,Other injury accident,60 km/hr,145.29669,-38.09896,Intersection,CASEY,Metro,3,0,1,2,1,0,0,No
2018,May,14/5/18,18.00.00,Collision with vehicle,Monday,No,Dark,Other injury accident,40 km/hr,144.82157,-37.76702,Non-Intersection,BRIMBANK,Metro,2,0,1,1,1,0,0,No
2018,May,14/5/18,13.40.00,Collision with vehicle,Monday,No,Day,Serious injury accident,70 km/hr,145.07124,-37.67031,Non-Intersection,WHITTLESEA,Metro,4,0,3,1,2,0,1,No
2018,May,14/5/18,08.00.00,Collision with vehicle,Monday,No,Day,Other injury accident,60 km/hr,145.09622,-37.84698,Intersection,WHITEHORSE,Metro,4,0,2,2,2,0,0,No
2018,May,14/5/18,13.45.00,Collision with object,Monday,No,Day,Other injury accident,100 km/hr,148.02805,-37.5874,Non-Intersection,EAST GIPPSLAND,Country,2,0,2,0,1,0,0,No
2018,May,15/5/18,14.22.00,Vehicle overturned,Tuesday,No,Day,Other injury accident,40 km/hr,144.96135,-37.77156,Intersection,MORELAND,Metro,1,0,0,0,0,0,0,No
2018,May,15/5/18,07.40.00,Collision with vehicle,Tuesday,No,Day,Other injury accident,60 km/hr,144.22141,-35.80885,Non-Intersection,GANNAWARRA,Country,3,0,2,1,1,1,0,No
2018,May,15/5/18,04.45.00,Struck animal,Tuesday,No,Dark,Serious injury accident,100 km/hr,145.7526,-36.05525,Non-Intersection,MOIRA,Country,1,0,1,0,0,0,0,No
2018,May,15/5/18,08.30.00,Collision with vehicle,Tuesday,No,Day,Other injury accident,60 km/hr,145.02977,-37.74802,Non-Intersection,DAREBIN,Metro,3,0,1,2,0,0,1,No
2018,May,15/5/18,06.13.00,Struck pedestrian,Tuesday,No,Dusk/Dawn,Serious injury accident,60 km/hr,145.05518,-37.74969,Intersection,BANYULE,Metro,2,0,2,0,0,0,0,No
2018,May,15/5/18,07.20.00,Collision with vehicle,Tuesday,No,Day,Other injury accident,70 km/hr,144.74607,-36.1405,Non-Intersection,CAMPASPE,Country,2,0,0,2,0,0,1,No
2018,May,15/5/18,09.14.00,Collision with object,Monday,No,Day,Other injury accident,60 km/hr,146.42394,-38.22565,Intersection,LATROBE,Country,1,0,0,1,0,0,0,No
2018,May,15/5/18,10.19.00,Collision with object,Monday,No,Day,Other injury accident,50 km/hr,144.97943,-37.85049,Intersection,PORT PHILLIP,Metro,2,0,1,1,0,0,0,No
2018,May,15/5/18,09.40.00,Collision with vehicle,Monday,No,Day,Other injury accident,80 km/hr,145.06772,-37.68702,Non-Intersection,BANYULE,Metro,4,0,2,2,0,0,3,No
2018,May,15/5/18,11.41.00,Collision with object,Tuesday,No,Day,Serious injury accident,50 km/hr,146.29586,-36.35752,Non-Intersection,WANGARATTA,Country,1,0,1,0,0,0,0,No
2018,May,15/5/18,12.31.00,Collision with vehicle,Monday,Yes,Day,Serious injury accident,70 km/hr,144.84034,-37.72382,Non-Intersection,BRIMBANK,Metro,2,0,2,0,0,1,1,No
2018,May,15/5/18,14.46.00,Struck pedestrian,Tuesday,No,Day,Other injury accident,70 km/hr,144.35298,-38.14629,Intersection,GEELONG,Country,2,0,0,2,0,0,0,No
2018,May,15/5/18,11.55.00,Collision with vehicle,Tuesday,No,Day,Fatal accident,100 km/hr,145.41585,-38.07652,Non-Intersection,CARDINIA,Metro,2,1,2,0,0,1,0,No
2018,May,15/5/18,12.45.00,Collision with object,Tuesday,No,Day,Other injury accident,50 km/hr,144.93306,-37.62488,Non-Intersection,HUME,Metro,1,0,1,0,0,0,1,No
2018,May,15/5/18,14.45.00,Collision with vehicle,Monday,No,Day,Other injury accident,60 km/hr,145.1556,-37.8396,Intersection,WHITEHORSE,Metro,5,0,2,3,3,0,0,No
2018,May,15/5/18,08.24.00,Collision with vehicle,Tuesday,No,Day,Other injury accident,60 km/hr,144.78807,-37.72765,Non-Intersection,BRIMBANK,Metro,5,0,4,1,2,0,0,No
2018,May,15/5/18,09.50.00,Collision with vehicle,Monday,No,Day,Other injury accident,50 km/hr,144.83789,-37.78746,Intersection,BRIMBANK,Metro,3,0,0,3,1,0,0,No
2018,May,15/5/18,15.10.00,Collision with vehicle,Tuesday,No,Day,Other injury accident,40 km/hr,144.98799,-37.83851,Intersection,STONNINGTON,Metro,3,0,1,2,0,0,1,No
2018,May,15/5/18,16.00.00,Collision with vehicle,Tuesday,No,Day,Other injury accident,80 km/hr,145.15182,-37.91783,Intersection,MONASH,Metro,4,0,3,1,0,0,0,No
2018,May,15/5/18,16.00.00,Collision with vehicle,Tuesday,No,Day,Other injury accident,50 km/hr,144.87784,-37.81978,Non-Intersection,MARIBYRNONG,Metro,2,0,1,1,0,0,0,No
2018,May,15/5/18,18.25.00,Collision with vehicle,Tuesday,No,Dark,Other injury accident,60 km/hr,145.00779,-37.87813,Non-Intersection,GLEN EIRA,Metro,2,0,1,1,0,0,0,No
2018,May,15/5/18,15.15.00,Collision with vehicle,Tuesday,No,Day,Other injury accident,50 km/hr,144.35445,-38.15476,Intersection,GEELONG,Country,2,0,1,1,0,1,0,No
2018,May,15/5/18,18.50.00,Collision with object,Monday,No,Dark,Serious injury accident,60 km/hr,145.52283,-37.69313,Non-Intersection,YARRA RANGES,Metro,3,0,0,2,1,0,0,No
2018,May,15/5/18,18.45.00,Collision with vehicle,Monday,No,Dark,Other injury accident,40 km/hr,145.24439,-37.92534,Non-Intersection,KNOX,Metro,1,0,0,1,0,0,0,No
2018,May,15/5/18,06.20.00,Collision with vehicle,Tuesday,No,Dark,Serious injury accident,80 km/hr,145.23897,-38.00208,Non-Intersection,CASEY,Metro,2,0,2,0,0,0,0,No
2018,May,15/5/18,16.30.00,Collision with object,Tuesday,No,Day,Serious injury accident,80 km/hr,145.20214,-37.97394,Non-Intersection,DANDENONG,Metro,2,0,2,0,1,0,0,No
2018,May,15/5/18,22.00.00,Collision with vehicle,Tuesday,No,Dark,Other injury accident,60 km/hr,144.95845,-37.79255,Intersection,MELBOURNE,Metro,4,0,2,2,2,0,2,No
2018,May,16/5/18,02.03.00,Collision with vehicle,Wednesday,Yes,Dark,Serious injury accident,70 km/hr,145.16681,-37.87439,Intersection,MONASH,Metro,2,0,2,0,0,0,2,No
2018,May,16/5/18,07.40.00,Collision with object,Wednesday,No,Day,Other injury accident,80 km/hr,143.98081,-37.46484,Non-Intersection,HEPBURN,Country,1,0,1,0,0,0,1,No
2018,May,16/5/18,07.35.00,Collision with vehicle,Tuesday,No,Day,Other injury accident,80 km/hr,144.95267,-37.651,Intersection,HUME,Metro,2,0,0,2,0,0,0,No
2018,May,16/5/18,11.30.00,Vehicle overturned,Tuesday,No,Day,Other injury accident,60 km/hr,144.76402,-37.82622,Intersection,WYNDHAM,Metro,1,0,1,0,0,0,0,No
2018,May,16/5/18,11.05.00,Collision with vehicle,Wednesday,No,Day,Other injury accident,60 km/hr,145.0533,-37.83098,Non-Intersection,BOROONDARA,Metro,4,0,2,1,1,1,0,No
2018,May,16/5/18,09.45.00,Collision with vehicle,Tuesday,No,Day,Other injury accident,60 km/hr,145.21019,-37.99146,Intersection,DANDENONG,Metro,2,0,2,0,0,0,0,No
2018,May,16/5/18,07.05.00,Collision with vehicle,Wednesday,No,Dusk/Dawn,Other injury accident,100 km/hr,145.20966,-37.94898,Non-Intersection,DANDENONG,Metro,3,0,2,1,0,0,0,No
2018,May,16/5/18,09.00.00,Collision with vehicle,Wednesday,No,Day,Serious injury accident,60 km/hr,145.20878,-37.99876,Intersection,DANDENONG,Metro,4,0,2,0,2,0,0,No
2018,May,16/5/18,12.00.00,Collision with vehicle,Wednesday,No,Day,Serious injury accident,50 km/hr,143.85001,-37.5567,Non-Intersection,BALLARAT,Country,3,0,1,2,1,0,0,No
2018,May,16/5/18,14.30.00,Vehicle overturned,Tuesday,No,Day,Other injury accident,60 km/hr,144.83863,-37.70126,Non-Intersection,HUME,Metro,1,0,1,0,0,0,0,No
2018,May,16/5/18,07.00.00,Struck pedestrian,Wednesday,Yes,Dusk/Dawn,Fatal accident,80 km/hr,145.21346,-37.81723,Non-Intersection,MAROONDAH,Metro,2,1,1,1,0,0,0,No
2018,May,16/5/18,13.06.00,Struck pedestrian,Wednesday,No,Day,Serious injury accident,60 km/hr,144.91622,-37.70664,Non-Intersection,MORELAND,Metro,2,0,1,1,0,0,0,No
2018,May,16/5/18,14.05.00,Collision with vehicle,Tuesday,No,Day,Other injury accident,60 km/hr,144.62787,-37.9016,Intersection,WYNDHAM,Metro,4,0,3,1,1,0,0,No
2018,May,16/5/18,09.25.00,Collision with vehicle,Tuesday,No,Day,Other injury accident,80 km/hr,145.30765,-38.11635,Intersection,CASEY,Metro,2,0,2,0,0,0,0,No
2018,May,16/5/18,15.00.00,Collision with vehicle,Wednesday,No,Day,Other injury accident,60 km/hr,145.04961,-36.30809,Intersection,CAMPASPE,Country,2,0,0,2,0,1,0,No
2018,May,16/5/18,07.45.00,Collision with vehicle,Wednesday,Yes,Unk.,Other injury accident,50 km/hr,144.87887,-37.73232,Intersection,MOONEE VALLEY,Metro,2,0,2,0,0,0,0,No
2018,May,16/5/18,13.50.00,Collision with vehicle,Wednesday,No,Day,Other injury accident,80 km/hr,145.24743,-37.80292,Intersection,MAROONDAH,Metro,4,0,1,3,2,0,0,No
2018,May,16/5/18,17.55.00,Collision with vehicle,Wednesday,No,Dark,Other injury accident,100 km/hr,145.32811,-38.03558,Non-Intersection,CASEY,Metro,3,0,1,2,0,0,1,No
2018,May,16/5/18,14.30.00,Collision with object,Wednesday,No,Day,Serious injury accident,100 km/hr,146.28023,-38.30248,Non-Intersection,LATROBE,Country,2,0,2,0,1,0,0,No
2018,May,16/5/18,17.30.00,Collision with vehicle,Wednesday,Yes,Dark,Other injury accident,50 km/hr,144.96582,-37.73765,Intersection,MORELAND,Metro,2,0,2,0,0,0,1,No
2018,May,16/5/18,15.00.00,Collision with vehicle,Wednesday,No,Day,Other injury accident,80 km/hr,143.80569,-37.49948,Intersection,BALLARAT,Country,3,0,1,2,1,0,1,No
2018,May,16/5/18,16.00.00,Vehicle overturned,Wednesday,No,Day,Other injury accident,50 km/hr,144.96829,-37.8193,Non-Intersection,MELBOURNE,Metro,3,0,3,0,1,0,0,No
2018,May,16/5/18,19.00.00,Struck pedestrian,Wednesday,No,Dark,Other injury accident,60 km/hr,144.95137,-37.30031,Intersection,MITCHELL,Country,2,0,1,1,0,1,0,No
2018,May,16/5/18,17.40.00,Collision with vehicle,Wednesday,No,Dusk/Dawn,Other injury accident,100 km/hr,143.79904,-37.41917,Non-Intersection,BALLARAT,Country,2,0,2,0,0,0,2,No
2018,May,16/5/18,19.40.00,Collision with vehicle,Wednesday,No,Dark,Serious injury accident,80 km/hr,145.37016,-38.03827,Intersection,CARDINIA,Metro,2,0,2,0,0,0,2,No
2018,May,16/5/18,14.55.00,Collision with vehicle,Wednesday,No,Day,Other injury accident,40 km/hr,144.7087,-37.61338,Non-Intersection,MELTON,Metro,3,0,2,1,0,0,0,No
2018,May,16/5/18,17.18.00,Collision with object,Tuesday,No,Dark,Other injury accident,60 km/hr,145.05545,-37.83796,Non-Intersection,BOROONDARA,Metro,1,0,1,0,0,0,0,No
2018,May,16/5/18,20.32.00,Struck pedestrian,Wednesday,No,Dark,Other injury accident,60 km/hr,145.01353,-37.68205,Intersection,WHITTLESEA,Metro,2,0,2,0,0,0,0,No
2018,May,16/5/18,19.58.00,Collision with vehicle,Wednesday,Yes,Dark,Other injury accident,50 km/hr,144.54618,-37.70298,Non-Intersection,MELTON,Metro,2,0,1,0,0,0,0,No
2018,May,16/5/18,21.10.00,Collision with vehicle,Wednesday,Yes,Dark,Other injury accident,80 km/hr,144.95351,-37.65832,Intersection,HUME,Metro,4,0,0,3,2,0,1,No
2018,May,16/5/18,21.00.00,Vehicle overturned,Wednesday,No,Dark,Fatal accident,100 km/hr,144.24897,-36.55381,Non-Intersection,BENDIGO,Country,1,1,1,0,0,0,0,No
2018,May,16/5/18,06.40.00,Collision with vehicle,Wednesday,No,Dusk/Dawn,Other injury accident,100 km/hr,145.14883,-37.80002,Non-Intersection,MANNINGHAM,Metro,4,0,3,0,1,0,1,No
2018,May,16/5/18,18.40.00,Collision with object,Wednesday,No,Dark,Other injury accident,80 km/hr,146.14545,-38.47701,Non-Intersection,SOUTH GIPPSLAND,Country,1,0,0,1,0,0,1,No
2018,May,16/5/18,21.44.00,Struck pedestrian,Tuesday,No,Dark,Other injury accident,50 km/hr,144.70864,-37.8432,Non-Intersection,WYNDHAM,Metro,2,0,2,0,0,0,0,No
2018,May,16/5/18,06.45.00,Collision with vehicle,Wednesday,No,Dusk/Dawn,Other injury accident,80 km/hr,145.23276,-37.92958,Intersection,KNOX,Metro,2,0,2,0,0,0,0,No
2018,May,16/5/18,07.30.00,Collision with vehicle,Wednesday,No,Day,Other injury accident,60 km/hr,145.06743,-37.92223,Intersection,GLEN EIRA,Metro,5,0,1,3,3,0,1,No
2018,May,17/5/18,11.05.00,Collision with vehicle,Thursday,No,Day,Other injury accident,60 km/hr,145.02889,-37.80681,Intersection,BOROONDARA,Metro,2,0,2,0,0,0,0,No
2018,May,17/5/18,02.25.00,Collision with vehicle,Thursday,No,Dark,Serious injury accident,70 km/hr,145.04194,-37.87553,Intersection,GLEN EIRA,Metro,2,0,2,0,0,0,1,Yes
2018,May,17/5/18,08.55.00,Collision with vehicle,Thursday,No,Day,Other injury accident,70 km/hr,145.07477,-37.9641,Intersection,KINGSTON,Metro,2,0,2,0,0,0,0,No
2018,May,17/5/18,01.35.00,Collision with object,Thursday,No,Dark,Other injury accident,100 km/hr,145.62618,-38.18618,Non-Intersection,CARDINIA,Metro,1,0,1,0,0,0,0,No
2018,May,17/5/18,08.20.00,Collision with vehicle,Thursday,No,Day,Other injury accident,60 km/hr,145.1575,-38.11269,Intersection,FRANKSTON,Metro,2,0,1,1,0,0,1,No
2018,May,17/5/18,08.35.00,Collision with vehicle,Thursday,No,Day,Other injury accident,50 km/hr,143.88284,-37.55458,Intersection,BALLARAT,Country,2,0,1,1,0,0,0,No
2018,May,17/5/18,08.34.00,Collision with vehicle,Thursday,No,Day,Other injury accident,60 km/hr,145.18312,-37.66684,Non-Intersection,NILLUMBIK,Metro,5,0,4,1,2,0,1,No
2018,May,17/5/18,06.30.00,Collision with vehicle,Thursday,No,Dark,Other injury accident,100 km/hr,144.73216,-36.887,Non-Intersection,BENDIGO,Country,2,0,2,0,0,0,1,No
2018,May,17/5/18,11.40.00,Collision with vehicle,Wednesday,No,Day,Other injury accident,60 km/hr,144.59307,-37.47413,Non-Intersection,MACEDON RANGES,Country,2,0,2,0,0,0,0,No
2018,May,17/5/18,08.35.00,Collision with vehicle,Thursday,No,Day,Other injury accident,60 km/hr,145.00285,-37.85029,Non-Intersection,STONNINGTON,Metro,2,0,2,0,0,0,0,No
2018,May,17/5/18,12.05.00,Struck pedestrian,Wednesday,No,Day,Serious injury accident,40 km/hr,144.96452,-37.8172,Intersection,MELBOURNE,Metro,4,0,4,0,2,0,0,No
2018,May,17/5/18,12.30.00,Collision with object,Thursday,No,Day,Other injury accident,50 km/hr,145.18828,-37.85093,Intersection,WHITEHORSE,Metro,1,0,1,0,0,1,0,No
2018,May,17/5/18,09.15.00,Collision with vehicle,Thursday,No,Day,Other injury accident,40 km/hr,144.96941,-37.80398,Non-Intersection,MELBOURNE,Metro,2,0,0,2,0,0,0,No
2018,May,17/5/18,09.00.00,Struck pedestrian,Thursday,No,Day,Other injury accident,50 km/hr,144.98173,-37.85381,Non-Intersection,PORT PHILLIP,Metro,2,0,1,1,0,0,0,No
2018,May,17/5/18,13.25.00,Collision with object,Thursday,No,Day,Serious injury accident,60 km/hr,144.70233,-37.87357,Non-Intersection,WYNDHAM,Metro,1,0,1,0,0,0,0,No
2018,May,17/5/18,10.40.00,Collision with vehicle,Thursday,No,Day,Other injury accident,40 km/hr,144.95633,-37.81771,Non-Intersection,MELBOURNE,Metro,2,0,2,0,0,0,0,No
2018,May,17/5/18,13.30.00,Collision with vehicle,Thursday,No,Day,Other injury accident,60 km/hr,145.05908,-37.7582,Intersection,BANYULE,Metro,2,0,1,1,0,0,0,No
2018,May,17/5/18,15.15.00,Collision with vehicle,Thursday,No,Day,Other injury accident,40 km/hr,144.95821,-37.8093,Off Road,MELBOURNE,Metro,2,0,1,1,0,0,0,No
2018,May,17/5/18,15.33.00,Collision with vehicle,Wednesday,No,Day,Other injury accident,60 km/hr,144.91607,-37.75278,Intersection,MOONEE VALLEY,Metro,2,0,2,0,0,0,0,No
2018,May,17/5/18,15.25.00,Struck animal,Thursday,No,Day,Other injury accident,100 km/hr,143.1519,-38.42137,Non-Intersection,CORANGAMITE,Country,2,0,1,1,1,0,0,No
2018,May,17/5/18,14.20.00,Collision with vehicle,Thursday,No,Day,Other injury accident,40 km/hr,145.14077,-38.01094,Non-Intersection,KINGSTON,Metro,4,0,3,1,1,1,0,No
2018,May,17/5/18,17.35.00,Collision with vehicle,Thursday,No,Dark,Other injury accident,70 km/hr,145.03207,-36.31352,Intersection,CAMPASPE,Country,2,0,1,1,0,0,0,No
2018,May,17/5/18,15.10.00,Collision with vehicle,Thursday,Yes,Day,Serious injury accident,60 km/hr,145.05609,-37.9633,Intersection,KINGSTON,Metro,2,0,1,0,0,0,0,No
2018,May,17/5/18,14.00.00,Collision with vehicle,Thursday,No,Day,Serious injury accident,50 km/hr,144.99942,-37.90776,Intersection,BAYSIDE,Metro,2,0,1,1,0,1,0,No
2018,May,17/5/18,17.15.00,No collision and no object struck,Thursday,No,Dusk/Dawn,Other injury accident,80 km/hr,145.38887,-36.44239,Non-Intersection,SHEPPARTON,Country,1,0,0,1,0,0,1,No
2018,May,17/5/18,18.00.00,Collision with vehicle,Thursday,No,Dusk/Dawn,Other injury accident,60 km/hr,145.08144,-37.78478,Non-Intersection,BOROONDARA,Metro,2,0,1,1,0,1,0,No
2018,May,17/5/18,19.20.00,Struck animal,Thursday,No,Dark,Other injury accident,80 km/hr,144.86433,-37.81256,Non-Intersection,MARIBYRNONG,Metro,1,0,0,0,0,0,0,No
2018,May,17/5/18,17.54.00,Struck pedestrian,Thursday,No,Dark,Other injury accident,60 km/hr,145.00139,-37.85887,Intersection,STONNINGTON,Metro,2,0,2,0,0,0,0,No
2018,May,17/5/18,20.24.00,Struck pedestrian,Thursday,No,Dark,Serious injury accident,50 km/hr,144.98181,-37.78567,Intersection,YARRA RANGES,Metro,2,0,2,0,0,0,1,No
2018,May,17/5/18,17.45.00,Collision with vehicle,Wednesday,No,Dark,Other injury accident,100 km/hr,145.09802,-37.88519,Non-Intersection,MONASH,Metro,4,0,2,2,1,0,1,No
2018,May,17/5/18,16.08.00,Collision with vehicle,Wednesday,No,Day,Other injury accident,80 km/hr,142.29957,-38.34676,Non-Intersection,MOYNE,Country,10,0,7,3,7,0,0,No
2018,May,17/5/18,19.35.00,Collision with vehicle,Thursday,No,Dark,Other injury accident,40 km/hr,145.14905,-37.71155,Intersection,NILLUMBIK,Metro,5,0,3,2,3,0,0,No
2018,May,17/5/18,15.41.00,Vehicle overturned,Thursday,No,Day,Other injury accident,60 km/hr,144.99748,-37.84732,Non-Intersection,STONNINGTON,Metro,1,0,1,0,0,0,0,No
2018,May,17/5/18,22.21.00,Collision with vehicle,Thursday,No,Dark,Other injury accident,60 km/hr,145.07457,-37.8628,Intersection,BOROONDARA,Metro,3,0,2,1,1,0,1,No
2018,May,17/5/18,19.55.00,Collision with vehicle,Thursday,No,Dark,Other injury accident,50 km/hr,144.92886,-37.67755,Intersection,HUME,Metro,5,0,2,3,3,0,2,No
2018,May,17/5/18,23.20.00,Collision with vehicle,Wednesday,No,Dark,Serious injury accident,100 km/hr,145.62016,-38.06889,Intersection,CARDINIA,Metro,7,0,4,3,4,0,3,No
2018,May,17/5/18,22.30.00,Collision with vehicle,Thursday,No,Dark,Other injury accident,60 km/hr,144.31904,-38.17093,Intersection,GEELONG,Country,2,0,1,1,0,0,1,No
2018,May,17/5/18,08.00.00,Collision with vehicle,Thursday,No,Day,Other injury accident,60 km/hr,144.97645,-37.83807,Non-Intersection,MELBOURNE,Metro,3,0,1,0,0,0,0,No
2018,May,17/5/18,14.45.00,Collision with object,Thursday,No,Day,Other injury accident,60 km/hr,143.51702,-38.60862,Non-Intersection,COLAC OTWAY,Country,2,0,0,2,1,0,0,No
2018,May,17/5/18,21.00.00,Collision with vehicle,Thursday,No,Dark,Serious injury accident,60 km/hr,145.2219,-37.8171,Non-Intersection,MAROONDAH,Metro,3,0,2,1,1,0,1,No
2018,May,17/5/18,06.45.00,Collision with vehicle,Thursday,No,Dusk/Dawn,Other injury accident,80 km/hr,145.30353,-38.04464,Non-Intersection,CASEY,Metro,2,0,1,1,0,0,0,No
2018,May,17/5/18,16.15.00,Collision with vehicle,Thursday,No,Dusk/Dawn,Other injury accident,60 km/hr,143.79731,-37.54642,Non-Intersection,BALLARAT,Country,3,0,0,3,0,0,0,No
2018,May,18/5/18,12.00.00,Collision with vehicle,Friday,No,Unk.,Other injury accident,50 km/hr,145.20754,-37.9969,Non-Intersection,DANDENONG,Metro,3,0,1,2,1,0,1,No
2018,May,18/5/18,01.00.00,Collision with object,Friday,No,Dark,Other injury accident,110 km/hr,146.23468,-38.18601,Non-Intersection,LATROBE,Country,1,0,0,1,0,0,1,No
2018,May,18/5/18,08.10.00,Struck pedestrian,Thursday,Yes,Day,Other injury accident,60 km/hr,144.97162,-37.74186,Intersection,MORELAND,Metro,2,0,0,1,0,0,0,No
2018,May,18/5/18,08.30.00,Collision with vehicle,Friday,No,Day,Other injury accident,40 km/hr,145.26757,-37.7828,Intersection,MAROONDAH,Metro,7,0,1,3,5,0,0,No
2018,May,18/5/18,08.15.00,Collision with object,Thursday,No,Day,Serious injury accident,100 km/hr,142.65304,-37.40102,Non-Intersection,ARARAT,Country,1,0,1,0,0,1,0,No
2018,May,18/5/18,10.13.00,Struck pedestrian,Friday,No,Day,Serious injury accident,50 km/hr,145.12606,-37.82006,Non-Intersection,WHITEHORSE,Metro,2,0,0,2,0,0,0,No
2018,May,18/5/18,08.30.00,Collision with object,Thursday,No,Day,Other injury accident,100 km/hr,146.18977,-38.66235,Non-Intersection,SOUTH GIPPSLAND,Country,2,0,1,1,1,0,0,No
2018,May,18/5/18,10.20.00,Collision with vehicle,Thursday,No,Day,Other injury accident,60 km/hr,145.03032,-37.79912,Intersection,BOROONDARA,Metro,2,0,2,0,0,0,1,No
2018,May,18/5/18,07.15.00,Vehicle overturned,Friday,No,Day,Other injury accident,100 km/hr,146.65046,-38.24713,Non-Intersection,WELLINGTON,Country,1,0,1,0,0,0,0,No
2018,May,18/5/18,09.04.00,Collision with vehicle,Friday,No,Day,Other injury accident,50 km/hr,144.9388,-37.7044,Intersection,MORELAND,Metro,4,0,1,3,2,0,1,No