year,month,date,time,accident_type,day,hit_run,light_condition,severity,speed_zone,longitude,latitude,node_type,lga,state_div,total_persons,fatality,males,females,passengers,old_driver,young_driver,alcohol
2018,May,18/5/18,01.15.00,Struck animal,Friday,No,Dark,Other injury accident,80 km/hr,145.72282,-35.97119,Non-Intersection,MOIRA,Country,2,0,1,1,1,0,0,No
2018,May,18/5/18,08.24.00,Collision with vehicle,Friday,No,Day,Other injury accident,60 km/hr,144.95362,-37.83249,Non-Intersection,PORT PHILLIP,Metro,2,0,1,1,1,0,0,No
2018,May,18/5/18,06.05.00,Collision with vehicle,Friday,No,Dark,Serious injury accident,70 km/hr,144.73127,-37.85272,Intersection,WYNDHAM,Metro,2,0,1,1,0,0,1,No
2018,May,18/5/18,11.40.00,Collision with vehicle,Friday,No,Day,Other injury accident,60 km/hr,145.42837,-38.07454,Intersection,CARDINIA,Metro,6,0,2,4,2,0,1,No
2018,May,18/5/18,11.30.00,Collision with object,Thursday,No,Day,Other injury accident,60 km/hr,145.36502,-37.76289,Non-Intersection,YARRA RANGES,Metro,1,0,1,0,0,0,1,No
2018,May,18/5/18,12.20.00,Collision with vehicle,Friday,No,Day,Serious injury accident,80 km/hr,145.27529,-37.99722,Intersection,CASEY,Metro,3,0,3,0,1,0,1,No
2018,May,18/5/18,14.00.00,Collision with vehicle,Friday,No,Day,Serious injury accident,40 km/hr,144.98329,-37.8064,Non-Intersection,YARRA RANGES,Metro,2,0,1,1,0,0,0,No
2018,May,18/5/18,14.45.00,Collision with vehicle,Friday,No,Day,Other injury accident,70 km/hr,144.95781,-37.68594,Non-Intersection,HUME,Metro,4,0,2,2,0,0,2,No
2018,May,18/5/18,15.45.00,Collision with object,Friday,No,Day,Other injury accident,100 km/hr,143.53155,-38.32301,Non-Intersection,COLAC OTWAY,Country,1,0,1,0,0,0,0,Yes
2018,May,18/5/18,16.01.00,Collision with vehicle,Friday,No,Dusk/Dawn,Other injury accident,80 km/hr,145.00589,-37.8979,Non-Intersection,GLEN EIRA,Metro,3,0,3,0,0,0,1,No
2018,May,18/5/18,15.00.00,Collision with vehicle,Thursday,No,Day,Other injury accident,60 km/hr,143.84607,-37.5811,Intersection,BALLARAT,Country,2,0,2,0,0,0,1,No
2018,May,18/5/18,16.25.00,Collision with vehicle,Thursday,No,Day,Other injury accident,80 km/hr,145.21414,-38.11967,Non-Intersection,FRANKSTON,Metro,6,0,5,1,2,0,1,No
2018,May,18/5/18,17.20.00,Collision with object,Friday,No,Dark,Other injury accident,60 km/hr,146.4213,-38.23196,Non-Intersection,LATROBE,Country,2,0,1,1,1,0,1,No
2018,May,18/5/18,19.20.00,Collision with vehicle,Friday,No,Dark,Other injury accident,80 km/hr,144.69464,-36.90796,Intersection,BENDIGO,Country,3,0,2,1,1,0,0,No
2018,May,18/5/18,13.47.00,Collision with vehicle,Friday,No,Day,Serious injury accident,60 km/hr,144.97662,-37.75106,Non-Intersection,MORELAND,Metro,3,0,2,1,1,0,2,No
2018,May,18/5/18,18.00.00,Struck animal,Friday,No,Dusk/Dawn,Serious injury accident,100 km/hr,142.6517,-37.14118,Non-Intersection,NORTHERN GRAMPIANS,Country,1,0,1,0,0,0,0,No
2018,May,18/5/18,19.45.00,Collision with vehicle,Friday,No,Dark,Other injury accident,80 km/hr,144.74778,-37.83382,Non-Intersection,WYNDHAM,Metro,3,0,2,1,0,0,2,Yes
2018,May,18/5/18,05.10.00,Collision with object,Thursday,No,Dark,Other injury accident,60 km/hr,145.84511,-38.14666,Non-Intersection,BAW BAW,Country,1,0,1,0,0,0,0,No
2018,May,18/5/18,20.10.00,Collision with object,Friday,No,Dark,Serious injury accident,80 km/hr,144.59958,-38.14364,Non-Intersection,GEELONG,Country,1,0,1,0,0,0,1,Yes
2018,May,18/5/18,15.45.00,Struck pedestrian,Thursday,No,Day,Other injury accident,40 km/hr,145.07771,-37.66818,Non-Intersection,WHITTLESEA,Metro,2,0,1,1,0,0,0,No
2018,May,18/5/18,21.00.00,Vehicle overturned,Friday,No,Dark,Other injury accident,80 km/hr,145.38937,-36.44081,Non-Intersection,SHEPPARTON,Country,1,0,1,0,0,0,0,No
2018,May,18/5/18,12.15.00,Collision with object,Thursday,No,Day,Other injury accident,100 km/hr,145.69144,-36.95202,Non-Intersection,MANSFIELD,Country,1,0,1,0,0,0,1,No
2018,May,19/5/18,23.03.00,Collision with object,Saturday,No,Dark,Other injury accident,50 km/hr,145.29128,-37.8668,Non-Intersection,KNOX,Metro,1,0,1,0,0,0,1,Yes
2018,May,19/5/18,21.00.00,Collision with vehicle,Saturday,No,Dark,Other injury accident,60 km/hr,144.98806,-37.86972,Non-Intersection,PORT PHILLIP,Metro,2,0,1,0,0,0,0,No
2018,May,19/5/18,02.30.00,Collision with object,Saturday,No,Dark,Other injury accident,70 km/hr,145.01911,-37.65971,Intersection,WHITTLESEA,Metro,2,0,1,1,1,0,0,No
2018,May,19/5/18,08.50.00,Collision with vehicle,Friday,No,Day,Other injury accident,60 km/hr,145.29234,-37.75534,Intersection,YARRA RANGES,Metro,2,0,1,1,0,0,2,No
2018,May,19/5/18,06.30.00,Vehicle overturned,Saturday,No,Day,Other injury accident,100 km/hr,147.0412,-38.16579,Non-Intersection,WELLINGTON,Country,1,0,1,0,0,0,1,No
2018,May,19/5/18,13.08.00,Collision with vehicle,Saturday,No,Day,Other injury accident,50 km/hr,145.03107,-37.81402,Non-Intersection,BOROONDARA,Metro,2,0,2,0,0,0,1,No
2018,May,19/5/18,13.10.00,Collision with vehicle,Saturday,No,Day,Other injury accident,60 km/hr,144.96345,-37.72237,Non-Intersection,MORELAND,Metro,3,0,1,2,0,0,2,No
2018,May,19/5/18,14.05.00,Collision with vehicle,Saturday,Yes,Day,Serious injury accident,50 km/hr,145.01552,-37.74844,Non-Intersection,DAREBIN,Metro,2,0,0,1,0,0,0,No
2018,May,19/5/18,15.40.00,Collision with object,Saturday,No,Day,Serious injury accident,100 km/hr,146.97596,-37.83367,Non-Intersection,WELLINGTON,Country,1,0,1,0,0,0,0,No
2018,May,19/5/18,18.10.00,Collision with vehicle,Saturday,No,Dark,Other injury accident,80 km/hr,145.2913,-37.88868,Intersection,KNOX,Metro,2,0,2,0,0,0,1,No
2018,May,19/5/18,18.50.00,Collision with vehicle,Friday,No,Dark,Other injury accident,80 km/hr,145.27507,-37.99828,Intersection,CASEY,Metro,2,0,2,0,0,0,0,No
2018,May,19/5/18,00.30.00,Collision with vehicle,Saturday,No,Dark,Serious injury accident,50 km/hr,145.19909,-37.97116,Intersection,DANDENONG,Metro,2,0,0,2,0,0,0,No
2018,May,19/5/18,20.10.00,Collision with vehicle,Saturday,No,Dark,Serious injury accident,60 km/hr,145.06582,-37.84703,Intersection,BOROONDARA,Metro,2,0,1,0,0,0,1,No
2018,May,19/5/18,16.30.00,Vehicle overturned,Saturday,No,Day,Serious injury accident,50 km/hr,143.84462,-37.55251,Non-Intersection,BALLARAT,Country,1,0,1,0,0,0,0,Yes
2018,May,19/5/18,22.15.00,Collision with vehicle,Saturday,No,Dark,Other injury accident,50 km/hr,145.13178,-37.58571,Non-Intersection,WHITTLESEA,Metro,1,0,0,1,0,0,0,Yes
2018,May,19/5/18,23.47.00,Collision with object,Friday,No,Dark,Serious injury accident,60 km/hr,144.83138,-37.76448,Non-Intersection,BRIMBANK,Metro,1,0,0,1,0,0,0,Yes
2018,May,19/5/18,13.00.00,No collision and no object struck,Saturday,No,Day,Other injury accident,60 km/hr,144.99966,-37.8159,Intersection,YARRA RANGES,Metro,1,0,1,0,0,0,0,No
2018,May,19/5/18,23.01.00,Collision with vehicle,Saturday,No,Dark,Other injury accident,60 km/hr,144.98611,-37.78066,Non-Intersection,YARRA RANGES,Metro,6,0,4,2,4,0,1,No
2018,May,19/5/18,01.00.00,Collision with vehicle,Saturday,No,Dark,Serious injury accident,100 km/hr,145.25601,-37.99167,Non-Intersection,CASEY,Metro,2,0,2,0,0,0,2,No
2018,May,19/5/18,18.00.00,No collision and no object struck,Saturday,No,Dusk/Dawn,Other injury accident,60 km/hr,146.53098,-37.49144,Non-Intersection,WELLINGTON,Country,1,0,1,0,0,0,0,No
2018,May,19/5/18,18.38.00,Collision with vehicle,Saturday,No,Dark,Other injury accident,80 km/hr,144.95971,-37.8281,Non-Intersection,MELBOURNE,Metro,6,0,2,2,4,0,0,No
2018,May,19/5/18,20.15.00,Collision with vehicle,Saturday,No,Dark,Other injury accident,50 km/hr,145.17994,-37.98879,Intersection,DANDENONG,Metro,2,0,1,1,0,0,1,No
2018,May,19/5/18,21.30.00,Vehicle overturned,Saturday,No,Dark,Other injury accident,50 km/hr,144.23504,-36.76312,Non-Intersection,BENDIGO,Country,1,0,1,0,0,0,0,No
2018,May,20/5/18,16.40.00,Struck pedestrian,Sunday,No,Dusk/Dawn,Other injury accident,60 km/hr,145.05992,-37.91655,Intersection,GLEN EIRA,Metro,2,0,1,1,0,0,0,No
2018,May,20/5/18,12.37.00,Collision with vehicle,Sunday,No,Day,Other injury accident,50 km/hr,145.06712,-37.791,Intersection,BOROONDARA,Metro,5,0,4,1,3,0,0,No
2018,May,20/5/18,09.45.00,Vehicle overturned,Sunday,No,Day,Other injury accident,50 km/hr,146.8536,-36.13377,Intersection,WODONGA,Country,1,0,0,1,0,0,0,No
2018,May,20/5/18,06.05.00,Collision with object,,No,Dark,Serious injury accident,40 km/hr,145.00515,-37.54636,Non-Intersection,WHITTLESEA,Metro,1,0,1,0,0,1,0,No
2018,May,20/5/18,07.10.00,Vehicle overturned,Sunday,No,Day,Serious injury accident,60 km/hr,145.09978,-37.83617,Non-Intersection,WHITEHORSE,Metro,1,0,1,0,0,0,0,No
2018,May,20/5/18,09.15.00,Collision with vehicle,Sunday,No,Day,Other injury accident,60 km/hr,144.81505,-37.74605,Intersection,BRIMBANK,Metro,2,0,1,1,0,0,0,No
2018,May,20/5/18,13.30.00,No collision and no object struck,Sunday,No,Day,Other injury accident,100 km/hr,144.37375,-37.32603,Non-Intersection,HEPBURN,Country,2,0,1,1,1,0,0,No
2018,May,20/5/18,09.20.00,Vehicle overturned,,No,Day,Serious injury accident,100 km/hr,146.54633,-38.11169,Non-Intersection,LATROBE,Country,1,0,1,0,0,0,0,No
2018,May,20/5/18,15.50.00,Collision with vehicle,,No,Day,Serious injury accident,50 km/hr,145.29707,-37.82028,Non-Intersection,MAROONDAH,Metro,2,0,1,1,0,0,2,No
2018,May,20/5/18,16.35.00,Collision with vehicle,,No,Day,Other injury accident,60 km/hr,143.84444,-37.56054,Intersection,BALLARAT,Country,2,0,2,0,0,0,1,No
2018,May,20/5/18,19.00.00,Collision with object,Sunday,No,Dark,Other injury accident,100 km/hr,145.55459,-38.33481,Non-Intersection,BASS COAST,Country,1,0,0,1,0,0,1,No
2018,May,20/5/18,19.39.00,Collision with vehicle,Sunday,No,Dark,Other injury accident,80 km/hr,145.02384,-37.83344,Non-Intersection,YARRA RANGES,Metro,2,0,1,1,0,0,0,No
2018,May,20/5/18,18.02.00,Collision with vehicle,Sunday,No,Dark,Serious injury accident,60 km/hr,145.08647,-37.90218,Non-Intersection,MONASH,Metro,9,0,2,7,5,0,0,No
2018,May,20/5/18,18.30.00,Vehicle overturned,Sunday,No,Dark,Serious injury accident,70 km/hr,145.21352,-37.7007,Non-Intersection,NILLUMBIK,Metro,2,0,1,1,1,0,0,No
2018,May,20/5/18,21.05.00,Collision with vehicle,Sunday,Yes,Dark,Other injury accident,40 km/hr,145.00722,-37.84089,Intersection,STONNINGTON,Metro,2,0,1,0,0,0,0,No
2018,May,20/5/18,10.00.00,Collision with vehicle,Sunday,No,Day,Other injury accident,50 km/hr,144.98983,-37.89624,Non-Intersection,BAYSIDE,Metro,2,0,2,0,0,0,0,No
2018,May,21/5/18,06.40.00,Collision with vehicle,Monday,No,Day,Other injury accident,60 km/hr,145.18827,-37.96176,Intersection,DANDENONG,Metro,2,0,1,1,0,0,0,No
2018,May,21/5/18,16.50.00,Collision with object,Monday,Not known,Day,Other injury accident,100 km/hr,145.24027,-37.97721,Non-Intersection,CASEY,Metro,1,0,1,0,0,0,0,No
2018,May,21/5/18,14.30.00,Collision with vehicle,Monday,No,Day,Other injury accident,60 km/hr,144.56798,-37.68432,Non-Intersection,MELTON,Metro,2,0,1,1,0,0,0,No
2018,May,21/5/18,05.22.00,Collision with object,Monday,No,Dark,Serious injury accident,70 km/hr,145.20497,-37.75959,Non-Intersection,MANNINGHAM,Metro,1,0,1,0,0,0,0,No
2018,May,21/5/18,06.48.00,Struck pedestrian,Monday,No,Dark,Serious injury accident,60 km/hr,145.0211,-37.76174,Non-Intersection,DAREBIN,Metro,2,0,0,2,0,0,0,No
2018,May,21/5/18,07.00.00,Collision with vehicle,Monday,No,Day,Other injury accident,70 km/hr,145.22489,-37.96256,Non-Intersection,DANDENONG,Metro,4,0,3,1,0,0,0,No
2018,May,21/5/18,07.05.00,Collision with vehicle,Monday,No,Day,Other injury accident,60 km/hr,145.18173,-37.99507,Intersection,DANDENONG,Metro,2,0,1,1,0,0,1,No
2018,May,21/5/18,08.53.00,Collision with object,Monday,No,Day,Serious injury accident,60 km/hr,146.86993,-36.10924,Intersection,WODONGA,Country,1,0,1,0,0,1,0,No
2018,May,21/5/18,08.00.00,Collision with vehicle,Monday,No,Day,Other injury accident,80 km/hr,145.14437,-37.89336,Non-Intersection,MONASH,Metro,4,0,1,3,0,0,1,No
2018,May,21/5/18,08.45.00,Collision with vehicle,Sunday,No,Day,Other injury accident,80 km/hr,145.12528,-37.98858,Intersection,KINGSTON,Metro,3,0,1,2,1,0,1,No
2018,May,21/5/18,09.30.00,Collision with vehicle,Monday,No,Day,Other injury accident,50 km/hr,144.95411,-37.80873,Intersection,MELBOURNE,Metro,3,0,1,0,1,0,0,No
2018,May,21/5/18,09.40.00,Collision with object,Monday,No,Day,Other injury accident,100 km/hr,144.87624,-37.2962,Non-Intersection,MITCHELL,Country,1,0,0,1,0,0,0,No
2018,May,21/5/18,09.20.00,Collision with vehicle,Sunday,No,Day,Other injury accident,50 km/hr,144.85855,-37.78049,Non-Intersection,MARIBYRNONG,Metro,1,0,0,1,0,0,0,No
2018,May,21/5/18,11.10.00,Collision with vehicle,Monday,No,Day,Other injury accident,60 km/hr,144.23583,-36.79097,Intersection,BENDIGO,Country,2,0,1,1,0,0,0,No
2018,May,21/5/18,09.40.00,Collision with vehicle,Monday,No,Day,Serious injury accident,100 km/hr,144.74165,-37.46293,Non-Intersection,MACEDON RANGES,Country,3,0,1,2,0,0,1,No
2018,May,21/5/18,11.50.00,Collision with vehicle,Monday,No,Day,Serious injury accident,70 km/hr,146.941,-36.17658,Intersection,WODONGA,Country,4,0,0,4,2,0,0,No
2018,May,21/5/18,06.50.00,Struck pedestrian,Monday,No,Dusk/Dawn,Fatal accident,60 km/hr,146.53328,-38.19581,Intersection,LATROBE,Country,2,1,2,0,0,0,1,No
2018,May,21/5/18,14.00.00,Collision with vehicle,Monday,No,Day,Other injury accident,60 km/hr,144.85572,-37.83201,Non-Intersection,HOBSONS BAY,Metro,4,0,3,1,2,2,0,No
2018,May,21/5/18,07.20.00,Collision with vehicle,Monday,No,Dark,Serious injury accident,80 km/hr,145.21665,-37.863,Non-Intersection,KNOX,Metro,3,0,2,0,0,0,1,No
2018,May,21/5/18,14.19.00,Collision with vehicle,Monday,No,Day,Other injury accident,60 km/hr,144.92573,-37.75379,Intersection,MOONEE VALLEY,Metro,2,0,0,2,0,0,0,No
2018,May,21/5/18,14.20.00,Collision with vehicle,Monday,No,Day,Serious injury accident,100 km/hr,146.59635,-38.09777,Non-Intersection,LATROBE,Country,4,0,1,3,2,0,1,No
2018,May,21/5/18,16.13.00,Collision with vehicle,Monday,No,Dusk/Dawn,Serious injury accident,80 km/hr,144.41234,-38.1764,Intersection,GEELONG,Country,3,0,3,0,1,0,1,No
2018,May,21/5/18,18.45.00,Collision with vehicle,Monday,Yes,Dark,Other injury accident,50 km/hr,145.00145,-37.73041,Intersection,DAREBIN,Metro,2,0,1,1,0,0,0,No
2018,May,21/5/18,19.05.00,Collision with object,Monday,No,Dark,Other injury accident,100 km/hr,145.01907,-37.43188,Non-Intersection,MITCHELL,Country,2,0,1,1,1,0,0,No
2018,May,21/5/18,14.55.00,Collision with vehicle,Sunday,No,Day,Other injury accident,50 km/hr,145.124,-37.9023,Intersection,MONASH,Metro,2,0,0,2,0,0,0,No
2018,May,21/5/18,15.30.00,Collision with object,Monday,No,Day,Other injury accident,100 km/hr,141.36528,-36.44862,Non-Intersection,WEST WIMMERA,Country,1,0,0,1,0,0,0,No
2018,May,21/5/18,16.20.00,Struck pedestrian,Monday,No,Day,Other injury accident,50 km/hr,144.94972,-37.7758,Intersection,MORELAND,Metro,2,0,1,1,0,0,1,No
2018,May,21/5/18,17.15.00,Collision with vehicle,Monday,No,Day,Other injury accident,60 km/hr,142.14243,-34.21012,Non-Intersection,MILDURA,Country,3,0,1,2,1,1,1,No
2018,May,21/5/18,18.00.00,Collision with vehicle,Sunday,No,Dark,Other injury accident,50 km/hr,144.88304,-37.68441,Intersection,HUME,Metro,5,0,1,3,3,0,0,No
2018,May,21/5/18,20.30.00,Collision with vehicle,Monday,No,Dark,Other injury accident,50 km/hr,144.91102,-37.57171,Non-Intersection,HUME,Metro,1,0,0,1,0,0,1,No
2018,May,21/5/18,21.00.00,Collision with vehicle,Monday,No,Dark,Other injury accident,70 km/hr,145.16681,-37.87439,Intersection,MONASH,Metro,3,0,1,2,0,0,1,No
2018,May,21/5/18,22.00.00,Struck pedestrian,Monday,No,Dark,Other injury accident,50 km/hr,144.89256,-37.79103,Intersection,MARIBYRNONG,Metro,2,0,2,0,0,0,0,No
2018,May,21/5/18,14.38.00,Collision with object,Monday,No,Day,Fatal accident,70 km/hr,144.92319,-37.80243,Non-Intersection,MELBOURNE,Metro,1,1,1,0,0,0,1,No
2018,May,21/5/18,18.50.00,Collision with vehicle,Monday,No,Dark,Serious injury accident,100 km/hr,145.21285,-37.92566,Non-Intersection,KNOX,Metro,2,0,1,1,0,1,0,No
2018,May,21/5/18,14.50.00,Collision with vehicle,Sunday,No,Day,Other injury accident,60 km/hr,145.05413,-37.84492,Non-Intersection,BOROONDARA,Metro,3,0,1,1,1,0,0,No
2018,May,21/5/18,13.50.00,Collision with vehicle,Monday,No,Day,Other injury accident,60 km/hr,144.79115,-37.7855,Non-Intersection,BRIMBANK,Metro,2,0,2,0,0,0,0,No
2018,May,22/5/18,06.30.00,Collision with vehicle,Tuesday,No,Unk.,Other injury accident,60 km/hr,145.28977,-37.79989,Non-Intersection,MAROONDAH,Metro,2,0,1,1,0,0,1,No
2018,May,22/5/18,09.00.00,Collision with vehicle,Tuesday,No,Day,Other injury accident,80 km/hr,145.1456,-38.29669,Non-Intersection,MORNINGTON PENINSULA,Metro,3,0,3,0,1,0,0,No
2018,May,22/5/18,08.40.00,Collision with object,Tuesday,No,Day,Other injury accident,70 km/hr,145.499,-38.02676,Non-Intersection,CARDINIA,Metro,1,0,0,1,0,0,0,No
2018,May,22/5/18,09.10.00,Collision with vehicle,Tuesday,No,Day,Other injury accident,50 km/hr,145.16438,-37.84681,Intersection,WHITEHORSE,Metro,2,0,1,1,0,0,0,No
2018,May,22/5/18,13.00.00,Collision with vehicle,Tuesday,No,Day,Other injury accident,60 km/hr,145.05132,-37.85939,Intersection,STONNINGTON,Metro,2,0,1,1,0,0,1,No
2018,May,22/5/18,12.30.00,Collision with object,Tuesday,No,Day,Other injury accident,60 km/hr,146.42058,-38.23381,Non-Intersection,LATROBE,Country,1,0,1,0,0,0,1,No
2018,May,22/5/18,06.45.00,Collision with vehicle,Tuesday,No,Dusk/Dawn,Other injury accident,100 km/hr,145.46196,-36.34752,Intersection,SHEPPARTON,Country,4,0,1,3,2,0,0,No
2018,May,22/5/18,14.30.00,Collision with vehicle,Tuesday,No,Day,Other injury accident,50 km/hr,144.93029,-37.70399,Intersection,MORELAND,Metro,5,0,4,1,3,0,0,No
2018,May,22/5/18,14.55.00,Collision with vehicle,Tuesday,No,Day,Serious injury accident,70 km/hr,144.31908,-38.10456,Intersection,GEELONG,Country,2,0,2,0,0,0,0,No
2018,May,22/5/18,17.08.00,Collision with vehicle,Tuesday,No,Dusk/Dawn,Other injury accident,60 km/hr,145.07335,-37.97186,Intersection,KINGSTON,Metro,2,0,1,1,0,0,1,No
2018,May,22/5/18,15.44.00,Collision with vehicle,Tuesday,No,Day,Other injury accident,60 km/hr,142.4799,-38.37638,Intersection,WARRNAMBOOL,Country,4,0,1,3,2,0,1,No
2018,May,22/5/18,17.32.00,Collision with vehicle,Tuesday,No,Dusk/Dawn,Other injury accident,70 km/hr,145.06291,-38.23802,Non-Intersection,MORNINGTON PENINSULA,Metro,4,0,1,3,1,0,0,No
2018,May,22/5/18,17.26.00,Collision with vehicle,Tuesday,No,Dark,Other injury accident,60 km/hr,145.33214,-38.09255,Non-Intersection,CASEY,Metro,2,0,2,0,0,1,0,No
2018,May,22/5/18,09.30.00,Collision with vehicle,Tuesday,No,Day,Other injury accident,60 km/hr,144.29559,-36.77481,Intersection,BENDIGO,Country,2,0,0,2,0,1,0,No
2018,May,22/5/18,06.50.00,Collision with vehicle,Tuesday,No,Unk.,Other injury accident,60 km/hr,144.96032,-37.70421,Non-Intersection,MORELAND,Metro,3,0,3,0,1,0,1,No
2018,May,22/5/18,19.08.00,Collision with object,Tuesday,No,Dark,Serious injury accident,60 km/hr,145.1387,-37.0261,Non-Intersection,MITCHELL,Country,1,0,0,1,0,1,0,No
2018,May,22/5/18,17.39.00,Collision with vehicle,Tuesday,No,Dark,Other injury accident,70 km/hr,145.26927,-37.81574,Non-Intersection,MAROONDAH,Metro,3,0,0,3,1,0,0,No
2018,May,22/5/18,15.25.00,Struck pedestrian,Tuesday,No,Day,Serious injury accident,50 km/hr,143.58706,-38.33971,Intersection,COLAC OTWAY,Country,2,0,1,1,0,0,0,No
2018,May,22/5/18,19.43.00,Collision with vehicle,Tuesday,No,Dark,Other injury accident,50 km/hr,144.98131,-37.86668,Non-Intersection,PORT PHILLIP,Metro,2,0,2,0,0,0,0,No
2018,May,22/5/18,19.25.00,Collision with vehicle,Tuesday,No,Dark,Serious injury accident,80 km/hr,145.05681,-38.2204,Intersection,MORNINGTON PENINSULA,Metro,3,0,2,1,1,0,0,No
2018,May,22/5/18,20.00.00,Collision with vehicle,Tuesday,No,Dark,Other injury accident,80 km/hr,145.0882,-37.89309,Intersection,MONASH,Metro,2,0,1,1,0,0,1,No
2018,May,22/5/18,18.00.00,Collision with vehicle,Tuesday,No,Dark,Other injury accident,60 km/hr,145.03927,-37.97817,Intersection,BAYSIDE,Metro,2,0,0,2,0,0,1,No
2018,May,22/5/18,20.40.00,No collision and no object struck,Tuesday,No,Dark,Other injury accident,60 km/hr,147.61095,-37.83072,Intersection,EAST GIPPSLAND,Country,1,0,1,0,0,0,0,No
2018,May,22/5/18,19.20.00,Collision with vehicle,Tuesday,No,Dark,Serious injury accident,60 km/hr,144.86968,-37.81107,Intersection,MARIBYRNONG,Metro,5,0,3,2,3,0,2,No
2018,May,22/5/18,21.15.00,Collision with object,Tuesday,No,Dark,Other injury accident,50 km/hr,145.16073,-37.66936,Intersection,NILLUMBIK,Metro,1,0,0,1,0,0,0,Yes
2018,May,22/5/18,17.45.00,Collision with vehicle,Tuesday,No,Dusk/Dawn,Other injury accident,60 km/hr,144.89509,-37.82778,Non-Intersection,HOBSONS BAY,Metro,3,0,2,1,1,0,2,No
2018,May,22/5/18,22.23.00,Collision with vehicle,Tuesday,No,Dark,Other injury accident,60 km/hr,145.00173,-37.67255,Intersection,WHITTLESEA,Metro,3,0,2,0,1,0,2,No
2018,May,22/5/18,21.00.00,Collision with vehicle,Tuesday,Yes,Dark,Other injury accident,60 km/hr,144.97606,-37.75346,Intersection,MORELAND,Metro,2,0,1,0,0,0,0,No
2018,May,22/5/18,23.45.00,Collision with vehicle,Tuesday,No,Dark,Other injury accident,60 km/hr,145.0463,-37.81581,Intersection,BOROONDARA,Metro,2,0,2,0,0,0,1,No
2018,May,22/5/18,21.15.00,Collision with object,Tuesday,No,Dark,Serious injury accident,60 km/hr,143.85418,-37.57678,Non-Intersection,BALLARAT,Country,1,0,0,1,0,0,1,Yes
2018,May,22/5/18,17.20.00,Collision with vehicle,Tuesday,No,Unk.,Other injury accident,40 km/hr,144.96621,-37.81448,Non-Intersection,MELBOURNE,Metro,3,0,1,2,1,0,0,No
2018,May,22/5/18,15.00.00,Struck pedestrian,Tuesday,Yes,Day,Other injury accident,80 km/hr,144.36894,-38.07546,Intersection,GEELONG,Country,2,0,1,0,0,0,0,No
2018,May,23/5/18,10.32.00,Collision with vehicle,Tuesday,Yes,Day,Other injury accident,60 km/hr,145.34262,-37.80989,Intersection,YARRA RANGES,Metro,2,0,2,0,0,0,0,No
2018,May,23/5/18,06.10.00,Collision with vehicle,Wednesday,No,Dark,Other injury accident,80 km/hr,145.2524,-38.10937,Intersection,CASEY,Metro,2,0,1,1,0,0,0,No
2018,May,23/5/18,08.05.00,Collision with vehicle,Wednesday,No,Day,Other injury accident,50 km/hr,145.92836,-38.16282,Intersection,BAW BAW,Country,3,0,1,2,1,0,0,No
2018,May,23/5/18,08.00.00,Collision with vehicle,Wednesday,No,Dusk/Dawn,Other injury accident,80 km/hr,144.72532,-37.69003,Non-Intersection,MELTON,Metro,3,0,0,3,0,0,1,No
2018,May,23/5/18,08.30.00,Collision with vehicle,Wednesday,No,Day,Other injury accident,60 km/hr,144.30624,-36.72971,Intersection,BENDIGO,Country,2,0,0,2,0,0,0,No
2018,May,23/5/18,08.30.00,Collision with vehicle,Wednesday,No,Day,Other injury accident,70 km/hr,145.16407,-37.76321,Non-Intersection,MANNINGHAM,Metro,4,0,0,2,1,0,0,No
2018,May,23/5/18,08.00.00,Collision with vehicle,Wednesday,No,Day,Other injury accident,60 km/hr,145.07621,-37.80258,Intersection,BOROONDARA,Metro,3,0,0,2,1,0,0,No
2018,May,23/5/18,09.22.00,Vehicle overturned,Wednesday,No,Day,Serious injury accident,100 km/hr,143.50521,-35.29858,Intersection,SWAN HILL,Country,1,0,1,0,0,0,0,No
2018,May,23/5/18,08.10.00,Struck pedestrian,Wednesday,No,Day,Other injury accident,60 km/hr,144.96368,-37.72746,Intersection,MORELAND,Metro,2,0,1,1,0,0,1,No
2018,May,23/5/18,06.32.00,Collision with object,Wednesday,No,Dusk/Dawn,Other injury accident,100 km/hr,145.25393,-37.66436,Non-Intersection,NILLUMBIK,Metro,1,0,1,0,0,0,0,No
2018,May,23/5/18,09.20.00,Collision with object,Tuesday,No,Day,Serious injury accident,100 km/hr,145.4541,-38.53451,Non-Intersection,BASS COAST,Country,1,0,0,1,0,0,0,No
2018,May,23/5/18,09.28.00,Struck pedestrian,Wednesday,No,Day,Serious injury accident,60 km/hr,144.96254,-37.82386,Intersection,MELBOURNE,Metro,3,0,2,1,1,0,0,No
2018,May,23/5/18,10.30.00,Collision with object,Wednesday,No,Unk.,Other injury accident,100 km/hr,144.73934,-37.65409,Non-Intersection,MELTON,Metro,2,0,2,0,0,0,0,No
2018,May,23/5/18,06.30.00,Collision with vehicle,Wednesday,No,Dark,Other injury accident,60 km/hr,144.70474,-37.85929,Non-Intersection,WYNDHAM,Metro,2,0,2,0,0,0,0,No
2018,May,23/5/18,13.20.00,Collision with vehicle,Wednesday,No,Day,Other injury accident,100 km/hr,145.02461,-37.68661,Non-Intersection,WHITTLESEA,Metro,2,0,0,2,0,0,2,No
2018,May,23/5/18,09.18.00,Collision with object,Wednesday,No,Day,Other injury accident,40 km/hr,144.66178,-37.8413,Non-Intersection,WYNDHAM,Metro,1,0,0,1,0,0,0,No
2018,May,23/5/18,15.35.00,Collision with vehicle,Wednesday,No,Day,Other injury accident,30km/hr,145.1328,-38.05929,Off Road,KINGSTON,Metro,2,0,1,1,0,0,0,No
2018,May,23/5/18,14.00.00,Struck pedestrian,Wednesday,No,Day,Other injury accident,60 km/hr,145.03006,-37.88088,Intersection,GLEN EIRA,Metro,2,0,0,2,0,0,0,No