year,month,date,time,accident_type,day,hit_run,light_condition,severity,speed_zone,longitude,latitude,node_type,lga,state_div,total_persons,fatality,males,females,passengers,old_driver,young_driver,alcohol
2018,May,23/5/18,19.02.00,Collision with vehicle,Wednesday,No,Dark,Serious injury accident,80 km/hr,145.07965,-37.9388,Intersection,KINGSTON,Metro,2,0,2,0,0,0,0,No
2018,May,23/5/18,17.40.00,Struck pedestrian,Wednesday,No,Dark,Other injury accident,50 km/hr,145.12526,-37.8181,Intersection,WHITEHORSE,Metro,2,0,0,2,0,0,0,No
2018,May,23/5/18,19.20.00,Collision with object,Wednesday,No,Dark,Serious injury accident,100 km/hr,146.4343,-36.56667,Non-Intersection,WANGARATTA,Country,1,0,1,0,0,0,0,Yes
2018,May,23/5/18,20.13.00,Collision with vehicle,Wednesday,No,Dark,Other injury accident,60 km/hr,144.97768,-37.74501,Non-Intersection,MORELAND,Metro,4,0,3,1,1,0,2,No
2018,May,23/5/18,20.20.00,Collision with vehicle,Wednesday,No,Dark,Serious injury accident,40 km/hr,144.99656,-37.83484,Intersection,STONNINGTON,Metro,3,0,3,0,1,0,0,No
2018,May,23/5/18,09.34.00,Collision with vehicle,Wednesday,No,Day,Other injury accident,50 km/hr,144.96988,-37.75927,Intersection,MORELAND,Metro,2,0,2,0,0,0,0,No
2018,May,23/5/18,17.40.00,Collision with vehicle,Wednesday,No,Dark,Other injury accident,60 km/hr,145.00307,-37.86997,Non-Intersection,GLEN EIRA,Metro,2,0,2,0,0,0,0,No
2018,May,23/5/18,14.30.00,Collision with vehicle,Wednesday,No,Day,Other injury accident,60 km/hr,144.34559,-38.09942,Non-Intersection,GEELONG,Country,2,0,1,1,0,0,0,No
2018,May,23/5/18,19.30.00,Collision with object,Tuesday,No,Dark,Serious injury accident,60 km/hr,145.92526,-38.16129,Non-Intersection,BAW BAW,Country,2,0,1,1,1,0,0,No
2018,May,23/5/18,21.30.00,Collision with vehicle,Wednesday,No,Dark,Other injury accident,40 km/hr,144.98635,-37.83917,Non-Intersection,STONNINGTON,Metro,2,0,2,0,0,0,0,No
2018,May,23/5/18,18.00.00,Collision with vehicle,Wednesday,No,Dark,Other injury accident,40 km/hr,144.96038,-37.80818,Intersection,MELBOURNE,Metro,4,0,4,0,0,0,1,No
2018,May,23/5/18,05.30.00,Collision with object,Wednesday,No,Dark,Other injury accident,100 km/hr,146.17103,-38.07501,Non-Intersection,BAW BAW,Country,1,0,0,1,0,0,0,No
2018,May,23/5/18,18.30.00,Collision with vehicle,Wednesday,No,Unk.,Other injury accident,60 km/hr,145.03738,-37.81476,Non-Intersection,BOROONDARA,Metro,2,0,0,2,0,0,0,No
2018,May,24/5/18,00.08.00,Collision with vehicle,Thursday,No,Dark,Other injury accident,40 km/hr,145.33329,-38.04094,Non-Intersection,CASEY,Metro,2,0,2,0,0,0,0,No
2018,May,24/5/18,09.16.00,Struck pedestrian,Thursday,No,Day,Serious injury accident,60 km/hr,144.97049,-37.79748,Intersection,MELBOURNE,Metro,2,0,1,1,0,0,0,No
2018,May,24/5/18,06.12.00,Collision with vehicle,Thursday,No,Dark,Serious injury accident,80 km/hr,145.31235,-37.75937,Non-Intersection,YARRA RANGES,Metro,2,0,2,0,0,0,0,Yes
2018,May,24/5/18,06.40.00,Collision with vehicle,Thursday,No,Day,Other injury accident,70 km/hr,145.0892,-37.90998,Intersection,MONASH,Metro,2,0,0,1,0,0,0,No
2018,May,24/5/18,08.05.00,Collision with vehicle,Thursday,No,Day,Other injury accident,60 km/hr,145.04649,-37.75129,Non-Intersection,BANYULE,Metro,3,0,0,3,1,0,0,No
2018,May,24/5/18,08.15.00,Collision with vehicle,Thursday,No,Day,Other injury accident,50 km/hr,144.7554,-37.81094,Intersection,WYNDHAM,Metro,2,0,2,0,0,0,0,No
2018,May,24/5/18,12.10.00,Collision with object,Wednesday,No,Day,Other injury accident,100 km/hr,145.98808,-36.38611,Non-Intersection,BENALLA,Country,1,0,1,0,0,0,0,No
2018,May,24/5/18,12.07.00,Collision with vehicle,Thursday,No,Day,Serious injury accident,100 km/hr,148.44811,-37.72523,Non-Intersection,EAST GIPPSLAND,Country,2,0,2,0,0,0,0,No
2018,May,24/5/18,14.40.00,Struck pedestrian,Thursday,No,Day,Other injury accident,50 km/hr,145.01982,-37.72753,Non-Intersection,DAREBIN,Metro,2,0,1,1,0,0,0,No
2018,May,24/5/18,16.15.00,Struck pedestrian,Thursday,No,Day,Serious injury accident,50 km/hr,144.99478,-37.89628,Non-Intersection,BAYSIDE,Metro,2,0,0,2,0,0,0,No
2018,May,24/5/18,08.10.00,Struck pedestrian,Thursday,No,Day,Other injury accident,70 km/hr,144.99037,-37.81533,Intersection,MELBOURNE,Metro,2,0,1,1,0,0,0,No
2018,May,24/5/18,15.40.00,Collision with vehicle,Thursday,No,Day,Other injury accident,60 km/hr,144.91521,-37.76151,Non-Intersection,MOONEE VALLEY,Metro,3,0,0,3,1,0,0,No
2018,May,24/5/18,14.25.00,No collision and no object struck,Thursday,No,Day,Serious injury accident,100 km/hr,141.80623,-36.80162,Non-Intersection,HORSHAM,Country,1,0,0,1,0,0,0,Yes
2018,May,24/5/18,13.00.00,Collision with object,Thursday,No,Day,Fatal accident,100 km/hr,144.10965,-36.97842,Non-Intersection,MOUNT ALEXANDER,Country,1,1,1,0,0,0,0,No
2018,May,24/5/18,18.20.00,Collision with vehicle,Thursday,No,Dark,Serious injury accident,70 km/hr,145.1148,-37.89801,Intersection,MONASH,Metro,2,0,1,1,0,1,0,No
2018,May,24/5/18,17.55.00,Collision with vehicle,Thursday,No,Dark,Other injury accident,80 km/hr,144.9374,-37.7904,Non-Intersection,MELBOURNE,Metro,3,0,3,0,0,0,0,No
2018,May,24/5/18,18.03.00,No collision and no object struck,Thursday,No,Dark,Other injury accident,100 km/hr,145.3345,-38.04149,Non-Intersection,CASEY,Metro,3,0,1,2,0,0,0,No
2018,May,24/5/18,17.35.00,Collision with vehicle,Thursday,No,Dusk/Dawn,Other injury accident,100 km/hr,143.97332,-37.42385,Non-Intersection,HEPBURN,Country,3,0,2,1,1,0,0,No
2018,May,24/5/18,20.20.00,Collision with object,Thursday,No,Dark,Other injury accident,60 km/hr,145.31113,-37.78888,Non-Intersection,YARRA RANGES,Metro,1,0,0,1,0,1,0,No
2018,May,24/5/18,18.15.00,Collision with vehicle,Thursday,No,Dark,Other injury accident,60 km/hr,144.98893,-37.74523,Non-Intersection,DAREBIN,Metro,1,0,1,0,0,0,0,No
2018,May,24/5/18,19.30.00,Collision with object,Thursday,No,Dark,Serious injury accident,70 km/hr,144.85031,-37.72324,Non-Intersection,BRIMBANK,Metro,2,0,2,0,0,0,0,No
2018,May,24/5/18,09.15.00,Collision with object,Wednesday,No,Day,Other injury accident,70 km/hr,144.90695,-37.63785,Non-Intersection,HUME,Metro,2,0,1,1,0,0,1,No
2018,May,24/5/18,14.45.00,Vehicle overturned,Thursday,No,Day,Other injury accident,100 km/hr,143.69224,-37.26713,Non-Intersection,HEPBURN,Country,1,0,0,1,0,0,1,No
2018,May,24/5/18,18.40.00,Collision with vehicle,Thursday,No,Dark,Serious injury accident,80 km/hr,144.85506,-37.73119,Non-Intersection,BRIMBANK,Metro,2,0,1,1,0,0,0,No
2018,May,24/5/18,21.20.00,Collision with vehicle,Thursday,No,Dark,Other injury accident,80 km/hr,145.16788,-38.10538,Intersection,FRANKSTON,Metro,4,0,3,1,1,0,1,No
2018,May,24/5/18,16.21.00,Collision with vehicle,Thursday,No,Day,Other injury accident,60 km/hr,144.98538,-37.80947,Non-Intersection,MELBOURNE,Metro,3,0,2,1,0,0,0,No
2018,May,24/5/18,19.30.00,Collision with vehicle,Thursday,No,Dark,Other injury accident,60 km/hr,145.04342,-37.84525,Intersection,BOROONDARA,Metro,2,0,1,1,0,0,0,No
2018,May,24/5/18,16.30.00,Collision with vehicle,Thursday,No,Day,Serious injury accident,80 km/hr,145.1838,-37.98455,Intersection,DANDENONG,Metro,3,0,1,1,1,0,0,No
2018,May,24/5/18,06.00.00,Collision with object,Thursday,No,Dark,Other injury accident,80 km/hr,145.13999,-38.18249,Intersection,FRANKSTON,Metro,1,0,0,1,0,0,0,No
2018,May,24/5/18,09.00.00,Struck pedestrian,Thursday,Yes,Day,Other injury accident,40 km/hr,144.92841,-37.7755,Intersection,MOONEE VALLEY,Metro,2,0,0,2,0,0,0,No
2018,May,24/5/18,16.30.00,Collision with object,Wednesday,No,Day,Other injury accident,40 km/hr,145.23984,-38.11768,Off Road,CASEY,Metro,2,0,1,1,0,0,1,No
2018,May,24/5/18,22.00.00,No collision and no object struck,Thursday,Not known,Unk.,Other injury accident,60 km/hr,144.99012,-37.77566,Intersection,DAREBIN,Metro,1,0,1,0,0,0,0,No
2018,May,25/5/18,00.26.00,Collision with object,Friday,No,Dark,Serious injury accident,110 km/hr,145.97083,-36.57957,Non-Intersection,BENALLA,Country,3,0,2,1,1,0,0,No
2018,May,25/5/18,03.15.00,Collision with object,Friday,No,Dark,Serious injury accident,60 km/hr,145.19444,-37.77428,Non-Intersection,MANNINGHAM,Metro,1,0,1,0,0,0,0,No
2018,May,25/5/18,10.20.00,Collision with vehicle,Friday,No,Day,Other injury accident,60 km/hr,145.43182,-36.38833,Intersection,SHEPPARTON,Country,2,0,1,1,0,1,1,No
2018,May,25/5/18,08.40.00,Collision with vehicle,Friday,No,Day,Other injury accident,80 km/hr,145.50834,-37.67481,Non-Intersection,YARRA RANGES,Metro,3,0,1,2,1,0,1,No
2018,May,25/5/18,08.50.00,Collision with vehicle,Friday,No,Day,Other injury accident,70 km/hr,144.99471,-37.64852,Intersection,WHITTLESEA,Metro,4,0,1,3,2,0,0,No
2018,May,25/5/18,06.43.00,Collision with vehicle,Friday,No,Day,Other injury accident,100 km/hr,145.19296,-37.80018,Non-Intersection,MANNINGHAM,Metro,4,0,2,1,2,0,1,No
2018,May,25/5/18,14.46.00,Collision with vehicle,Friday,No,Day,Other injury accident,80 km/hr,145.25225,-37.79919,Non-Intersection,MAROONDAH,Metro,2,0,0,2,0,0,0,No
2018,May,25/5/18,15.07.00,Collision with vehicle,Friday,No,Day,Other injury accident,80 km/hr,146.28904,-36.37351,Intersection,WANGARATTA,Country,5,0,1,3,3,0,1,No
2018,May,25/5/18,14.05.00,Collision with vehicle,Thursday,No,Day,Other injury accident,50 km/hr,145.61156,-37.78173,Intersection,YARRA RANGES,Metro,2,0,2,0,0,0,0,No
2018,May,25/5/18,17.00.00,Collision with vehicle,Thursday,No,Day,Other injury accident,60 km/hr,142.17142,-34.21868,Intersection,MILDURA,Country,3,0,1,2,1,0,1,No
2018,May,25/5/18,16.49.00,Struck pedestrian,Friday,No,Dusk/Dawn,Serious injury accident,60 km/hr,144.88596,-37.78976,Intersection,MARIBYRNONG,Metro,3,0,3,0,1,0,0,No
2018,May,25/5/18,14.59.00,Collision with vehicle,Friday,Yes,Day,Other injury accident,60 km/hr,144.9946,-37.8968,Non-Intersection,BAYSIDE,Metro,1,0,1,0,0,0,0,Yes
2018,May,25/5/18,17.26.00,Collision with vehicle,Friday,No,Dark,Other injury accident,60 km/hr,145.07158,-37.92274,Intersection,GLEN EIRA,Metro,6,0,5,1,0,0,0,No
2018,May,25/5/18,17.39.00,Collision with vehicle,Friday,No,Dark,Other injury accident,100 km/hr,145.28341,-37.99901,Non-Intersection,CASEY,Metro,4,0,2,2,0,0,2,No
2018,May,25/5/18,13.00.00,Collision with vehicle,Friday,No,Day,Other injury accident,60 km/hr,144.90552,-37.7664,Intersection,MOONEE VALLEY,Metro,2,0,1,1,0,0,1,No
2018,May,25/5/18,18.00.00,Collision with vehicle,Friday,No,Dark,Serious injury accident,60 km/hr,145.03966,-37.79199,Intersection,BOROONDARA,Metro,2,0,1,1,0,0,0,No
2018,May,25/5/18,19.00.00,Collision with vehicle,Friday,No,Dusk/Dawn,Other injury accident,50 km/hr,143.84737,-37.5613,Non-Intersection,BALLARAT,Country,2,0,1,1,0,0,0,No
2018,May,25/5/18,13.35.00,Collision with vehicle,Friday,No,Day,Fatal accident,100 km/hr,145.69563,-36.01161,Intersection,MOIRA,Country,2,1,2,0,0,0,0,No
2018,May,25/5/18,18.00.00,Collision with vehicle,Thursday,No,Dark,Other injury accident,50 km/hr,142.93492,-37.28282,Non-Intersection,ARARAT,Country,2,0,1,1,0,1,0,No
2018,May,25/5/18,14.00.00,Collision with vehicle,Friday,No,Day,Serious injury accident,40 km/hr,144.95713,-37.81327,Non-Intersection,MELBOURNE,Metro,3,0,2,1,0,0,0,No
2018,May,25/5/18,17.40.00,Collision with object,Friday,No,Dark,Other injury accident,100 km/hr,144.33973,-36.95059,Non-Intersection,MOUNT ALEXANDER,Country,1,0,0,1,0,0,0,No
2018,May,25/5/18,17.35.00,Collision with vehicle,Thursday,No,Dark,Serious injury accident,60 km/hr,145.42449,-38.14611,Intersection,CARDINIA,Metro,2,0,2,0,0,0,1,No
2018,May,25/5/18,15.30.00,Collision with object,Friday,No,Day,Other injury accident,50 km/hr,145.12825,-38.12285,Non-Intersection,FRANKSTON,Metro,2,0,1,1,0,1,0,No
2018,May,25/5/18,18.45.00,Collision with vehicle,Friday,No,Dark,Other injury accident,40 km/hr,144.98538,-37.78552,Intersection,YARRA RANGES,Metro,2,0,1,1,0,0,0,No
2018,May,25/5/18,17.30.00,Struck pedestrian,Friday,No,Unk.,Other injury accident,50 km/hr,144.89255,-37.69153,Non-Intersection,HUME,Metro,2,0,0,1,0,0,0,No
2018,May,25/5/18,20.15.00,Collision with object,Friday,No,Dark,Serious injury accident,50 km/hr,146.83779,-36.31423,Intersection,INDIGO,Country,1,0,0,1,0,0,0,No
2018,May,25/5/18,23.00.00,No collision and no object struck,Friday,Yes,Dark,Other injury accident,60 km/hr,143.79127,-37.54402,Non-Intersection,BALLARAT,Country,3,0,1,0,0,0,0,No
2018,May,25/5/18,22.40.00,Collision with object,Thursday,No,Dark,Other injury accident,60 km/hr,145.33388,-37.88799,Non-Intersection,YARRA RANGES,Metro,2,0,2,0,1,0,0,Yes
2018,May,25/5/18,20.35.00,Collision with vehicle,Friday,No,Dark,Other injury accident,40 km/hr,144.35795,-38.14414,Non-Intersection,GEELONG,Country,7,0,3,4,5,0,1,No
2018,May,25/5/18,01.59.00,Collision with vehicle,Friday,No,Dark,Other injury accident,60 km/hr,144.94678,-37.80964,Intersection,MELBOURNE,Metro,2,0,2,0,0,0,0,No
2018,May,26/5/18,09.30.00,Collision with vehicle,Saturday,No,Day,Other injury accident,60 km/hr,145.00087,-37.8092,Intersection,YARRA RANGES,Metro,2,0,1,1,0,0,0,No
2018,May,26/5/18,08.15.00,Struck pedestrian,Saturday,No,Unk.,Serious injury accident,60 km/hr,145.14056,-37.80914,Intersection,WHITEHORSE,Metro,2,0,1,1,0,0,0,No
2018,May,26/5/18,11.50.00,Collision with vehicle,Friday,No,Day,Serious injury accident,40 km/hr,144.9994,-37.76565,Intersection,DAREBIN,Metro,3,0,2,1,0,0,0,No
2018,May,26/5/18,11.30.00,Collision with vehicle,Saturday,No,Day,Other injury accident,60 km/hr,144.9974,-37.80165,Intersection,YARRA RANGES,Metro,2,0,2,0,0,0,0,No
2018,May,26/5/18,06.25.00,Collision with vehicle,Saturday,No,Dusk/Dawn,Serious injury accident,50 km/hr,145.08803,-37.65122,Intersection,WHITTLESEA,Metro,4,0,2,2,0,0,0,No
2018,May,26/5/18,07.28.00,Collision with object,Saturday,No,Day,Serious injury accident,60 km/hr,145.50744,-37.81266,Non-Intersection,YARRA RANGES,Metro,1,0,0,1,0,0,1,No
2018,May,26/5/18,10.00.00,Collision with vehicle,Saturday,No,Day,Other injury accident,60 km/hr,145.04469,-37.90052,Intersection,GLEN EIRA,Metro,2,0,0,2,0,1,0,No
2018,May,26/5/18,11.00.00,Collision with vehicle,Saturday,No,Day,Serious injury accident,70 km/hr,145.00088,-37.68383,Intersection,WHITTLESEA,Metro,3,0,1,2,1,1,1,No
2018,May,26/5/18,11.15.00,Vehicle overturned,Saturday,No,Day,Serious injury accident,80 km/hr,144.28809,-38.21794,Non-Intersection,GEELONG,Country,1,0,1,0,0,0,0,No
2018,May,26/5/18,06.20.00,Collision with object,Saturday,No,Dusk/Dawn,Serious injury accident,100 km/hr,144.78902,-37.68496,Non-Intersection,BRIMBANK,Metro,1,0,1,0,0,0,0,No
2018,May,26/5/18,10.00.00,Collision with vehicle,Saturday,Yes,Day,Other injury accident,60 km/hr,143.82628,-37.58457,Intersection,BALLARAT,Country,2,0,1,1,0,0,0,No
2018,May,26/5/18,13.00.00,Collision with vehicle,Saturday,No,Day,Other injury accident,60 km/hr,144.684,-37.848,Non-Intersection,WYNDHAM,Metro,4,0,2,2,1,0,0,No
2018,May,26/5/18,12.11.00,Collision with vehicle,Saturday,Yes,Day,Serious injury accident,60 km/hr,144.75078,-37.81147,Non-Intersection,WYNDHAM,Metro,2,0,1,1,0,0,1,No
2018,May,26/5/18,10.01.00,Collision with object,Saturday,No,Day,Serious injury accident,100 km/hr,145.71541,-38.1163,Intersection,CARDINIA,Metro,1,0,1,0,0,1,0,No
2018,May,26/5/18,07.20.00,Collision with vehicle,Saturday,No,Dusk/Dawn,Other injury accident,60 km/hr,145.22103,-37.98362,Intersection,DANDENONG,Metro,2,0,2,0,0,0,0,No
2018,May,26/5/18,12.10.00,Collision with vehicle,Saturday,No,Day,Serious injury accident,100 km/hr,145.76213,-38.35007,Non-Intersection,SOUTH GIPPSLAND,Country,2,0,1,1,0,2,0,No
2018,May,26/5/18,15.23.00,Collision with vehicle,Saturday,No,Day,Other injury accident,40 km/hr,144.94571,-37.79223,Intersection,MELBOURNE,Metro,2,0,1,1,0,0,0,No
2018,May,26/5/18,05.45.00,Collision with object,Saturday,No,Dark,Fatal accident,100 km/hr,145.95501,-38.56361,Non-Intersection,SOUTH GIPPSLAND,Country,1,1,1,0,0,0,0,No
2018,May,26/5/18,12.40.00,Collision with vehicle,Saturday,No,Day,Other injury accident,80 km/hr,144.95267,-37.651,Intersection,HUME,Metro,2,0,1,1,0,1,0,No
2018,May,26/5/18,13.00.00,Collision with object,Saturday,No,Day,Serious injury accident,100 km/hr,145.86551,-37.65612,Non-Intersection,YARRA RANGES,Metro,1,0,1,0,0,0,0,No
2018,May,26/5/18,14.55.00,Collision with vehicle,Saturday,Yes,Day,Other injury accident,50 km/hr,145.29021,-37.87213,Non-Intersection,KNOX,Metro,2,0,1,0,0,0,0,No
2018,May,26/5/18,17.20.00,Collision with vehicle,Saturday,No,Dark,Other injury accident,80 km/hr,145.95076,-37.8945,Non-Intersection,BAW BAW,Country,3,0,3,0,1,0,1,No
2018,May,26/5/18,17.50.00,Collision with vehicle,Saturday,No,Dark,Other injury accident,70 km/hr,145.12586,-38.09986,Non-Intersection,FRANKSTON,Metro,4,0,2,2,2,0,0,No
2018,May,26/5/18,04.00.00,Collision with vehicle,Saturday,Yes,Dark,Serious injury accident,70 km/hr,145.11984,-37.72497,Non-Intersection,BANYULE,Metro,2,0,0,1,1,0,0,No
2018,May,26/5/18,18.28.00,Collision with vehicle,Saturday,No,Dark,Other injury accident,40 km/hr,144.99994,-37.80052,Intersection,YARRA RANGES,Metro,3,0,2,1,1,1,0,No
2018,May,26/5/18,17.45.00,Collision with object,Saturday,No,Dark,Other injury accident,100 km/hr,144.3475,-38.02896,Non-Intersection,GEELONG,Country,2,0,2,0,1,0,1,No
2018,May,26/5/18,06.30.00,Collision with vehicle,Saturday,No,Dark,Serious injury accident,100 km/hr,144.59295,-37.94924,Non-Intersection,WYNDHAM,Metro,2,0,2,0,0,0,1,Yes
2018,May,26/5/18,19.30.00,Collision with vehicle,Saturday,Yes,Dark,Other injury accident,60 km/hr,144.88474,-37.8448,Intersection,HOBSONS BAY,Metro,2,0,0,1,0,0,0,No
2018,May,27/5/18,13.15.00,Collision with vehicle,Sunday,No,Day,Serious injury accident,60 km/hr,145.06154,-37.81611,Intersection,BOROONDARA,Metro,3,0,1,2,1,1,0,No
2018,May,27/5/18,20.00.00,Collision with vehicle,Sunday,No,Dark,Serious injury accident,50 km/hr,145.14476,-38.19716,Non-Intersection,MORNINGTON PENINSULA,Metro,2,0,2,0,0,0,0,No
2018,May,27/5/18,13.20.00,Collision with vehicle,Sunday,Yes,Day,Other injury accident,80 km/hr,144.99729,-37.88383,Intersection,GLEN EIRA,Metro,2,0,1,1,0,0,0,No
2018,May,27/5/18,00.58.00,Struck pedestrian,Sunday,No,Dark,Serious injury accident,60 km/hr,144.97621,-37.75306,Non-Intersection,MORELAND,Metro,3,0,2,1,1,1,0,Yes
2018,May,27/5/18,00.17.00,Struck pedestrian,Sunday,No,Dark,Serious injury accident,40 km/hr,144.97225,-37.76846,Non-Intersection,MORELAND,Metro,2,0,2,0,0,0,0,No
2018,May,27/5/18,02.30.00,Collision with object,Sunday,No,Dark,Serious injury accident,60 km/hr,146.1412,-36.73357,Non-Intersection,BENALLA,Country,2,0,2,0,1,0,0,No
2018,May,27/5/18,07.00.00,Collision with vehicle,Sunday,No,Day,Other injury accident,50 km/hr,144.9231,-37.70512,Non-Intersection,MORELAND,Metro,1,0,0,1,0,0,0,No
2018,May,27/5/18,08.40.00,Collision with vehicle,Sunday,No,Day,Other injury accident,80 km/hr,145.046,-37.94912,Intersection,KINGSTON,Metro,3,0,2,0,0,0,0,No
2018,May,27/5/18,08.59.00,Collision with object,Sunday,No,Day,Serious injury accident,100 km/hr,145.14807,-37.89729,Non-Intersection,MONASH,Metro,1,0,1,0,0,0,1,No
2018,May,27/5/18,10.37.00,Collision with vehicle,Sunday,No,Day,Serious injury accident,110 km/hr,145.09152,-37.11799,Non-Intersection,MITCHELL,Country,3,0,2,1,1,0,1,No
2018,May,27/5/18,15.45.00,Collision with object,,No,Day,Other injury accident,80 km/hr,144.88049,-37.58995,Non-Intersection,HUME,Metro,1,0,1,0,0,0,1,No
2018,May,27/5/18,10.30.00,Collision with object,Sunday,No,Day,Serious injury accident,60 km/hr,146.35848,-37.9966,Non-Intersection,BAW BAW,Country,1,0,1,0,0,0,0,No
2018,May,27/5/18,10.00.00,No collision and no object struck,,No,Day,Other injury accident,100 km/hr,142.12226,-36.78989,Non-Intersection,HORSHAM,Country,1,0,1,0,0,0,0,No
2018,May,27/5/18,17.13.00,Collision with vehicle,Sunday,No,Dusk/Dawn,Other injury accident,60 km/hr,145.10003,-37.9298,Intersection,KINGSTON,Metro,2,0,1,1,0,0,0,No
2018,May,27/5/18,16.50.00,Collision with vehicle,Sunday,No,Dusk/Dawn,Other injury accident,60 km/hr,144.91329,-37.77908,Intersection,MOONEE VALLEY,Metro,5,0,4,1,3,0,0,No
2018,May,27/5/18,16.55.00,Vehicle overturned,Sunday,No,Day,Serious injury accident,110 km/hr,144.36498,-37.63849,Non-Intersection,MOORABOOL,Country,3,0,3,0,2,0,0,No
2018,May,27/5/18,15.05.00,Collision with vehicle,Sunday,No,Day,Serious injury accident,80 km/hr,145.2249,-37.89922,Intersection,KNOX,Metro,4,0,2,2,2,0,0,No
2018,May,27/5/18,16.40.00,Collision with vehicle,Sunday,No,Day,Other injury accident,50 km/hr,144.93703,-37.73815,Non-Intersection,MORELAND,Metro,4,0,3,1,1,0,0,No
2018,May,27/5/18,19.47.00,Struck pedestrian,Sunday,No,Dark,Other injury accident,60 km/hr,145.0916,-37.87543,Intersection,STONNINGTON,Metro,2,0,1,1,0,0,1,No
2018,May,27/5/18,20.00.00,Collision with object,Sunday,No,Dark,Serious injury accident,100 km/hr,144.7987,-37.83806,Non-Intersection,WYNDHAM,Metro,1,0,1,0,0,0,0,No
2018,May,27/5/18,23.40.00,Collision with vehicle,Sunday,No,Dark,Other injury accident,80 km/hr,145.23663,-37.9724,Non-Intersection,CASEY,Metro,3,0,1,2,1,0,0,No
2018,May,27/5/18,22.30.00,Collision with object,Sunday,No,Dark,Serious injury accident,100 km/hr,145.21583,-37.91684,Non-Intersection,KNOX,Metro,1,0,1,0,0,0,0,Yes
2018,May,27/5/18,21.30.00,Collision with vehicle,Sunday,No,Dark,Other injury accident,100 km/hr,144.29371,-38.1616,Non-Intersection,GEELONG,Country,2,0,1,1,0,0,1,No
2018,May,27/5/18,18.20.00,Collision with vehicle,Sunday,No,Dark,Serious injury accident,50 km/hr,145.3463,-38.03145,Intersection,CASEY,Metro,3,0,1,2,1,0,1,No
2018,May,28/5/18,16.00.00,Collision with object,Monday,No,Day,Serious injury accident,80 km/hr,145.37385,-36.38965,Non-Intersection,SHEPPARTON,Country,2,0,1,1,1,0,0,No
2018,May,28/5/18,16.20.00,Collision with object,Monday,No,Day,Serious injury accident,100 km/hr,145.6114,-38.25115,Non-Intersection,CARDINIA,Metro,2,0,0,2,1,0,1,No
2018,May,28/5/18,13.30.00,Collision with vehicle,Monday,No,Unk.,Other injury accident,60 km/hr,144.99216,-37.84661,Non-Intersection,STONNINGTON,Metro,2,0,1,1,0,0,0,No
2018,May,28/5/18,18.25.00,Collision with vehicle,Monday,No,Dark,Other injury accident,100 km/hr,145.02132,-37.79144,Non-Intersection,BOROONDARA,Metro,5,0,3,2,1,0,0,No
2018,May,28/5/18,16.04.00,Collision with vehicle,Monday,No,Day,Other injury accident,50 km/hr,144.81209,-37.86908,Non-Intersection,HOBSONS BAY,Metro,2,0,0,2,0,0,0,No
2018,May,28/5/18,20.00.00,Collision with vehicle,Monday,No,Dark,Other injury accident,30km/hr,145.23642,-37.91934,Off Road,KNOX,Metro,3,0,3,0,1,0,0,No
2018,May,28/5/18,14.00.00,Collision with vehicle,Monday,No,Day,Serious injury accident,80 km/hr,144.65685,-37.81539,Intersection,WYNDHAM,Metro,2,0,2,0,0,0,1,No
2018,May,28/5/18,06.00.00,Vehicle overturned,Monday,No,Dark,Serious injury accident,100 km/hr,145.46195,-36.39898,Intersection,SHEPPARTON,Country,1,0,0,1,0,0,0,No
2018,May,28/5/18,06.00.00,Struck pedestrian,Monday,No,Dusk/Dawn,Serious injury accident,60 km/hr,145.0062,-37.74564,Intersection,DAREBIN,Metro,3,0,1,2,1,0,0,No
2018,May,28/5/18,09.30.00,No collision and no object struck,Monday,No,Day,Other injury accident,100 km/hr,143.93499,-35.92974,Non-Intersection,GANNAWARRA,Country,1,0,1,0,0,0,0,No
2018,May,28/5/18,18.00.00,Collision with vehicle,Monday,No,Dark,Serious injury accident,80 km/hr,145.23295,-37.9286,Non-Intersection,KNOX,Metro,2,0,2,0,0,0,0,No
2018,May,28/5/18,00.30.00,Collision with object,Monday,No,Dark,Other injury accident,60 km/hr,144.03605,-37.64674,Non-Intersection,MOORABOOL,Country,3,0,3,0,2,0,0,No
2018,May,28/5/18,01.56.00,Collision with object,Monday,No,Dark,Other injury accident,40 km/hr,144.93091,-37.73988,Non-Intersection,MORELAND,Metro,1,0,1,0,0,0,0,No
2018,May,28/5/18,10.09.00,Collision with vehicle,Monday,No,Day,Other injury accident,60 km/hr,145.02421,-37.73555,Intersection,DAREBIN,Metro,2,0,1,1,0,0,1,No
2018,May,28/5/18,09.15.00,Collision with vehicle,Monday,No,Day,Other injury accident,40 km/hr,144.96057,-37.83301,Intersection,PORT PHILLIP,Metro,2,0,1,1,0,0,0,No
2018,May,28/5/18,09.22.00,Collision with vehicle,Monday,No,Day,Serious injury accident,60 km/hr,145.11364,-37.95677,Non-Intersection,KINGSTON,Metro,5,0,5,0,0,0,0,Yes
2018,May,28/5/18,14.37.00,Collision with vehicle,Monday,No,Day,Other injury accident,50 km/hr,144.99146,-37.87225,Intersection,PORT PHILLIP,Metro,2,0,1,1,0,0,0,No
2018,May,28/5/18,12.20.00,Collision with vehicle,Monday,No,Day,Other injury accident,60 km/hr,144.96421,-37.78113,Intersection,YARRA RANGES,Metro,2,0,2,0,0,0,0,No
2018,May,28/5/18,15.50.00,No collision and no object struck,Monday,No,Day,Other injury accident,40 km/hr,145.4967,-37.64977,Non-Intersection,YARRA RANGES,Metro,1,0,1,0,0,0,0,No
2018,May,29/5/18,00.35.00,Collision with vehicle,Tuesday,No,Dark,Serious injury accident,50 km/hr,144.97034,-37.82326,Intersection,MELBOURNE,Metro,2,0,1,1,0,0,1,Yes