year,month,date,time,accident_type,day,hit_run,light_condition,severity,speed_zone,longitude,latitude,node_type,lga,state_div,total_persons,fatality,males,females,passengers,old_driver,young_driver,alcohol
2018,May,29/5/18,07.00.00,Collision with vehicle,Tuesday,No,Dusk/Dawn,Other injury accident,60 km/hr,144.94613,-37.68027,Non-Intersection,HUME,Metro,2,0,2,0,0,0,0,No
2018,May,29/5/18,09.00.00,Collision with object,Tuesday,No,Day,Other injury accident,100 km/hr,144.98307,-37.32871,Intersection,MITCHELL,Country,4,0,2,2,3,0,0,No
2018,May,29/5/18,05.54.00,Collision with vehicle,Tuesday,No,Dark,Serious injury accident,50 km/hr,145.09251,-37.92627,Non-Intersection,KINGSTON,Metro,2,0,2,0,0,0,0,No
2018,May,29/5/18,07.50.00,Collision with vehicle,Tuesday,No,Day,Other injury accident,60 km/hr,145.11228,-37.83228,Intersection,WHITEHORSE,Metro,2,0,1,1,0,0,0,No
2018,May,29/5/18,08.10.00,No collision and no object struck,Tuesday,No,Day,Other injury accident,70 km/hr,144.99313,-37.75879,Intersection,DAREBIN,Metro,1,0,1,0,0,0,0,No
2018,May,29/5/18,10.02.00,Collision with vehicle,Tuesday,No,Day,Other injury accident,60 km/hr,144.33097,-38.11373,Intersection,GEELONG,Country,3,0,0,3,1,0,0,No
2018,May,29/5/18,10.00.00,Collision with vehicle,Monday,No,Day,Other injury accident,60 km/hr,144.87167,-37.76958,Intersection,MOONEE VALLEY,Metro,2,0,2,0,0,0,0,No
2018,May,29/5/18,11.23.00,Collision with object,Tuesday,No,Day,Other injury accident,50 km/hr,144.86519,-37.74945,Intersection,MOONEE VALLEY,Metro,1,0,0,1,0,0,0,No
2018,May,29/5/18,07.07.00,Collision with vehicle,Tuesday,No,Dark,Other injury accident,50 km/hr,144.99343,-37.71843,Intersection,DAREBIN,Metro,2,0,1,1,0,0,1,No
2018,May,29/5/18,07.20.00,Collision with vehicle,Tuesday,No,Day,Other injury accident,60 km/hr,143.8544,-37.56383,Intersection,BALLARAT,Country,2,0,1,0,0,0,0,No
2018,May,29/5/18,12.15.00,Collision with vehicle,Tuesday,Yes,Day,Other injury accident,50 km/hr,144.98834,-37.79328,Non-Intersection,YARRA RANGES,Metro,2,0,1,0,0,0,0,No
2018,May,29/5/18,14.20.00,Struck pedestrian,Tuesday,No,Day,Serious injury accident,50 km/hr,145.00325,-37.80195,Non-Intersection,YARRA RANGES,Metro,2,0,0,2,0,0,0,No
2018,May,29/5/18,10.40.00,Collision with vehicle,Tuesday,No,Day,Other injury accident,80 km/hr,144.83337,-37.77766,Intersection,BRIMBANK,Metro,2,0,1,1,0,0,1,No
2018,May,29/5/18,16.15.00,Collision with vehicle,Tuesday,No,Day,Other injury accident,50 km/hr,145.04532,-37.84358,Intersection,BOROONDARA,Metro,3,0,2,1,0,0,0,No
2018,May,29/5/18,15.24.00,Collision with object,Tuesday,No,Day,Other injury accident,80 km/hr,145.47499,-38.20713,Intersection,CARDINIA,Metro,1,0,1,0,0,0,0,No
2018,May,29/5/18,08.15.00,Collision with vehicle,Tuesday,No,Day,Serious injury accident,50 km/hr,144.94426,-37.76211,Intersection,MORELAND,Metro,2,0,1,0,0,0,0,No
2018,May,29/5/18,19.10.00,Collision with object,Tuesday,No,Dark,Serious injury accident,60 km/hr,145.1907,-38.29012,Intersection,MORNINGTON PENINSULA,Metro,1,0,1,0,0,1,0,No
2018,May,29/5/18,19.32.00,Collision with vehicle,Tuesday,No,Dark,Other injury accident,50 km/hr,145.17105,-37.79017,Intersection,MANNINGHAM,Metro,3,0,3,0,1,1,0,No
2018,May,29/5/18,18.40.00,Collision with vehicle,Tuesday,No,Dark,Other injury accident,80 km/hr,144.66124,-37.68313,Intersection,MELTON,Metro,3,0,2,1,1,0,1,No
2018,May,29/5/18,14.55.00,Collision with vehicle,Tuesday,No,Day,Other injury accident,40 km/hr,144.9833,-37.80458,Non-Intersection,YARRA RANGES,Metro,3,0,1,2,1,0,0,No
2018,May,29/5/18,21.09.00,Collision with vehicle,Tuesday,No,Dark,Other injury accident,60 km/hr,145.23103,-37.81464,Intersection,MAROONDAH,Metro,2,0,0,2,0,0,0,No
2018,May,29/5/18,14.45.00,Collision with vehicle,Tuesday,No,Day,Other injury accident,40 km/hr,144.9705,-37.75618,Non-Intersection,MORELAND,Metro,2,0,2,0,0,0,1,No
2018,May,29/5/18,21.30.00,Collision with vehicle,Tuesday,No,Dark,Serious injury accident,60 km/hr,142.48272,-38.38081,Intersection,WARRNAMBOOL,Country,2,0,0,2,0,0,0,No
2018,May,29/5/18,09.35.00,Struck pedestrian,Tuesday,No,Day,Other injury accident,40 km/hr,144.98066,-37.85783,Non-Intersection,PORT PHILLIP,Metro,2,0,1,1,0,0,0,No
2018,May,29/5/18,14.05.00,Struck pedestrian,Tuesday,No,Day,Other injury accident,40 km/hr,145.12344,-37.82004,Non-Intersection,WHITEHORSE,Metro,2,0,1,1,0,0,0,No
2018,May,29/5/18,15.54.00,Struck pedestrian,Tuesday,No,Day,Other injury accident,50 km/hr,144.99797,-37.75573,Intersection,DAREBIN,Metro,2,0,0,2,0,1,0,No
2018,May,29/5/18,16.35.00,Collision with vehicle,Tuesday,No,Day,Other injury accident,40 km/hr,144.98027,-37.79486,Intersection,YARRA RANGES,Metro,2,0,0,2,0,0,0,No
2018,May,30/5/18,09.10.00,Struck pedestrian,Wednesday,No,Day,Other injury accident,50 km/hr,145.01005,-37.81147,Non-Intersection,YARRA RANGES,Metro,2,0,0,2,0,0,0,No
2018,May,30/5/18,10.53.00,Struck pedestrian,Tuesday,No,Day,Serious injury accident,50 km/hr,144.95352,-37.80818,Non-Intersection,MELBOURNE,Metro,2,0,1,1,0,0,0,No
2018,May,30/5/18,10.30.00,Collision with object,Wednesday,No,Day,Other injury accident,100 km/hr,142.80705,-34.76812,Non-Intersection,SWAN HILL,Country,3,0,3,0,2,0,0,No
2018,May,30/5/18,06.46.00,Collision with vehicle,Wednesday,No,Dusk/Dawn,Other injury accident,60 km/hr,144.96045,-38.33951,Intersection,MORNINGTON PENINSULA,Metro,3,0,2,1,1,0,1,No
2018,May,30/5/18,12.15.00,Collision with vehicle,Wednesday,No,Day,Serious injury accident,80 km/hr,144.35525,-38.09885,Intersection,GEELONG,Country,2,0,0,2,0,0,0,No
2018,May,30/5/18,09.20.00,Collision with vehicle,Wednesday,No,Day,Serious injury accident,60 km/hr,144.35655,-38.05925,Non-Intersection,GEELONG,Country,3,0,3,0,0,0,0,No
2018,May,30/5/18,12.46.00,Collision with vehicle,Wednesday,No,Day,Serious injury accident,80 km/hr,145.21775,-38.00228,Intersection,DANDENONG,Metro,2,0,2,0,0,0,0,No
2018,May,30/5/18,08.35.00,Collision with vehicle,Wednesday,No,Day,Other injury accident,60 km/hr,144.9968,-37.71534,Intersection,DAREBIN,Metro,3,0,1,2,1,0,0,No
2018,May,30/5/18,09.30.00,Collision with vehicle,Wednesday,No,Day,Other injury accident,50 km/hr,144.7701,-37.91145,Non-Intersection,WYNDHAM,Metro,2,0,0,2,0,0,1,No
2018,May,30/5/18,11.45.00,Collision with vehicle,Wednesday,No,Day,Serious injury accident,70 km/hr,145.21822,-37.99591,Non-Intersection,DANDENONG,Metro,2,0,1,1,0,1,0,No
2018,May,30/5/18,15.45.00,Collision with vehicle,Tuesday,No,Day,Other injury accident,40 km/hr,145.01857,-37.77632,Non-Intersection,DAREBIN,Metro,2,0,1,1,0,0,0,No
2018,May,30/5/18,16.25.00,Struck pedestrian,Wednesday,No,Day,Serious injury accident,60 km/hr,145.12207,-38.14067,Non-Intersection,FRANKSTON,Metro,3,0,0,3,1,0,0,No
2018,May,30/5/18,15.44.00,Collision with vehicle,Wednesday,No,Day,Other injury accident,50 km/hr,144.58034,-37.70694,Non-Intersection,MELTON,Metro,2,0,1,1,0,0,0,No
2018,May,30/5/18,16.50.00,Collision with vehicle,Wednesday,No,Dusk/Dawn,Other injury accident,80 km/hr,145.05424,-37.96066,Intersection,KINGSTON,Metro,2,0,1,1,0,0,1,No
2018,May,30/5/18,17.05.00,Collision with vehicle,Wednesday,No,Dusk/Dawn,Serious injury accident,60 km/hr,144.71971,-37.85174,Intersection,WYNDHAM,Metro,4,0,3,1,2,0,1,No
2018,May,30/5/18,17.00.00,Collision with vehicle,Tuesday,No,Dusk/Dawn,Other injury accident,60 km/hr,144.74697,-37.85405,Intersection,WYNDHAM,Metro,3,0,1,2,0,0,1,No
2018,May,30/5/18,18.30.00,Collision with vehicle,Wednesday,No,Dark,Other injury accident,60 km/hr,142.49333,-38.3684,Intersection,WARRNAMBOOL,Country,6,0,2,3,4,0,0,Yes
2018,May,30/5/18,17.52.00,Collision with object,Wednesday,No,Dark,Other injury accident,100 km/hr,144.6331,-37.70455,Non-Intersection,MELTON,Metro,1,0,1,0,0,0,0,No
2018,May,30/5/18,19.15.00,Collision with vehicle,Wednesday,No,Dark,Other injury accident,60 km/hr,144.98514,-37.8625,Intersection,PORT PHILLIP,Metro,2,0,2,0,0,0,1,No
2018,May,30/5/18,15.30.00,Collision with vehicle,Wednesday,No,Day,Other injury accident,60 km/hr,147.61078,-37.83087,Non-Intersection,EAST GIPPSLAND,Country,2,0,1,1,0,0,0,No
2018,May,30/5/18,17.25.00,Collision with vehicle,Wednesday,No,Dark,Other injury accident,50 km/hr,145.0262,-37.64594,Intersection,WHITTLESEA,Metro,2,0,0,2,0,0,0,No
2018,May,30/5/18,18.30.00,Collision with vehicle,Wednesday,No,Dark,Other injury accident,90 km/hr,145.48515,-38.15529,Non-Intersection,CARDINIA,Metro,2,0,2,0,0,0,0,No
2018,May,30/5/18,18.10.00,Collision with object,Tuesday,No,Dark,Serious injury accident,100 km/hr,146.24136,-38.64506,Non-Intersection,SOUTH GIPPSLAND,Country,1,0,1,0,0,0,1,No
2018,May,30/5/18,18.50.00,Collision with vehicle,Wednesday,No,Dark,Serious injury accident,100 km/hr,143.67419,-37.65059,Non-Intersection,GOLDEN PLAINS,Country,4,0,1,3,1,0,0,No
2018,May,30/5/18,19.22.00,Collision with vehicle,Tuesday,No,Dark,Serious injury accident,60 km/hr,144.81054,-37.75832,Intersection,BRIMBANK,Metro,2,0,2,0,0,0,1,No
2018,May,30/5/18,17.15.00,Collision with vehicle,Wednesday,No,Dark,Other injury accident,60 km/hr,144.54157,-38.2583,Non-Intersection,GEELONG,Country,4,0,1,3,2,0,0,No
2018,May,30/5/18,18.00.00,Collision with vehicle,Tuesday,No,Dark,Other injury accident,80 km/hr,145.23323,-37.89948,Non-Intersection,KNOX,Metro,3,0,2,1,0,0,2,No
2018,May,30/5/18,22.00.00,Collision with vehicle,Wednesday,No,Dark,Other injury accident,80 km/hr,145.14297,-37.92405,Non-Intersection,MONASH,Metro,2,0,1,1,0,0,1,No
2018,May,30/5/18,22.00.00,Collision with vehicle,Wednesday,No,Dark,Other injury accident,80 km/hr,144.7749,-37.77042,Intersection,BRIMBANK,Metro,2,0,0,2,0,0,1,No
2018,May,30/5/18,07.00.00,Collision with object,Wednesday,No,Unk.,Other injury accident,100 km/hr,145.02766,-37.79146,Non-Intersection,BOROONDARA,Metro,1,0,0,1,0,0,0,No
2018,May,30/5/18,18.00.00,Collision with vehicle,Wednesday,No,Dusk/Dawn,Other injury accident,50 km/hr,144.94706,-37.77256,Non-Intersection,MORELAND,Metro,3,0,2,1,1,0,0,No
2018,May,30/5/18,21.00.00,Collision with vehicle,Wednesday,No,Dark,Other injury accident,40 km/hr,145.03922,-37.67585,Non-Intersection,WHITTLESEA,Metro,3,0,1,2,1,0,1,No
2018,May,30/5/18,06.15.00,Collision with vehicle,Wednesday,No,Dusk/Dawn,Other injury accident,70 km/hr,145.15577,-37.93311,Intersection,DANDENONG,Metro,2,0,2,0,0,0,0,No
2018,May,30/5/18,11.00.00,Collision with vehicle,Wednesday,No,Day,Other injury accident,50 km/hr,143.84594,-37.56094,Non-Intersection,BALLARAT,Country,2,0,1,1,0,0,0,No
2018,May,31/5/18,00.10.00,Collision with vehicle,Thursday,Yes,Dark,Serious injury accident,40 km/hr,144.35696,-38.15549,Intersection,GEELONG,Country,3,0,2,1,1,0,1,No
2018,May,31/5/18,01.09.00,Collision with object,Thursday,No,Dark,Serious injury accident,60 km/hr,145.11286,-37.86806,Non-Intersection,MONASH,Metro,1,0,1,0,0,0,1,No
2018,May,31/5/18,01.45.00,Collision with vehicle,Thursday,No,Dark,Other injury accident,70 km/hr,144.66774,-37.85669,Intersection,WYNDHAM,Metro,3,0,3,0,1,0,0,No
2018,May,31/5/18,01.30.00,Collision with object,Thursday,No,Dark,Serious injury accident,80 km/hr,145.4637,-37.53096,Non-Intersection,MURRINDINDI,Country,1,0,1,0,0,0,1,Yes
2018,May,31/5/18,07.10.00,Collision with vehicle,Thursday,No,Dusk/Dawn,Other injury accident,60 km/hr,145.05936,-37.86003,Non-Intersection,STONNINGTON,Metro,3,0,1,0,1,0,0,No
2018,May,31/5/18,10.30.00,Collision with vehicle,Thursday,No,Day,Other injury accident,80 km/hr,144.75002,-37.69256,Intersection,MELTON,Metro,2,0,1,1,0,0,0,No
2018,May,31/5/18,09.50.00,Struck pedestrian,Thursday,No,Day,Other injury accident,50 km/hr,144.94259,-37.64565,Non-Intersection,HUME,Metro,1,0,1,0,0,0,0,No
2018,May,31/5/18,07.36.00,Collision with vehicle,Thursday,No,Dusk/Dawn,Other injury accident,60 km/hr,144.92421,-37.73337,Intersection,MOONEE VALLEY,Metro,3,0,3,0,1,0,1,No
2018,May,31/5/18,11.30.00,Collision with object,Thursday,No,Day,Serious injury accident,50 km/hr,145.04617,-37.9141,Non-Intersection,GLEN EIRA,Metro,2,0,2,0,0,1,0,No
2018,May,31/5/18,11.00.00,Collision with vehicle,Thursday,No,Day,Other injury accident,60 km/hr,145.12108,-37.91814,Intersection,MONASH,Metro,2,0,1,1,0,0,0,No
2018,May,31/5/18,13.19.00,Struck pedestrian,Thursday,No,Day,Serious injury accident,60 km/hr,144.92787,-37.83442,Non-Intersection,PORT PHILLIP,Metro,2,0,2,0,0,0,0,No
2018,May,31/5/18,13.19.00,Collision with vehicle,Thursday,No,Day,Other injury accident,40 km/hr,144.96351,-37.81501,Non-Intersection,MELBOURNE,Metro,4,0,2,2,2,0,1,No
2018,May,31/5/18,12.20.00,Fall from or in moving vehicle,Thursday,No,Unk.,Other injury accident,60 km/hr,144.88509,-37.71641,Non-Intersection,MOONEE VALLEY,Metro,2,0,1,1,1,1,0,No
2018,May,31/5/18,13.06.00,Collision with vehicle,Thursday,No,Day,Other injury accident,60 km/hr,145.14825,-37.87311,Intersection,MONASH,Metro,2,0,0,2,0,0,0,No
2018,May,31/5/18,16.18.00,No collision and no object struck,Thursday,No,Day,Serious injury accident,50 km/hr,145.10237,-37.91128,Intersection,MONASH,Metro,2,0,2,0,0,1,0,No
2018,May,31/5/18,18.45.00,Collision with vehicle,Thursday,No,Dark,Serious injury accident,60 km/hr,145.07,-37.81712,Intersection,BOROONDARA,Metro,2,0,2,0,0,0,0,No
2018,May,31/5/18,15.30.00,Struck pedestrian,Wednesday,Yes,Day,Other injury accident,50 km/hr,143.7398,-37.04787,Non-Intersection,CENTRAL GOLDFIELDS,Country,2,0,2,0,0,0,0,No
2018,May,31/5/18,15.45.00,Collision with vehicle,Thursday,No,Day,Other injury accident,100 km/hr,145.34305,-36.41808,Non-Intersection,SHEPPARTON,Country,2,0,2,0,0,0,0,No
2018,May,31/5/18,18.40.00,Collision with vehicle,Thursday,No,Dark,Other injury accident,60 km/hr,144.90898,-37.77453,Intersection,MOONEE VALLEY,Metro,3,0,3,0,1,0,0,No
2018,May,31/5/18,20.35.00,Collision with vehicle,Thursday,No,Dark,Serious injury accident,60 km/hr,144.97321,-37.83635,Intersection,PORT PHILLIP,Metro,3,0,2,1,1,0,0,No
2018,May,31/5/18,06.23.00,Collision with vehicle,Thursday,No,Dusk/Dawn,Other injury accident,60 km/hr,145.02727,-37.76708,Non-Intersection,DAREBIN,Metro,2,0,2,0,0,0,0,No
2018,May,31/5/18,16.00.00,Collision with vehicle,Thursday,No,Day,Other injury accident,70 km/hr,144.9607,-37.70656,Intersection,MORELAND,Metro,4,0,2,1,1,0,0,No
2018,May,31/5/18,09.00.00,Collision with vehicle,Thursday,No,Day,Serious injury accident,60 km/hr,144.98578,-37.78104,Non-Intersection,YARRA RANGES,Metro,2,0,1,1,0,0,0,No
2018,May,31/5/18,10.48.00,Collision with vehicle,Thursday,No,Day,Other injury accident,80 km/hr,144.73969,-37.75594,Intersection,MELTON,Metro,2,0,1,1,0,0,0,No
2018,May,31/5/18,17.09.00,Collision with vehicle,Thursday,No,Day,Other injury accident,60 km/hr,145.3985,-36.38523,Intersection,SHEPPARTON,Country,4,0,1,3,0,1,1,No
2018,May,31/5/18,20.44.00,Collision with vehicle,Thursday,No,Dark,Other injury accident,60 km/hr,145.00955,-37.70553,Intersection,DAREBIN,Metro,2,0,1,1,0,0,0,No
2018,May,31/5/18,18.15.00,Collision with vehicle,Wednesday,No,Dark,Other injury accident,100 km/hr,144.84162,-37.82541,Non-Intersection,HOBSONS BAY,Metro,5,0,2,2,0,0,3,No
2018,May,31/5/18,11.20.00,Collision with vehicle,Thursday,No,Day,Other injury accident,50 km/hr,143.85191,-37.56113,Intersection,BALLARAT,Country,2,0,0,2,0,1,1,No
2018,May,31/5/18,08.25.00,Collision with vehicle,Thursday,No,Day,Other injury accident,50 km/hr,145.06333,-37.90043,Intersection,GLEN EIRA,Metro,2,0,0,2,0,0,0,No
2018,May,31/5/18,06.30.00,Collision with vehicle,Thursday,No,Day,Other injury accident,80 km/hr,145.22796,-38.13412,Non-Intersection,FRANKSTON,Metro,4,0,4,0,2,0,0,No
2018,May,31/5/18,01.00.00,Collision with object,Thursday,No,Dark,Other injury accident,80 km/hr,145.44078,-37.5304,Non-Intersection,MURRINDINDI,Country,2,0,2,0,1,0,1,No
2018,May,31/5/18,19.00.00,Collision with vehicle,Thursday,No,Dark,Serious injury accident,50 km/hr,144.97548,-37.78241,Intersection,YARRA RANGES,Metro,2,0,1,1,0,0,0,No
2018,May,31/5/18,08.30.00,Collision with vehicle,Thursday,No,Day,Other injury accident,60 km/hr,145.02629,-37.81346,Intersection,BOROONDARA,Metro,2,0,1,1,0,0,0,No
2018,June,1/6/18,03.20.00,Collision with object,Friday,No,Dark,Serious injury accident,80 km/hr,144.415,-38.16441,Non-Intersection,GEELONG,Country,1,0,1,0,0,0,1,No
2018,June,1/6/18,07.25.00,Collision with vehicle,Friday,No,Day,Other injury accident,80 km/hr,145.14501,-37.98887,Non-Intersection,DANDENONG,Metro,6,0,3,3,0,0,2,No
2018,June,1/6/18,09.00.00,Struck pedestrian,Friday,No,Day,Serious injury accident,40 km/hr,144.73936,-37.74829,Non-Intersection,MELTON,Metro,2,0,0,2,0,0,0,No
2018,June,1/6/18,08.50.00,Collision with vehicle,Friday,No,Day,Serious injury accident,60 km/hr,144.47139,-37.6882,Non-Intersection,MOORABOOL,Country,6,0,4,2,1,0,0,No
2018,June,1/6/18,08.20.00,Collision with vehicle,Friday,No,Day,Other injury accident,70 km/hr,145.29351,-37.80013,Non-Intersection,MAROONDAH,Metro,3,0,1,2,0,0,1,No
2018,June,1/6/18,09.45.00,Collision with vehicle,Friday,No,Day,Other injury accident,60 km/hr,144.99218,-37.86154,Non-Intersection,PORT PHILLIP,Metro,2,0,2,0,0,0,1,No
2018,June,1/6/18,10.10.00,Collision with object,Friday,No,Day,Serious injury accident,60 km/hr,144.25829,-36.74753,Non-Intersection,BENDIGO,Country,1,0,1,0,0,0,0,No
2018,June,1/6/18,08.55.00,Struck pedestrian,Friday,No,Day,Serious injury accident,40 km/hr,144.56687,-37.67658,Non-Intersection,MELTON,Metro,5,0,2,3,2,0,0,No
2018,June,1/6/18,09.40.00,Collision with vehicle,Friday,No,Day,Other injury accident,80 km/hr,144.98365,-37.8244,Non-Intersection,MELBOURNE,Metro,5,0,4,1,1,0,0,No
2018,June,1/6/18,07.45.00,Collision with vehicle,Friday,No,Day,Other injury accident,50 km/hr,145.04123,-37.84297,Intersection,BOROONDARA,Metro,2,0,1,1,0,0,0,No
2018,June,1/6/18,13.15.00,Collision with vehicle,Friday,No,Day,Other injury accident,60 km/hr,145.06487,-37.83845,Intersection,BOROONDARA,Metro,3,0,1,2,1,1,0,No
2018,June,1/6/18,15.00.00,Collision with vehicle,Friday,No,Day,Other injury accident,50 km/hr,144.35145,-38.10607,Intersection,GEELONG,Country,2,0,2,0,0,0,1,No
2018,June,1/6/18,14.30.00,Collision with vehicle,Friday,No,Day,Other injury accident,60 km/hr,145.10662,-38.17381,Non-Intersection,MORNINGTON PENINSULA,Metro,2,0,0,2,0,0,0,No
2018,June,1/6/18,16.29.00,Collision with vehicle,Friday,No,Day,Other injury accident,60 km/hr,144.89459,-37.73819,Intersection,MOONEE VALLEY,Metro,2,0,0,2,0,0,1,No
2018,June,1/6/18,15.45.00,Collision with vehicle,Friday,No,Day,Other injury accident,60 km/hr,145.24763,-37.99609,Intersection,CASEY,Metro,2,0,1,1,0,0,0,No
2018,June,1/6/18,17.00.00,Collision with object,Friday,No,Day,Serious injury accident,60 km/hr,145.29983,-37.91624,Non-Intersection,YARRA RANGES,Metro,1,0,1,0,0,0,0,No
2018,June,1/6/18,14.55.00,Collision with vehicle,Friday,No,Day,Other injury accident,50 km/hr,144.80588,-37.73631,Intersection,BRIMBANK,Metro,3,0,2,1,1,1,0,No
2018,June,1/6/18,16.50.00,Collision with vehicle,Thursday,No,Day,Serious injury accident,80 km/hr,145.15592,-37.93246,Intersection,DANDENONG,Metro,2,0,2,0,0,0,0,No
2018,June,1/6/18,16.40.00,Collision with vehicle,Friday,No,Day,Other injury accident,60 km/hr,144.88135,-37.82925,Intersection,HOBSONS BAY,Metro,5,0,1,4,2,0,1,No
2018,June,1/6/18,18.30.00,Collision with vehicle,Friday,No,Dark,Other injury accident,60 km/hr,144.97873,-37.77625,Intersection,MORELAND,Metro,3,0,2,1,0,0,0,No
2018,June,1/6/18,18.51.00,Collision with vehicle,Friday,No,Dark,Other injury accident,60 km/hr,145.00955,-37.70553,Intersection,DAREBIN,Metro,2,0,1,1,0,0,1,No
2018,June,1/6/18,17.18.00,Collision with object,Friday,No,Dusk/Dawn,Serious injury accident,50 km/hr,145.06389,-37.30132,Non-Intersection,MITCHELL,Country,2,0,0,2,1,0,0,No
2018,June,1/6/18,20.03.00,Collision with vehicle,Thursday,No,Dark,Other injury accident,80 km/hr,146.90215,-36.09494,Non-Intersection,WODONGA,Country,6,0,0,6,4,0,0,No
2018,June,1/6/18,16.00.00,Collision with vehicle,Friday,No,Day,Other injury accident,50 km/hr,145.40582,-36.38194,Intersection,SHEPPARTON,Country,3,0,2,1,0,1,0,No
2018,June,1/6/18,06.15.00,Collision with vehicle,Friday,No,Dark,Other injury accident,50 km/hr,144.94486,-37.75867,Intersection,MORELAND,Metro,2,0,2,0,0,0,0,No
2018,June,1/6/18,16.15.00,Collision with vehicle,Friday,Yes,Day,Other injury accident,60 km/hr,145.1363,-37.83041,Intersection,WHITEHORSE,Metro,6,0,3,3,4,0,0,No
2018,June,1/6/18,22.55.00,Collision with object,Friday,No,Dark,Serious injury accident,80 km/hr,144.6941,-37.80482,Non-Intersection,MELTON,Metro,2,0,2,0,1,0,0,No
2018,June,1/6/18,21.40.00,Collision with object,Thursday,No,Dark,Serious injury accident,80 km/hr,148.05207,-37.85661,Non-Intersection,EAST GIPPSLAND,Country,2,0,1,1,1,0,1,Yes
2018,June,1/6/18,21.46.00,Collision with object,Friday,No,Dark,Other injury accident,50 km/hr,145.12577,-38.15568,Non-Intersection,FRANKSTON,Metro,1,0,1,0,0,0,0,Yes
2018,June,1/6/18,09.00.00,Struck pedestrian,Thursday,No,Day,Other injury accident,50 km/hr,144.71332,-36.92911,Non-Intersection,BENDIGO,Country,2,0,0,2,0,0,0,No
2018,June,1/6/18,06.30.00,Collision with vehicle,Friday,No,Dark,Other injury accident,60 km/hr,145.13623,-37.83081,Non-Intersection,WHITEHORSE,Metro,2,0,1,1,0,0,0,No
2018,June,1/6/18,16.45.00,Collision with vehicle,Thursday,No,Unk.,Serious injury accident,60 km/hr,145.23582,-37.98729,Intersection,CASEY,Metro,3,0,1,2,1,0,0,No
2018,June,1/6/18,17.30.00,Collision with vehicle,Friday,No,Unk.,Other injury accident,70 km/hr,145.05138,-37.70845,Non-Intersection,DAREBIN,Metro,3,0,2,1,1,0,0,No
2018,June,1/6/18,22.20.00,Other accident,Friday,No,Dark,Other injury accident,100 km/hr,141.70675,-36.33675,Non-Intersection,HINDMARSH,Country,2,0,1,1,1,0,0,No
2018,June,2/6/18,02.20.00,Struck pedestrian,Saturday,No,Dark,Serious injury accident,60 km/hr,144.97092,-37.77674,Non-Intersection,MORELAND,Metro,3,0,2,1,1,0,0,Yes
2018,June,2/6/18,01.27.00,Collision with object,Saturday,No,Dark,Serious injury accident,50 km/hr,145.29706,-37.82889,Intersection,MAROONDAH,Metro,1,0,1,0,0,0,0,No
2018,June,2/6/18,11.55.00,Collision with vehicle,Saturday,No,Day,Other injury accident,80 km/hr,144.40442,-38.26569,Intersection,GEELONG,Country,4,0,2,2,2,0,0,No
2018,June,2/6/18,08.19.00,Collision with vehicle,Saturday,No,Day,Other injury accident,40 km/hr,144.99643,-37.78235,Non-Intersection,DAREBIN,Metro,2,0,2,0,0,0,0,No
2018,June,2/6/18,13.05.00,Collision with vehicle,Saturday,No,Day,Other injury accident,100 km/hr,144.24426,-38.3684,Intersection,SURF COAST,Country,5,0,4,1,2,0,0,No
2018,June,2/6/18,13.43.00,Collision with object,Saturday,No,Day,Serious injury accident,100 km/hr,146.91253,-36.27818,Non-Intersection,INDIGO,Country,1,0,1,0,0,0,0,No
2018,June,2/6/18,15.45.00,Collision with object,Saturday,No,Day,Other injury accident,50 km/hr,145.21605,-38.02409,Non-Intersection,DANDENONG,Metro,2,0,1,1,1,0,0,No
2018,June,2/6/18,14.12.00,Collision with object,Saturday,No,Day,Serious injury accident,100 km/hr,142.71288,-34.74674,Non-Intersection,SWAN HILL,Country,1,0,0,1,0,0,0,No
2018,June,2/6/18,16.23.00,Collision with vehicle,Saturday,No,Day,Other injury accident,60 km/hr,144.56667,-37.69217,Intersection,MELTON,Metro,5,0,2,2,3,0,1,No
2018,June,2/6/18,18.43.00,Collision with vehicle,Saturday,No,Dark,Other injury accident,100 km/hr,145.16519,-38.16484,Non-Intersection,FRANKSTON,Metro,4,0,3,1,0,0,2,No
2018,June,2/6/18,19.30.00,Collision with vehicle,Friday,No,Dark,Other injury accident,80 km/hr,145.27334,-38.0063,Intersection,CASEY,Metro,6,0,4,0,3,0,2,No
2018,June,2/6/18,22.06.00,Collision with vehicle,Saturday,Yes,Dark,Other injury accident,60 km/hr,144.79054,-37.79025,Intersection,BRIMBANK,Metro,2,0,1,1,0,0,2,No
2018,June,2/6/18,23.55.00,Struck pedestrian,Saturday,Yes,Dark,Serious injury accident,80 km/hr,144.74312,-37.69193,Non-Intersection,MELTON,Metro,2,0,1,1,0,0,0,No
2018,June,2/6/18,10.18.00,Collision with vehicle,Saturday,No,Day,Other injury accident,100 km/hr,145.47481,-38.4722,Intersection,BASS COAST,Country,4,0,3,1,2,0,0,No
2018,June,2/6/18,09.05.00,Vehicle overturned,Saturday,No,Day,Other injury accident,50 km/hr,145.36771,-37.8327,Non-Intersection,YARRA RANGES,Metro,1,0,1,0,0,0,0,No
2018,June,2/6/18,11.40.00,Collision with vehicle,Saturday,No,Day,Other injury accident,40 km/hr,144.99919,-37.76692,Intersection,DAREBIN,Metro,2,0,1,1,0,0,0,No
2018,June,2/6/18,14.00.00,Collision with vehicle,Saturday,No,Day,Other injury accident,60 km/hr,144.26121,-37.00087,Intersection,MOUNT ALEXANDER,Country,2,0,1,1,0,0,1,No
2018,June,2/6/18,07.30.00,Collision with vehicle,Saturday,Yes,Dusk/Dawn,Other injury accident,60 km/hr,145.10663,-37.74058,Non-Intersection,BANYULE,Metro,4,0,2,0,0,0,0,No
2018,June,2/6/18,22.30.00,Struck animal,Saturday,No,Dark,Other injury accident,100 km/hr,145.89454,-38.74092,Non-Intersection,SOUTH GIPPSLAND,Country,1,0,0,1,0,0,0,No