year,month,date,time,accident_type,day,hit_run,light_condition,severity,speed_zone,longitude,latitude,node_type,lga,state_div,total_persons,fatality,males,females,passengers,old_driver,young_driver,alcohol
2018,June,3/6/18,21.35.00,Collision with vehicle,Sunday,Yes,Dark,Other injury accident,50 km/hr,144.34619,-38.31618,Intersection,SURF COAST,Country,3,0,3,0,1,0,1,No
2018,June,3/6/18,12.00.00,No collision and no object struck,Sunday,No,Day,Other injury accident,100 km/hr,146.84884,-38.398,Non-Intersection,WELLINGTON,Country,1,0,1,0,0,0,0,No
2018,June,3/6/18,00.34.00,Struck pedestrian,Sunday,No,Dark,Serious injury accident,40 km/hr,144.9699,-37.81674,Intersection,MELBOURNE,Metro,2,0,0,2,0,0,0,No
2018,June,3/6/18,03.16.00,Collision with object,Sunday,No,Dark,Serious injury accident,60 km/hr,144.96353,-37.72291,Non-Intersection,MORELAND,Metro,1,0,1,0,0,0,0,Yes
2018,June,3/6/18,06.50.00,Collision with vehicle,Sunday,No,Dark,Other injury accident,50 km/hr,144.92161,-37.70754,Intersection,MORELAND,Metro,2,0,1,1,0,0,1,No
2018,June,3/6/18,07.05.00,Collision with vehicle,Sunday,No,Day,Other injury accident,80 km/hr,145.03686,-38.24956,Intersection,MORNINGTON PENINSULA,Metro,2,0,1,1,0,0,0,No
2018,June,3/6/18,09.45.00,Collision with vehicle,Sunday,No,Day,Other injury accident,70 km/hr,145.17067,-38.15614,Non-Intersection,FRANKSTON,Metro,6,0,2,2,4,0,1,No
2018,June,3/6/18,09.20.00,Struck animal,Sunday,No,Day,Other injury accident,100 km/hr,145.11631,-36.60055,Non-Intersection,CAMPASPE,Country,2,0,0,0,1,0,0,No
2018,June,3/6/18,13.00.00,Collision with vehicle,Sunday,No,Day,Serious injury accident,70 km/hr,145.00274,-37.85936,Non-Intersection,PORT PHILLIP,Metro,3,0,1,2,0,0,0,No
2018,June,3/6/18,11.25.00,No collision and no object struck,Sunday,No,Day,Serious injury accident,80 km/hr,143.97726,-38.55546,Non-Intersection,SURF COAST,Country,2,0,2,0,0,0,0,No
2018,June,3/6/18,11.50.00,Collision with object,Sunday,No,Day,Other injury accident,60 km/hr,142.76357,-37.06632,Non-Intersection,NORTHERN GRAMPIANS,Country,1,0,1,0,0,0,1,No
2018,June,3/6/18,14.05.00,Collision with vehicle,Sunday,No,Day,Other injury accident,80 km/hr,145.1447,-37.99085,Intersection,DANDENONG,Metro,6,0,4,2,4,0,1,No
2018,June,3/6/18,14.05.00,Vehicle overturned,Sunday,No,Day,Other injury accident,100 km/hr,143.2623,-36.98866,Non-Intersection,PYRENEES,Country,1,0,0,1,0,0,0,No
2018,June,3/6/18,18.47.00,Collision with vehicle,Sunday,No,Dark,Other injury accident,80 km/hr,145.17543,-37.9945,Intersection,DANDENONG,Metro,8,0,4,2,5,0,1,No
2018,June,3/6/18,20.55.00,Collision with vehicle,Sunday,No,Dark,Other injury accident,60 km/hr,144.80386,-37.74471,Intersection,BRIMBANK,Metro,3,0,2,1,1,0,0,No
2018,June,3/6/18,18.15.00,Collision with vehicle,Sunday,No,Dark,Other injury accident,80 km/hr,144.76244,-37.86885,Non-Intersection,HOBSONS BAY,Metro,2,0,1,1,0,0,0,No
2018,June,3/6/18,15.45.00,Collision with vehicle,Sunday,No,Day,Serious injury accident,40 km/hr,144.95645,-37.81175,Intersection,MELBOURNE,Metro,12,0,5,5,3,0,0,No
2018,June,3/6/18,18.35.00,No collision and no object struck,Sunday,No,Dark,Serious injury accident,50 km/hr,145.00955,-37.7706,Non-Intersection,DAREBIN,Metro,3,0,3,0,2,0,0,No
2018,June,3/6/18,22.15.00,Collision with vehicle,Sunday,Yes,Dark,Other injury accident,80 km/hr,145.27507,-37.99828,Intersection,CASEY,Metro,3,0,3,0,1,0,2,No
2018,June,3/6/18,11.30.00,No collision and no object struck,Sunday,No,Day,Serious injury accident,100 km/hr,145.85296,-36.7579,Non-Intersection,BENALLA,Country,1,0,1,0,0,0,0,No
2018,June,3/6/18,13.40.00,Collision with vehicle,Sunday,No,Day,Serious injury accident,50 km/hr,144.81395,-37.87374,Intersection,HOBSONS BAY,Metro,2,0,0,2,0,1,0,No
2018,June,4/6/18,15.41.00,Collision with vehicle,Monday,No,Day,Other injury accident,80 km/hr,145.22481,-37.96296,Intersection,DANDENONG,Metro,5,0,1,4,3,0,0,No
2018,June,4/6/18,07.00.00,Collision with vehicle,Monday,No,Unk.,Other injury accident,50 km/hr,144.78988,-37.72776,Intersection,BRIMBANK,Metro,2,0,2,0,0,0,0,No
2018,June,4/6/18,18.10.00,Collision with vehicle,Monday,No,Dark,Other injury accident,60 km/hr,144.99187,-37.76517,Non-Intersection,DAREBIN,Metro,3,0,2,1,1,0,1,No
2018,June,4/6/18,19.20.00,Collision with vehicle,Monday,No,Dark,Serious injury accident,60 km/hr,144.95559,-37.82977,Non-Intersection,PORT PHILLIP,Metro,3,0,2,1,1,0,0,No
2018,June,4/6/18,18.05.00,Collision with vehicle,Monday,No,Dark,Other injury accident,50 km/hr,146.32322,-36.37334,Off Road,WANGARATTA,Country,4,0,3,1,2,0,0,No
2018,June,4/6/18,19.45.00,Collision with object,Monday,No,Dark,Serious injury accident,40 km/hr,144.99635,-37.81827,Non-Intersection,YARRA RANGES,Metro,2,0,1,1,0,0,0,No
2018,June,4/6/18,18.10.00,Collision with vehicle,Sunday,No,Dark,Other injury accident,60 km/hr,144.94939,-37.80928,Intersection,MELBOURNE,Metro,3,0,3,0,1,0,0,No
2018,June,4/6/18,20.00.00,No collision and no object struck,Monday,No,Dark,Other injury accident,60 km/hr,145.01277,-37.82731,Non-Intersection,YARRA RANGES,Metro,1,0,1,0,0,0,0,No
2018,June,4/6/18,18.39.00,Collision with vehicle,Monday,No,Dark,Other injury accident,60 km/hr,144.91342,-37.61643,Intersection,HUME,Metro,2,0,0,2,0,0,0,No
2018,June,4/6/18,21.09.00,Collision with vehicle,Sunday,No,Dark,Other injury accident,60 km/hr,145.02451,-37.86952,Non-Intersection,GLEN EIRA,Metro,1,0,0,1,0,0,0,No
2018,June,4/6/18,09.45.00,Collision with vehicle,Monday,No,Day,Other injury accident,80 km/hr,145.32233,-38.02813,Non-Intersection,CASEY,Metro,2,0,1,1,0,0,0,No
2018,June,4/6/18,09.30.00,Collision with vehicle,Monday,No,Day,Other injury accident,60 km/hr,145.12078,-37.92878,Intersection,KINGSTON,Metro,2,0,2,0,0,0,0,No
2018,June,4/6/18,16.30.00,Struck pedestrian,Monday,No,Day,Serious injury accident,60 km/hr,145.02301,-37.84277,Non-Intersection,STONNINGTON,Metro,2,0,1,1,0,0,0,No
2018,June,4/6/18,13.47.00,Collision with vehicle,Monday,No,Day,Serious injury accident,50 km/hr,144.99846,-37.77203,Intersection,DAREBIN,Metro,2,0,2,0,0,0,0,No
2018,June,4/6/18,06.19.00,Collision with vehicle,Sunday,No,Dusk/Dawn,Other injury accident,60 km/hr,144.92569,-37.74648,Non-Intersection,MOONEE VALLEY,Metro,1,0,1,0,0,0,1,No
2018,June,4/6/18,06.40.00,Struck pedestrian,Monday,No,Dark,Other injury accident,70 km/hr,144.96231,-37.71487,Intersection,MORELAND,Metro,2,0,1,1,0,0,0,No
2018,June,4/6/18,06.40.00,Collision with vehicle,Monday,No,Dark,Serious injury accident,80 km/hr,144.69594,-37.80502,Intersection,MELTON,Metro,2,0,2,0,0,0,1,No
2018,June,4/6/18,06.40.00,Collision with vehicle,Sunday,No,Dark,Serious injury accident,60 km/hr,145.10861,-38.0387,Intersection,KINGSTON,Metro,2,0,2,0,0,0,0,No
2018,June,4/6/18,08.40.00,Collision with vehicle,Monday,No,Day,Other injury accident,60 km/hr,145.00584,-37.70212,Non-Intersection,DAREBIN,Metro,2,0,1,1,0,0,1,No
2018,June,4/6/18,08.30.00,Collision with vehicle,Monday,No,Day,Other injury accident,50 km/hr,145.16226,-37.97941,Non-Intersection,DANDENONG,Metro,1,0,1,0,0,0,0,No
2018,June,4/6/18,10.05.00,Struck pedestrian,Monday,No,Day,Other injury accident,60 km/hr,145.1577,-37.81104,Intersection,WHITEHORSE,Metro,2,0,1,1,0,0,0,No
2018,June,4/6/18,07.20.00,Collision with vehicle,Monday,No,Dusk/Dawn,Other injury accident,100 km/hr,144.7037,-36.11202,Non-Intersection,CAMPASPE,Country,2,0,1,1,0,0,1,No
2018,June,4/6/18,08.50.00,Struck pedestrian,Sunday,Yes,Day,Serious injury accident,50 km/hr,145.22481,-37.82494,Intersection,MAROONDAH,Metro,3,0,2,1,0,0,0,No
2018,June,4/6/18,09.15.00,Collision with vehicle,Monday,No,Day,Other injury accident,50 km/hr,144.99087,-37.80707,Intersection,YARRA RANGES,Metro,2,0,0,2,0,0,0,No
2018,June,4/6/18,12.30.00,Collision with vehicle,Monday,No,Day,Other injury accident,60 km/hr,143.82008,-37.55044,Non-Intersection,BALLARAT,Country,2,0,2,0,0,1,0,No
2018,June,4/6/18,14.00.00,Struck pedestrian,Monday,No,Day,Other injury accident,40 km/hr,145.03898,-38.22112,Intersection,MORNINGTON PENINSULA,Metro,2,0,0,1,0,0,0,No
2018,June,4/6/18,10.10.00,Collision with object,Sunday,Yes,Day,Serious injury accident,100 km/hr,142.7253,-38.39961,Non-Intersection,MOYNE,Country,2,0,2,0,1,0,0,No
2018,June,4/6/18,10.00.00,Vehicle overturned,Monday,No,Day,Other injury accident,50 km/hr,144.29694,-36.77053,Intersection,BENDIGO,Country,1,0,1,0,0,0,0,No
2018,June,4/6/18,12.00.00,Collision with vehicle,Monday,No,Day,Other injury accident,50 km/hr,147.63554,-37.82563,Non-Intersection,EAST GIPPSLAND,Country,2,0,0,2,0,1,0,No
2018,June,4/6/18,13.30.00,Collision with vehicle,Monday,No,Day,Other injury accident,100 km/hr,144.95692,-37.32509,Intersection,MITCHELL,Country,2,0,1,1,0,0,0,No
2018,June,5/6/18,06.45.00,Collision with vehicle,Tuesday,No,Dusk/Dawn,Other injury accident,110 km/hr,144.40579,-37.66583,Non-Intersection,MOORABOOL,Country,2,0,1,1,0,0,1,No
2018,June,5/6/18,08.30.00,Struck pedestrian,Tuesday,No,Day,Other injury accident,50 km/hr,144.36624,-38.14765,Intersection,GEELONG,Country,2,0,0,2,0,0,0,No
2018,June,5/6/18,06.12.00,Collision with vehicle,Tuesday,No,Dark,Other injury accident,40 km/hr,144.9657,-37.74645,Intersection,MORELAND,Metro,6,0,5,1,1,0,0,No
2018,June,5/6/18,09.15.00,Collision with object,Tuesday,Yes,Day,Other injury accident,50 km/hr,145.17506,-38.30111,Non-Intersection,MORNINGTON PENINSULA,Metro,1,0,0,1,0,0,0,No
2018,June,5/6/18,11.30.00,Collision with vehicle,Tuesday,No,Day,Serious injury accident,60 km/hr,146.89314,-36.11323,Intersection,WODONGA,Country,2,0,0,2,0,0,0,No
2018,June,5/6/18,08.30.00,Struck pedestrian,Tuesday,No,Day,Other injury accident,40 km/hr,145.11998,-37.92387,Intersection,MONASH,Metro,2,0,1,1,0,1,0,No
2018,June,5/6/18,12.26.00,Collision with vehicle,Tuesday,No,Day,Other injury accident,60 km/hr,145.05858,-37.69861,Non-Intersection,WHITTLESEA,Metro,4,0,3,1,1,0,0,No
2018,June,5/6/18,10.45.00,Collision with vehicle,Monday,No,Day,Other injury accident,80 km/hr,144.87949,-37.65044,Non-Intersection,HUME,Metro,2,0,0,2,0,0,0,No
2018,June,5/6/18,12.00.00,Collision with vehicle,Tuesday,No,Day,Serious injury accident,60 km/hr,145.22556,-38.2018,Intersection,CASEY,Metro,3,0,1,2,1,1,0,No
2018,June,5/6/18,08.35.00,Collision with vehicle,Tuesday,No,Day,Other injury accident,60 km/hr,144.72921,-37.87006,Non-Intersection,WYNDHAM,Metro,2,0,1,1,0,0,0,No
2018,June,5/6/18,13.00.00,Struck pedestrian,Tuesday,No,Day,Other injury accident,40 km/hr,145.00386,-37.73891,Non-Intersection,DAREBIN,Metro,2,0,2,0,0,0,0,No
2018,June,5/6/18,11.10.00,Collision with vehicle,Tuesday,No,Day,Other injury accident,100 km/hr,143.10084,-34.71418,Intersection,SWAN HILL,Country,3,0,2,1,1,1,0,No
2018,June,5/6/18,14.30.00,Struck pedestrian,Tuesday,Not known,Day,Other injury accident,40 km/hr,144.96009,-37.81625,Intersection,MELBOURNE,Metro,2,0,0,1,0,0,0,No
2018,June,5/6/18,13.16.00,Collision with vehicle,Tuesday,No,Day,Serious injury accident,50 km/hr,144.96284,-37.77995,Non-Intersection,MELBOURNE,Metro,3,0,2,0,1,0,0,No
2018,June,5/6/18,08.40.00,Collision with vehicle,Tuesday,No,Day,Other injury accident,60 km/hr,144.30074,-36.73682,Non-Intersection,BENDIGO,Country,3,0,0,3,1,0,1,No
2018,June,5/6/18,15.45.00,Struck pedestrian,Tuesday,No,Day,Serious injury accident,50 km/hr,145.00291,-37.77447,Non-Intersection,DAREBIN,Metro,2,0,1,1,0,0,0,No
2018,June,5/6/18,14.55.00,Collision with object,Tuesday,No,Day,Serious injury accident,100 km/hr,148.08145,-37.73717,Non-Intersection,EAST GIPPSLAND,Country,2,0,1,1,1,0,0,No
2018,June,5/6/18,17.49.00,Struck pedestrian,Tuesday,No,Dark,Other injury accident,40 km/hr,144.97259,-37.76656,Intersection,MORELAND,Metro,2,0,1,1,0,0,1,No
2018,June,5/6/18,16.27.00,No collision and no object struck,Tuesday,No,Day,Other injury accident,100 km/hr,142.91273,-37.32589,Non-Intersection,ARARAT,Country,2,0,2,0,1,0,1,No
2018,June,5/6/18,17.43.00,Struck pedestrian,Tuesday,No,Dark,Other injury accident,60 km/hr,145.0728,-37.97464,Non-Intersection,KINGSTON,Metro,2,0,1,1,0,0,0,No
2018,June,5/6/18,17.50.00,Collision with vehicle,Tuesday,No,Dark,Other injury accident,60 km/hr,144.81214,-37.76037,Intersection,BRIMBANK,Metro,3,0,2,1,1,0,0,No
2018,June,5/6/18,16.35.00,Collision with vehicle,Tuesday,No,Day,Serious injury accident,100 km/hr,146.27494,-36.55179,Intersection,WANGARATTA,Country,2,0,1,1,0,0,0,No
2018,June,5/6/18,19.15.00,Collision with vehicle,Tuesday,No,Dark,Other injury accident,70 km/hr,145.03952,-37.90388,Non-Intersection,GLEN EIRA,Metro,2,0,0,2,0,0,2,No
2018,June,5/6/18,19.47.00,Collision with vehicle,Monday,No,Dark,Other injury accident,50 km/hr,142.78527,-37.05955,Intersection,NORTHERN GRAMPIANS,Country,2,0,2,0,0,0,1,No
2018,June,5/6/18,16.45.00,Collision with vehicle,Monday,No,Day,Other injury accident,50 km/hr,144.94947,-37.28817,Non-Intersection,MITCHELL,Country,2,0,1,1,0,0,0,No
2018,June,5/6/18,20.22.00,Collision with vehicle,Tuesday,No,Dark,Other injury accident,50 km/hr,144.95029,-37.72694,Non-Intersection,MORELAND,Metro,1,0,1,0,0,0,0,No
2018,June,5/6/18,22.00.00,Collision with object,Tuesday,No,Dark,Other injury accident,100 km/hr,145.70488,-38.07809,Non-Intersection,CARDINIA,Metro,1,0,1,0,0,0,1,Yes
2018,June,5/6/18,07.10.00,Struck pedestrian,Tuesday,Yes,Dusk/Dawn,Other injury accident,50 km/hr,145.06159,-37.75169,Non-Intersection,BANYULE,Metro,2,0,1,0,0,0,0,No
2018,June,5/6/18,07.20.00,Collision with vehicle,Tuesday,No,Dusk/Dawn,Other injury accident,50 km/hr,144.97161,-37.78198,Intersection,YARRA RANGES,Metro,2,0,1,1,0,0,0,No
2018,June,5/6/18,19.00.00,Collision with vehicle,Monday,No,Dark,Serious injury accident,70 km/hr,144.34053,-38.2049,Intersection,GEELONG,Country,2,0,2,0,0,0,0,No
2018,June,5/6/18,18.00.00,Collision with vehicle,Tuesday,No,Dark,Other injury accident,50 km/hr,145.2111,-37.96816,Intersection,DANDENONG,Metro,2,0,2,0,0,0,0,No
2018,June,5/6/18,07.00.00,Collision with vehicle,Tuesday,No,Dusk/Dawn,Other injury accident,50 km/hr,145.22442,-37.81673,Intersection,MAROONDAH,Metro,2,0,2,0,0,0,0,No
2018,June,5/6/18,14.45.00,Collision with vehicle,Tuesday,No,Day,Other injury accident,80 km/hr,145.22825,-38.134,Intersection,CASEY,Metro,2,0,1,1,0,0,0,No
2018,June,5/6/18,18.30.00,Collision with vehicle,Tuesday,No,Dark,Other injury accident,60 km/hr,145.12457,-38.08217,Intersection,FRANKSTON,Metro,2,0,1,1,0,0,0,No
2018,June,5/6/18,09.20.00,Collision with vehicle,Tuesday,No,Day,Other injury accident,100 km/hr,145.74551,-38.0795,Intersection,CARDINIA,Metro,3,0,1,2,1,0,0,No
2018,June,5/6/18,16.45.00,Struck pedestrian,Tuesday,Yes,Day,Other injury accident,60 km/hr,145.11038,-37.84189,Non-Intersection,WHITEHORSE,Metro,2,0,1,0,0,0,0,No
2018,June,6/6/18,05.45.00,Collision with vehicle,Wednesday,No,Dark,Other injury accident,60 km/hr,144.92948,-37.78816,Intersection,MELBOURNE,Metro,2,0,1,1,0,0,0,No
2018,June,6/6/18,06.30.00,No collision and no object struck,Wednesday,No,Dark,Other injury accident,50 km/hr,145.23424,-38.48208,Intersection,BASS COAST,Country,1,0,0,1,0,0,0,No
2018,June,6/6/18,07.30.00,Collision with vehicle,Wednesday,No,Day,Other injury accident,60 km/hr,145.27727,-37.90883,Intersection,KNOX,Metro,2,0,1,1,0,0,1,No
2018,June,6/6/18,06.50.00,Collision with vehicle,Wednesday,No,Dusk/Dawn,Other injury accident,60 km/hr,145.14236,-38.11006,Intersection,FRANKSTON,Metro,2,0,2,0,0,0,0,No
2018,June,6/6/18,08.55.00,Collision with vehicle,Wednesday,No,Day,Other injury accident,70 km/hr,145.04968,-38.22566,Non-Intersection,MORNINGTON PENINSULA,Metro,2,0,1,1,0,0,1,No
2018,June,6/6/18,09.50.00,Struck pedestrian,Wednesday,No,Day,Other injury accident,40 km/hr,142.15885,-34.1863,Non-Intersection,MILDURA,Country,2,0,0,2,0,1,0,No
2018,June,6/6/18,08.56.00,Struck pedestrian,Wednesday,No,Day,Serious injury accident,80 km/hr,145.31039,-38.00797,Intersection,CASEY,Metro,3,0,1,2,0,0,0,No
2018,June,6/6/18,11.50.00,No collision and no object struck,Wednesday,No,Day,Fatal accident,100 km/hr,145.32283,-36.46626,Non-Intersection,SHEPPARTON,Country,2,1,2,0,0,0,0,No
2018,June,6/6/18,15.00.00,Collision with vehicle,Wednesday,No,Day,Other injury accident,50 km/hr,142.16322,-34.19147,Intersection,MILDURA,Country,3,0,0,2,1,0,0,No
2018,June,6/6/18,13.10.00,Collision with vehicle,Wednesday,No,Day,Other injury accident,80 km/hr,145.24537,-38.03476,Non-Intersection,DANDENONG,Metro,2,0,1,1,0,0,1,No
2018,June,6/6/18,08.15.00,Collision with vehicle,Wednesday,No,Day,Other injury accident,100 km/hr,145.18993,-38.00678,Non-Intersection,DANDENONG,Metro,2,0,2,0,0,0,0,No
2018,June,6/6/18,07.00.00,Collision with vehicle,Tuesday,No,Dusk/Dawn,Serious injury accident,100 km/hr,144.99908,-37.79578,Non-Intersection,YARRA RANGES,Metro,2,0,2,0,0,0,0,No
2018,June,6/6/18,16.05.00,Collision with vehicle,Wednesday,No,Day,Other injury accident,50 km/hr,145.12746,-38.11849,Intersection,FRANKSTON,Metro,2,0,1,1,0,0,0,No
2018,June,6/6/18,15.00.00,Collision with vehicle,Wednesday,No,Day,Other injury accident,50 km/hr,144.20827,-37.05085,Non-Intersection,MOUNT ALEXANDER,Country,3,0,2,1,1,0,1,No
2018,June,6/6/18,16.20.00,Struck pedestrian,Wednesday,No,Day,Other injury accident,60 km/hr,144.97113,-37.83507,Intersection,PORT PHILLIP,Metro,2,0,2,0,0,1,0,No
2018,June,6/6/18,16.20.00,Collision with vehicle,Wednesday,No,Day,Other injury accident,80 km/hr,145.48091,-36.402,Non-Intersection,SHEPPARTON,Country,6,0,5,1,4,0,0,No
2018,June,6/6/18,16.45.00,Struck pedestrian,Wednesday,No,Dusk/Dawn,Serious injury accident,60 km/hr,144.76075,-37.87028,Intersection,HOBSONS BAY,Metro,2,0,2,0,0,0,0,No
2018,June,6/6/18,15.50.00,Collision with vehicle,Wednesday,No,Day,Serious injury accident,100 km/hr,144.83776,-36.38251,Non-Intersection,CAMPASPE,Country,3,0,2,1,1,1,0,No
2018,June,6/6/18,18.15.00,Collision with object,Tuesday,No,Dark,Other injury accident,100 km/hr,143.7471,-37.27558,Non-Intersection,HEPBURN,Country,3,0,3,0,2,0,0,No
2018,June,6/6/18,15.50.00,Collision with vehicle,Wednesday,No,Day,Other injury accident,80 km/hr,145.06492,-37.69007,Intersection,BANYULE,Metro,2,0,1,1,0,0,0,No
2018,June,6/6/18,17.40.00,Collision with vehicle,Wednesday,No,Dusk/Dawn,Serious injury accident,50 km/hr,145.45949,-37.77775,Non-Intersection,YARRA RANGES,Metro,6,0,4,2,3,0,0,No
2018,June,6/6/18,19.20.00,Collision with vehicle,Wednesday,No,Dark,Other injury accident,60 km/hr,144.40152,-38.17866,Non-Intersection,GEELONG,Country,2,0,1,1,0,0,1,No
2018,June,6/6/18,16.40.00,Struck pedestrian,Wednesday,No,Day,Serious injury accident,60 km/hr,144.35064,-38.16758,Intersection,GEELONG,Country,2,0,1,1,0,0,0,No
2018,June,6/6/18,18.47.00,Collision with vehicle,Wednesday,Yes,Dusk/Dawn,Serious injury accident,80 km/hr,144.98985,-37.64798,Non-Intersection,WHITTLESEA,Metro,2,0,1,0,0,0,0,No
2018,June,6/6/18,14.50.00,Vehicle overturned,Wednesday,No,Day,Other injury accident,100 km/hr,143.34226,-37.73344,Non-Intersection,CORANGAMITE,Country,1,0,1,0,0,0,0,No
2018,June,6/6/18,19.25.00,Collision with vehicle,Wednesday,No,Dark,Other injury accident,60 km/hr,145.1483,-37.87279,Non-Intersection,MONASH,Metro,5,0,2,3,0,1,1,No
2018,June,6/6/18,17.10.00,Collision with vehicle,Wednesday,Yes,Dusk/Dawn,Other injury accident,100 km/hr,145.14826,-37.89705,Non-Intersection,MONASH,Metro,2,0,2,0,0,0,0,No
2018,June,6/6/18,19.00.00,Struck pedestrian,Wednesday,No,Dusk/Dawn,Serious injury accident,60 km/hr,144.97738,-37.87911,Non-Intersection,PORT PHILLIP,Metro,2,0,1,1,0,0,1,No
2018,June,6/6/18,19.20.00,Collision with vehicle,Wednesday,No,Dark,Other injury accident,40 km/hr,144.96181,-37.8113,Intersection,MELBOURNE,Metro,2,0,2,0,0,0,0,No
2018,June,6/6/18,03.00.00,Collision with vehicle,Wednesday,No,Dark,Other injury accident,60 km/hr,144.92024,-37.70545,Non-Intersection,MORELAND,Metro,1,0,1,0,0,0,1,No
2018,June,6/6/18,17.15.00,Collision with vehicle,Wednesday,No,Dusk/Dawn,Other injury accident,50 km/hr,144.53904,-38.25783,Non-Intersection,GEELONG,Country,4,0,3,1,1,0,1,No
2018,June,6/6/18,11.14.00,Collision with vehicle,Wednesday,No,Day,Other injury accident,50 km/hr,145.10344,-37.91223,Intersection,MONASH,Metro,2,0,2,0,0,0,0,No
2018,June,7/6/18,00.10.00,Collision with object,Thursday,No,Dark,Other injury accident,40 km/hr,144.94097,-37.67076,Non-Intersection,HUME,Metro,2,0,2,0,1,0,1,No
2018,June,7/6/18,07.30.00,Collision with vehicle,Thursday,No,Day,Other injury accident,60 km/hr,145.07994,-37.65611,Intersection,WHITTLESEA,Metro,2,0,1,1,0,0,1,No
2018,June,7/6/18,07.35.00,Collision with vehicle,Thursday,No,Day,Other injury accident,60 km/hr,145.02726,-37.81691,Non-Intersection,BOROONDARA,Metro,2,0,2,0,0,0,0,No
2018,June,7/6/18,07.15.00,Collision with vehicle,Thursday,No,Day,Other injury accident,100 km/hr,144.80942,-37.81894,Non-Intersection,WYNDHAM,Metro,2,0,1,1,0,0,0,No
2018,June,7/6/18,09.20.00,Collision with vehicle,Thursday,No,Day,Other injury accident,60 km/hr,144.69523,-37.8789,Intersection,WYNDHAM,Metro,3,0,1,2,1,0,0,No
2018,June,7/6/18,14.25.00,Collision with vehicle,Thursday,No,Day,Other injury accident,80 km/hr,145.31352,-37.99331,Intersection,CASEY,Metro,2,0,2,0,0,0,0,No
2018,June,7/6/18,13.05.00,Vehicle overturned,Thursday,No,Day,Other injury accident,60 km/hr,144.83376,-37.64425,Intersection,HUME,Metro,1,0,1,0,0,0,0,No
2018,June,7/6/18,16.30.00,Collision with vehicle,Thursday,No,Dusk/Dawn,Other injury accident,60 km/hr,145.01092,-37.73958,Intersection,DAREBIN,Metro,2,0,1,1,0,0,0,No
2018,June,7/6/18,12.30.00,Collision with vehicle,Wednesday,No,Unk.,Other injury accident,60 km/hr,145.08794,-37.8944,Non-Intersection,MONASH,Metro,2,0,0,2,0,0,0,No
2018,June,7/6/18,17.48.00,Collision with vehicle,Thursday,No,Dark,Serious injury accident,70 km/hr,145.30189,-37.73387,Intersection,YARRA RANGES,Metro,3,0,1,2,1,1,0,No
2018,June,7/6/18,08.10.00,Collision with vehicle,Thursday,Yes,Day,Other injury accident,40 km/hr,145.20577,-37.96497,Non-Intersection,DANDENONG,Metro,2,0,0,1,0,0,0,No
2018,June,7/6/18,19.28.00,Collision with vehicle,Thursday,No,Dark,Other injury accident,50 km/hr,144.96889,-37.79806,Non-Intersection,MELBOURNE,Metro,2,0,0,2,0,0,0,No
2018,June,7/6/18,17.40.00,Vehicle overturned,Thursday,No,Dark,Other injury accident,70 km/hr,145.06859,-37.93748,Intersection,KINGSTON,Metro,2,0,2,0,0,0,0,No
2018,June,7/6/18,20.00.00,Collision with vehicle,Thursday,No,Dark,Serious injury accident,60 km/hr,145.2833,-38.10799,Intersection,CASEY,Metro,5,0,2,3,3,1,0,No
2018,June,7/6/18,22.16.00,Collision with vehicle,Thursday,Yes,Dark,Other injury accident,100 km/hr,144.81764,-37.82717,Non-Intersection,WYNDHAM,Metro,3,0,1,1,1,0,0,No
2018,June,7/6/18,20.35.00,Collision with vehicle,Thursday,No,Dark,Serious injury accident,60 km/hr,145.10947,-37.855,Intersection,MONASH,Metro,2,0,1,1,0,0,0,No
2018,June,7/6/18,16.00.00,Collision with vehicle,Thursday,No,Day,Other injury accident,70 km/hr,144.99289,-37.80042,Non-Intersection,YARRA RANGES,Metro,2,0,0,2,0,0,1,No
2018,June,7/6/18,10.20.00,Collision with vehicle,Thursday,No,Day,Other injury accident,40 km/hr,145.10261,-38.25816,Intersection,MORNINGTON PENINSULA,Metro,2,0,1,1,0,0,0,No
2018,June,7/6/18,16.30.00,Collision with vehicle,Thursday,No,Day,Other injury accident,40 km/hr,144.97338,-37.80677,Intersection,YARRA RANGES,Metro,2,0,0,2,0,0,0,No
2018,June,7/6/18,09.20.00,Struck pedestrian,Wednesday,Yes,Day,Other injury accident,60 km/hr,146.53371,-38.19293,Intersection,LATROBE,Country,2,0,1,1,0,0,0,No
2018,June,7/6/18,07.00.00,Struck animal,Thursday,No,Dusk/Dawn,Other injury accident,100 km/hr,142.97409,-38.08343,Non-Intersection,MOYNE,Country,1,0,1,0,0,0,1,No
2018,June,8/6/18,17.15.00,Collision with vehicle,Friday,No,Dark,Other injury accident,110 km/hr,144.67903,-37.57578,Intersection,HUME,Metro,2,0,1,1,0,0,0,No
2018,June,8/6/18,20.13.00,Collision with object,Friday,No,Dark,Other injury accident,50 km/hr,146.53812,-38.1933,Non-Intersection,LATROBE,Country,2,0,1,1,1,0,1,No
2018,June,8/6/18,13.20.00,Collision with vehicle,Friday,No,Day,Other injury accident,40 km/hr,144.83123,-37.79076,Non-Intersection,BRIMBANK,Metro,4,0,2,2,2,0,0,No
2018,June,8/6/18,05.15.00,Collision with object,Friday,No,Dark,Serious injury accident,80 km/hr,144.63522,-37.92027,Intersection,WYNDHAM,Metro,1,0,0,1,0,0,0,No
2018,June,8/6/18,09.40.00,No collision and no object struck,Thursday,No,Day,Other injury accident,60 km/hr,144.98246,-37.86038,Non-Intersection,PORT PHILLIP,Metro,1,0,1,0,0,0,0,No
2018,June,8/6/18,07.45.00,No collision and no object struck,Friday,No,Dusk/Dawn,Serious injury accident,60 km/hr,145.3449,-37.9103,Off Road,YARRA RANGES,Metro,3,0,2,0,1,0,0,No