year,month,date,time,accident_type,day,hit_run,light_condition,severity,speed_zone,longitude,latitude,node_type,lga,state_div,total_persons,fatality,males,females,passengers,old_driver,young_driver,alcohol
2018,June,8/6/18,08.25.00,Collision with vehicle,Friday,No,Day,Other injury accident,60 km/hr,144.35365,-38.16271,Intersection,GEELONG,Country,2,0,1,1,0,1,0,No
2018,June,8/6/18,07.11.00,Struck pedestrian,Friday,No,Dark,Fatal accident,60 km/hr,144.9666,-37.74131,Intersection,MORELAND,Metro,3,1,2,1,1,0,0,No
2018,June,8/6/18,07.14.00,Collision with vehicle,Friday,No,Day,Serious injury accident,50 km/hr,145.06559,-37.75615,Non-Intersection,BANYULE,Metro,2,0,2,0,0,0,0,No
2018,June,8/6/18,11.50.00,Collision with object,Friday,No,Day,Other injury accident,100 km/hr,145.42354,-37.68604,Non-Intersection,YARRA RANGES,Metro,1,0,0,1,0,0,1,No
2018,June,8/6/18,05.16.00,Struck pedestrian,Thursday,No,Dark,Fatal accident,70 km/hr,144.86287,-37.78086,Non-Intersection,MARIBYRNONG,Metro,2,1,2,0,0,0,0,No
2018,June,8/6/18,12.51.00,Collision with vehicle,Friday,No,Day,Other injury accident,60 km/hr,145.05986,-37.73556,Intersection,BANYULE,Metro,3,0,3,0,1,0,0,No
2018,June,8/6/18,08.20.00,Collision with object,Thursday,No,Day,Other injury accident,90 km/hr,145.50063,-37.77557,Non-Intersection,YARRA RANGES,Metro,1,0,1,0,0,0,0,No
2018,June,8/6/18,13.00.00,Collision with vehicle,Friday,No,Day,Other injury accident,80 km/hr,145.04916,-37.85027,Intersection,STONNINGTON,Metro,6,0,2,3,3,0,1,No
2018,June,8/6/18,14.05.00,Struck pedestrian,Friday,No,Day,Other injury accident,40 km/hr,144.96136,-37.81032,Intersection,MELBOURNE,Metro,2,0,1,0,0,0,0,No
2018,June,8/6/18,15.10.00,Collision with vehicle,Friday,No,Day,Serious injury accident,60 km/hr,144.30605,-36.74184,Intersection,BENDIGO,Country,3,0,2,1,1,1,0,No
2018,June,8/6/18,17.16.00,Collision with vehicle,Friday,No,Day,Other injury accident,60 km/hr,145.0324,-37.74097,Intersection,DAREBIN,Metro,5,0,2,3,0,0,1,No
2018,June,8/6/18,15.55.00,Struck pedestrian,Friday,No,Day,Serious injury accident,100 km/hr,147.65033,-37.7874,Non-Intersection,EAST GIPPSLAND,Country,2,0,0,2,0,0,1,No
2018,June,8/6/18,17.05.00,Collision with vehicle,Friday,No,Day,Other injury accident,60 km/hr,143.86866,-37.60311,Intersection,BALLARAT,Country,3,0,2,1,1,0,0,No
2018,June,8/6/18,10.10.00,Vehicle overturned,Friday,No,Day,Other injury accident,60 km/hr,144.89775,-37.79745,Non-Intersection,MARIBYRNONG,Metro,1,0,1,0,0,0,0,No
2018,June,8/6/18,18.50.00,Vehicle overturned,Friday,No,Dark,Other injury accident,50 km/hr,143.88544,-37.58846,Non-Intersection,BALLARAT,Country,1,0,0,1,0,0,1,No
2018,June,8/6/18,18.45.00,Collision with vehicle,Friday,No,Dark,Other injury accident,60 km/hr,145.31238,-37.80233,Intersection,YARRA RANGES,Metro,3,0,1,2,1,1,0,No
2018,June,8/6/18,17.30.00,Collision with vehicle,Friday,No,Dark,Other injury accident,70 km/hr,145.18762,-38.33879,Intersection,MORNINGTON PENINSULA,Metro,4,0,2,2,1,0,0,No
2018,June,8/6/18,18.36.00,Collision with vehicle,Friday,No,Dark,Other injury accident,80 km/hr,145.05923,-37.85994,Non-Intersection,STONNINGTON,Metro,6,0,1,5,1,0,2,No
2018,June,8/6/18,18.30.00,Collision with vehicle,Friday,No,Dark,Other injury accident,60 km/hr,146.43136,-36.44958,Intersection,WANGARATTA,Country,7,0,3,2,5,0,0,No
2018,June,8/6/18,17.57.00,No collision and no object struck,Friday,No,Dark,Other injury accident,40 km/hr,144.96396,-37.75637,Non-Intersection,MORELAND,Metro,2,0,1,0,0,0,0,No
2018,June,8/6/18,20.10.00,Collision with vehicle,Friday,No,Dark,Serious injury accident,60 km/hr,144.79889,-37.74411,Intersection,BRIMBANK,Metro,2,0,2,0,0,0,1,No
2018,June,8/6/18,16.25.00,Struck pedestrian,Thursday,Yes,Day,Serious injury accident,100 km/hr,144.80814,-37.81269,Non-Intersection,BRIMBANK,Metro,2,0,2,0,0,0,0,No
2018,June,8/6/18,19.00.00,Collision with object,Friday,No,Dark,Serious injury accident,100 km/hr,143.90761,-36.52513,Non-Intersection,LODDON,Country,3,0,1,2,2,0,0,No
2018,June,8/6/18,16.15.00,Collision with vehicle,Friday,No,Day,Other injury accident,60 km/hr,145.18569,-37.97441,Intersection,DANDENONG,Metro,4,0,2,2,2,0,0,No
2018,June,8/6/18,23.42.00,Collision with vehicle,Friday,No,Dark,Serious injury accident,70 km/hr,145.03553,-37.8713,Intersection,GLEN EIRA,Metro,5,0,5,0,2,0,0,No
2018,June,8/6/18,00.55.00,Collision with object,Friday,No,Dark,Serious injury accident,70 km/hr,144.95858,-37.69339,Non-Intersection,MORELAND,Metro,3,0,2,1,0,0,0,Yes
2018,June,8/6/18,17.45.00,Struck pedestrian,Friday,No,Dusk/Dawn,Other injury accident,40 km/hr,144.96063,-37.81831,Intersection,MELBOURNE,Metro,2,0,1,1,0,0,0,No
2018,June,9/6/18,14.30.00,Collision with vehicle,Friday,No,Day,Other injury accident,50 km/hr,145.42635,-38.07028,Non-Intersection,CARDINIA,Metro,4,0,1,3,2,0,0,No
2018,June,9/6/18,23.30.00,No collision and no object struck,Saturday,No,Dark,Other injury accident,80 km/hr,145.2463,-38.03572,Intersection,DANDENONG,Metro,1,0,1,0,0,0,0,No
2018,June,9/6/18,03.00.00,Collision with object,Saturday,No,Dark,Serious injury accident,100 km/hr,146.28096,-38.21208,Non-Intersection,LATROBE,Country,1,0,0,1,0,0,1,No
2018,June,9/6/18,11.45.00,Collision with vehicle,Saturday,No,Day,Other injury accident,60 km/hr,144.8918,-37.72567,Intersection,MOONEE VALLEY,Metro,5,0,3,2,3,0,0,No
2018,June,9/6/18,09.40.00,Collision with vehicle,Saturday,No,Day,Serious injury accident,60 km/hr,144.34202,-36.81051,Intersection,BENDIGO,Country,2,0,2,0,0,0,0,No
2018,June,9/6/18,10.18.00,Collision with object,Saturday,No,Day,Serious injury accident,100 km/hr,144.46348,-37.9612,Non-Intersection,GEELONG,Country,1,0,1,0,0,1,0,No
2018,June,9/6/18,13.35.00,Collision with vehicle,Saturday,No,Day,Other injury accident,80 km/hr,145.27742,-38.08437,Non-Intersection,CASEY,Metro,3,0,3,0,1,0,1,No
2018,June,9/6/18,14.00.00,Collision with vehicle,Saturday,Yes,Day,Other injury accident,60 km/hr,144.97939,-37.41308,Intersection,MITCHELL,Country,3,0,3,0,1,0,1,No
2018,June,9/6/18,14.00.00,Collision with vehicle,Saturday,No,Day,Serious injury accident,50 km/hr,144.18524,-38.41405,Intersection,SURF COAST,Country,2,0,2,0,0,0,0,No
2018,June,9/6/18,13.07.00,Collision with object,Saturday,No,Day,Other injury accident,100 km/hr,142.8288,-37.23569,Non-Intersection,ARARAT,Country,1,0,1,0,0,0,0,No
2018,June,9/6/18,15.40.00,Collision with vehicle,Saturday,No,Day,Other injury accident,60 km/hr,145.04014,-37.86391,Intersection,STONNINGTON,Metro,2,0,2,0,0,0,1,No
2018,June,9/6/18,16.20.00,Collision with object,Saturday,No,Day,Serious injury accident,100 km/hr,143.50403,-38.38701,Intersection,COLAC OTWAY,Country,1,0,1,0,0,0,1,No
2018,June,9/6/18,10.30.00,Collision with vehicle,Saturday,No,Day,Other injury accident,60 km/hr,145.31751,-37.89188,Intersection,YARRA RANGES,Metro,3,0,2,1,1,0,0,No
2018,June,9/6/18,17.24.00,Collision with vehicle,Saturday,No,Dark,Other injury accident,60 km/hr,144.92526,-37.75086,Intersection,MOONEE VALLEY,Metro,4,0,1,3,2,0,0,No
2018,June,9/6/18,17.36.00,Collision with object,Saturday,No,Dark,Other injury accident,50 km/hr,145.16616,-38.11219,Intersection,FRANKSTON,Metro,1,0,1,0,0,0,0,No
2018,June,9/6/18,17.32.00,Collision with object,Saturday,No,Dusk/Dawn,Other injury accident,110 km/hr,146.41802,-36.25858,Non-Intersection,WANGARATTA,Country,1,0,0,1,0,0,1,No
2018,June,9/6/18,18.10.00,Collision with vehicle,Saturday,No,Dark,Other injury accident,50 km/hr,145.26792,-38.09629,Intersection,CASEY,Metro,2,0,2,0,0,0,0,No
2018,June,9/6/18,18.05.00,Collision with vehicle,Saturday,No,Dark,Other injury accident,60 km/hr,144.92636,-37.78782,Non-Intersection,MELBOURNE,Metro,2,0,1,1,0,0,1,No
2018,June,9/6/18,18.50.00,Struck pedestrian,Saturday,No,Dark,Serious injury accident,60 km/hr,145.02611,-37.85111,Non-Intersection,STONNINGTON,Metro,3,0,1,1,0,1,0,No
2018,June,9/6/18,20.00.00,Collision with object,Saturday,No,Dark,Serious injury accident,100 km/hr,146.00442,-38.5047,Non-Intersection,SOUTH GIPPSLAND,Country,3,0,2,1,2,0,0,No
2018,June,9/6/18,18.02.00,Collision with vehicle,Saturday,No,Dark,Other injury accident,60 km/hr,144.92646,-37.7581,Intersection,MOONEE VALLEY,Metro,2,0,1,1,0,0,0,No
2018,June,9/6/18,16.30.00,Collision with vehicle,Saturday,Yes,Day,Other injury accident,40 km/hr,144.95324,-37.81709,Intersection,MELBOURNE,Metro,2,0,1,0,0,0,0,No
2018,June,9/6/18,17.30.00,Collision with object,Saturday,No,Dark,Other injury accident,100 km/hr,146.02214,-38.58452,Non-Intersection,SOUTH GIPPSLAND,Country,2,0,1,1,1,0,0,No
2018,June,10/6/18,15.20.00,Vehicle overturned,Sunday,No,Day,Other injury accident,80 km/hr,145.32546,-38.05835,Non-Intersection,CASEY,Metro,1,0,1,0,0,0,0,No
2018,June,10/6/18,15.30.00,Collision with vehicle,Sunday,No,Day,Other injury accident,50 km/hr,144.97452,-37.79431,Non-Intersection,MELBOURNE,Metro,3,0,1,2,0,0,0,No
2018,June,10/6/18,10.00.00,No collision and no object struck,Sunday,No,Day,Other injury accident,60 km/hr,145.21061,-37.15197,Non-Intersection,MITCHELL,Country,1,0,1,0,0,0,0,No
2018,June,10/6/18,01.45.00,Struck pedestrian,Sunday,Yes,Dark,Serious injury accident,50 km/hr,145.29777,-37.84397,Non-Intersection,KNOX,Metro,2,0,1,0,0,0,0,No
2018,June,10/6/18,14.00.00,Collision with vehicle,Sunday,No,Day,Other injury accident,60 km/hr,145.05469,-37.90173,Intersection,GLEN EIRA,Metro,2,0,0,2,0,0,0,No
2018,June,10/6/18,15.15.00,Collision with object,Sunday,No,Day,Serious injury accident,50 km/hr,144.99577,-37.81544,Intersection,YARRA RANGES,Metro,1,0,0,1,0,0,0,No
2018,June,10/6/18,00.28.00,Collision with vehicle,Sunday,No,Dark,Other injury accident,110 km/hr,144.62818,-37.70768,Non-Intersection,MELTON,Metro,6,0,5,1,3,0,2,No
2018,June,10/6/18,01.30.00,Collision with object,Sunday,No,Dark,Serious injury accident,80 km/hr,145.06934,-37.88478,Non-Intersection,GLEN EIRA,Metro,5,0,3,2,4,0,0,No
2018,June,10/6/18,04.51.00,Collision with vehicle,Sunday,No,Dark,Other injury accident,50 km/hr,145.25623,-37.84631,Non-Intersection,KNOX,Metro,3,0,3,0,2,0,1,No
2018,June,10/6/18,06.09.00,Collision with object,Sunday,Yes,Dark,Other injury accident,50 km/hr,145.00519,-37.73116,Non-Intersection,DAREBIN,Metro,1,0,1,0,0,0,0,No
2018,June,10/6/18,07.50.00,Collision with vehicle,Sunday,No,Day,Serious injury accident,60 km/hr,145.00139,-37.85887,Intersection,STONNINGTON,Metro,2,0,2,0,0,0,1,No
2018,June,10/6/18,11.35.00,No collision and no object struck,Sunday,No,Day,Other injury accident,60 km/hr,145.05777,-37.74768,Intersection,BANYULE,Metro,1,0,0,1,0,0,0,No
2018,June,10/6/18,09.30.00,Collision with vehicle,Sunday,No,Day,Serious injury accident,50 km/hr,144.96749,-37.83708,Off Road,PORT PHILLIP,Metro,2,0,1,1,0,0,0,No
2018,June,10/6/18,11.14.00,Collision with vehicle,Sunday,No,Day,Other injury accident,60 km/hr,145.02848,-37.68747,Intersection,WHITTLESEA,Metro,6,0,5,1,3,0,0,No
2018,June,10/6/18,14.00.00,Collision with object,Sunday,No,Day,Serious injury accident,70 km/hr,145.15749,-37.78861,Non-Intersection,MANNINGHAM,Metro,2,0,0,2,1,0,0,No
2018,June,10/6/18,11.35.00,Vehicle overturned,,No,Day,Other injury accident,80 km/hr,147.0072,-36.14051,Non-Intersection,WODONGA,Country,1,0,1,0,0,0,0,No
2018,June,10/6/18,13.35.00,Collision with vehicle,Sunday,No,Day,Other injury accident,80 km/hr,144.84967,-37.72637,Intersection,BRIMBANK,Metro,2,0,1,1,0,0,1,No
2018,June,10/6/18,12.00.00,Collision with vehicle,,No,Day,Other injury accident,80 km/hr,145.09135,-38.38935,Intersection,MORNINGTON PENINSULA,Metro,4,0,2,2,2,0,1,No
2018,June,10/6/18,17.10.00,Vehicle overturned,Sunday,No,Dusk/Dawn,Serious injury accident,80 km/hr,144.50139,-37.95325,Non-Intersection,WYNDHAM,Metro,1,0,1,0,0,0,0,No
2018,June,10/6/18,15.55.00,Collision with vehicle,Sunday,No,Day,Serious injury accident,80 km/hr,144.33774,-38.21959,Intersection,GEELONG,Country,3,0,2,1,1,0,0,No
2018,June,10/6/18,19.59.00,Vehicle overturned,Sunday,No,Dark,Serious injury accident,100 km/hr,142.21639,-34.34065,Non-Intersection,MILDURA,Country,1,0,1,0,0,0,0,Yes
2018,June,10/6/18,17.05.00,Collision with vehicle,Sunday,No,Day,Other injury accident,50 km/hr,144.94602,-37.70287,Intersection,MORELAND,Metro,2,0,1,1,1,0,1,No
2018,June,10/6/18,19.00.00,Collision with object,Sunday,No,Dark,Fatal accident,100 km/hr,142.71953,-37.1126,Non-Intersection,NORTHERN GRAMPIANS,Country,1,1,1,0,0,0,0,No
2018,June,10/6/18,22.00.00,Struck pedestrian,Sunday,No,Dark,Serious injury accident,60 km/hr,145.01646,-37.6662,Non-Intersection,WHITTLESEA,Metro,2,0,1,1,0,1,0,No
2018,June,10/6/18,12.00.00,Vehicle overturned,Sunday,No,Day,Serious injury accident,100 km/hr,145.63408,-38.30277,Non-Intersection,SOUTH GIPPSLAND,Country,1,0,1,0,0,1,0,No
2018,June,10/6/18,17.30.00,Struck pedestrian,Sunday,No,Dusk/Dawn,Other injury accident,40 km/hr,146.46104,-36.05473,Non-Intersection,INDIGO,Country,2,0,2,0,0,0,0,No
2018,June,11/6/18,14.26.00,Collision with vehicle,Monday,No,Day,Other injury accident,60 km/hr,145.0032,-37.92056,Intersection,BAYSIDE,Metro,2,0,1,1,0,0,0,No
2018,June,11/6/18,13.12.00,Collision with vehicle,Monday,No,Day,Other injury accident,60 km/hr,144.38589,-38.16138,Intersection,GEELONG,Country,4,0,1,3,2,0,1,No
2018,June,11/6/18,14.35.00,Collision with vehicle,Sunday,No,Day,Other injury accident,50 km/hr,145.05369,-37.96415,Non-Intersection,KINGSTON,Metro,2,0,1,1,0,0,0,No
2018,June,11/6/18,14.40.00,Collision with vehicle,Monday,No,Day,Other injury accident,50 km/hr,143.85521,-37.55947,Intersection,BALLARAT,Country,5,0,2,3,3,0,1,No
2018,June,11/6/18,11.10.00,Collision with vehicle,Monday,No,Day,Fatal accident,100 km/hr,144.70269,-36.86271,Non-Intersection,BENDIGO,Country,7,1,5,2,3,0,0,No
2018,June,11/6/18,15.30.00,No collision and no object struck,Monday,No,Day,Other injury accident,70 km/hr,145.22539,-37.70104,Non-Intersection,NILLUMBIK,Metro,1,0,1,0,0,0,0,No
2018,June,11/6/18,12.30.00,Vehicle overturned,Monday,No,Day,Serious injury accident,80 km/hr,146.55614,-38.19169,Non-Intersection,LATROBE,Country,1,0,1,0,0,0,0,No
2018,June,11/6/18,13.40.00,Collision with vehicle,Monday,No,Day,Serious injury accident,100 km/hr,146.50281,-38.24326,Intersection,LATROBE,Country,4,0,2,2,1,0,1,No
2018,June,11/6/18,13.45.00,Collision with vehicle,Monday,No,Day,Other injury accident,100 km/hr,146.55476,-38.15993,Non-Intersection,LATROBE,Country,4,0,2,2,2,0,2,No
2018,June,11/6/18,10.30.00,Collision with vehicle,Monday,No,Day,Fatal accident,100 km/hr,145.08912,-38.23401,Non-Intersection,MORNINGTON PENINSULA,Metro,2,1,2,0,0,0,0,No
2018,June,11/6/18,15.50.00,Collision with object,Monday,No,Day,Serious injury accident,100 km/hr,142.10196,-38.34011,Non-Intersection,MOYNE,Country,1,0,0,1,0,0,0,No
2018,June,11/6/18,18.34.00,Collision with vehicle,Monday,No,Dark,Serious injury accident,50 km/hr,144.9186,-37.7551,Non-Intersection,MOONEE VALLEY,Metro,4,0,1,3,1,0,0,No
2018,June,11/6/18,17.00.00,Vehicle overturned,Sunday,No,Day,Other injury accident,100 km/hr,143.75282,-37.81399,Non-Intersection,GOLDEN PLAINS,Country,1,0,1,0,0,0,0,No
2018,June,11/6/18,14.22.00,Collision with vehicle,Monday,No,Day,Other injury accident,80 km/hr,144.4237,-38.17949,Non-Intersection,GEELONG,Country,6,0,4,2,2,1,0,No
2018,June,11/6/18,17.30.00,Collision with vehicle,Monday,Yes,Day,Serious injury accident,80 km/hr,145.11897,-37.98781,Non-Intersection,KINGSTON,Metro,2,0,1,0,0,0,0,No
2018,June,11/6/18,18.55.00,Collision with vehicle,Monday,Yes,Dark,Serious injury accident,60 km/hr,145.11413,-38.04747,Intersection,KINGSTON,Metro,2,0,2,0,0,0,0,No
2018,June,11/6/18,21.00.00,Collision with object,Monday,No,Dark,Other injury accident,100 km/hr,146.60113,-38.09103,Non-Intersection,LATROBE,Country,2,0,0,1,0,0,0,No
2018,June,11/6/18,03.30.00,Struck pedestrian,Monday,No,Dark,Other injury accident,80 km/hr,145.16124,-37.90441,Non-Intersection,MONASH,Metro,2,0,2,0,0,0,0,No
2018,June,11/6/18,05.20.00,Collision with object,Monday,No,Dark,Other injury accident,50 km/hr,145.08716,-37.8706,Non-Intersection,BOROONDARA,Metro,1,0,0,1,0,0,0,No
2018,June,11/6/18,07.00.00,Collision with vehicle,Monday,Yes,Day,Other injury accident,60 km/hr,144.99855,-37.8741,Non-Intersection,GLEN EIRA,Metro,2,0,1,0,0,0,0,No
2018,June,11/6/18,12.10.00,Collision with vehicle,Monday,No,Day,Other injury accident,40 km/hr,144.97105,-37.8517,Non-Intersection,PORT PHILLIP,Metro,2,0,2,0,0,0,0,No
2018,June,11/6/18,11.50.00,Collision with vehicle,Monday,No,Day,Other injury accident,100 km/hr,145.61056,-37.98332,Non-Intersection,CARDINIA,Metro,8,0,3,4,6,0,0,No
2018,June,11/6/18,13.12.00,Collision with vehicle,Monday,No,Day,Other injury accident,110 km/hr,144.95635,-37.49898,Non-Intersection,MITCHELL,Country,2,0,1,1,0,0,1,No
2018,June,11/6/18,10.50.00,Collision with vehicle,Monday,No,Day,Other injury accident,50 km/hr,144.58607,-37.47668,Intersection,MACEDON RANGES,Country,2,0,2,0,0,0,0,No
2018,June,11/6/18,18.45.00,Collision with vehicle,Monday,No,Unk.,Other injury accident,60 km/hr,145.18641,-37.92127,Non-Intersection,MONASH,Metro,2,0,1,1,0,1,0,No
2018,June,12/6/18,03.00.00,Collision with object,Tuesday,Yes,Dark,Other injury accident,60 km/hr,144.84719,-37.77919,Intersection,BRIMBANK,Metro,2,0,0,0,1,0,0,No
2018,June,12/6/18,07.00.00,Collision with vehicle,Tuesday,No,Day,Other injury accident,80 km/hr,144.97243,-37.69152,Non-Intersection,DAREBIN,Metro,2,0,1,1,0,0,1,No
2018,June,12/6/18,06.30.00,Vehicle overturned,Tuesday,No,Dark,Serious injury accident,40 km/hr,147.14869,-36.98963,Non-Intersection,MOUNT HOTHAM,Country,2,0,2,0,1,0,0,No
2018,June,12/6/18,08.40.00,Collision with vehicle,Tuesday,No,Day,Other injury accident,60 km/hr,146.941,-36.17658,Intersection,WODONGA,Country,3,0,1,2,1,0,0,No
2018,June,12/6/18,08.20.00,Collision with vehicle,Tuesday,No,Day,Other injury accident,70 km/hr,144.73497,-36.14051,Intersection,CAMPASPE,Country,2,0,1,1,0,0,0,No
2018,June,12/6/18,08.42.00,Collision with vehicle,Tuesday,No,Day,Other injury accident,60 km/hr,145.19234,-37.94227,Non-Intersection,DANDENONG,Metro,2,0,1,1,0,0,0,No
2018,June,12/6/18,08.58.00,Collision with vehicle,Tuesday,No,Day,Other injury accident,60 km/hr,145.12232,-38.14019,Intersection,FRANKSTON,Metro,3,0,3,0,1,0,0,No
2018,June,12/6/18,07.52.00,Collision with vehicle,Tuesday,No,Day,Other injury accident,60 km/hr,144.93878,-37.59868,Non-Intersection,HUME,Metro,2,0,0,2,0,0,1,No
2018,June,12/6/18,08.30.00,Collision with vehicle,Tuesday,No,Day,Other injury accident,50 km/hr,144.14054,-37.35197,Non-Intersection,HEPBURN,Country,2,0,1,0,0,0,0,No
2018,June,12/6/18,09.41.00,Collision with vehicle,Tuesday,No,Day,Other injury accident,50 km/hr,144.9963,-37.81826,Non-Intersection,YARRA RANGES,Metro,2,0,1,1,0,0,0,No
2018,June,12/6/18,11.40.00,Collision with vehicle,Tuesday,No,Day,Serious injury accident,80 km/hr,145.21243,-37.86163,Intersection,KNOX,Metro,5,0,3,2,1,0,1,No
2018,June,12/6/18,06.10.00,Collision with object,Tuesday,No,Dark,Serious injury accident,60 km/hr,145.15034,-36.80138,Intersection,STRATHBOGIE,Country,1,0,1,0,0,0,1,No
2018,June,12/6/18,07.35.00,Struck pedestrian,Tuesday,No,Day,Serious injury accident,60 km/hr,145.31124,-38.10128,Intersection,CASEY,Metro,2,0,1,1,0,0,0,No
2018,June,12/6/18,12.40.00,Collision with vehicle,Tuesday,No,Day,Serious injury accident,60 km/hr,145.03242,-37.63825,Intersection,WHITTLESEA,Metro,3,0,1,2,0,0,1,No
2018,June,12/6/18,14.02.00,Collision with vehicle,Tuesday,Yes,Day,Other injury accident,100 km/hr,145.02262,-37.42125,Intersection,MITCHELL,Country,2,0,0,1,0,0,0,No
2018,June,12/6/18,14.00.00,Collision with object,Tuesday,No,Day,Serious injury accident,50 km/hr,143.87417,-37.58798,Non-Intersection,BALLARAT,Country,1,0,1,0,0,0,0,No
2018,June,12/6/18,15.00.00,Collision with vehicle,Tuesday,No,Day,Other injury accident,50 km/hr,142.92585,-37.28366,Intersection,ARARAT,Country,2,0,0,2,0,1,0,No
2018,June,12/6/18,13.53.00,Collision with object,Tuesday,No,Day,Other injury accident,50 km/hr,144.9023,-37.79939,Intersection,MARIBYRNONG,Metro,2,0,1,1,1,1,0,No
2018,June,12/6/18,15.55.00,Collision with vehicle,Tuesday,No,Day,Other injury accident,100 km/hr,144.86304,-37.72554,Non-Intersection,BRIMBANK,Metro,6,0,1,5,3,0,0,No
2018,June,12/6/18,15.40.00,Collision with vehicle,Tuesday,No,Day,Other injury accident,80 km/hr,145.21741,-38.00426,Intersection,DANDENONG,Metro,2,0,1,1,0,1,0,No
2018,June,12/6/18,15.20.00,Collision with vehicle,Tuesday,No,Day,Other injury accident,60 km/hr,145.18929,-37.96107,Non-Intersection,DANDENONG,Metro,2,0,1,1,0,0,1,No
2018,June,12/6/18,16.25.00,Collision with vehicle,Tuesday,No,Day,Other injury accident,100 km/hr,145.41458,-38.21373,Intersection,CASEY,Metro,2,0,1,1,0,0,0,No
2018,June,12/6/18,19.40.00,Struck pedestrian,Tuesday,No,Dark,Serious injury accident,60 km/hr,145.18807,-37.96676,Non-Intersection,DANDENONG,Metro,2,0,2,0,0,0,0,No
2018,June,12/6/18,12.45.00,Collision with object,Monday,No,Day,Other injury accident,100 km/hr,145.87589,-38.08882,Non-Intersection,BAW BAW,Country,1,0,0,1,0,0,0,No
2018,June,12/6/18,08.45.00,Collision with vehicle,Tuesday,No,Day,Other injury accident,60 km/hr,142.51741,-38.3833,Non-Intersection,WARRNAMBOOL,Country,2,0,1,1,0,0,0,No
2018,June,12/6/18,20.30.00,Collision with vehicle,Tuesday,No,Dark,Other injury accident,60 km/hr,144.9461,-37.82948,Intersection,PORT PHILLIP,Metro,2,0,1,1,0,0,0,No
2018,June,12/6/18,18.30.00,Collision with object,Tuesday,No,Dark,Other injury accident,60 km/hr,144.21424,-35.81126,Intersection,GANNAWARRA,Country,1,0,1,0,0,0,1,No
2018,June,12/6/18,19.10.00,Collision with object,Tuesday,No,Dark,Other injury accident,80 km/hr,142.47916,-38.31717,Non-Intersection,WARRNAMBOOL,Country,1,0,1,0,0,0,0,No
2018,June,12/6/18,17.45.00,Collision with vehicle,Tuesday,No,Dark,Other injury accident,60 km/hr,145.13839,-37.60385,Non-Intersection,NILLUMBIK,Metro,4,0,3,1,1,0,1,No
2018,June,12/6/18,22.43.00,Collision with object,Tuesday,No,Dark,Other injury accident,60 km/hr,144.91244,-37.79517,Non-Intersection,MARIBYRNONG,Metro,1,0,0,1,0,0,1,No
2018,June,12/6/18,09.30.00,Collision with vehicle,Monday,No,Day,Serious injury accident,60 km/hr,144.97508,-37.79679,Intersection,MELBOURNE,Metro,2,0,2,0,0,0,0,No
2018,June,12/6/18,18.30.00,Collision with vehicle,Tuesday,No,Dark,Other injury accident,60 km/hr,144.70037,-37.88334,Non-Intersection,WYNDHAM,Metro,2,0,2,0,0,0,0,No
2018,June,12/6/18,15.35.00,Struck pedestrian,Tuesday,No,Day,Other injury accident,40 km/hr,145.1231,-38.14528,Intersection,FRANKSTON,Metro,2,0,2,0,0,0,0,No
2018,June,12/6/18,16.45.00,Collision with vehicle,Monday,No,Day,Other injury accident,60 km/hr,144.90681,-37.75855,Non-Intersection,MOONEE VALLEY,Metro,3,0,1,2,1,0,1,No
2018,June,13/6/18,04.30.00,Vehicle overturned,Wednesday,No,Dark,Other injury accident,50 km/hr,144.82173,-37.84435,Non-Intersection,HOBSONS BAY,Metro,2,0,2,0,1,0,1,No
2018,June,13/6/18,06.55.00,Collision with vehicle,Wednesday,No,Dark,Other injury accident,40 km/hr,145.00078,-37.85287,Intersection,STONNINGTON,Metro,2,0,1,1,0,0,0,No
2018,June,13/6/18,07.44.00,Collision with object,Wednesday,No,Day,Other injury accident,50 km/hr,145.20418,-37.82685,Non-Intersection,WHITEHORSE,Metro,1,0,0,1,0,1,0,No
2018,June,13/6/18,07.43.00,Collision with vehicle,Wednesday,No,Day,Other injury accident,70 km/hr,144.91821,-37.63928,Non-Intersection,HUME,Metro,3,0,3,0,0,0,0,No
2018,June,13/6/18,10.00.00,Collision with vehicle,Wednesday,Yes,Day,Other injury accident,80 km/hr,145.16223,-37.99758,Intersection,DANDENONG,Metro,4,0,1,1,1,0,0,No
2018,June,13/6/18,07.40.00,Collision with vehicle,Wednesday,No,Day,Other injury accident,80 km/hr,145.13433,-37.91889,Intersection,MONASH,Metro,3,0,2,1,0,0,0,No
2018,June,13/6/18,09.00.00,Collision with object,Wednesday,No,Day,Other injury accident,80 km/hr,143.64351,-37.6202,Non-Intersection,PYRENEES,Country,1,0,1,0,0,0,1,No
2018,June,13/6/18,12.50.00,Collision with vehicle,Wednesday,No,Day,Other injury accident,60 km/hr,144.68111,-37.87744,Non-Intersection,WYNDHAM,Metro,4,0,1,0,2,0,1,No
2018,June,13/6/18,15.30.00,Collision with vehicle,Wednesday,No,Day,Other injury accident,50 km/hr,144.96546,-37.75875,Intersection,MORELAND,Metro,2,0,1,1,0,0,0,No
2018,June,13/6/18,13.30.00,Collision with vehicle,Wednesday,No,Day,Serious injury accident,60 km/hr,144.97488,-38.32825,Intersection,MORNINGTON PENINSULA,Metro,2,0,0,2,0,0,0,No
2018,June,13/6/18,15.30.00,Collision with object,Wednesday,No,Day,Other injury accident,80 km/hr,145.56435,-37.69799,Non-Intersection,YARRA RANGES,Metro,1,0,1,0,0,0,0,No
2018,June,13/6/18,15.20.00,Collision with vehicle,Wednesday,No,Day,Other injury accident,60 km/hr,144.91317,-38.37012,Non-Intersection,MORNINGTON PENINSULA,Metro,4,0,3,1,0,0,0,No