year,month,date,time,accident_type,day,hit_run,light_condition,severity,speed_zone,longitude,latitude,node_type,lga,state_div,total_persons,fatality,males,females,passengers,old_driver,young_driver,alcohol
2018,June,13/6/18,16.35.00,Collision with vehicle,Wednesday,No,Dusk/Dawn,Serious injury accident,80 km/hr,144.85894,-37.81408,Non-Intersection,HOBSONS BAY,Metro,2,0,1,1,0,0,0,No
2018,June,13/6/18,15.45.00,Collision with vehicle,Wednesday,No,Day,Other injury accident,60 km/hr,144.99545,-37.75898,Non-Intersection,DAREBIN,Metro,1,0,0,1,0,0,0,Yes
2018,June,13/6/18,18.20.00,Collision with vehicle,Wednesday,No,Dark,Other injury accident,50 km/hr,144.968,-37.82582,Intersection,MELBOURNE,Metro,2,0,1,1,0,0,1,No
2018,June,13/6/18,19.03.00,Struck pedestrian,Wednesday,No,Dark,Other injury accident,40 km/hr,144.99682,-37.83489,Non-Intersection,STONNINGTON,Metro,2,0,1,1,0,0,1,No
2018,June,13/6/18,17.05.00,Collision with vehicle,Wednesday,No,Dark,Other injury accident,100 km/hr,144.8747,-37.71619,Non-Intersection,BRIMBANK,Metro,2,0,1,1,0,0,1,No
2018,June,13/6/18,15.30.00,Collision with vehicle,Wednesday,No,Day,Fatal accident,100 km/hr,143.85338,-37.46255,Non-Intersection,HEPBURN,Country,7,1,4,1,5,0,0,No
2018,June,13/6/18,19.45.00,Collision with object,Wednesday,No,Dark,Other injury accident,100 km/hr,144.98149,-37.4481,Non-Intersection,MITCHELL,Country,1,0,1,0,0,0,0,No
2018,June,13/6/18,19.00.00,Struck pedestrian,Wednesday,No,Dark,Other injury accident,50 km/hr,144.88203,-37.81266,Non-Intersection,MARIBYRNONG,Metro,2,0,1,1,0,0,1,No
2018,June,13/6/18,17.23.00,Struck pedestrian,Wednesday,No,Dark,Serious injury accident,60 km/hr,145.03925,-37.85285,Non-Intersection,STONNINGTON,Metro,2,0,1,1,0,0,0,No
2018,June,13/6/18,18.00.00,Collision with vehicle,Wednesday,No,Dark,Other injury accident,60 km/hr,145.02915,-37.68453,Intersection,WHITTLESEA,Metro,2,0,1,1,0,0,0,No
2018,June,13/6/18,23.40.00,Collision with object,Wednesday,No,Dark,Other injury accident,50 km/hr,145.32621,-37.80172,Non-Intersection,YARRA RANGES,Metro,2,0,1,1,1,0,0,No
2018,June,13/6/18,22.50.00,Collision with vehicle,Wednesday,No,Dark,Other injury accident,80 km/hr,144.81527,-37.72955,Non-Intersection,BRIMBANK,Metro,5,0,1,3,3,0,0,No
2018,June,13/6/18,16.30.00,Collision with vehicle,Wednesday,No,Day,Other injury accident,60 km/hr,145.3437,-37.91065,Intersection,YARRA RANGES,Metro,4,0,1,3,2,0,1,No
2018,June,13/6/18,14.35.00,Collision with vehicle,Wednesday,No,Day,Other injury accident,60 km/hr,145.06809,-37.83266,Intersection,BOROONDARA,Metro,2,0,2,0,0,0,1,No
2018,June,13/6/18,13.15.00,Collision with vehicle,Wednesday,No,Day,Other injury accident,60 km/hr,144.98065,-37.80853,Non-Intersection,YARRA RANGES,Metro,3,0,2,1,1,0,0,No
2018,June,13/6/18,15.15.00,Collision with vehicle,Wednesday,No,Unk.,Other injury accident,60 km/hr,144.26925,-36.75778,Intersection,BENDIGO,Country,2,0,0,2,0,0,1,No
2018,June,13/6/18,15.45.00,Collision with vehicle,Wednesday,No,Day,Other injury accident,60 km/hr,143.89098,-37.4122,Intersection,HEPBURN,Country,2,0,0,2,0,0,1,No
2018,June,13/6/18,19.00.00,Vehicle overturned,Wednesday,No,Dark,Serious injury accident,100 km/hr,145.0847,-37.87929,Non-Intersection,STONNINGTON,Metro,1,0,0,1,0,0,0,No
2018,June,14/6/18,16.15.00,Collision with vehicle,Wednesday,No,Day,Other injury accident,100 km/hr,145.7454,-38.07973,Intersection,CARDINIA,Metro,2,0,1,1,0,0,1,No
2018,June,14/6/18,19.00.00,Collision with vehicle,Thursday,No,Dark,Other injury accident,60 km/hr,144.95286,-37.75962,Intersection,MORELAND,Metro,2,0,0,1,0,0,0,No
2018,June,14/6/18,07.30.00,Collision with vehicle,Thursday,No,Day,Other injury accident,60 km/hr,145.0032,-37.92056,Intersection,BAYSIDE,Metro,2,0,2,0,0,0,0,No
2018,June,14/6/18,07.40.00,Collision with vehicle,Thursday,Yes,Day,Other injury accident,60 km/hr,145.01444,-37.73195,Intersection,DAREBIN,Metro,2,0,0,0,0,0,0,No
2018,June,14/6/18,07.10.00,Collision with vehicle,Thursday,No,Unk.,Other injury accident,60 km/hr,145.1024,-38.00058,Intersection,KINGSTON,Metro,2,0,2,0,0,0,0,No
2018,June,14/6/18,10.40.00,Collision with object,Thursday,No,Day,Other injury accident,60 km/hr,143.60907,-36.41058,Non-Intersection,LODDON,Country,3,0,2,1,2,0,0,No
2018,June,14/6/18,12.30.00,Collision with vehicle,Thursday,No,Day,Other injury accident,80 km/hr,144.91095,-37.83372,Non-Intersection,MELBOURNE,Metro,3,0,2,1,0,0,0,No
2018,June,14/6/18,12.25.00,Collision with vehicle,Thursday,Yes,Unk.,Other injury accident,80 km/hr,145.20793,-38.00316,Intersection,DANDENONG,Metro,2,0,2,0,0,0,0,No
2018,June,14/6/18,14.30.00,Collision with vehicle,Thursday,No,Day,Serious injury accident,80 km/hr,144.82707,-37.7437,Intersection,BRIMBANK,Metro,2,0,1,1,0,0,0,No
2018,June,14/6/18,14.40.00,Collision with vehicle,Thursday,No,Day,Serious injury accident,60 km/hr,145.03076,-37.61181,Non-Intersection,WHITTLESEA,Metro,6,0,1,3,4,0,2,No
2018,June,14/6/18,11.36.00,Collision with vehicle,Thursday,No,Day,Serious injury accident,60 km/hr,144.99122,-37.76839,Intersection,DAREBIN,Metro,4,0,3,1,0,1,0,No
2018,June,14/6/18,15.45.00,Collision with vehicle,Thursday,No,Day,Other injury accident,60 km/hr,145.23053,-37.7653,Non-Intersection,MANNINGHAM,Metro,2,0,1,1,0,0,0,No
2018,June,14/6/18,15.36.00,No collision and no object struck,Thursday,No,Day,Serious injury accident,60 km/hr,145.01912,-37.90167,Non-Intersection,BAYSIDE,Metro,2,0,2,0,0,0,0,No
2018,June,14/6/18,18.28.00,Struck pedestrian,Thursday,No,Dark,Other injury accident,50 km/hr,143.59237,-38.33948,Intersection,COLAC OTWAY,Country,2,0,2,0,0,0,0,No
2018,June,14/6/18,18.16.00,Struck pedestrian,Thursday,No,Dark,Serious injury accident,60 km/hr,144.9784,-37.84406,Non-Intersection,MELBOURNE,Metro,2,0,0,2,0,0,0,No
2018,June,14/6/18,17.30.00,Collision with object,Thursday,No,Dark,Other injury accident,60 km/hr,145.89919,-37.23992,Non-Intersection,MURRINDINDI,Country,1,0,0,1,0,1,0,No
2018,June,14/6/18,18.25.00,Collision with object,Wednesday,No,Dark,Other injury accident,100 km/hr,146.82117,-36.24991,Non-Intersection,INDIGO,Country,1,0,1,0,0,0,0,No
2018,June,14/6/18,18.34.00,Collision with vehicle,Thursday,No,Dark,Serious injury accident,50 km/hr,144.74301,-37.35069,Intersection,MACEDON RANGES,Country,3,0,1,2,1,0,2,No
2018,June,14/6/18,19.55.00,Fall from or in moving vehicle,Thursday,No,Dark,Serious injury accident,100 km/hr,142.15203,-38.36827,Non-Intersection,MOYNE,Country,2,0,1,1,1,0,0,No
2018,June,14/6/18,17.50.00,Collision with vehicle,Thursday,No,Dark,Fatal accident,100 km/hr,144.58005,-37.84923,Non-Intersection,WYNDHAM,Metro,2,1,2,0,0,0,1,No
2018,June,14/6/18,07.20.00,Collision with object,Thursday,No,Day,Serious injury accident,100 km/hr,143.7839,-37.31086,Non-Intersection,HEPBURN,Country,1,0,1,0,0,0,0,No
2018,June,14/6/18,18.00.00,Collision with vehicle,Wednesday,No,Dark,Other injury accident,60 km/hr,143.35866,-37.42646,Non-Intersection,PYRENEES,Country,3,0,2,1,0,1,0,No
2018,June,14/6/18,12.15.00,Collision with vehicle,Thursday,No,Day,Serious injury accident,60 km/hr,145.20393,-37.76983,Non-Intersection,MANNINGHAM,Metro,3,0,2,1,1,0,0,No
2018,June,15/6/18,17.25.00,Collision with vehicle,Friday,No,Dark,Other injury accident,60 km/hr,145.05779,-37.93613,Intersection,KINGSTON,Metro,3,0,1,2,1,0,0,No
2018,June,15/6/18,07.10.00,Collision with vehicle,Friday,No,Day,Other injury accident,60 km/hr,145.47949,-38.07546,Intersection,CARDINIA,Metro,2,0,1,1,0,0,0,No
2018,June,15/6/18,17.30.00,Struck pedestrian,Friday,Not known,Dark,Serious injury accident,40 km/hr,144.97731,-37.85981,Intersection,PORT PHILLIP,Metro,2,0,1,0,0,0,0,No
2018,June,15/6/18,07.00.00,Collision with vehicle,Friday,No,Dark,Other injury accident,80 km/hr,145.21177,-38.03256,Non-Intersection,DANDENONG,Metro,2,0,1,1,0,0,0,No
2018,June,15/6/18,10.40.00,Collision with vehicle,Friday,No,Day,Other injury accident,60 km/hr,141.60149,-38.33789,Intersection,GLENELG,Country,2,0,2,0,0,0,0,No
2018,June,15/6/18,08.27.00,Collision with object,Friday,No,Day,Serious injury accident,80 km/hr,141.54309,-38.4108,Non-Intersection,GLENELG,Country,2,0,1,1,1,0,0,No
2018,June,15/6/18,12.31.00,Collision with vehicle,Friday,No,Day,Other injury accident,60 km/hr,144.78185,-37.69539,Intersection,BRIMBANK,Metro,2,0,1,1,0,0,1,No
2018,June,15/6/18,11.50.00,Collision with vehicle,Thursday,No,Day,Other injury accident,60 km/hr,144.9162,-37.68149,Non-Intersection,HUME,Metro,4,0,2,2,1,1,0,No
2018,June,15/6/18,14.25.00,Collision with vehicle,Friday,No,Day,Other injury accident,60 km/hr,144.24177,-37.07554,Non-Intersection,MOUNT ALEXANDER,Country,1,0,1,0,0,0,0,No
2018,June,15/6/18,15.38.00,Struck pedestrian,Friday,No,Day,Other injury accident,40 km/hr,145.12692,-38.16078,Non-Intersection,FRANKSTON,Metro,2,0,2,0,0,0,0,No
2018,June,15/6/18,15.15.00,Collision with vehicle,Friday,No,Day,Serious injury accident,60 km/hr,144.65899,-37.90407,Non-Intersection,WYNDHAM,Metro,2,0,1,0,0,0,0,No
2018,June,15/6/18,18.05.00,Collision with vehicle,Thursday,No,Dark,Other injury accident,80 km/hr,144.90939,-37.73385,Non-Intersection,MOONEE VALLEY,Metro,3,0,3,0,0,0,0,No
2018,June,15/6/18,17.15.00,Struck pedestrian,Friday,No,Day,Serious injury accident,50 km/hr,145.01402,-37.67929,Intersection,WHITTLESEA,Metro,2,0,0,1,0,0,0,No
2018,June,15/6/18,21.02.00,Struck pedestrian,Friday,No,Dark,Serious injury accident,40 km/hr,144.99898,-37.81858,Non-Intersection,YARRA RANGES,Metro,3,0,2,1,1,0,0,No
2018,June,15/6/18,20.40.00,Struck animal,Friday,No,Dark,Serious injury accident,100 km/hr,145.46143,-36.2707,Non-Intersection,SHEPPARTON,Country,1,0,0,1,0,0,0,No
2018,June,15/6/18,18.18.00,Struck pedestrian,Friday,No,Dark,Other injury accident,80 km/hr,145.28264,-38.10112,Non-Intersection,CASEY,Metro,2,0,0,2,0,0,0,No
2018,June,15/6/18,23.40.00,Collision with object,Thursday,No,Dark,Other injury accident,70 km/hr,145.13328,-37.76307,Non-Intersection,MANNINGHAM,Metro,2,0,2,0,1,0,1,No
2018,June,15/6/18,16.50.00,Collision with vehicle,Friday,No,Day,Other injury accident,60 km/hr,145.0765,-37.92335,Intersection,GLEN EIRA,Metro,3,0,1,2,1,0,1,No
2018,June,15/6/18,20.30.00,Collision with vehicle,Friday,No,Dark,Other injury accident,50 km/hr,144.94995,-37.29128,Non-Intersection,MITCHELL,Country,1,0,1,0,0,0,0,Yes
2018,June,15/6/18,22.00.00,Struck animal,Thursday,No,Dark,Serious injury accident,100 km/hr,143.63162,-37.68064,Non-Intersection,GOLDEN PLAINS,Country,1,0,1,0,0,0,0,No
2018,June,16/6/18,04.20.00,Collision with vehicle,Saturday,No,Dark,Other injury accident,50 km/hr,145.17137,-37.80499,Non-Intersection,WHITEHORSE,Metro,2,0,2,0,0,0,2,No
2018,June,16/6/18,05.05.00,Collision with object,Saturday,No,Dark,Serious injury accident,60 km/hr,145.16792,-37.64435,Intersection,NILLUMBIK,Metro,2,0,1,1,1,0,0,No
2018,June,16/6/18,08.50.00,Struck pedestrian,Saturday,No,Day,Fatal accident,60 km/hr,144.91008,-37.74463,Intersection,MOONEE VALLEY,Metro,2,1,2,0,0,0,0,No
2018,June,16/6/18,07.58.00,No collision and no object struck,Saturday,No,Day,Serious injury accident,80 km/hr,144.57451,-37.65176,Non-Intersection,MELTON,Metro,1,0,1,0,0,0,0,No
2018,June,16/6/18,10.20.00,Collision with vehicle,Friday,No,Day,Other injury accident,60 km/hr,145.14218,-37.79884,Intersection,WHITEHORSE,Metro,3,0,3,0,0,0,1,No
2018,June,16/6/18,13.02.00,Collision with object,Saturday,No,Day,Other injury accident,50 km/hr,145.04446,-37.73397,Intersection,BANYULE,Metro,2,0,0,2,1,0,0,No
2018,June,16/6/18,12.50.00,Struck pedestrian,Saturday,Yes,Day,Other injury accident,70 km/hr,145.12608,-37.7873,Non-Intersection,MANNINGHAM,Metro,3,0,0,2,0,0,0,No
2018,June,16/6/18,12.00.00,Collision with vehicle,Saturday,No,Day,Other injury accident,80 km/hr,145.14268,-37.97991,Intersection,KINGSTON,Metro,3,0,2,1,0,0,0,No
2018,June,16/6/18,13.17.00,Struck pedestrian,Saturday,No,Day,Other injury accident,60 km/hr,144.72479,-37.58109,Non-Intersection,HUME,Metro,2,0,2,0,0,0,0,No
2018,June,16/6/18,14.20.00,Collision with object,Saturday,No,Day,Serious injury accident,100 km/hr,144.58636,-37.33396,Non-Intersection,MACEDON RANGES,Country,1,0,1,0,0,0,0,No
2018,June,16/6/18,14.15.00,Collision with vehicle,Friday,No,Day,Other injury accident,80 km/hr,145.31034,-38.02682,Intersection,CASEY,Metro,2,0,1,1,0,0,0,No
2018,June,16/6/18,13.00.00,Collision with object,Saturday,No,Day,Other injury accident,100 km/hr,142.89436,-37.27264,Non-Intersection,ARARAT,Country,3,0,1,2,2,0,1,No
2018,June,16/6/18,16.30.00,Collision with vehicle,Saturday,No,Day,Other injury accident,60 km/hr,144.75538,-36.14026,Non-Intersection,CAMPASPE,Country,3,0,3,0,0,0,1,No
2018,June,16/6/18,18.50.00,Collision with vehicle,Saturday,No,Dark,Other injury accident,50 km/hr,144.94494,-37.83175,Non-Intersection,PORT PHILLIP,Metro,2,0,1,1,0,0,0,No
2018,June,16/6/18,17.50.00,Struck pedestrian,Saturday,Yes,Dark,Serious injury accident,60 km/hr,145.01609,-37.88026,Non-Intersection,GLEN EIRA,Metro,2,0,1,0,0,0,0,No
2018,June,16/6/18,18.50.00,Collision with vehicle,Saturday,No,Dark,Other injury accident,50 km/hr,144.37386,-38.15565,Intersection,GEELONG,Country,3,0,0,2,1,0,1,No
2018,June,16/6/18,19.32.00,Collision with vehicle,Saturday,No,Dark,Other injury accident,80 km/hr,145.06095,-37.8845,Intersection,GLEN EIRA,Metro,2,0,1,1,0,0,1,No
2018,June,16/6/18,19.00.00,Collision with vehicle,Saturday,No,Dark,Other injury accident,80 km/hr,144.23589,-36.95567,Intersection,MOUNT ALEXANDER,Country,2,0,1,1,0,0,0,No
2018,June,16/6/18,20.00.00,Collision with object,Saturday,No,Dark,Serious injury accident,50 km/hr,145.09611,-37.65208,Intersection,WHITTLESEA,Metro,2,0,2,0,1,0,1,No
2018,June,16/6/18,16.25.00,Collision with object,Saturday,No,Day,Other injury accident,60 km/hr,144.97232,-37.72887,Non-Intersection,MORELAND,Metro,1,0,1,0,0,0,0,No
2018,June,16/6/18,19.50.00,Collision with object,Saturday,No,Dark,Serious injury accident,100 km/hr,147.28855,-36.47086,Non-Intersection,TOWONG,Country,4,0,0,4,3,0,0,No
2018,June,16/6/18,21.03.00,Struck pedestrian,Saturday,No,Dark,Serious injury accident,60 km/hr,145.06011,-37.873,Non-Intersection,STONNINGTON,Metro,2,0,2,0,0,0,0,No
2018,June,16/6/18,19.17.00,Collision with vehicle,Saturday,Yes,Dark,Other injury accident,40 km/hr,144.9903,-37.84794,Non-Intersection,STONNINGTON,Metro,3,0,3,0,1,0,0,Yes
2018,June,16/6/18,18.53.00,Collision with vehicle,Saturday,No,Dark,Other injury accident,60 km/hr,144.87001,-37.72981,Non-Intersection,MOONEE VALLEY,Metro,2,0,1,0,0,0,0,No
2018,June,16/6/18,16.00.00,Collision with vehicle,Friday,No,Day,Other injury accident,60 km/hr,145.06316,-37.79748,Non-Intersection,BOROONDARA,Metro,2,0,2,0,0,0,0,No
2018,June,16/6/18,12.00.00,Collision with object,Saturday,No,Day,Other injury accident,50 km/hr,147.63446,-37.82516,Intersection,EAST GIPPSLAND,Country,1,0,1,0,0,0,0,No
2018,June,17/6/18,12.50.00,Collision with vehicle,Sunday,No,Day,Other injury accident,100 km/hr,144.91301,-37.69402,Non-Intersection,HUME,Metro,2,0,1,1,0,0,0,No
2018,June,17/6/18,13.00.00,Collision with vehicle,Sunday,No,Day,Other injury accident,100 km/hr,145.10155,-37.88576,Non-Intersection,MONASH,Metro,6,0,2,4,3,0,1,No
2018,June,17/6/18,09.30.00,Collision with vehicle,Sunday,No,Day,Other injury accident,60 km/hr,145.10243,-37.94123,Intersection,KINGSTON,Metro,2,0,2,0,0,0,0,No
2018,June,17/6/18,11.20.00,Collision with vehicle,Sunday,No,Day,Other injury accident,80 km/hr,145.14005,-37.94115,Intersection,DANDENONG,Metro,2,0,2,0,0,0,0,No
2018,June,17/6/18,00.05.00,Vehicle overturned,Sunday,No,Dark,Other injury accident,60 km/hr,146.96558,-36.73375,Non-Intersection,ALPINE,Country,1,0,1,0,0,0,0,Yes
2018,June,17/6/18,03.15.00,Collision with object,Sunday,No,Dark,Other injury accident,50 km/hr,145.08533,-37.8838,Non-Intersection,STONNINGTON,Metro,1,0,0,1,0,0,1,Yes
2018,June,17/6/18,06.35.00,Collision with vehicle,Sunday,No,Dark,Other injury accident,80 km/hr,145.20759,-37.81671,Intersection,WHITEHORSE,Metro,2,0,1,1,0,0,1,No
2018,June,17/6/18,06.41.00,Collision with vehicle,Sunday,No,Dark,Other injury accident,40 km/hr,144.96002,-37.81961,Intersection,MELBOURNE,Metro,3,0,1,2,1,0,0,No
2018,June,17/6/18,06.16.00,Collision with object,Sunday,No,Dark,Serious injury accident,60 km/hr,145.126,-37.80678,Non-Intersection,WHITEHORSE,Metro,1,0,1,0,0,0,0,No
2018,June,17/6/18,10.40.00,Struck pedestrian,,No,Day,Serious injury accident,40 km/hr,145.02929,-37.85662,Intersection,STONNINGTON,Metro,2,0,1,1,0,0,0,No
2018,June,17/6/18,10.00.00,Collision with vehicle,Sunday,No,Day,Other injury accident,70 km/hr,144.80848,-37.87658,Non-Intersection,HOBSONS BAY,Metro,3,0,2,1,0,0,0,No
2018,June,17/6/18,12.50.00,Collision with object,Sunday,No,Day,Other injury accident,100 km/hr,146.99953,-37.91739,Non-Intersection,WELLINGTON,Country,2,0,0,2,1,0,0,No
2018,June,17/6/18,13.50.00,Collision with vehicle,Sunday,No,Day,Other injury accident,60 km/hr,145.00532,-37.66432,Intersection,WHITTLESEA,Metro,3,0,2,1,1,0,2,No
2018,June,17/6/18,15.10.00,Collision with object,Sunday,No,Day,Serious injury accident,100 km/hr,146.54244,-36.4787,Non-Intersection,WANGARATTA,Country,1,0,0,1,0,0,0,No
2018,June,17/6/18,17.53.00,Struck pedestrian,Sunday,No,Dark,Other injury accident,60 km/hr,144.94444,-37.74654,Intersection,MORELAND,Metro,3,0,1,2,1,0,0,No
2018,June,17/6/18,18.12.00,Collision with vehicle,Sunday,No,Dark,Other injury accident,60 km/hr,145.28562,-37.86265,Intersection,KNOX,Metro,2,0,1,1,0,1,0,No
2018,June,17/6/18,19.20.00,Collision with vehicle,Sunday,No,Dark,Other injury accident,60 km/hr,144.84484,-37.78261,Non-Intersection,BRIMBANK,Metro,2,0,2,0,0,0,1,No
2018,June,17/6/18,19.45.00,Struck pedestrian,Sunday,No,Dark,Other injury accident,50 km/hr,145.18898,-38.30771,Non-Intersection,MORNINGTON PENINSULA,Metro,2,0,1,1,0,0,0,No
2018,June,17/6/18,17.16.00,Collision with object,Sunday,No,Dusk/Dawn,Other injury accident,80 km/hr,144.81642,-37.8272,Non-Intersection,WYNDHAM,Metro,1,0,1,0,0,0,0,No
2018,June,17/6/18,23.54.00,Collision with vehicle,Sunday,No,Dark,Other injury accident,80 km/hr,144.94871,-37.62609,Non-Intersection,HUME,Metro,2,0,2,0,1,0,0,No
2018,June,17/6/18,20.30.00,Collision with object,,No,Dark,Serious injury accident,100 km/hr,142.19274,-37.87374,Non-Intersection,SOUTHERN GRAMPIANS,Country,1,0,1,0,0,0,0,No
2018,June,18/6/18,14.20.00,Collision with vehicle,Monday,No,Day,Other injury accident,100 km/hr,143.75149,-37.44718,Non-Intersection,BALLARAT,Country,2,0,1,1,0,0,1,No
2018,June,18/6/18,13.20.00,Collision with object,Monday,No,Day,Other injury accident,50 km/hr,144.86791,-37.78479,Non-Intersection,MARIBYRNONG,Metro,3,0,3,0,2,0,1,No
2018,June,18/6/18,10.00.00,Collision with vehicle,Monday,No,Day,Other injury accident,50 km/hr,144.96422,-37.79908,Non-Intersection,MELBOURNE,Metro,2,0,1,1,0,0,0,No
2018,June,18/6/18,17.45.00,Collision with vehicle,Monday,No,Dark,Other injury accident,60 km/hr,145.2633,-37.8416,Intersection,KNOX,Metro,2,0,0,2,0,0,0,No
2018,June,18/6/18,15.35.00,Struck pedestrian,Monday,No,Day,Serious injury accident,50 km/hr,144.40906,-38.16601,Non-Intersection,GEELONG,Country,2,0,2,0,0,1,0,No
2018,June,18/6/18,21.00.00,Struck pedestrian,Monday,No,Dark,Serious injury accident,60 km/hr,145.00165,-37.75229,Intersection,DAREBIN,Metro,2,0,1,1,0,0,0,No
2018,June,18/6/18,18.30.00,Collision with vehicle,Monday,No,Dusk/Dawn,Other injury accident,60 km/hr,144.91543,-37.70321,Non-Intersection,MORELAND,Metro,2,0,0,2,0,0,1,No
2018,June,18/6/18,23.42.00,Collision with object,Sunday,No,Dark,Serious injury accident,100 km/hr,143.51149,-37.13861,Non-Intersection,PYRENEES,Country,1,0,1,0,0,0,0,No
2018,June,18/6/18,20.43.00,Collision with vehicle,Monday,No,Dark,Serious injury accident,80 km/hr,144.89922,-37.73502,Non-Intersection,MOONEE VALLEY,Metro,3,0,2,1,1,0,1,No
2018,June,18/6/18,15.45.00,Struck pedestrian,Sunday,Yes,Day,Other injury accident,40 km/hr,144.98582,-37.73039,Non-Intersection,DAREBIN,Metro,2,0,1,0,0,0,0,No
2018,June,18/6/18,20.10.00,Collision with object,Monday,Yes,Dark,Other injury accident,80 km/hr,144.85045,-37.72586,Non-Intersection,BRIMBANK,Metro,1,0,1,0,0,0,0,No
2018,June,18/6/18,17.09.00,Collision with object,Monday,No,Dusk/Dawn,Other injury accident,60 km/hr,144.75423,-37.71615,Intersection,MELTON,Metro,1,0,0,1,0,0,0,No
2018,June,18/6/18,17.50.00,Collision with vehicle,Monday,No,Dark,Other injury accident,50 km/hr,145.03339,-37.80676,Non-Intersection,BOROONDARA,Metro,3,0,2,1,1,0,0,No
2018,June,18/6/18,06.23.00,Collision with vehicle,Monday,No,Dark,Other injury accident,60 km/hr,144.27058,-36.76347,Intersection,BENDIGO,Country,5,0,3,2,2,0,0,No
2018,June,18/6/18,18.40.00,Collision with vehicle,Monday,No,Dark,Other injury accident,80 km/hr,145.24743,-37.80292,Intersection,MAROONDAH,Metro,2,0,1,1,0,1,0,No
2018,June,18/6/18,09.00.00,Collision with vehicle,Monday,No,Day,Other injury accident,60 km/hr,145.0043,-37.89956,Intersection,BAYSIDE,Metro,2,0,1,1,0,1,0,No
2018,June,18/6/18,07.12.00,Collision with vehicle,Monday,No,Dark,Other injury accident,80 km/hr,145.13667,-38.02201,Non-Intersection,DANDENONG,Metro,2,0,1,1,0,0,0,No
2018,June,18/6/18,06.09.00,Collision with object,Monday,No,Dark,Other injury accident,60 km/hr,144.92333,-37.72706,Non-Intersection,MORELAND,Metro,1,0,1,0,0,0,1,No
2018,June,18/6/18,11.30.00,Collision with vehicle,Monday,No,Day,Serious injury accident,80 km/hr,145.1717,-38.01166,Intersection,DANDENONG,Metro,2,0,1,1,0,0,0,No
2018,June,18/6/18,06.40.00,Struck pedestrian,Sunday,Yes,Dusk/Dawn,Serious injury accident,70 km/hr,145.35049,-38.06161,Intersection,CASEY,Metro,3,0,2,1,1,0,0,No
2018,June,18/6/18,11.34.00,Collision with vehicle,Monday,No,Day,Serious injury accident,80 km/hr,145.28811,-37.81339,Intersection,MAROONDAH,Metro,7,0,5,2,2,0,1,No
2018,June,18/6/18,07.35.00,Collision with vehicle,Monday,No,Day,Other injury accident,100 km/hr,144.78753,-37.68639,Non-Intersection,BRIMBANK,Metro,3,0,2,1,0,0,0,No
2018,June,19/6/18,08.00.00,Collision with vehicle,Tuesday,No,Day,Other injury accident,60 km/hr,144.94321,-37.76745,Intersection,MORELAND,Metro,2,0,2,0,0,0,0,No
2018,June,19/6/18,08.36.00,Collision with vehicle,Tuesday,No,Day,Serious injury accident,40 km/hr,145.23603,-37.89014,Intersection,KNOX,Metro,4,0,0,4,2,0,0,No
2018,June,19/6/18,08.40.00,Struck pedestrian,Tuesday,No,Day,Other injury accident,60 km/hr,145.08983,-37.82506,Non-Intersection,BOROONDARA,Metro,3,0,1,2,1,0,0,No
2018,June,19/6/18,08.44.00,Struck pedestrian,Tuesday,No,Day,Other injury accident,60 km/hr,144.88033,-37.78748,Non-Intersection,MARIBYRNONG,Metro,2,0,2,0,0,0,1,No
2018,June,19/6/18,09.33.00,Collision with vehicle,Tuesday,No,Day,Serious injury accident,80 km/hr,145.18836,-37.96152,Intersection,DANDENONG,Metro,3,0,2,1,0,0,0,No
2018,June,19/6/18,11.00.00,Collision with vehicle,Tuesday,No,Day,Serious injury accident,50 km/hr,144.3635,-38.15972,Intersection,GEELONG,Country,4,0,3,1,2,1,1,No
2018,June,19/6/18,10.30.00,Collision with vehicle,Tuesday,No,Day,Other injury accident,60 km/hr,145.265,-38.04767,Intersection,CASEY,Metro,2,0,1,1,0,0,1,No
2018,June,19/6/18,08.00.00,Collision with vehicle,Tuesday,No,Day,Other injury accident,60 km/hr,143.86446,-37.55928,Intersection,BALLARAT,Country,2,0,2,0,0,0,0,No
2018,June,19/6/18,14.45.00,Collision with vehicle,Tuesday,No,Day,Other injury accident,40 km/hr,144.98219,-37.79874,Intersection,YARRA RANGES,Metro,2,0,1,1,0,0,0,No
2018,June,19/6/18,08.50.00,Collision with vehicle,Monday,No,Day,Other injury accident,70 km/hr,144.94399,-37.81236,Non-Intersection,MELBOURNE,Metro,2,0,1,1,0,0,0,No
2018,June,19/6/18,08.00.00,Collision with vehicle,Tuesday,No,Day,Other injury accident,50 km/hr,145.02278,-37.61956,Intersection,WHITTLESEA,Metro,2,0,1,1,0,0,0,No
2018,June,19/6/18,08.19.00,Struck pedestrian,Tuesday,No,Day,Other injury accident,60 km/hr,145.0997,-37.78989,Intersection,BOROONDARA,Metro,2,0,1,1,0,0,1,No
2018,June,19/6/18,10.30.00,No collision and no object struck,Tuesday,No,Day,Serious injury accident,50 km/hr,144.96786,-37.80408,Non-Intersection,MELBOURNE,Metro,2,0,2,0,0,0,0,No
2018,June,19/6/18,13.43.00,Collision with vehicle,Tuesday,No,Day,Other injury accident,50 km/hr,144.95543,-37.83197,Non-Intersection,PORT PHILLIP,Metro,2,0,2,0,0,0,0,No
2018,June,19/6/18,14.10.00,Collision with vehicle,Monday,No,Day,Other injury accident,80 km/hr,145.36114,-37.96118,Intersection,YARRA RANGES,Metro,2,0,1,1,0,0,0,No
2018,June,19/6/18,15.05.00,Collision with vehicle,Tuesday,No,Day,Other injury accident,50 km/hr,144.95716,-37.80176,Non-Intersection,MELBOURNE,Metro,2,0,1,1,0,0,0,No
2018,June,19/6/18,15.15.00,Collision with vehicle,Tuesday,No,Day,Other injury accident,50 km/hr,145.31348,-37.78773,Intersection,YARRA RANGES,Metro,2,0,1,1,0,0,0,No