year,month,date,time,accident_type,day,hit_run,light_condition,severity,speed_zone,longitude,latitude,node_type,lga,state_div,total_persons,fatality,males,females,passengers,old_driver,young_driver,alcohol
2018,June,19/6/18,14.50.00,Collision with vehicle,Tuesday,No,Day,Other injury accident,100 km/hr,144.44543,-38.26544,Intersection,GEELONG,Country,2,0,0,2,0,1,0,No
2018,June,19/6/18,16.00.00,Collision with vehicle,Monday,No,Day,Serious injury accident,60 km/hr,145.26807,-37.85546,Non-Intersection,KNOX,Metro,2,0,1,1,0,0,1,No
2018,June,19/6/18,18.35.00,Collision with vehicle,Monday,No,Dark,Serious injury accident,60 km/hr,145.00647,-37.78396,Non-Intersection,DAREBIN,Metro,2,0,1,1,0,0,0,No
2018,June,19/6/18,17.35.00,Collision with vehicle,Tuesday,No,Dark,Other injury accident,100 km/hr,145.04738,-37.7908,Non-Intersection,BOROONDARA,Metro,4,0,3,1,1,0,0,No
2018,June,19/6/18,17.46.00,Collision with vehicle,Monday,No,Dark,Other injury accident,60 km/hr,147.60982,-37.8387,Intersection,EAST GIPPSLAND,Country,2,0,2,0,0,0,0,No
2018,June,19/6/18,17.42.00,Collision with vehicle,Tuesday,No,Dark,Serious injury accident,80 km/hr,144.73497,-37.87357,Non-Intersection,WYNDHAM,Metro,4,0,2,2,1,0,0,No
2018,June,19/6/18,18.45.00,Collision with vehicle,Tuesday,No,Dark,Other injury accident,60 km/hr,144.74804,-37.86224,Intersection,WYNDHAM,Metro,5,0,2,2,3,0,1,No
2018,June,19/6/18,20.00.00,Vehicle overturned,Tuesday,No,Dark,Serious injury accident,50 km/hr,145.35915,-37.93105,Non-Intersection,YARRA RANGES,Metro,1,0,1,0,0,0,0,Yes
2018,June,19/6/18,19.25.00,Struck pedestrian,Tuesday,No,Dark,Other injury accident,50 km/hr,144.97098,-37.78588,Intersection,YARRA RANGES,Metro,2,0,1,1,0,0,0,No
2018,June,19/6/18,08.40.00,Struck pedestrian,Tuesday,No,Day,Other injury accident,50 km/hr,144.94114,-37.78836,Non-Intersection,MELBOURNE,Metro,3,0,2,1,1,0,0,No
2018,June,19/6/18,13.30.00,Vehicle overturned,Monday,No,Day,Serious injury accident,100 km/hr,144.64639,-37.79947,Non-Intersection,MELTON,Metro,1,0,1,0,0,0,0,No
2018,June,19/6/18,18.07.00,Collision with vehicle,Tuesday,No,Dark,Other injury accident,60 km/hr,145.3115,-37.98526,Intersection,CASEY,Metro,4,0,1,2,2,0,0,No
2018,June,19/6/18,16.30.00,Collision with vehicle,Tuesday,No,Day,Other injury accident,60 km/hr,145.04515,-37.8982,Intersection,GLEN EIRA,Metro,2,0,0,2,0,0,1,No
2018,June,19/6/18,08.50.00,Struck pedestrian,Tuesday,No,Day,Other injury accident,60 km/hr,144.92647,-37.64439,Non-Intersection,HUME,Metro,2,0,1,1,0,0,0,No
2018,June,19/6/18,08.40.00,Collision with vehicle,Monday,No,Day,Other injury accident,60 km/hr,145.22004,-37.77113,Non-Intersection,MANNINGHAM,Metro,4,0,0,4,2,0,1,No
2018,June,19/6/18,16.40.00,Collision with vehicle,Tuesday,No,Day,Other injury accident,40 km/hr,145.04405,-37.88964,Non-Intersection,GLEN EIRA,Metro,3,0,1,2,1,0,0,No
2018,June,19/6/18,07.15.00,Collision with vehicle,Tuesday,Yes,Dusk/Dawn,Other injury accident,50 km/hr,145.30319,-38.12308,Off Road,CASEY,Metro,2,0,1,0,0,0,0,No
2018,June,19/6/18,12.40.00,Collision with vehicle,Tuesday,No,Day,Other injury accident,50 km/hr,143.83213,-37.52483,Non-Intersection,BALLARAT,Country,2,0,1,1,0,0,0,No
2018,June,19/6/18,08.45.00,Collision with vehicle,Tuesday,No,Day,Other injury accident,80 km/hr,145.3013,-38.05474,Non-Intersection,CASEY,Metro,2,0,1,1,0,0,0,No
2018,June,20/6/18,01.05.00,Collision with object,Wednesday,No,Dark,Other injury accident,60 km/hr,144.79033,-37.76852,Non-Intersection,BRIMBANK,Metro,4,0,3,0,2,0,1,No
2018,June,20/6/18,06.10.00,Collision with vehicle,Wednesday,No,Dark,Serious injury accident,60 km/hr,145.14786,-37.75401,Non-Intersection,MANNINGHAM,Metro,2,0,2,0,0,0,0,No
2018,June,20/6/18,06.05.00,Collision with vehicle,Wednesday,No,Dark,Serious injury accident,60 km/hr,145.93515,-38.16476,Intersection,BAW BAW,Country,2,0,2,0,0,0,1,No
2018,June,20/6/18,07.52.00,Struck pedestrian,Wednesday,No,Day,Other injury accident,60 km/hr,144.97997,-37.76895,Intersection,MORELAND,Metro,2,0,2,0,0,0,0,No
2018,June,20/6/18,11.00.00,Collision with vehicle,Wednesday,No,Day,Other injury accident,60 km/hr,144.92503,-37.8238,Non-Intersection,MELBOURNE,Metro,2,0,2,0,0,0,0,No
2018,June,20/6/18,12.45.00,Collision with vehicle,Wednesday,No,Day,Other injury accident,70 km/hr,145.06656,-37.68842,Intersection,BANYULE,Metro,3,0,1,2,1,0,0,No
2018,June,20/6/18,08.45.00,Struck pedestrian,Wednesday,No,Day,Other injury accident,50 km/hr,144.93997,-37.71018,Non-Intersection,MORELAND,Metro,2,0,1,1,0,0,0,No
2018,June,20/6/18,07.55.00,Collision with object,Wednesday,No,Dusk/Dawn,Other injury accident,60 km/hr,143.56349,-37.58919,Non-Intersection,PYRENEES,Country,1,0,0,1,0,0,0,No
2018,June,20/6/18,13.41.00,Collision with vehicle,Wednesday,No,Day,Other injury accident,40 km/hr,144.93164,-37.76169,Non-Intersection,MOONEE VALLEY,Metro,1,0,0,1,0,0,0,No
2018,June,20/6/18,14.50.00,Collision with object,Wednesday,No,Day,Other injury accident,80 km/hr,145.54685,-37.97145,Intersection,CARDINIA,Metro,1,0,1,0,0,0,0,No
2018,June,20/6/18,15.50.00,Collision with vehicle,Wednesday,No,Day,Other injury accident,50 km/hr,144.94854,-37.76999,Intersection,MORELAND,Metro,3,0,3,0,0,0,1,No
2018,June,20/6/18,15.30.00,Collision with object,Wednesday,No,Day,Other injury accident,100 km/hr,144.58539,-37.36987,Non-Intersection,MACEDON RANGES,Country,2,0,1,1,1,0,1,No
2018,June,20/6/18,13.00.00,Struck pedestrian,Wednesday,No,Day,Serious injury accident,60 km/hr,145.12152,-38.07062,Intersection,KINGSTON,Metro,2,0,1,1,0,0,0,No
2018,June,20/6/18,17.25.00,Collision with vehicle,Wednesday,No,Dark,Other injury accident,60 km/hr,145.02973,-37.74826,Intersection,DAREBIN,Metro,2,0,1,1,0,0,1,No
2018,June,20/6/18,14.50.00,Struck pedestrian,Wednesday,No,Day,Serious injury accident,50 km/hr,145.07819,-37.86324,Intersection,BOROONDARA,Metro,2,0,1,1,0,1,0,No
2018,June,20/6/18,17.40.00,Collision with vehicle,Wednesday,No,Dark,Other injury accident,60 km/hr,145.08676,-37.90102,Intersection,MONASH,Metro,2,0,1,1,0,0,0,No
2018,June,20/6/18,20.50.00,Struck pedestrian,Wednesday,No,Dark,Other injury accident,70 km/hr,145.01911,-37.65971,Intersection,WHITTLESEA,Metro,2,0,1,1,0,0,0,No
2018,June,20/6/18,16.45.00,Collision with object,Wednesday,No,Day,Serious injury accident,100 km/hr,143.77389,-37.59811,Non-Intersection,BALLARAT,Country,2,0,1,1,1,0,1,No
2018,June,20/6/18,13.00.00,Collision with vehicle,Tuesday,No,Unk.,Other injury accident,60 km/hr,145.02268,-37.95402,Non-Intersection,BAYSIDE,Metro,2,0,0,2,0,0,0,No
2018,June,20/6/18,21.45.00,No collision and no object struck,Wednesday,No,Dark,Other injury accident,50 km/hr,145.02183,-37.80125,Intersection,BOROONDARA,Metro,1,0,1,0,0,0,0,No
2018,June,20/6/18,23.40.00,Collision with vehicle,Wednesday,No,Dark,Other injury accident,80 km/hr,144.78236,-37.72771,Non-Intersection,BRIMBANK,Metro,2,0,0,2,0,0,2,No
2018,June,20/6/18,20.30.00,Collision with object,Wednesday,No,Dark,Other injury accident,50 km/hr,145.07616,-37.98138,Non-Intersection,KINGSTON,Metro,2,0,1,1,1,0,1,No
2018,June,20/6/18,17.15.00,Collision with vehicle,Wednesday,Yes,Day,Other injury accident,50 km/hr,143.84744,-37.56092,Intersection,BALLARAT,Country,2,0,0,2,0,0,1,No
2018,June,20/6/18,16.25.00,Collision with vehicle,Wednesday,No,Day,Serious injury accident,50 km/hr,143.86321,-37.6027,Intersection,BALLARAT,Country,2,0,1,1,0,0,0,No
2018,June,21/6/18,16.10.00,Collision with vehicle,Thursday,No,Day,Serious injury accident,60 km/hr,145.3123,-37.77978,Intersection,YARRA RANGES,Metro,2,0,1,1,0,0,0,No
2018,June,21/6/18,13.00.00,Collision with vehicle,Thursday,No,Day,Other injury accident,50 km/hr,143.83753,-37.56788,Non-Intersection,BALLARAT,Country,2,0,1,1,0,0,1,No
2018,June,21/6/18,07.15.00,Collision with vehicle,Thursday,No,Day,Other injury accident,90 km/hr,145.198,-37.94001,Non-Intersection,DANDENONG,Metro,2,0,1,1,0,0,0,No
2018,June,21/6/18,15.45.00,Collision with vehicle,Thursday,No,Day,Other injury accident,60 km/hr,144.97784,-37.75702,Intersection,MORELAND,Metro,2,0,2,0,0,0,0,No
2018,June,21/6/18,07.15.00,Collision with vehicle,Thursday,No,Dusk/Dawn,Other injury accident,50 km/hr,144.39116,-38.18135,Non-Intersection,GEELONG,Country,2,0,0,2,0,0,1,No
2018,June,21/6/18,07.40.00,Collision with vehicle,Thursday,No,Day,Other injury accident,80 km/hr,144.93184,-37.8208,Non-Intersection,MELBOURNE,Metro,4,0,3,1,0,0,2,No
2018,June,21/6/18,07.24.00,Collision with vehicle,Wednesday,No,Dusk/Dawn,Other injury accident,80 km/hr,145.40226,-36.34758,Intersection,SHEPPARTON,Country,2,0,1,1,0,0,0,No
2018,June,21/6/18,09.00.00,Collision with vehicle,Thursday,No,Day,Other injury accident,60 km/hr,143.80917,-37.57723,Non-Intersection,BALLARAT,Country,3,0,1,2,0,0,1,No
2018,June,21/6/18,09.01.00,Collision with vehicle,Thursday,No,Day,Other injury accident,50 km/hr,144.95625,-37.80379,Intersection,MELBOURNE,Metro,3,0,2,1,1,0,2,No
2018,June,21/6/18,08.50.00,Collision with vehicle,Thursday,No,Day,Other injury accident,70 km/hr,144.99132,-37.80991,Intersection,MELBOURNE,Metro,2,0,2,0,0,0,0,No
2018,June,21/6/18,09.05.00,Collision with vehicle,Thursday,No,Day,Other injury accident,60 km/hr,144.82753,-37.78804,Non-Intersection,BRIMBANK,Metro,4,0,1,3,0,0,1,No
2018,June,21/6/18,09.08.00,Struck pedestrian,Thursday,Yes,Day,Other injury accident,70 km/hr,145.14195,-37.90669,Intersection,MONASH,Metro,2,0,1,1,0,0,0,No
2018,June,21/6/18,07.56.00,Collision with vehicle,Thursday,No,Dusk/Dawn,Other injury accident,80 km/hr,145.10718,-38.01622,Intersection,KINGSTON,Metro,3,0,3,0,0,0,0,No
2018,June,21/6/18,12.00.00,Collision with vehicle,Thursday,No,Day,Other injury accident,60 km/hr,143.82793,-37.56139,Intersection,BALLARAT,Country,2,0,1,1,0,0,0,No
2018,June,21/6/18,13.42.00,Struck pedestrian,Thursday,No,Day,Other injury accident,60 km/hr,144.94426,-37.76211,Intersection,MORELAND,Metro,2,0,2,0,0,0,1,No
2018,June,21/6/18,14.10.00,Collision with vehicle,Thursday,No,Day,Other injury accident,60 km/hr,145.92704,-38.16232,Intersection,BAW BAW,Country,2,0,1,1,0,1,0,No
2018,June,21/6/18,14.00.00,Collision with vehicle,Thursday,No,Day,Serious injury accident,60 km/hr,145.06913,-37.68184,Intersection,WHITTLESEA,Metro,3,0,1,2,1,1,1,No
2018,June,21/6/18,13.40.00,Collision with vehicle,Thursday,No,Day,Other injury accident,60 km/hr,145.43107,-36.35946,Non-Intersection,SHEPPARTON,Country,2,0,1,1,0,0,0,No
2018,June,21/6/18,14.06.00,Vehicle overturned,Thursday,No,Day,Serious injury accident,100 km/hr,142.19961,-38.21274,Non-Intersection,MOYNE,Country,1,0,1,0,0,0,1,No
2018,June,21/6/18,09.18.00,Collision with vehicle,Thursday,No,Day,Other injury accident,60 km/hr,144.96023,-37.77804,Intersection,MELBOURNE,Metro,2,0,0,2,0,0,1,No
2018,June,21/6/18,14.05.00,Collision with vehicle,Thursday,No,Day,Other injury accident,80 km/hr,144.89925,-37.83026,Non-Intersection,MELBOURNE,Metro,5,0,3,2,1,0,1,No
2018,June,21/6/18,15.30.00,Collision with vehicle,Thursday,No,Day,Other injury accident,50 km/hr,143.7866,-37.54413,Intersection,BALLARAT,Country,2,0,2,0,0,0,0,No
2018,June,21/6/18,15.33.00,Collision with vehicle,Thursday,No,Day,Serious injury accident,100 km/hr,145.54029,-38.09584,Intersection,CARDINIA,Metro,2,0,1,1,0,1,0,No
2018,June,21/6/18,16.35.00,Collision with vehicle,Thursday,No,Day,Serious injury accident,80 km/hr,143.72059,-37.42549,Non-Intersection,BALLARAT,Country,2,0,1,1,0,0,0,No
2018,June,21/6/18,14.25.00,Collision with vehicle,Wednesday,No,Day,Serious injury accident,50 km/hr,145.2765,-37.89281,Non-Intersection,KNOX,Metro,2,0,0,2,1,0,0,No
2018,June,21/6/18,16.50.00,Collision with vehicle,Thursday,No,Dusk/Dawn,Other injury accident,70 km/hr,145.13237,-38.01073,Intersection,KINGSTON,Metro,2,0,1,1,0,0,0,No
2018,June,21/6/18,16.01.00,Collision with vehicle,Thursday,No,Day,Other injury accident,40 km/hr,144.97846,-37.80588,Non-Intersection,YARRA RANGES,Metro,3,0,1,2,0,0,0,No
2018,June,21/6/18,16.20.00,Collision with vehicle,Thursday,No,Day,Other injury accident,80 km/hr,144.61328,-37.74619,Intersection,MELTON,Metro,3,0,2,1,1,0,1,No
2018,June,21/6/18,20.42.00,Collision with vehicle,Thursday,No,Dark,Other injury accident,70 km/hr,144.46432,-38.18906,Intersection,GEELONG,Country,2,0,2,0,0,0,1,No
2018,June,21/6/18,16.05.00,Collision with vehicle,Thursday,No,Day,Other injury accident,70 km/hr,145.13499,-37.73213,Non-Intersection,NILLUMBIK,Metro,3,0,2,1,0,0,1,No
2018,June,21/6/18,17.00.00,Collision with vehicle,Thursday,No,Dusk/Dawn,Serious injury accident,80 km/hr,145.26327,-37.79129,Intersection,MAROONDAH,Metro,5,0,2,3,2,0,0,No
2018,June,21/6/18,20.54.00,Collision with object,Thursday,No,Dark,Other injury accident,100 km/hr,142.57219,-36.94987,Non-Intersection,NORTHERN GRAMPIANS,Country,1,0,1,0,0,1,0,No
2018,June,21/6/18,20.05.00,Collision with object,Wednesday,No,Dark,Serious injury accident,100 km/hr,145.99819,-36.94235,Non-Intersection,MANSFIELD,Country,1,0,1,0,0,0,0,Yes
2018,June,21/6/18,11.30.00,Struck pedestrian,Thursday,No,Day,Serious injury accident,50 km/hr,145.09001,-38.18466,Intersection,MORNINGTON PENINSULA,Metro,3,0,2,1,1,0,0,No
2018,June,21/6/18,18.05.00,Collision with vehicle,Thursday,No,Dark,Other injury accident,60 km/hr,144.93721,-37.82559,Intersection,MELBOURNE,Metro,3,0,1,2,0,0,0,No
2018,June,21/6/18,21.05.00,Collision with object,Thursday,No,Dark,Serious injury accident,100 km/hr,144.23413,-37.84939,Non-Intersection,GEELONG,Country,1,0,0,1,0,0,1,No
2018,June,21/6/18,22.18.00,Collision with object,Wednesday,No,Dark,Other injury accident,60 km/hr,147.08141,-38.11102,Intersection,WELLINGTON,Country,1,0,0,1,0,0,0,No
2018,June,21/6/18,17.00.00,Collision with vehicle,Thursday,No,Dark,Serious injury accident,80 km/hr,145.14359,-37.9247,Intersection,MONASH,Metro,2,0,2,0,0,0,0,No
2018,June,21/6/18,08.07.00,Collision with vehicle,Thursday,No,Day,Serious injury accident,40 km/hr,144.94765,-37.63837,Non-Intersection,HUME,Metro,2,0,2,0,0,0,1,No
2018,June,21/6/18,19.30.00,Collision with vehicle,Thursday,No,Dark,Other injury accident,50 km/hr,144.96881,-37.82045,Non-Intersection,MELBOURNE,Metro,4,0,1,1,1,0,0,No
2018,June,21/6/18,18.15.00,Collision with vehicle,Thursday,No,Dusk/Dawn,Other injury accident,100 km/hr,145.15919,-37.80135,Non-Intersection,WHITEHORSE,Metro,4,0,2,2,0,0,1,No
2018,June,22/6/18,15.55.00,Collision with vehicle,Friday,No,Day,Other injury accident,80 km/hr,144.56409,-37.76702,Non-Intersection,MELTON,Metro,2,0,1,1,0,0,0,No
2018,June,22/6/18,04.00.00,Collision with vehicle,Friday,No,Dark,Other injury accident,80 km/hr,144.82994,-37.82219,Non-Intersection,BRIMBANK,Metro,2,0,1,1,0,0,0,No
2018,June,22/6/18,06.30.00,Collision with vehicle,Friday,No,Dark,Other injury accident,80 km/hr,145.41501,-38.06122,Non-Intersection,CARDINIA,Metro,2,0,1,1,0,0,0,No
2018,June,22/6/18,08.30.00,Collision with vehicle,Friday,No,Day,Other injury accident,80 km/hr,144.9386,-37.77928,Non-Intersection,MELBOURNE,Metro,8,0,5,3,1,0,3,No
2018,June,22/6/18,10.00.00,Collision with vehicle,Friday,No,Day,Other injury accident,40 km/hr,144.96912,-37.81502,Non-Intersection,MELBOURNE,Metro,2,0,2,0,0,0,0,No
2018,June,22/6/18,10.08.00,Collision with vehicle,Friday,No,Day,Other injury accident,40 km/hr,144.96352,-37.81191,Non-Intersection,MELBOURNE,Metro,3,0,2,1,1,0,1,No
2018,June,22/6/18,09.45.00,Collision with vehicle,Friday,No,Day,Other injury accident,100 km/hr,144.822,-37.70861,Non-Intersection,BRIMBANK,Metro,2,0,1,1,0,0,0,No
2018,June,22/6/18,09.32.00,Collision with vehicle,Friday,No,Day,Other injury accident,70 km/hr,145.18156,-37.79897,Non-Intersection,MANNINGHAM,Metro,3,0,1,1,1,0,0,No
2018,June,22/6/18,11.58.00,Struck pedestrian,Friday,Yes,Day,Other injury accident,40 km/hr,145.03924,-38.22043,Non-Intersection,MORNINGTON PENINSULA,Metro,2,0,0,1,0,0,0,No
2018,June,22/6/18,11.43.00,Collision with object,Friday,No,Unk.,Other injury accident,50 km/hr,144.56764,-37.78668,Non-Intersection,MELTON,Metro,1,0,1,0,0,0,0,No
2018,June,22/6/18,11.00.00,Collision with vehicle,Friday,No,Day,Other injury accident,80 km/hr,145.02256,-37.92055,Intersection,BAYSIDE,Metro,2,0,2,0,0,0,0,No
2018,June,22/6/18,15.28.00,Struck pedestrian,Friday,No,Day,Serious injury accident,40 km/hr,144.68962,-37.87589,Non-Intersection,WYNDHAM,Metro,3,0,2,1,1,0,1,No
2018,June,22/6/18,07.00.00,Vehicle overturned,Friday,No,Dark,Other injury accident,100 km/hr,145.20391,-35.98434,Non-Intersection,MOIRA,Country,2,0,1,1,0,0,0,No
2018,June,22/6/18,15.29.00,Collision with vehicle,Friday,No,Day,Other injury accident,60 km/hr,142.94712,-37.28547,Intersection,ARARAT,Country,2,0,2,0,0,0,0,No
2018,June,22/6/18,15.47.00,Collision with vehicle,Friday,No,Day,Serious injury accident,60 km/hr,144.93098,-37.68665,Intersection,HUME,Metro,2,0,2,0,0,0,0,No
2018,June,22/6/18,14.40.00,Collision with vehicle,Friday,Yes,Day,Serious injury accident,50 km/hr,144.38559,-38.16651,Non-Intersection,GEELONG,Country,4,0,0,1,2,1,0,No
2018,June,22/6/18,15.25.00,Collision with vehicle,Friday,No,Day,Serious injury accident,50 km/hr,144.92333,-37.69128,Intersection,HUME,Metro,4,0,3,1,2,0,1,No
2018,June,22/6/18,19.20.00,Struck pedestrian,Friday,No,Day,Other injury accident,60 km/hr,145.1321,-38.02987,Intersection,KINGSTON,Metro,2,0,1,1,0,0,0,No
2018,June,22/6/18,18.55.00,Collision with object,Thursday,No,Dark,Other injury accident,100 km/hr,145.87219,-37.56062,Non-Intersection,YARRA RANGES,Metro,1,0,1,0,0,0,0,No
2018,June,22/6/18,19.45.00,Collision with object,Friday,No,Dark,Serious injury accident,100 km/hr,148.03036,-36.25067,Non-Intersection,TOWONG,Country,4,0,1,3,3,0,0,No
2018,June,22/6/18,21.05.00,Collision with vehicle,Friday,No,Dark,Other injury accident,50 km/hr,145.27323,-37.97088,Intersection,CASEY,Metro,2,0,0,2,0,0,0,No
2018,June,22/6/18,22.10.00,Collision with vehicle,Friday,No,Dark,Other injury accident,60 km/hr,145.07215,-37.64975,Non-Intersection,WHITTLESEA,Metro,2,0,2,0,0,0,2,No
2018,June,22/6/18,14.40.00,Collision with vehicle,Friday,No,Day,Other injury accident,60 km/hr,145.10002,-38.00028,Intersection,KINGSTON,Metro,4,0,2,2,2,0,0,No
2018,June,22/6/18,16.00.00,Collision with vehicle,Friday,No,Day,Other injury accident,100 km/hr,142.26249,-37.84385,Intersection,SOUTHERN GRAMPIANS,Country,2,0,1,1,0,0,0,No
2018,June,22/6/18,22.55.00,Collision with vehicle,Friday,No,Dark,Serious injury accident,80 km/hr,144.92589,-37.82734,Non-Intersection,MELBOURNE,Metro,4,0,4,0,0,1,1,No
2018,June,22/6/18,20.43.00,Collision with object,Friday,No,Dark,Other injury accident,100 km/hr,144.56731,-37.96323,Non-Intersection,WYNDHAM,Metro,1,0,1,0,0,0,0,No
2018,June,23/6/18,15.00.00,Vehicle overturned,Saturday,No,Day,Serious injury accident,100 km/hr,146.44095,-37.97412,Non-Intersection,BAW BAW,Country,1,0,1,0,0,0,0,No
2018,June,23/6/18,17.30.00,Collision with vehicle,Saturday,No,Dark,Other injury accident,60 km/hr,144.95019,-37.30683,Intersection,MITCHELL,Country,2,0,1,1,0,0,0,No
2018,June,23/6/18,13.47.00,Collision with vehicle,Saturday,No,Day,Serious injury accident,60 km/hr,145.10594,-38.03333,Intersection,KINGSTON,Metro,4,0,2,2,1,0,0,No
2018,June,23/6/18,04.45.00,Collision with object,Saturday,No,Dark,Other injury accident,80 km/hr,145.13947,-38.01791,Non-Intersection,DANDENONG,Metro,1,0,0,1,0,0,0,Yes
2018,June,23/6/18,09.15.00,Collision with vehicle,Saturday,No,Day,Other injury accident,60 km/hr,145.07822,-38.00201,Non-Intersection,KINGSTON,Metro,1,0,0,1,0,0,0,No
2018,June,23/6/18,09.00.00,Vehicle overturned,Saturday,No,Day,Other injury accident,100 km/hr,146.38028,-36.5175,Non-Intersection,WANGARATTA,Country,1,0,1,0,0,1,0,No
2018,June,23/6/18,01.05.00,Vehicle overturned,Saturday,No,Dark,Other injury accident,100 km/hr,147.0729,-36.8592,Non-Intersection,ALPINE,Country,1,0,1,0,0,0,0,No
2018,June,23/6/18,07.59.00,Collision with vehicle,Saturday,No,Day,Other injury accident,60 km/hr,145.17903,-37.81216,Intersection,WHITEHORSE,Metro,6,0,4,2,4,0,0,No
2018,June,23/6/18,12.40.00,Collision with vehicle,Saturday,No,Day,Other injury accident,60 km/hr,144.31743,-36.75924,Non-Intersection,BENDIGO,Country,2,0,1,1,0,1,0,No
2018,June,23/6/18,12.40.00,Collision with vehicle,Saturday,No,Day,Other injury accident,40 km/hr,144.99472,-37.84397,Non-Intersection,STONNINGTON,Metro,3,0,2,1,0,0,1,No
2018,June,23/6/18,13.15.00,Collision with vehicle,Saturday,No,Day,Other injury accident,100 km/hr,145.88943,-38.1642,Intersection,BAW BAW,Country,3,0,1,2,1,0,0,No
2018,June,23/6/18,12.30.00,Collision with vehicle,Saturday,No,Day,Other injury accident,50 km/hr,144.93205,-37.70116,Intersection,MORELAND,Metro,2,0,2,0,0,0,1,No
2018,June,23/6/18,13.50.00,Collision with object,Saturday,No,Day,Other injury accident,110 km/hr,144.55622,-37.4416,Non-Intersection,MACEDON RANGES,Country,1,0,1,0,0,0,0,No
2018,June,23/6/18,14.57.00,Collision with object,Saturday,No,Day,Other injury accident,100 km/hr,145.34727,-38.13634,Non-Intersection,CASEY,Metro,1,0,0,1,0,0,0,No
2018,June,23/6/18,20.20.00,Collision with vehicle,Friday,No,Dark,Serious injury accident,50 km/hr,145.17044,-37.79328,Intersection,MANNINGHAM,Metro,2,0,1,1,0,0,0,No
2018,June,23/6/18,19.27.00,Collision with vehicle,Saturday,No,Dark,Serious injury accident,60 km/hr,145.06252,-37.80079,Intersection,BOROONDARA,Metro,3,0,3,0,1,0,0,No
2018,June,23/6/18,20.30.00,Collision with object,Saturday,No,Dark,Other injury accident,80 km/hr,145.40607,-37.81221,Non-Intersection,YARRA RANGES,Metro,5,0,2,3,4,0,0,No
2018,June,23/6/18,12.00.00,Fall from or in moving vehicle,Friday,No,Unk.,Other injury accident,80 km/hr,145.05476,-37.88341,Non-Intersection,STONNINGTON,Metro,1,0,0,0,0,0,0,No
2018,June,24/6/18,13.45.00,Collision with object,Sunday,No,Day,Other injury accident,60 km/hr,145.22322,-37.73691,Non-Intersection,MANNINGHAM,Metro,1,0,1,0,0,0,1,No
2018,June,24/6/18,14.00.00,Collision with object,Sunday,No,Day,Other injury accident,50 km/hr,145.23529,-37.18167,Non-Intersection,MURRINDINDI,Country,1,0,1,0,0,0,0,No
2018,June,24/6/18,23.30.00,Collision with object,Sunday,Yes,Dark,Other injury accident,50 km/hr,144.62061,-37.88592,Off Road,WYNDHAM,Metro,1,0,1,0,0,0,1,Yes
2018,June,24/6/18,16.43.00,Collision with object,Sunday,No,Day,Other injury accident,60 km/hr,145.41459,-38.07005,Non-Intersection,CARDINIA,Metro,1,0,1,0,0,0,0,No
2018,June,24/6/18,18.00.00,Collision with vehicle,Sunday,No,Dark,Serious injury accident,100 km/hr,143.8731,-35.68439,Non-Intersection,GANNAWARRA,Country,3,0,2,1,1,0,1,No
2018,June,24/6/18,13.00.00,Collision with vehicle,Sunday,No,Day,Other injury accident,60 km/hr,144.75077,-37.72402,Intersection,MELTON,Metro,2,0,2,0,0,0,0,No
2018,June,24/6/18,02.05.00,Collision with object,Sunday,No,Dark,Serious injury accident,70 km/hr,144.35673,-38.1888,Non-Intersection,GEELONG,Country,1,0,1,0,0,0,0,Yes
2018,June,24/6/18,06.00.00,Collision with object,Sunday,No,Dark,Other injury accident,100 km/hr,144.44136,-37.25576,Non-Intersection,MACEDON RANGES,Country,1,0,1,0,0,0,0,No
2018,June,24/6/18,05.30.00,Collision with object,Sunday,No,Dark,Other injury accident,100 km/hr,144.29453,-38.14123,Intersection,GEELONG,Country,2,0,0,2,1,0,0,No
2018,June,24/6/18,05.00.00,Collision with object,Sunday,No,Dark,Serious injury accident,100 km/hr,143.35818,-37.92521,Non-Intersection,CORANGAMITE,Country,1,0,1,0,0,0,1,Yes
2018,June,24/6/18,06.15.00,Collision with vehicle,Sunday,No,Unk.,Other injury accident,60 km/hr,144.96621,-37.8049,Intersection,MELBOURNE,Metro,2,0,1,1,0,0,0,No
2018,June,24/6/18,14.00.00,Collision with vehicle,Sunday,No,Day,Other injury accident,80 km/hr,144.75433,-37.76203,Intersection,MELTON,Metro,3,0,0,3,0,0,0,No
2018,June,24/6/18,14.15.00,Collision with vehicle,,No,Day,Serious injury accident,80 km/hr,145.23254,-37.86819,Non-Intersection,KNOX,Metro,4,0,2,2,2,0,0,No
2018,June,24/6/18,17.30.00,Collision with object,Sunday,No,Dark,Other injury accident,100 km/hr,144.17356,-36.80456,Non-Intersection,BENDIGO,Country,5,0,3,2,4,0,0,No
2018,June,24/6/18,17.25.00,Collision with vehicle,Sunday,No,Dark,Other injury accident,70 km/hr,145.15924,-37.78882,Intersection,MANNINGHAM,Metro,4,0,3,1,1,0,2,No
2018,June,24/6/18,18.50.00,Collision with vehicle,Sunday,No,Dark,Other injury accident,60 km/hr,145.22255,-37.99344,Intersection,DANDENONG,Metro,4,0,1,3,2,0,1,No
2018,June,24/6/18,18.50.00,Struck pedestrian,,No,Dark,Other injury accident,40 km/hr,144.85087,-37.66938,Non-Intersection,HUME,Metro,3,0,3,0,0,0,0,No
2018,June,24/6/18,21.34.00,Collision with vehicle,Sunday,No,Dark,Other injury accident,40 km/hr,144.96158,-37.81693,Intersection,MELBOURNE,Metro,3,0,0,2,0,0,0,No
2018,June,24/6/18,17.45.00,Collision with vehicle,Sunday,No,Dark,Other injury accident,70 km/hr,145.08337,-37.76242,Non-Intersection,MANNINGHAM,Metro,3,0,2,1,1,0,1,No