year,month,date,time,accident_type,day,hit_run,light_condition,severity,speed_zone,longitude,latitude,node_type,lga,state_div,total_persons,fatality,males,females,passengers,old_driver,young_driver,alcohol
2018,June,29/6/18,18.05.00,Vehicle overturned,Friday,No,Dark,Serious injury accident,50 km/hr,145.07777,-37.81136,Non-Intersection,BOROONDARA,Metro,1,0,1,0,0,0,0,No
2018,June,29/6/18,20.38.00,Collision with vehicle,Friday,No,Dark,Other injury accident,50 km/hr,145.12227,-37.77075,Non-Intersection,MANNINGHAM,Metro,3,0,2,1,1,0,1,No
2018,June,29/6/18,21.30.00,Collision with object,Friday,No,Dark,Serious injury accident,60 km/hr,145.01464,-37.60686,Intersection,WHITTLESEA,Metro,1,0,0,1,0,0,0,No
2018,June,29/6/18,05.45.00,Collision with vehicle,Friday,No,Dark,Serious injury accident,100 km/hr,144.77725,-37.86067,Non-Intersection,HOBSONS BAY,Metro,4,0,3,1,0,0,0,No
2018,June,29/6/18,18.13.00,Collision with vehicle,Friday,No,Dark,Other injury accident,60 km/hr,144.93382,-37.687,Non-Intersection,HUME,Metro,5,0,3,2,0,0,3,No
2018,June,29/6/18,18.55.00,Collision with object,Thursday,No,Dark,Other injury accident,100 km/hr,144.27178,-37.01782,Non-Intersection,MOUNT ALEXANDER,Country,1,0,0,1,0,0,1,No
2018,June,29/6/18,18.00.00,Struck animal,Thursday,No,Dusk/Dawn,Other injury accident,100 km/hr,148.12063,-37.59544,Non-Intersection,EAST GIPPSLAND,Country,1,0,1,0,0,0,0,No
2018,June,29/6/18,18.18.00,Struck animal,Friday,No,Unk.,Other injury accident,100 km/hr,144.22176,-36.86152,Non-Intersection,BENDIGO,Country,1,0,0,1,0,0,0,No
2018,June,30/6/18,16.40.00,Collision with vehicle,Saturday,No,Day,Other injury accident,50 km/hr,145.06948,-37.73024,Intersection,BANYULE,Metro,5,0,2,2,3,0,0,No
2018,June,30/6/18,23.05.00,Collision with vehicle,Saturday,Yes,Dark,Other injury accident,60 km/hr,145.03888,-37.9447,Non-Intersection,BAYSIDE,Metro,2,0,1,0,0,0,0,Yes
2018,June,30/6/18,21.45.00,Struck pedestrian,Saturday,No,Dark,Other injury accident,40 km/hr,144.954,-37.81911,Non-Intersection,MELBOURNE,Metro,2,0,2,0,0,0,0,No
2018,June,30/6/18,14.00.00,Collision with vehicle,Saturday,No,Day,Other injury accident,40 km/hr,145.00013,-37.76139,Non-Intersection,DAREBIN,Metro,2,0,1,1,0,0,0,No
2018,June,30/6/18,02.12.00,Struck pedestrian,Saturday,Yes,Dark,Serious injury accident,50 km/hr,145.06295,-37.84158,Intersection,BOROONDARA,Metro,2,0,2,0,0,0,1,No
2018,June,30/6/18,01.20.00,Collision with vehicle,Saturday,No,Dark,Other injury accident,60 km/hr,144.88347,-37.81282,Intersection,MARIBYRNONG,Metro,3,0,1,1,1,0,0,No
2018,June,30/6/18,08.40.00,Collision with vehicle,Saturday,No,Day,Other injury accident,70 km/hr,143.81904,-37.55569,Intersection,BALLARAT,Country,3,0,1,2,1,0,1,No
2018,June,30/6/18,08.33.00,Collision with vehicle,Saturday,No,Day,Other injury accident,50 km/hr,145.09528,-37.61645,Intersection,WHITTLESEA,Metro,1,0,0,1,0,0,1,No
2018,June,30/6/18,10.06.00,Collision with vehicle,Saturday,No,Day,Serious injury accident,60 km/hr,144.98185,-37.86369,Non-Intersection,PORT PHILLIP,Metro,2,0,2,0,0,0,0,No
2018,June,30/6/18,10.50.00,Collision with vehicle,Saturday,No,Day,Other injury accident,50 km/hr,145.08127,-37.60321,Intersection,WHITTLESEA,Metro,2,0,1,1,0,0,0,No
2018,June,30/6/18,11.20.00,Collision with vehicle,Friday,No,Day,Other injury accident,60 km/hr,144.83293,-37.75393,Intersection,BRIMBANK,Metro,4,0,2,2,1,0,1,No
2018,June,30/6/18,11.48.00,Collision with vehicle,Friday,No,Day,Other injury accident,100 km/hr,144.69536,-37.69875,Non-Intersection,MELTON,Metro,2,0,2,0,0,0,0,No
2018,June,30/6/18,12.25.00,Collision with vehicle,Saturday,No,Day,Other injury accident,50 km/hr,145.08426,-37.83815,Non-Intersection,BOROONDARA,Metro,2,0,1,1,0,1,0,No
2018,June,30/6/18,12.45.00,Collision with vehicle,Saturday,No,Day,Other injury accident,50 km/hr,145.03049,-37.83196,Intersection,BOROONDARA,Metro,3,0,1,2,1,0,0,No
2018,June,30/6/18,12.40.00,Collision with vehicle,Saturday,No,Day,Other injury accident,100 km/hr,145.2859,-36.44009,Non-Intersection,SHEPPARTON,Country,5,0,2,3,3,0,0,No
2018,June,30/6/18,13.10.00,Vehicle overturned,Friday,No,Day,Other injury accident,100 km/hr,146.42216,-36.67391,Non-Intersection,WANGARATTA,Country,3,0,0,2,2,0,0,No
2018,June,30/6/18,13.05.00,Collision with vehicle,Saturday,Yes,Day,Other injury accident,70 km/hr,144.31643,-38.19825,Non-Intersection,GEELONG,Country,5,0,2,3,1,0,0,No
2018,June,30/6/18,14.34.00,Collision with vehicle,Saturday,No,Day,Other injury accident,60 km/hr,145.00812,-37.74315,Intersection,DAREBIN,Metro,2,0,1,1,0,0,0,No
2018,June,30/6/18,10.15.00,Collision with vehicle,Saturday,No,Day,Other injury accident,50 km/hr,145.15769,-37.90486,Non-Intersection,MONASH,Metro,3,0,2,1,2,0,0,No
2018,June,30/6/18,13.45.00,Collision with vehicle,Saturday,No,Unk.,Other injury accident,80 km/hr,144.75002,-37.69256,Intersection,MELTON,Metro,2,0,1,1,0,1,1,No
2018,June,30/6/18,13.00.00,Collision with object,Saturday,No,Day,Serious injury accident,60 km/hr,148.70019,-37.32966,Non-Intersection,EAST GIPPSLAND,Country,1,0,1,0,0,0,0,No
2018,June,30/6/18,18.35.00,Collision with vehicle,Saturday,No,Dark,Other injury accident,70 km/hr,145.14296,-37.90135,Intersection,MONASH,Metro,4,0,3,1,2,0,0,No
2018,June,30/6/18,18.15.00,Collision with vehicle,Saturday,No,Dark,Other injury accident,100 km/hr,141.22348,-37.92984,Intersection,GLENELG,Country,4,0,2,2,2,0,1,No
2018,June,30/6/18,15.30.00,Collision with vehicle,Saturday,Yes,Day,Serious injury accident,60 km/hr,145.01105,-37.71205,Intersection,DAREBIN,Metro,2,0,0,1,0,0,0,No
2018,June,30/6/18,18.26.00,Collision with vehicle,Saturday,No,Dark,Other injury accident,60 km/hr,145.02758,-37.63015,Non-Intersection,WHITTLESEA,Metro,4,0,3,1,1,1,0,No
2018,June,30/6/18,19.30.00,Collision with vehicle,Saturday,No,Dark,Other injury accident,40 km/hr,144.96855,-37.81378,Intersection,MELBOURNE,Metro,2,0,1,1,0,0,1,No
2018,June,30/6/18,07.15.00,Collision with object,Saturday,No,Dusk/Dawn,Other injury accident,50 km/hr,145.50406,-37.92453,Non-Intersection,CARDINIA,Metro,1,0,1,0,0,0,0,No
2018,June,30/6/18,21.00.00,Collision with object,Saturday,No,Dark,Other injury accident,50 km/hr,143.86194,-37.55371,Intersection,BALLARAT,Country,1,0,1,0,0,0,0,No
2018,June,30/6/18,15.20.00,Collision with vehicle,Saturday,No,Day,Other injury accident,80 km/hr,144.71406,-37.59498,Intersection,HUME,Metro,5,0,3,2,3,0,0,No
2018,June,30/6/18,22.10.00,Collision with object,Saturday,No,Dark,Other injury accident,80 km/hr,145.1765,-37.92064,Non-Intersection,MONASH,Metro,1,0,1,0,0,1,0,No
2018,July,1/7/18,12.10.00,Collision with vehicle,Sunday,No,Day,Other injury accident,70 km/hr,145.01825,-37.86201,Non-Intersection,STONNINGTON,Metro,3,0,1,1,1,0,0,No
2018,July,1/7/18,21.38.00,Struck animal,Sunday,No,Dark,Serious injury accident,100 km/hr,146.42214,-38.26389,Non-Intersection,LATROBE,Country,1,0,0,1,0,0,1,No
2018,July,1/7/18,19.20.00,Struck animal,Sunday,No,Dark,Other injury accident,80 km/hr,144.97341,-37.28863,Non-Intersection,MITCHELL,Country,1,0,0,1,0,0,0,No
2018,July,1/7/18,00.30.00,Collision with vehicle,,No,Dark,Other injury accident,50 km/hr,145.13732,-37.93885,Non-Intersection,KINGSTON,Metro,2,0,2,0,1,0,0,No
2018,July,1/7/18,15.10.00,Collision with object,Sunday,No,Day,Serious injury accident,40 km/hr,144.82233,-38.37275,Non-Intersection,MORNINGTON PENINSULA,Metro,1,0,0,1,0,0,0,Yes
2018,July,1/7/18,14.34.00,Collision with vehicle,,No,Day,Serious injury accident,50 km/hr,145.0496,-37.74672,Non-Intersection,BANYULE,Metro,1,0,0,1,0,1,0,No
2018,July,1/7/18,09.00.00,Vehicle overturned,Sunday,No,Day,Other injury accident,100 km/hr,144.28716,-37.36664,Non-Intersection,HEPBURN,Country,1,0,1,0,0,0,0,No
2018,July,1/7/18,19.30.00,Collision with vehicle,Sunday,No,Dark,Other injury accident,50 km/hr,145.21158,-37.95568,Intersection,DANDENONG,Metro,4,0,3,1,2,0,1,No
2018,July,1/7/18,22.05.00,Collision with object,Sunday,No,Dark,Other injury accident,50 km/hr,145.25402,-37.85639,Non-Intersection,KNOX,Metro,1,0,1,0,0,0,0,No
2018,July,1/7/18,22.09.00,Collision with vehicle,Sunday,No,Dark,Other injury accident,50 km/hr,145.03871,-37.97909,Non-Intersection,BAYSIDE,Metro,1,0,0,1,0,0,0,Yes
2018,July,1/7/18,21.50.00,Struck pedestrian,Sunday,No,Dark,Other injury accident,50 km/hr,144.97095,-37.86204,Non-Intersection,PORT PHILLIP,Metro,2,0,1,1,0,0,0,No
2018,July,1/7/18,18.28.00,Struck pedestrian,Sunday,No,Dark,Other injury accident,60 km/hr,145.02482,-37.88726,Intersection,GLEN EIRA,Metro,2,0,1,1,0,0,0,No
2018,July,1/7/18,15.46.00,Collision with vehicle,,No,Day,Serious injury accident,50 km/hr,144.99163,-37.72892,Intersection,DAREBIN,Metro,2,0,2,0,0,1,0,No
2018,July,1/7/18,02.10.00,Collision with vehicle,Sunday,No,Dark,Serious injury accident,70 km/hr,144.77614,-37.76148,Non-Intersection,BRIMBANK,Metro,2,0,0,2,1,0,0,No
2018,July,1/7/18,07.30.00,Collision with object,Sunday,No,Day,Other injury accident,60 km/hr,145.18407,-37.98313,Intersection,DANDENONG,Metro,1,0,1,0,0,0,1,Yes
2018,July,1/7/18,01.50.00,Collision with object,,No,Dark,Serious injury accident,40 km/hr,141.52056,-37.65824,Non-Intersection,GLENELG,Country,2,0,2,0,1,0,1,Yes
2018,July,1/7/18,08.26.00,Collision with object,Sunday,No,Day,Serious injury accident,100 km/hr,143.96107,-36.2493,Non-Intersection,LODDON,Country,1,0,0,1,0,0,0,No
2018,July,1/7/18,08.15.00,Collision with vehicle,Sunday,No,Day,Other injury accident,60 km/hr,144.9062,-37.79509,Non-Intersection,MARIBYRNONG,Metro,2,0,1,1,0,0,0,Yes
2018,July,1/7/18,07.40.00,Collision with object,,No,Day,Other injury accident,100 km/hr,143.18968,-38.57417,Non-Intersection,CORANGAMITE,Country,2,0,0,2,1,0,1,No
2018,July,1/7/18,11.20.00,Collision with vehicle,Sunday,No,Day,Other injury accident,60 km/hr,144.98332,-37.85746,Non-Intersection,PORT PHILLIP,Metro,2,0,2,0,0,0,0,No
2018,July,1/7/18,11.58.00,Collision with vehicle,Sunday,No,Day,Other injury accident,50 km/hr,143.58725,-38.34641,Non-Intersection,COLAC OTWAY,Country,1,0,1,0,0,1,0,No
2018,July,1/7/18,10.30.00,Collision with vehicle,,No,Day,Serious injury accident,50 km/hr,144.94298,-37.72691,Intersection,MORELAND,Metro,2,0,1,1,0,0,0,No
2018,July,1/7/18,01.16.00,Collision with object,Sunday,No,Dark,Serious injury accident,50 km/hr,144.69412,-37.58719,Non-Intersection,HUME,Metro,1,0,1,0,0,0,0,Yes
2018,July,1/7/18,14.10.00,Collision with vehicle,Sunday,No,Day,Other injury accident,60 km/hr,145.1109,-37.8383,Non-Intersection,WHITEHORSE,Metro,3,0,2,1,1,1,0,No
2018,July,1/7/18,14.18.00,Collision with vehicle,Sunday,No,Day,Serious injury accident,50 km/hr,144.9179,-37.64279,Intersection,HUME,Metro,3,0,3,0,1,0,0,No
2018,July,1/7/18,14.30.00,Collision with object,Sunday,No,Day,Other injury accident,80 km/hr,142.7471,-37.30502,Non-Intersection,ARARAT,Country,1,0,1,0,0,1,0,No
2018,July,1/7/18,15.50.00,Collision with object,Sunday,No,Day,Serious injury accident,100 km/hr,146.15931,-36.63023,Non-Intersection,BENALLA,Country,2,0,1,1,1,0,0,No
2018,July,1/7/18,16.45.00,Collision with vehicle,Sunday,No,Dusk/Dawn,Other injury accident,80 km/hr,145.11347,-37.6895,Intersection,NILLUMBIK,Metro,2,0,2,0,0,0,0,No
2018,July,1/7/18,16.00.00,Collision with vehicle,,No,Day,Other injury accident,100 km/hr,146.20795,-38.41105,Non-Intersection,SOUTH GIPPSLAND,Country,6,0,3,3,4,0,0,No
2018,July,1/7/18,17.40.00,Vehicle overturned,Sunday,No,Dusk/Dawn,Other injury accident,70 km/hr,145.26729,-37.83276,Non-Intersection,MAROONDAH,Metro,1,0,0,1,0,0,0,No
2018,July,1/7/18,16.30.00,Collision with object,,No,Day,Other injury accident,60 km/hr,145.14696,-37.6651,Non-Intersection,NILLUMBIK,Metro,1,0,1,0,0,0,0,No
2018,July,1/7/18,18.00.00,Collision with vehicle,Sunday,No,Dark,Other injury accident,60 km/hr,144.91531,-37.69426,Intersection,HUME,Metro,2,0,1,1,0,0,0,No
2018,July,1/7/18,15.00.00,Collision with object,Sunday,No,Day,Other injury accident,80 km/hr,145.08761,-37.45671,Off Road,WHITTLESEA,Metro,1,0,1,0,0,0,0,No
2018,July,2/7/18,15.00.00,Collision with vehicle,Monday,No,Day,Other injury accident,70 km/hr,144.99738,-37.74481,Non-Intersection,DAREBIN,Metro,2,0,1,1,0,0,0,No
2018,July,2/7/18,18.15.00,Struck pedestrian,Monday,No,Day,Other injury accident,60 km/hr,144.74162,-37.73098,Intersection,MELTON,Metro,2,0,0,2,0,0,0,No
2018,July,2/7/18,07.00.00,Struck pedestrian,Monday,No,Dark,Other injury accident,50 km/hr,144.35705,-38.1447,Non-Intersection,GEELONG,Country,2,0,2,0,0,0,0,No
2018,July,2/7/18,06.35.00,Collision with object,Sunday,No,Dusk/Dawn,Other injury accident,100 km/hr,142.9681,-37.04185,Off Road,NORTHERN GRAMPIANS,Country,2,0,2,0,1,0,0,No
2018,July,2/7/18,06.05.00,Collision with vehicle,Monday,No,Dark,Other injury accident,60 km/hr,144.96962,-37.79239,Non-Intersection,MELBOURNE,Metro,3,0,3,0,0,0,0,No
2018,July,2/7/18,07.00.00,Collision with vehicle,Monday,No,Dark,Other injury accident,40 km/hr,144.98071,-37.79858,Intersection,YARRA RANGES,Metro,2,0,0,2,0,0,0,No
2018,July,2/7/18,11.30.00,Collision with vehicle,Monday,No,Day,Other injury accident,80 km/hr,143.8444,-37.51841,Non-Intersection,BALLARAT,Country,7,0,4,3,5,0,1,No
2018,July,2/7/18,10.55.00,Collision with vehicle,Monday,No,Day,Other injury accident,60 km/hr,145.41992,-37.92645,Non-Intersection,CARDINIA,Metro,3,0,2,1,1,0,0,No
2018,July,2/7/18,09.26.00,Collision with vehicle,Monday,No,Day,Serious injury accident,60 km/hr,144.89239,-37.80326,Intersection,MARIBYRNONG,Metro,2,0,2,0,0,0,0,No
2018,July,2/7/18,06.40.00,Struck pedestrian,Monday,No,Dark,Serious injury accident,60 km/hr,145.2449,-37.82988,Intersection,MAROONDAH,Metro,2,0,2,0,0,0,0,No
2018,July,2/7/18,13.15.00,Collision with vehicle,Monday,No,Day,Serious injury accident,80 km/hr,145.30555,-38.03467,Intersection,CASEY,Metro,7,0,2,5,4,0,1,No
2018,July,2/7/18,13.39.00,Fall from or in moving vehicle,Sunday,No,Day,Serious injury accident,60 km/hr,145.14185,-37.80197,Non-Intersection,WHITEHORSE,Metro,1,0,1,0,0,0,0,No
2018,July,2/7/18,14.43.00,Collision with vehicle,Monday,No,Day,Serious injury accident,60 km/hr,144.99224,-37.87625,Intersection,PORT PHILLIP,Metro,2,0,1,1,0,0,0,No
2018,July,2/7/18,15.30.00,Collision with vehicle,Monday,No,Day,Other injury accident,80 km/hr,145.15201,-37.85252,Intersection,WHITEHORSE,Metro,2,0,1,1,0,0,1,No
2018,July,2/7/18,17.45.00,Collision with vehicle,Monday,No,Dark,Other injury accident,50 km/hr,144.89239,-37.80326,Intersection,MARIBYRNONG,Metro,2,0,2,0,0,0,1,No
2018,July,2/7/18,16.29.00,Collision with vehicle,Monday,No,Day,Other injury accident,60 km/hr,145.08316,-37.7626,Non-Intersection,MANNINGHAM,Metro,2,0,2,0,0,1,1,No
2018,July,2/7/18,15.35.00,Collision with object,Monday,No,Day,Other injury accident,80 km/hr,145.23368,-38.23871,Intersection,MORNINGTON PENINSULA,Metro,2,0,0,2,1,0,1,No
2018,July,2/7/18,16.30.00,Collision with vehicle,Monday,No,Day,Other injury accident,80 km/hr,144.2592,-38.08316,Intersection,GOLDEN PLAINS,Country,4,0,2,2,2,0,0,No
2018,July,2/7/18,16.00.00,Collision with vehicle,Monday,No,Day,Other injury accident,60 km/hr,143.84063,-37.56432,Intersection,BALLARAT,Country,2,0,0,2,0,1,0,No
2018,July,2/7/18,18.17.00,Collision with vehicle,Monday,No,Dark,Other injury accident,60 km/hr,145.04285,-37.84985,Intersection,STONNINGTON,Metro,2,0,2,0,0,0,1,No
2018,July,2/7/18,16.22.00,Collision with vehicle,Monday,No,Day,Other injury accident,50 km/hr,144.92994,-37.69205,Intersection,HUME,Metro,2,0,1,1,0,0,0,No
2018,July,2/7/18,18.35.00,Collision with vehicle,Monday,No,Dark,Other injury accident,60 km/hr,144.94089,-37.73177,Intersection,MORELAND,Metro,2,0,2,0,0,0,0,No
2018,July,2/7/18,06.00.00,Collision with vehicle,Monday,No,Dusk/Dawn,Other injury accident,60 km/hr,145.16821,-37.67226,Non-Intersection,NILLUMBIK,Metro,2,0,1,1,0,0,0,No
2018,July,2/7/18,21.45.00,Collision with vehicle,Monday,Yes,Dark,Serious injury accident,70 km/hr,145.29145,-37.7999,Intersection,MAROONDAH,Metro,2,0,1,1,0,0,0,No
2018,July,3/7/18,08.00.00,No collision and no object struck,Tuesday,No,Day,Other injury accident,50 km/hr,145.03588,-37.80495,Intersection,BOROONDARA,Metro,1,0,1,0,0,0,0,No
2018,July,3/7/18,16.30.00,Collision with vehicle,Tuesday,No,Day,Other injury accident,60 km/hr,144.97041,-37.83485,Non-Intersection,PORT PHILLIP,Metro,4,0,1,3,2,0,1,No
2018,July,3/7/18,14.45.00,Collision with vehicle,Tuesday,No,Day,Other injury accident,60 km/hr,144.98888,-37.83167,Intersection,STONNINGTON,Metro,2,0,2,0,0,0,0,No
2018,July,3/7/18,15.30.00,Collision with vehicle,Tuesday,No,Day,Other injury accident,70 km/hr,145.0797,-37.93858,Intersection,GLEN EIRA,Metro,2,0,1,1,0,0,0,No
2018,July,3/7/18,02.30.00,Collision with object,Tuesday,No,Dark,Serious injury accident,70 km/hr,144.72973,-37.89189,Non-Intersection,WYNDHAM,Metro,1,0,0,1,0,0,0,No
2018,July,3/7/18,01.35.00,Collision with object,Tuesday,No,Dark,Serious injury accident,110 km/hr,145.07003,-37.17907,Non-Intersection,MITCHELL,Country,1,0,1,0,0,0,0,Yes
2018,July,3/7/18,07.00.00,Vehicle overturned,Tuesday,No,Dusk/Dawn,Other injury accident,60 km/hr,146.90547,-36.12791,Non-Intersection,WODONGA,Country,1,0,1,0,0,0,0,No
2018,July,3/7/18,06.45.00,Collision with vehicle,Tuesday,No,Dark,Other injury accident,80 km/hr,145.26538,-38.00525,Intersection,CASEY,Metro,2,0,1,1,0,0,0,No
2018,July,3/7/18,12.15.00,Collision with object,Tuesday,No,Day,Serious injury accident,50 km/hr,145.79314,-38.67262,Non-Intersection,SOUTH GIPPSLAND,Country,2,0,0,2,1,1,0,No
2018,July,3/7/18,12.30.00,Collision with vehicle,Tuesday,No,Day,Other injury accident,60 km/hr,144.34725,-38.15987,Non-Intersection,GEELONG,Country,2,0,0,2,0,1,0,No
2018,July,3/7/18,16.14.00,Vehicle overturned,Tuesday,No,Day,Other injury accident,50 km/hr,145.12124,-37.71626,Off Road,BANYULE,Metro,2,0,1,1,0,0,0,No
2018,July,3/7/18,06.20.00,Collision with vehicle,Tuesday,No,Day,Other injury accident,50 km/hr,145.13505,-37.73118,Non-Intersection,BANYULE,Metro,2,0,0,2,0,0,1,No
2018,July,3/7/18,17.30.00,Collision with vehicle,Tuesday,No,Dark,Other injury accident,50 km/hr,144.99843,-37.77218,Non-Intersection,DAREBIN,Metro,3,0,2,1,1,0,0,No
2018,July,3/7/18,18.42.00,Collision with vehicle,Tuesday,No,Dark,Other injury accident,60 km/hr,145.03847,-37.64574,Non-Intersection,WHITTLESEA,Metro,5,0,3,2,2,0,1,No
2018,July,3/7/18,15.19.00,Collision with vehicle,Tuesday,No,Day,Serious injury accident,60 km/hr,143.87176,-37.61314,Intersection,BALLARAT,Country,2,0,2,0,0,0,0,No
2018,July,3/7/18,15.20.00,Collision with vehicle,Tuesday,Yes,Day,Other injury accident,50 km/hr,143.83937,-37.55788,Non-Intersection,BALLARAT,Country,3,0,1,1,1,0,0,No
2018,July,3/7/18,10.40.00,Collision with vehicle,Tuesday,No,Unk.,Other injury accident,40 km/hr,144.8046,-37.83568,Non-Intersection,HOBSONS BAY,Metro,2,0,1,1,0,0,1,No
2018,July,3/7/18,21.47.00,Collision with object,Tuesday,No,Dark,Other injury accident,60 km/hr,144.81865,-37.80147,Non-Intersection,BRIMBANK,Metro,2,0,2,0,1,0,0,No
2018,July,3/7/18,23.00.00,Collision with object,Tuesday,No,Dark,Other injury accident,60 km/hr,144.65014,-37.85099,Non-Intersection,WYNDHAM,Metro,1,0,1,0,0,0,1,No
2018,July,3/7/18,07.00.00,Collision with vehicle,Tuesday,No,Dusk/Dawn,Other injury accident,60 km/hr,144.74858,-37.5867,Non-Intersection,HUME,Metro,2,0,1,1,0,0,0,No
2018,July,4/7/18,04.43.00,Collision with vehicle,Wednesday,No,Dark,Other injury accident,40 km/hr,144.95392,-37.81247,Intersection,MELBOURNE,Metro,4,0,4,0,1,0,1,No
2018,July,4/7/18,05.00.00,Collision with vehicle,Wednesday,No,Dark,Other injury accident,60 km/hr,145.11462,-38.04957,Non-Intersection,KINGSTON,Metro,5,0,5,0,0,0,0,No
2018,July,4/7/18,07.16.00,Collision with vehicle,Tuesday,No,Day,Other injury accident,80 km/hr,145.01598,-37.91412,Non-Intersection,BAYSIDE,Metro,2,0,1,1,0,0,0,No
2018,July,4/7/18,07.50.00,Collision with object,Tuesday,No,Day,Other injury accident,80 km/hr,145.93808,-38.18263,Non-Intersection,BAW BAW,Country,1,0,0,0,0,0,0,No
2018,July,4/7/18,08.04.00,Collision with vehicle,Wednesday,No,Day,Other injury accident,60 km/hr,145.10594,-37.82693,Intersection,WHITEHORSE,Metro,2,0,0,2,0,0,0,No
2018,July,4/7/18,07.30.00,Collision with vehicle,Wednesday,No,Day,Other injury accident,80 km/hr,145.18925,-37.80405,Intersection,MANNINGHAM,Metro,2,0,2,0,0,0,0,No
2018,July,4/7/18,11.50.00,Struck pedestrian,Wednesday,Not known,Day,Other injury accident,60 km/hr,145.06244,-37.80123,Non-Intersection,BOROONDARA,Metro,3,0,1,1,0,0,0,No
2018,July,4/7/18,09.44.00,Fall from or in moving vehicle,Tuesday,No,Day,Serious injury accident,50 km/hr,144.70313,-37.84952,Non-Intersection,WYNDHAM,Metro,1,0,1,0,0,1,0,No
2018,July,4/7/18,09.05.00,Collision with vehicle,Wednesday,No,Day,Serious injury accident,60 km/hr,144.83042,-37.76799,Intersection,BRIMBANK,Metro,4,0,0,3,1,0,0,No
2018,July,4/7/18,13.35.00,Collision with vehicle,Wednesday,No,Day,Serious injury accident,50 km/hr,145.22681,-37.81514,Non-Intersection,MAROONDAH,Metro,2,0,2,0,0,0,0,No
2018,July,4/7/18,14.20.00,Collision with vehicle,Wednesday,No,Day,Other injury accident,60 km/hr,145.01059,-37.94498,Intersection,BAYSIDE,Metro,2,0,1,1,0,0,0,No
2018,July,4/7/18,14.00.00,Collision with vehicle,Wednesday,No,Day,Other injury accident,60 km/hr,145.01961,-37.64971,Non-Intersection,WHITTLESEA,Metro,2,0,1,1,0,0,0,No
2018,July,4/7/18,13.22.00,Collision with vehicle,Wednesday,No,Day,Other injury accident,60 km/hr,144.90732,-37.75599,Intersection,MOONEE VALLEY,Metro,4,0,1,3,2,0,0,No
2018,July,4/7/18,15.50.00,Collision with vehicle,Wednesday,No,Day,Other injury accident,60 km/hr,146.28565,-38.18734,Intersection,LATROBE,Country,2,0,2,0,0,0,0,No
2018,July,4/7/18,15.45.00,Collision with vehicle,Wednesday,No,Day,Other injury accident,80 km/hr,145.89333,-38.14431,Intersection,BAW BAW,Country,4,0,1,3,2,0,0,No
2018,July,4/7/18,12.00.00,Collision with vehicle,Wednesday,No,Day,Serious injury accident,80 km/hr,145.16598,-37.94152,Intersection,DANDENONG,Metro,3,0,2,1,1,0,0,No
2018,July,4/7/18,14.40.00,Collision with vehicle,Wednesday,No,Day,Other injury accident,80 km/hr,145.28768,-37.82361,Intersection,MAROONDAH,Metro,6,0,1,5,4,0,0,No
2018,July,4/7/18,16.30.00,Collision with vehicle,Wednesday,No,Day,Other injury accident,50 km/hr,145.00072,-37.79318,Off Road,YARRA RANGES,Metro,2,0,0,2,0,0,0,No
2018,July,4/7/18,14.38.00,Collision with object,Wednesday,No,Day,Other injury accident,40 km/hr,144.92887,-37.73364,Intersection,MORELAND,Metro,1,0,1,0,0,0,0,No
2018,July,4/7/18,16.18.00,Struck pedestrian,Wednesday,No,Day,Other injury accident,60 km/hr,144.97741,-37.84134,Intersection,MELBOURNE,Metro,2,0,0,1,0,0,0,No
2018,July,4/7/18,17.45.00,Collision with vehicle,Wednesday,No,Dusk/Dawn,Other injury accident,70 km/hr,145.26881,-38.02831,Intersection,CASEY,Metro,2,0,2,0,0,0,0,No
2018,July,4/7/18,17.10.00,Collision with vehicle,Wednesday,No,Day,Other injury accident,80 km/hr,145.12571,-38.02321,Non-Intersection,KINGSTON,Metro,4,0,2,2,0,0,0,No
2018,July,4/7/18,17.53.00,Collision with vehicle,Wednesday,No,Dark,Other injury accident,100 km/hr,145.33519,-38.0419,Non-Intersection,CASEY,Metro,4,0,2,2,1,0,2,No
2018,July,4/7/18,20.10.00,Collision with vehicle,Wednesday,No,Dark,Serious injury accident,60 km/hr,146.28864,-38.18587,Intersection,LATROBE,Country,6,0,3,3,4,0,1,No
2018,July,4/7/18,18.25.00,Collision with vehicle,Wednesday,No,Dark,Other injury accident,80 km/hr,144.85513,-37.73156,Non-Intersection,BRIMBANK,Metro,6,0,4,2,3,0,0,No
2018,July,4/7/18,17.26.00,Struck pedestrian,Wednesday,No,Dusk/Dawn,Other injury accident,50 km/hr,144.82534,-38.37074,Non-Intersection,MORNINGTON PENINSULA,Metro,2,0,1,1,0,0,0,No
2018,July,4/7/18,15.15.00,Collision with vehicle,Tuesday,No,Day,Other injury accident,100 km/hr,145.02126,-37.79143,Non-Intersection,BOROONDARA,Metro,2,0,2,0,0,0,0,No
2018,July,4/7/18,14.30.00,No collision and no object struck,Wednesday,No,Day,Other injury accident,60 km/hr,144.35306,-38.14512,Intersection,GEELONG,Country,1,0,1,0,0,0,0,Yes
2018,July,5/7/18,17.00.00,Collision with vehicle,Thursday,No,Dusk/Dawn,Other injury accident,100 km/hr,144.84431,-37.7237,Non-Intersection,BRIMBANK,Metro,2,0,0,2,0,0,0,No
2018,July,5/7/18,13.40.00,Collision with vehicle,Thursday,No,Day,Other injury accident,50 km/hr,143.84087,-37.58226,Intersection,BALLARAT,Country,1,0,1,0,0,0,0,No
2018,July,5/7/18,04.45.00,Collision with vehicle,Thursday,No,Dark,Serious injury accident,60 km/hr,145.30623,-38.08592,Non-Intersection,CASEY,Metro,2,0,2,0,0,0,1,No
2018,July,5/7/18,07.00.00,Collision with vehicle,Thursday,No,Dark,Other injury accident,100 km/hr,144.31101,-38.19411,Non-Intersection,GEELONG,Country,3,0,3,0,1,0,1,No