year,month,date,time,accident_type,day,hit_run,light_condition,severity,speed_zone,longitude,latitude,node_type,lga,state_div,total_persons,fatality,males,females,passengers,old_driver,young_driver,alcohol
2018,July,5/7/18,06.20.00,Struck pedestrian,Thursday,No,Dark,Serious injury accident,60 km/hr,145.02511,-37.77901,Intersection,DAREBIN,Metro,2,0,2,0,0,0,1,No
2018,July,5/7/18,07.11.00,Struck pedestrian,Thursday,No,Dark,Serious injury accident,60 km/hr,145.08275,-37.95386,Non-Intersection,KINGSTON,Metro,2,0,2,0,0,0,0,No
2018,July,5/7/18,09.47.00,Collision with vehicle,Thursday,No,Day,Other injury accident,40 km/hr,145.00267,-37.81892,Non-Intersection,YARRA RANGES,Metro,2,0,1,1,0,0,0,No
2018,July,5/7/18,04.00.00,Collision with object,Wednesday,No,Dark,Other injury accident,80 km/hr,145.54198,-37.36492,Non-Intersection,MURRINDINDI,Country,1,0,1,0,0,0,1,No
2018,July,5/7/18,09.24.00,Collision with vehicle,Thursday,No,Day,Other injury accident,60 km/hr,142.29029,-37.87787,Intersection,SOUTHERN GRAMPIANS,Country,2,0,1,1,0,0,0,No
2018,July,5/7/18,12.24.00,Collision with object,Thursday,No,Day,Serious injury accident,70 km/hr,145.15416,-37.94186,Non-Intersection,DANDENONG,Metro,2,0,2,0,1,0,1,No
2018,July,5/7/18,14.00.00,Collision with vehicle,Thursday,No,Day,Other injury accident,50 km/hr,147.61881,-37.82733,Intersection,EAST GIPPSLAND,Country,2,0,1,1,0,2,0,No
2018,July,5/7/18,13.58.00,Collision with vehicle,Thursday,No,Day,Other injury accident,100 km/hr,142.11048,-34.21982,Intersection,MILDURA,Country,2,0,0,2,0,0,1,No
2018,July,5/7/18,17.13.00,Collision with vehicle,Thursday,No,Dusk/Dawn,Serious injury accident,80 km/hr,145.2734,-37.78753,Intersection,MAROONDAH,Metro,2,0,1,1,0,0,1,No
2018,July,5/7/18,16.50.00,Struck pedestrian,Thursday,No,Day,Other injury accident,50 km/hr,144.20873,-37.05848,Non-Intersection,MOUNT ALEXANDER,Country,1,0,1,0,0,0,0,No
2018,July,5/7/18,12.57.00,Collision with vehicle,Thursday,No,Day,Fatal accident,110 km/hr,143.2187,-37.37993,Non-Intersection,ARARAT,Country,2,1,2,0,0,0,0,No
2018,July,5/7/18,17.45.00,Struck animal,Thursday,No,Dark,Serious injury accident,100 km/hr,146.2566,-38.3843,Non-Intersection,LATROBE,Country,1,0,1,0,0,0,0,No
2018,July,5/7/18,16.25.00,Struck pedestrian,Thursday,No,Day,Other injury accident,60 km/hr,145.03302,-37.83547,Non-Intersection,BOROONDARA,Metro,2,0,1,1,0,0,1,No
2018,July,5/7/18,17.15.00,Collision with vehicle,Wednesday,No,Dusk/Dawn,Other injury accident,80 km/hr,145.25008,-38.03949,Non-Intersection,CASEY,Metro,2,0,2,0,0,0,0,No
2018,July,5/7/18,16.39.00,Collision with vehicle,Thursday,No,Day,Other injury accident,50 km/hr,144.88815,-37.71665,Intersection,MOONEE VALLEY,Metro,2,0,1,1,0,0,1,No
2018,July,5/7/18,19.35.00,Collision with vehicle,Thursday,No,Dark,Other injury accident,50 km/hr,141.60383,-38.34423,Intersection,GLENELG,Country,5,0,1,4,3,0,0,No
2018,July,5/7/18,12.00.00,Collision with object,Thursday,No,Day,Other injury accident,100 km/hr,145.15762,-37.16172,Non-Intersection,MITCHELL,Country,3,0,2,1,2,0,0,No
2018,July,5/7/18,18.49.00,Collision with vehicle,Thursday,No,Dark,Serious injury accident,70 km/hr,145.31599,-38.05705,Intersection,CASEY,Metro,2,0,1,1,0,0,0,No
2018,July,5/7/18,23.15.00,Collision with object,Thursday,No,Dark,Other injury accident,80 km/hr,145.16708,-38.31792,Intersection,MORNINGTON PENINSULA,Metro,1,0,0,1,0,0,1,No
2018,July,5/7/18,17.45.00,Collision with vehicle,Thursday,No,Dark,Other injury accident,60 km/hr,144.78134,-37.84406,Non-Intersection,WYNDHAM,Metro,2,0,2,0,0,0,0,No
2018,July,5/7/18,03.30.00,Collision with object,Thursday,No,Dark,Serious injury accident,60 km/hr,145.33172,-37.77496,Non-Intersection,YARRA RANGES,Metro,2,0,1,1,1,0,0,No
2018,July,5/7/18,16.35.00,Collision with vehicle,Thursday,No,Day,Other injury accident,60 km/hr,144.66843,-37.85261,Intersection,WYNDHAM,Metro,2,0,1,1,0,0,0,No
2018,July,5/7/18,18.00.00,Collision with vehicle,Wednesday,No,Dark,Other injury accident,80 km/hr,145.04762,-37.84922,Non-Intersection,STONNINGTON,Metro,2,0,2,0,0,0,0,No
2018,July,6/7/18,17.00.00,Struck pedestrian,Friday,No,Dusk/Dawn,Serious injury accident,60 km/hr,147.16618,-36.74234,Non-Intersection,ALPINE,Country,2,0,2,0,0,0,0,No
2018,July,6/7/18,04.13.00,Collision with vehicle,Thursday,No,Dark,Other injury accident,70 km/hr,145.01789,-37.86185,Non-Intersection,STONNINGTON,Metro,1,0,0,1,0,0,0,No
2018,July,6/7/18,06.50.00,Collision with vehicle,Thursday,No,Dark,Other injury accident,100 km/hr,145.5698,-35.92548,Non-Intersection,MOIRA,Country,2,0,1,1,0,0,1,No
2018,July,6/7/18,07.01.00,Collision with vehicle,Friday,No,Dark,Other injury accident,60 km/hr,144.98777,-37.86897,Non-Intersection,PORT PHILLIP,Metro,4,0,2,2,2,0,0,No
2018,July,6/7/18,08.55.00,Vehicle overturned,Friday,No,Day,Other injury accident,40 km/hr,144.96461,-37.7527,Non-Intersection,MORELAND,Metro,1,0,0,1,0,0,0,No
2018,July,6/7/18,09.13.00,Collision with vehicle,Friday,No,Day,Other injury accident,60 km/hr,144.35145,-38.10607,Intersection,GEELONG,Country,2,0,2,0,0,0,0,No
2018,July,6/7/18,08.59.00,Collision with vehicle,Friday,No,Day,Serious injury accident,50 km/hr,144.9444,-37.7468,Non-Intersection,MORELAND,Metro,3,0,1,2,0,0,0,No
2018,July,6/7/18,10.00.00,Collision with vehicle,Friday,No,Day,Other injury accident,60 km/hr,144.97826,-37.85076,Intersection,PORT PHILLIP,Metro,3,0,2,1,1,0,1,No
2018,July,6/7/18,11.00.00,Struck pedestrian,Friday,No,Day,Serious injury accident,40 km/hr,144.99611,-37.79393,Intersection,YARRA RANGES,Metro,3,0,1,1,1,0,0,No
2018,July,6/7/18,06.53.00,Collision with vehicle,Friday,No,Dark,Other injury accident,60 km/hr,144.65136,-37.84477,Intersection,WYNDHAM,Metro,2,0,1,1,0,0,0,No
2018,July,6/7/18,11.25.00,Collision with vehicle,Friday,No,Day,Other injury accident,40 km/hr,144.96188,-37.7685,Non-Intersection,MORELAND,Metro,4,0,1,3,2,0,0,No
2018,July,6/7/18,08.34.00,Collision with object,Friday,No,Day,Other injury accident,40 km/hr,145.04244,-37.85326,Non-Intersection,STONNINGTON,Metro,1,0,1,0,0,0,0,No
2018,July,6/7/18,10.19.00,Collision with vehicle,Friday,No,Day,Other injury accident,60 km/hr,144.86541,-37.78135,Intersection,MARIBYRNONG,Metro,2,0,1,1,0,1,0,No
2018,July,6/7/18,07.00.00,Struck pedestrian,Friday,No,Day,Other injury accident,60 km/hr,145.14758,-37.8765,Intersection,MONASH,Metro,2,0,0,2,0,0,0,No
2018,July,6/7/18,14.21.00,Collision with vehicle,Friday,No,Day,Other injury accident,50 km/hr,145.05459,-37.76194,Intersection,BANYULE,Metro,2,0,0,2,0,0,0,No
2018,July,6/7/18,12.15.00,Collision with object,Friday,No,Day,Other injury accident,100 km/hr,146.36969,-38.01485,Non-Intersection,BAW BAW,Country,1,0,1,0,0,0,0,No
2018,July,6/7/18,14.35.00,Collision with vehicle,Friday,No,Day,Other injury accident,50 km/hr,144.59079,-37.49,Intersection,MACEDON RANGES,Country,2,0,0,2,0,0,0,No
2018,July,6/7/18,12.50.00,Collision with object,Friday,No,Day,Serious injury accident,80 km/hr,144.62129,-37.56234,Non-Intersection,MELTON,Metro,1,0,0,1,0,0,0,No
2018,July,6/7/18,17.15.00,Collision with vehicle,Friday,No,Day,Other injury accident,60 km/hr,145.07514,-37.9033,Intersection,GLEN EIRA,Metro,2,0,2,0,0,0,0,No
2018,July,6/7/18,16.00.00,Collision with vehicle,Friday,No,Day,Serious injury accident,50 km/hr,144.994,-37.62212,Non-Intersection,WHITTLESEA,Metro,3,0,1,2,1,0,0,No
2018,July,6/7/18,18.40.00,Collision with vehicle,Friday,No,Dark,Serious injury accident,70 km/hr,145.27837,-38.0084,Non-Intersection,CASEY,Metro,3,0,1,0,1,0,0,No
2018,July,6/7/18,17.43.00,Collision with vehicle,Thursday,No,Dark,Other injury accident,80 km/hr,145.28824,-38.01336,Intersection,CASEY,Metro,5,0,3,2,2,0,1,No
2018,July,6/7/18,17.20.00,Collision with object,Friday,No,Day,Serious injury accident,100 km/hr,143.90371,-38.26524,Non-Intersection,SURF COAST,Country,1,0,1,0,0,0,0,Yes
2018,July,6/7/18,19.10.00,Collision with vehicle,Friday,No,Dark,Other injury accident,60 km/hr,144.56813,-38.17515,Non-Intersection,GEELONG,Country,8,0,3,2,6,0,0,No
2018,July,6/7/18,14.05.00,Collision with vehicle,Friday,No,Day,Other injury accident,50 km/hr,144.96412,-37.75546,Intersection,MORELAND,Metro,3,0,2,1,1,1,0,No
2018,July,6/7/18,16.15.00,Collision with vehicle,Thursday,No,Day,Serious injury accident,50 km/hr,145.01818,-37.7231,Intersection,DAREBIN,Metro,2,0,0,2,0,0,0,No
2018,July,6/7/18,21.25.00,Collision with vehicle,Friday,Yes,Dark,Other injury accident,60 km/hr,144.97849,-37.82329,Intersection,MELBOURNE,Metro,3,0,1,1,1,0,1,No
2018,July,6/7/18,17.38.00,Collision with vehicle,Friday,No,Dark,Other injury accident,50 km/hr,145.01432,-37.60864,Intersection,WHITTLESEA,Metro,2,0,0,2,0,0,1,No
2018,July,6/7/18,23.30.00,Collision with vehicle,Thursday,No,Dark,Serious injury accident,50 km/hr,144.34082,-38.1752,Non-Intersection,GEELONG,Country,1,0,1,0,0,0,0,No
2018,July,6/7/18,06.15.00,Collision with vehicle,Friday,No,Dark,Other injury accident,80 km/hr,145.31441,-38.18019,Intersection,CASEY,Metro,2,0,2,0,0,0,0,No
2018,July,6/7/18,22.00.00,Struck pedestrian,Friday,No,Unk.,Other injury accident,50 km/hr,144.49248,-38.28206,Non-Intersection,GEELONG,Country,2,0,1,0,0,0,0,No
2018,July,6/7/18,12.00.00,Collision with vehicle,Friday,No,Day,Other injury accident,70 km/hr,145.04392,-37.90444,Intersection,GLEN EIRA,Metro,2,0,2,0,0,0,0,No
2018,July,6/7/18,12.40.00,Collision with vehicle,Friday,No,Day,Other injury accident,100 km/hr,145.14821,-37.89743,Non-Intersection,MONASH,Metro,2,0,2,0,0,0,0,No
2018,July,7/7/18,20.35.00,Struck pedestrian,Saturday,No,Dark,Other injury accident,60 km/hr,144.94761,-37.83453,Intersection,PORT PHILLIP,Metro,3,0,1,2,1,0,0,No
2018,July,7/7/18,13.30.00,Collision with vehicle,Saturday,No,Day,Other injury accident,100 km/hr,145.13772,-37.89347,Non-Intersection,MONASH,Metro,3,0,2,1,1,0,0,No
2018,July,7/7/18,17.56.00,Collision with vehicle,Saturday,No,Dark,Other injury accident,100 km/hr,145.18776,-37.9318,Intersection,MONASH,Metro,2,0,2,0,0,0,0,No
2018,July,7/7/18,14.45.00,Collision with vehicle,Friday,No,Day,Other injury accident,80 km/hr,145.22215,-37.9777,Intersection,DANDENONG,Metro,2,0,1,1,0,1,0,No
2018,July,7/7/18,14.30.00,Collision with vehicle,Saturday,No,Day,Other injury accident,60 km/hr,143.69813,-37.17084,Intersection,CENTRAL GOLDFIELDS,Country,3,0,2,1,1,0,0,No
2018,July,7/7/18,23.30.00,Collision with vehicle,Saturday,No,Dark,Other injury accident,50 km/hr,144.91016,-37.67688,Intersection,HUME,Metro,2,0,1,1,0,0,0,No
2018,July,7/7/18,22.30.00,Struck pedestrian,Saturday,No,Dark,Other injury accident,60 km/hr,145.19366,-37.81637,Intersection,WHITEHORSE,Metro,2,0,1,1,0,0,0,No
2018,July,7/7/18,03.27.00,Collision with object,Saturday,No,Dark,Other injury accident,100 km/hr,145.80913,-38.17155,Non-Intersection,BAW BAW,Country,1,0,0,1,0,0,0,No
2018,July,7/7/18,03.58.00,Collision with vehicle,Saturday,No,Dark,Serious injury accident,100 km/hr,144.75802,-37.86926,Non-Intersection,HOBSONS BAY,Metro,2,0,2,0,0,0,0,No
2018,July,7/7/18,05.00.00,Collision with vehicle,Saturday,No,Dark,Other injury accident,100 km/hr,144.75562,-37.86949,Non-Intersection,HOBSONS BAY,Metro,2,0,2,0,0,0,1,No
2018,July,7/7/18,10.00.00,Collision with vehicle,Saturday,No,Day,Other injury accident,80 km/hr,145.07648,-37.95472,Intersection,KINGSTON,Metro,2,0,1,1,0,0,0,No
2018,July,7/7/18,11.24.00,Struck pedestrian,Saturday,No,Day,Other injury accident,50 km/hr,145.28207,-37.79611,Intersection,MAROONDAH,Metro,2,0,2,0,0,0,0,No
2018,July,7/7/18,09.40.00,Collision with object,Saturday,No,Day,Serious injury accident,100 km/hr,145.68103,-36.82595,Non-Intersection,STRATHBOGIE,Country,1,0,1,0,0,0,0,No
2018,July,7/7/18,10.30.00,Collision with object,Saturday,No,Day,Other injury accident,80 km/hr,142.10039,-37.70565,Non-Intersection,SOUTHERN GRAMPIANS,Country,2,0,0,2,1,0,1,No
2018,July,7/7/18,11.40.00,Collision with vehicle,Friday,No,Day,Other injury accident,60 km/hr,144.25409,-37.9061,Non-Intersection,GEELONG,Country,3,0,1,2,1,0,1,No
2018,July,7/7/18,11.45.00,Struck pedestrian,Saturday,No,Day,Other injury accident,60 km/hr,144.93985,-37.83974,Non-Intersection,PORT PHILLIP,Metro,2,0,2,0,0,0,0,No
2018,July,7/7/18,13.45.00,Collision with vehicle,Saturday,No,Day,Other injury accident,80 km/hr,145.08983,-37.70317,Intersection,BANYULE,Metro,3,0,2,1,1,0,0,No
2018,July,7/7/18,13.30.00,Struck pedestrian,Saturday,No,Day,Other injury accident,60 km/hr,144.992,-37.85917,Non-Intersection,PORT PHILLIP,Metro,2,0,2,0,0,0,0,No
2018,July,7/7/18,13.34.00,Collision with object,Saturday,No,Day,Serious injury accident,60 km/hr,145.13704,-38.11649,Non-Intersection,FRANKSTON,Metro,3,0,2,1,2,0,0,No
2018,July,7/7/18,16.05.00,Collision with vehicle,Saturday,No,Day,Other injury accident,70 km/hr,142.43793,-38.35755,Non-Intersection,WARRNAMBOOL,Country,3,0,2,1,1,0,0,No
2018,July,7/7/18,15.45.00,Collision with vehicle,Friday,No,Day,Serious injury accident,80 km/hr,145.03653,-38.24053,Intersection,MORNINGTON PENINSULA,Metro,2,0,1,1,0,1,0,No
2018,July,7/7/18,15.00.00,Collision with object,Saturday,No,Day,Other injury accident,100 km/hr,146.07456,-38.51191,Non-Intersection,SOUTH GIPPSLAND,Country,1,0,0,1,0,0,0,No
2018,July,7/7/18,17.00.00,Collision with vehicle,Saturday,No,Dusk/Dawn,Other injury accident,60 km/hr,144.93729,-37.71658,Intersection,MORELAND,Metro,7,0,3,4,5,0,1,No
2018,July,7/7/18,17.00.00,Collision with vehicle,Saturday,No,Dusk/Dawn,Other injury accident,60 km/hr,143.84607,-37.5811,Intersection,BALLARAT,Country,4,0,3,1,2,0,1,No
2018,July,7/7/18,18.15.00,Collision with object,Saturday,No,Dark,Other injury accident,50 km/hr,144.6482,-37.89765,Non-Intersection,WYNDHAM,Metro,1,0,1,0,0,0,0,Yes
2018,July,7/7/18,18.47.00,Vehicle overturned,Saturday,No,Dark,Other injury accident,80 km/hr,145.23633,-37.86916,Non-Intersection,KNOX,Metro,1,0,1,0,0,0,0,No
2018,July,7/7/18,19.15.00,Collision with vehicle,Saturday,No,Dark,Other injury accident,60 km/hr,145.93945,-38.16142,Intersection,BAW BAW,Country,2,0,1,1,0,0,1,No
2018,July,7/7/18,19.00.00,Collision with vehicle,Saturday,No,Dark,Other injury accident,60 km/hr,145.13681,-37.96052,Intersection,DANDENONG,Metro,6,0,3,3,4,0,1,No
2018,July,7/7/18,22.19.00,Collision with vehicle,Saturday,No,Dark,Serious injury accident,60 km/hr,144.92499,-37.69578,Intersection,MORELAND,Metro,3,0,3,0,1,0,1,No
2018,July,7/7/18,18.11.00,Collision with vehicle,Friday,No,Dark,Serious injury accident,80 km/hr,146.63494,-38.17793,Non-Intersection,LATROBE,Country,6,0,3,3,3,0,0,No
2018,July,7/7/18,21.58.00,Collision with vehicle,Saturday,No,Dark,Other injury accident,50 km/hr,145.1033,-37.59185,Non-Intersection,WHITTLESEA,Metro,3,0,0,3,2,0,0,No
2018,July,7/7/18,19.02.00,Collision with vehicle,Saturday,No,Dark,Serious injury accident,110 km/hr,145.88612,-38.14778,Non-Intersection,BAW BAW,Country,2,0,2,0,0,0,0,No
2018,July,7/7/18,13.45.00,Collision with vehicle,Saturday,No,Day,Other injury accident,50 km/hr,145.00935,-37.77057,Non-Intersection,DAREBIN,Metro,3,0,1,2,1,0,0,No
2018,July,7/7/18,19.54.00,Collision with vehicle,Saturday,No,Dark,Other injury accident,40 km/hr,144.96038,-37.80818,Intersection,MELBOURNE,Metro,2,0,2,0,0,0,1,No
2018,July,8/7/18,10.22.00,Collision with object,Sunday,Yes,Day,Serious injury accident,50 km/hr,145.0348,-37.85227,Intersection,STONNINGTON,Metro,2,0,1,0,0,0,1,No
2018,July,8/7/18,13.30.00,Collision with vehicle,Sunday,No,Day,Serious injury accident,80 km/hr,145.72075,-37.74994,Non-Intersection,YARRA RANGES,Metro,6,0,2,4,4,0,0,No
2018,July,8/7/18,11.30.00,Collision with object,Sunday,No,Day,Serious injury accident,40 km/hr,145.04343,-37.86138,Non-Intersection,STONNINGTON,Metro,1,0,1,0,0,0,1,Yes
2018,July,8/7/18,15.59.00,Collision with vehicle,Sunday,No,Day,Other injury accident,80 km/hr,145.25757,-38.05052,Intersection,CASEY,Metro,3,0,1,2,1,0,0,No
2018,July,8/7/18,16.25.00,Collision with object,Sunday,No,Dusk/Dawn,Other injury accident,80 km/hr,145.64,-37.59297,Non-Intersection,YARRA RANGES,Metro,2,0,1,1,1,0,1,No
2018,July,8/7/18,14.15.00,Collision with vehicle,,No,Day,Other injury accident,40 km/hr,144.9434,-37.83744,Non-Intersection,PORT PHILLIP,Metro,2,0,1,1,0,0,0,No
2018,July,8/7/18,15.40.00,Collision with vehicle,Sunday,No,Day,Other injury accident,70 km/hr,145.11358,-37.72702,Intersection,BANYULE,Metro,5,0,0,5,2,0,1,No
2018,July,8/7/18,18.37.00,Collision with object,Sunday,No,Dark,Other injury accident,60 km/hr,145.25071,-37.86766,Non-Intersection,KNOX,Metro,1,0,1,0,0,0,0,No
2018,July,8/7/18,22.12.00,Collision with vehicle,Sunday,Yes,Dark,Other injury accident,60 km/hr,144.91789,-37.70593,Intersection,MORELAND,Metro,2,0,2,0,0,0,0,No
2018,July,8/7/18,18.38.00,Collision with vehicle,Sunday,No,Dark,Serious injury accident,60 km/hr,144.35459,-38.16066,Intersection,GEELONG,Country,3,0,2,1,1,0,0,No
2018,July,8/7/18,15.40.00,Collision with vehicle,Sunday,No,Day,Other injury accident,100 km/hr,145.85529,-38.44629,Non-Intersection,SOUTH GIPPSLAND,Country,6,0,3,3,3,0,1,No
2018,July,8/7/18,10.28.00,Collision with object,,No,Day,Other injury accident,80 km/hr,145.57693,-37.64294,Non-Intersection,YARRA RANGES,Metro,4,0,1,3,3,0,0,No
2018,July,8/7/18,21.45.00,Collision with vehicle,,Yes,Dark,Other injury accident,50 km/hr,144.95962,-37.70443,Non-Intersection,MORELAND,Metro,2,0,1,0,0,0,0,No
2018,July,8/7/18,12.30.00,Struck animal,,No,Day,Other injury accident,50 km/hr,142.03207,-36.45227,Non-Intersection,HINDMARSH,Country,1,0,1,0,0,0,0,No
2018,July,8/7/18,13.00.00,No collision and no object struck,Sunday,No,Day,Serious injury accident,60 km/hr,146.97258,-38.09395,Non-Intersection,WELLINGTON,Country,1,0,0,1,0,0,0,No
2018,July,8/7/18,03.15.00,Collision with object,,No,Dark,Other injury accident,50 km/hr,144.92079,-37.58592,Non-Intersection,HUME,Metro,3,0,3,0,2,0,1,No
2018,July,8/7/18,00.01.00,Collision with vehicle,Sunday,No,Dark,Fatal accident,80 km/hr,144.70136,-37.76846,Non-Intersection,MELTON,Metro,10,2,4,3,4,0,0,Yes
2018,July,8/7/18,05.27.00,Collision with object,Sunday,No,Dark,Serious injury accident,70 km/hr,145.04916,-37.71024,Non-Intersection,DAREBIN,Metro,2,0,2,0,1,0,0,No
2018,July,8/7/18,08.55.00,Vehicle overturned,,No,Day,Serious injury accident,100 km/hr,142.46921,-36.50609,Non-Intersection,YARRIAMBIACK,Country,1,0,0,1,0,0,1,No
2018,July,8/7/18,10.40.00,Collision with vehicle,Sunday,No,Day,Other injury accident,60 km/hr,145.03279,-37.94396,Intersection,BAYSIDE,Metro,2,0,2,0,0,0,0,No
2018,July,8/7/18,09.50.00,Collision with object,Sunday,No,Day,Fatal accident,50 km/hr,145.71011,-37.1936,Non-Intersection,MURRINDINDI,Country,2,1,2,0,0,0,0,No
2018,July,8/7/18,11.45.00,Collision with vehicle,Sunday,No,Day,Serious injury accident,100 km/hr,143.83939,-37.45071,Intersection,BALLARAT,Country,5,0,2,3,3,1,0,No
2018,July,9/7/18,00.05.00,Collision with vehicle,Monday,No,Dark,Other injury accident,80 km/hr,145.06775,-37.68617,Intersection,WHITTLESEA,Metro,3,0,3,0,1,0,1,No
2018,July,9/7/18,05.40.00,Collision with object,Monday,No,Dark,Other injury accident,60 km/hr,145.07261,-37.96747,Non-Intersection,KINGSTON,Metro,1,0,1,0,0,0,0,No
2018,July,9/7/18,06.55.00,Collision with vehicle,Monday,Yes,Dark,Serious injury accident,40 km/hr,145.05723,-37.88841,Non-Intersection,GLEN EIRA,Metro,3,0,1,0,0,0,0,No
2018,July,9/7/18,12.25.00,Collision with vehicle,Monday,No,Day,Other injury accident,100 km/hr,142.61888,-38.33011,Non-Intersection,MOYNE,Country,5,0,4,1,3,0,0,No
2018,July,9/7/18,07.00.00,Struck animal,Sunday,No,Dusk/Dawn,Other injury accident,100 km/hr,145.71162,-37.35918,Intersection,MURRINDINDI,Country,2,0,1,1,1,0,0,No
2018,July,9/7/18,09.25.00,Collision with object,Monday,No,Day,Serious injury accident,60 km/hr,144.3475,-38.17124,Non-Intersection,GEELONG,Country,1,0,0,1,0,1,0,No
2018,July,9/7/18,10.43.00,Collision with vehicle,Monday,No,Day,Serious injury accident,60 km/hr,146.54121,-38.19648,Intersection,LATROBE,Country,5,0,3,2,2,1,0,No
2018,July,9/7/18,08.25.00,Collision with vehicle,Monday,No,Day,Other injury accident,60 km/hr,145.1555,-38.11244,Non-Intersection,FRANKSTON,Metro,2,0,2,0,0,0,0,No
2018,July,9/7/18,12.40.00,Collision with vehicle,Monday,No,Day,Serious injury accident,60 km/hr,144.69859,-36.91638,Intersection,BENDIGO,Country,3,0,2,1,1,0,0,No
2018,July,9/7/18,13.01.00,Collision with vehicle,Monday,No,Day,Other injury accident,60 km/hr,144.77174,-37.74111,Non-Intersection,BRIMBANK,Metro,2,0,1,1,0,0,0,No
2018,July,9/7/18,13.15.00,Collision with object,Monday,No,Day,Serious injury accident,50 km/hr,142.92854,-37.28608,Off Road,ARARAT,Country,1,0,1,0,0,0,0,No
2018,July,9/7/18,10.33.00,Vehicle overturned,Sunday,No,Day,Other injury accident,100 km/hr,144.57625,-36.48685,Non-Intersection,BENDIGO,Country,1,0,1,0,0,0,0,No
2018,July,9/7/18,21.30.00,Collision with vehicle,Monday,No,Dark,Other injury accident,70 km/hr,144.36258,-38.19793,Intersection,GEELONG,Country,2,0,0,2,0,0,0,No
2018,July,9/7/18,10.30.00,Collision with object,Monday,No,Day,Serious injury accident,80 km/hr,145.5185,-38.00269,Non-Intersection,CARDINIA,Metro,1,0,0,1,0,0,0,No
2018,July,9/7/18,15.43.00,Collision with vehicle,Monday,No,Day,Other injury accident,60 km/hr,145.04593,-37.84008,Non-Intersection,BOROONDARA,Metro,2,0,2,0,0,0,2,No
2018,July,9/7/18,15.05.00,Collision with vehicle,Monday,No,Day,Serious injury accident,70 km/hr,145.3738,-38.0506,Non-Intersection,CARDINIA,Metro,3,0,0,3,1,0,0,No
2018,July,9/7/18,16.38.00,Collision with object,Monday,No,Day,Other injury accident,70 km/hr,144.99358,-37.69306,Non-Intersection,WHITTLESEA,Metro,2,0,1,0,0,0,0,No
2018,July,9/7/18,17.35.00,Struck pedestrian,Monday,No,Dark,Other injury accident,50 km/hr,145.15805,-37.78868,Intersection,MANNINGHAM,Metro,2,0,1,1,0,0,0,No
2018,July,9/7/18,17.15.00,Collision with object,Monday,No,Dark,Other injury accident,80 km/hr,145.41023,-37.72298,Non-Intersection,YARRA RANGES,Metro,1,0,1,0,0,1,0,No
2018,July,9/7/18,18.20.00,Collision with object,Monday,No,Dark,Serious injury accident,100 km/hr,142.88389,-37.20377,Non-Intersection,ARARAT,Country,1,0,1,0,0,0,0,No
2018,July,9/7/18,17.45.00,Collision with vehicle,Monday,No,Dark,Other injury accident,70 km/hr,144.96002,-37.70238,Non-Intersection,MORELAND,Metro,4,0,1,3,1,0,1,No
2018,July,9/7/18,23.45.00,Collision with object,Monday,No,Dark,Other injury accident,60 km/hr,146.56265,-38.18051,Intersection,LATROBE,Country,1,0,1,0,0,0,1,Yes
2018,July,9/7/18,14.02.00,Collision with vehicle,Monday,No,Day,Other injury accident,40 km/hr,144.93638,-37.81535,Non-Intersection,MELBOURNE,Metro,3,0,1,2,1,0,1,No
2018,July,9/7/18,08.40.00,Collision with vehicle,Monday,No,Day,Other injury accident,40 km/hr,144.95699,-37.81825,Non-Intersection,MELBOURNE,Metro,3,0,3,0,1,0,0,No
2018,July,9/7/18,09.15.00,Collision with object,Monday,No,Day,Other injury accident,70 km/hr,145.23547,-37.74675,Non-Intersection,MANNINGHAM,Metro,3,0,0,3,0,0,0,No
2018,July,9/7/18,13.17.00,Collision with vehicle,Monday,No,Day,Other injury accident,60 km/hr,144.91932,-37.70266,Intersection,MORELAND,Metro,3,0,2,1,1,1,0,No
2018,July,10/7/18,11.25.00,Collision with vehicle,Tuesday,No,Day,Other injury accident,100 km/hr,145.21091,-37.93022,Non-Intersection,KNOX,Metro,2,0,1,1,1,0,0,No
2018,July,10/7/18,07.29.00,Collision with vehicle,Tuesday,No,Day,Serious injury accident,80 km/hr,144.81558,-37.82897,Non-Intersection,WYNDHAM,Metro,3,0,1,2,0,0,0,No
2018,July,10/7/18,12.00.00,Collision with vehicle,Tuesday,No,Day,Other injury accident,40 km/hr,144.85094,-37.31084,Non-Intersection,MACEDON RANGES,Country,5,0,2,2,1,1,0,No
2018,July,10/7/18,06.35.00,Struck pedestrian,Tuesday,No,Dark,Serious injury accident,50 km/hr,143.85345,-37.55043,Intersection,BALLARAT,Country,2,0,1,1,0,0,0,No
2018,July,10/7/18,12.35.00,Collision with object,Monday,No,Day,Serious injury accident,100 km/hr,145.73588,-36.6534,Non-Intersection,STRATHBOGIE,Country,1,0,1,0,0,0,0,Yes
2018,July,10/7/18,13.35.00,Collision with vehicle,Tuesday,No,Day,Other injury accident,70 km/hr,144.95576,-37.67401,Intersection,HUME,Metro,2,0,2,0,0,0,0,No
2018,July,10/7/18,16.00.00,Collision with vehicle,Tuesday,No,Day,Other injury accident,60 km/hr,145.39182,-36.40893,Intersection,SHEPPARTON,Country,3,0,2,0,1,0,0,No
2018,July,10/7/18,16.30.00,Collision with vehicle,Tuesday,Yes,Day,Other injury accident,60 km/hr,144.9808,-37.80854,Non-Intersection,YARRA RANGES,Metro,2,0,1,0,0,0,0,No
2018,July,10/7/18,18.10.00,Collision with vehicle,Tuesday,No,Dark,Other injury accident,40 km/hr,144.97834,-37.79906,Intersection,YARRA RANGES,Metro,2,0,0,2,0,0,0,No
2018,July,10/7/18,14.50.00,Collision with vehicle,Tuesday,No,Day,Serious injury accident,100 km/hr,144.45788,-37.70548,Intersection,MOORABOOL,Country,2,0,2,0,0,0,0,No