year,month,date,time,accident_type,day,hit_run,light_condition,severity,speed_zone,longitude,latitude,node_type,lga,state_div,total_persons,fatality,males,females,passengers,old_driver,young_driver,alcohol
2018,July,10/7/18,17.00.00,Collision with vehicle,Tuesday,No,Dark,Other injury accident,60 km/hr,144.91006,-37.59387,Intersection,HUME,Metro,2,0,1,1,0,0,0,No
2018,July,10/7/18,16.18.00,Collision with vehicle,Tuesday,No,Day,Serious injury accident,70 km/hr,145.26863,-37.82778,Non-Intersection,MAROONDAH,Metro,2,0,2,0,0,0,0,No
2018,July,10/7/18,15.45.00,Collision with vehicle,Tuesday,No,Day,Serious injury accident,80 km/hr,145.24921,-38.0033,Intersection,CASEY,Metro,2,0,2,0,0,0,0,No
2018,July,10/7/18,17.40.00,Collision with object,Monday,No,Dark,Other injury accident,60 km/hr,145.16722,-37.63353,Non-Intersection,NILLUMBIK,Metro,1,0,0,1,0,0,1,No
2018,July,10/7/18,18.05.00,Collision with vehicle,Tuesday,No,Dark,Other injury accident,60 km/hr,145.03555,-37.8721,Non-Intersection,GLEN EIRA,Metro,3,0,1,2,0,0,0,No
2018,July,10/7/18,13.40.00,Collision with vehicle,Tuesday,No,Day,Other injury accident,60 km/hr,145.08489,-37.79468,Intersection,BOROONDARA,Metro,2,0,2,0,0,0,0,No
2018,July,10/7/18,19.30.00,Struck pedestrian,Tuesday,No,Dark,Serious injury accident,50 km/hr,144.33873,-38.09903,Non-Intersection,GEELONG,Country,3,0,0,3,1,0,0,No
2018,July,10/7/18,18.45.00,Collision with vehicle,Tuesday,No,Dark,Other injury accident,60 km/hr,144.79018,-37.79179,Intersection,BRIMBANK,Metro,2,0,2,0,0,0,1,No
2018,July,10/7/18,18.25.00,Collision with object,Tuesday,No,Dark,Serious injury accident,100 km/hr,146.32681,-38.65555,Non-Intersection,SOUTH GIPPSLAND,Country,3,0,0,3,2,0,0,No
2018,July,10/7/18,17.46.00,Collision with vehicle,Tuesday,No,Dark,Other injury accident,60 km/hr,145.19979,-37.98553,Intersection,DANDENONG,Metro,2,0,2,0,0,0,0,No
2018,July,10/7/18,19.43.00,Collision with object,Tuesday,No,Dark,Other injury accident,40 km/hr,144.98768,-37.88157,Non-Intersection,PORT PHILLIP,Metro,2,0,2,0,1,0,1,No
2018,July,10/7/18,23.00.00,Collision with object,Monday,No,Dark,Other injury accident,60 km/hr,144.9671,-37.73847,Non-Intersection,MORELAND,Metro,2,0,1,1,1,0,0,No
2018,July,10/7/18,10.25.00,Collision with vehicle,Tuesday,No,Unk.,Other injury accident,60 km/hr,145.0557,-37.96541,Intersection,KINGSTON,Metro,2,0,1,1,0,0,0,No
2018,July,10/7/18,17.10.00,Collision with vehicle,Tuesday,No,Dusk/Dawn,Serious injury accident,60 km/hr,145.82746,-38.43706,Intersection,SOUTH GIPPSLAND,Country,3,0,0,3,1,0,0,No
2018,July,10/7/18,14.45.00,Collision with object,Tuesday,No,Day,Serious injury accident,100 km/hr,144.39079,-36.83233,Non-Intersection,BENDIGO,Country,1,0,0,1,0,0,0,No
2018,July,10/7/18,17.20.00,Collision with vehicle,Tuesday,No,Dark,Other injury accident,100 km/hr,146.80681,-38.0941,Intersection,WELLINGTON,Country,2,0,1,1,0,0,1,No
2018,July,10/7/18,17.00.00,Collision with vehicle,Tuesday,No,Dark,Other injury accident,80 km/hr,145.25306,-38.00377,Intersection,CASEY,Metro,2,0,0,2,0,0,1,No
2018,July,10/7/18,17.45.00,Collision with vehicle,Tuesday,No,Dusk/Dawn,Other injury accident,40 km/hr,144.96071,-37.77547,Non-Intersection,MORELAND,Metro,2,0,1,0,0,0,0,No
2018,July,10/7/18,08.00.00,No collision and no object struck,Tuesday,No,Day,Serious injury accident,50 km/hr,144.87774,-37.70807,Intersection,BRIMBANK,Metro,1,0,1,0,0,0,0,No
2018,July,11/7/18,07.45.00,Collision with vehicle,Wednesday,No,Unk.,Serious injury accident,40 km/hr,144.99407,-37.84722,Non-Intersection,STONNINGTON,Metro,2,0,0,2,0,0,0,No
2018,July,11/7/18,11.00.00,Collision with vehicle,Wednesday,No,Day,Serious injury accident,100 km/hr,145.21417,-37.95216,Non-Intersection,DANDENONG,Metro,2,0,1,1,0,0,0,No
2018,July,11/7/18,08.23.00,Collision with vehicle,Wednesday,No,Day,Serious injury accident,40 km/hr,145.06115,-37.86994,Non-Intersection,STONNINGTON,Metro,2,0,2,0,0,0,0,No
2018,July,11/7/18,09.15.00,Vehicle overturned,Wednesday,No,Day,Serious injury accident,40 km/hr,144.96226,-37.81228,Intersection,MELBOURNE,Metro,2,0,1,1,0,0,1,No
2018,July,11/7/18,12.27.00,Collision with vehicle,Wednesday,No,Day,Other injury accident,60 km/hr,144.883,-37.68613,Non-Intersection,HUME,Metro,3,0,1,2,1,0,0,No
2018,July,11/7/18,14.45.00,Struck pedestrian,Wednesday,No,Day,Serious injury accident,50 km/hr,146.00594,-36.01138,Non-Intersection,MOIRA,Country,2,0,0,2,0,0,1,No
2018,July,11/7/18,11.00.00,Collision with object,Wednesday,No,Day,Serious injury accident,100 km/hr,142.92945,-38.49439,Non-Intersection,CORANGAMITE,Country,1,0,0,1,0,0,0,No
2018,July,11/7/18,14.27.00,Collision with object,Tuesday,No,Day,Other injury accident,60 km/hr,142.1948,-34.30103,Non-Intersection,MILDURA,Country,1,0,1,0,0,0,0,No
2018,July,11/7/18,07.10.00,Collision with object,Wednesday,No,Unk.,Other injury accident,60 km/hr,144.81902,-37.7845,Intersection,BRIMBANK,Metro,2,0,1,1,1,0,0,No
2018,July,11/7/18,17.55.00,Collision with vehicle,Wednesday,No,Dark,Other injury accident,60 km/hr,144.97049,-37.79748,Intersection,MELBOURNE,Metro,4,0,3,1,1,0,1,No
2018,July,11/7/18,18.05.00,Collision with object,Wednesday,No,Dark,Serious injury accident,50 km/hr,144.43289,-37.65812,Intersection,MOORABOOL,Country,1,0,1,0,0,0,0,No
2018,July,11/7/18,17.52.00,Collision with vehicle,Tuesday,No,Dark,Other injury accident,100 km/hr,145.04886,-37.68682,Non-Intersection,WHITTLESEA,Metro,3,0,2,1,0,0,0,No
2018,July,11/7/18,15.45.00,Struck pedestrian,Wednesday,No,Day,Other injury accident,80 km/hr,145.00543,-37.89758,Intersection,BAYSIDE,Metro,2,0,2,0,0,0,0,No
2018,July,11/7/18,21.50.00,Collision with vehicle,Wednesday,No,Dark,Other injury accident,60 km/hr,144.97775,-37.79826,Non-Intersection,YARRA RANGES,Metro,2,0,1,1,1,0,0,No
2018,July,11/7/18,20.05.00,Collision with object,Wednesday,No,Dark,Serious injury accident,50 km/hr,142.02642,-37.74453,Non-Intersection,SOUTHERN GRAMPIANS,Country,4,0,2,2,3,0,0,No
2018,July,11/7/18,22.12.00,Collision with vehicle,Wednesday,No,Dark,Other injury accident,80 km/hr,144.88911,-37.82547,Non-Intersection,HOBSONS BAY,Metro,5,0,4,1,2,0,0,No
2018,July,11/7/18,23.10.00,Collision with object,Wednesday,No,Dark,Other injury accident,60 km/hr,143.54957,-35.34068,Non-Intersection,SWAN HILL,Country,1,0,1,0,0,0,1,No
2018,July,11/7/18,14.35.00,Collision with vehicle,Wednesday,No,Day,Other injury accident,60 km/hr,145.08474,-37.91237,Intersection,MONASH,Metro,2,0,1,1,0,0,1,No
2018,July,11/7/18,22.55.00,Vehicle overturned,Wednesday,Yes,Dark,Serious injury accident,110 km/hr,145.10285,-37.07754,Non-Intersection,MITCHELL,Country,2,0,1,1,1,0,1,No
2018,July,11/7/18,18.30.00,Struck animal,Wednesday,No,Unk.,Other injury accident,100 km/hr,147.39525,-38.14722,Non-Intersection,WELLINGTON,Country,1,0,0,1,0,0,0,No
2018,July,11/7/18,16.45.00,Collision with vehicle,Wednesday,No,Unk.,Other injury accident,60 km/hr,145.23104,-37.98675,Non-Intersection,CASEY,Metro,2,0,0,2,0,0,0,No
2018,July,11/7/18,11.06.00,Collision with vehicle,Wednesday,No,Day,Other injury accident,80 km/hr,145.2537,-37.87488,Intersection,KNOX,Metro,2,0,1,1,0,0,0,No
2018,July,12/7/18,08.20.00,Collision with vehicle,Thursday,No,Day,Other injury accident,80 km/hr,145.03525,-37.8375,Non-Intersection,BOROONDARA,Metro,2,0,2,0,0,0,1,No
2018,July,12/7/18,15.50.00,Collision with vehicle,Thursday,Yes,Day,Other injury accident,60 km/hr,145.02833,-37.79115,Non-Intersection,BOROONDARA,Metro,2,0,0,1,0,0,1,No
2018,July,12/7/18,08.35.00,Collision with object,Thursday,Yes,Day,Other injury accident,50 km/hr,144.99412,-37.77984,Intersection,DAREBIN,Metro,2,0,1,1,0,0,0,No
2018,July,12/7/18,06.30.00,Collision with vehicle,Thursday,No,Unk.,Other injury accident,80 km/hr,145.09163,-37.69726,Non-Intersection,BANYULE,Metro,2,0,2,0,0,0,0,No
2018,July,12/7/18,06.50.00,Collision with vehicle,Thursday,No,Day,Other injury accident,70 km/hr,144.80774,-37.72874,Intersection,BRIMBANK,Metro,4,0,1,3,1,0,1,No
2018,July,12/7/18,09.40.00,Struck pedestrian,Thursday,No,Day,Serious injury accident,60 km/hr,144.97973,-37.84772,Intersection,MELBOURNE,Metro,3,0,3,0,1,0,0,No
2018,July,12/7/18,06.00.00,Collision with vehicle,Wednesday,Yes,Dusk/Dawn,Serious injury accident,100 km/hr,144.12228,-37.242,Non-Intersection,HEPBURN,Country,2,0,1,0,0,0,0,No
2018,July,12/7/18,10.45.00,Collision with object,Thursday,No,Day,Other injury accident,100 km/hr,144.64401,-38.1798,Non-Intersection,GEELONG,Country,2,0,0,2,1,0,1,No
2018,July,12/7/18,10.30.00,Collision with vehicle,Thursday,No,Day,Serious injury accident,50 km/hr,145.34293,-38.03579,Intersection,CASEY,Metro,2,0,1,1,0,1,1,No
2018,July,12/7/18,10.20.00,Collision with vehicle,Thursday,Yes,Day,Serious injury accident,60 km/hr,144.36114,-38.09588,Intersection,GEELONG,Country,2,0,1,0,0,0,0,No
2018,July,12/7/18,10.00.00,Struck animal,Wednesday,No,Day,Other injury accident,100 km/hr,149.11546,-37.56576,Non-Intersection,EAST GIPPSLAND,Country,1,0,1,0,0,0,0,No
2018,July,12/7/18,07.30.00,Collision with vehicle,Thursday,No,Day,Other injury accident,50 km/hr,144.94179,-37.76919,Intersection,MORELAND,Metro,2,0,2,0,0,0,0,No
2018,July,12/7/18,15.10.00,Struck pedestrian,Thursday,Yes,Day,Other injury accident,70 km/hr,145.24753,-37.80934,Intersection,MAROONDAH,Metro,2,0,1,0,0,0,0,No
2018,July,12/7/18,16.19.00,Collision with vehicle,Thursday,Yes,Day,Other injury accident,40 km/hr,145.22735,-37.81584,Intersection,MAROONDAH,Metro,8,0,1,4,2,0,3,No
2018,July,12/7/18,16.00.00,Collision with vehicle,Thursday,No,Day,Serious injury accident,100 km/hr,143.85444,-38.08127,Intersection,GOLDEN PLAINS,Country,2,0,2,0,0,1,0,No
2018,July,12/7/18,15.17.00,Collision with vehicle,Thursday,No,Day,Other injury accident,70 km/hr,145.10474,-37.77249,Intersection,MANNINGHAM,Metro,2,0,2,0,0,0,0,No
2018,July,12/7/18,16.30.00,Collision with vehicle,Thursday,No,Day,Serious injury accident,60 km/hr,145.08854,-37.89124,Non-Intersection,STONNINGTON,Metro,4,0,2,2,1,0,2,No
2018,July,12/7/18,18.30.00,Collision with vehicle,Thursday,No,Dark,Other injury accident,50 km/hr,146.89496,-36.12371,Non-Intersection,WODONGA,Country,2,0,1,1,0,0,0,No
2018,July,12/7/18,16.30.00,Collision with vehicle,Thursday,No,Day,Other injury accident,40 km/hr,145.06737,-37.8783,Non-Intersection,STONNINGTON,Metro,4,0,2,2,0,0,1,No
2018,July,12/7/18,15.26.00,Collision with vehicle,Thursday,No,Day,Serious injury accident,50 km/hr,144.86059,-38.36747,Non-Intersection,MORNINGTON PENINSULA,Metro,4,0,3,1,1,0,0,No
2018,July,12/7/18,18.00.00,Collision with vehicle,Thursday,No,Dusk/Dawn,Other injury accident,70 km/hr,145.09125,-37.76675,Intersection,MANNINGHAM,Metro,2,0,0,2,0,0,0,No
2018,July,12/7/18,20.40.00,Collision with vehicle,Thursday,No,Dark,Other injury accident,60 km/hr,143.73538,-37.04841,Intersection,CENTRAL GOLDFIELDS,Country,7,0,3,2,3,0,1,No
2018,July,12/7/18,19.55.00,Collision with vehicle,Thursday,No,Dark,Other injury accident,60 km/hr,144.97779,-37.74448,Non-Intersection,MORELAND,Metro,3,0,2,1,0,0,0,No
2018,July,12/7/18,20.57.00,Collision with vehicle,Wednesday,No,Dark,Other injury accident,60 km/hr,147.06577,-38.11143,Intersection,WELLINGTON,Country,3,0,1,2,1,0,1,No
2018,July,12/7/18,21.44.00,Collision with vehicle,Thursday,Yes,Dark,Other injury accident,60 km/hr,144.88347,-37.81282,Intersection,MARIBYRNONG,Metro,2,0,1,0,0,0,0,No
2018,July,12/7/18,23.35.00,Collision with vehicle,Thursday,No,Dark,Other injury accident,60 km/hr,144.8895,-37.79118,Intersection,MARIBYRNONG,Metro,2,0,2,0,0,0,1,No
2018,July,12/7/18,23.40.00,Collision with object,Thursday,No,Dark,Other injury accident,70 km/hr,145.04289,-37.71687,Non-Intersection,DAREBIN,Metro,2,0,1,1,1,0,0,No
2018,July,12/7/18,00.46.00,Collision with vehicle,Thursday,No,Dark,Other injury accident,40 km/hr,144.95979,-37.813,Intersection,MELBOURNE,Metro,3,0,1,1,1,0,0,No
2018,July,12/7/18,18.45.00,Collision with vehicle,Thursday,No,Dark,Other injury accident,40 km/hr,144.96939,-37.85035,Non-Intersection,PORT PHILLIP,Metro,2,0,2,0,0,0,0,No
2018,July,12/7/18,23.00.00,Collision with object,Wednesday,No,Dark,Serious injury accident,100 km/hr,141.76907,-37.2462,Non-Intersection,SOUTHERN GRAMPIANS,Country,1,0,1,0,0,0,0,No
2018,July,12/7/18,17.45.00,Collision with vehicle,Thursday,No,Dusk/Dawn,Other injury accident,80 km/hr,144.90905,-38.36914,Non-Intersection,MORNINGTON PENINSULA,Metro,2,0,1,1,0,0,0,No
2018,July,12/7/18,10.30.00,No collision and no object struck,Thursday,No,Unk.,Serious injury accident,60 km/hr,144.35818,-38.08348,Non-Intersection,GEELONG,Country,1,0,1,0,0,0,0,No
2018,July,12/7/18,17.12.00,Struck pedestrian,Thursday,No,Day,Other injury accident,50 km/hr,144.93588,-37.69616,Non-Intersection,MORELAND,Metro,2,0,2,0,0,0,0,No
2018,July,13/7/18,08.00.00,Collision with vehicle,Friday,No,Dusk/Dawn,Other injury accident,60 km/hr,144.85007,-37.83881,Intersection,HOBSONS BAY,Metro,2,0,0,2,0,0,0,No
2018,July,13/7/18,15.05.00,Collision with vehicle,Thursday,No,Day,Other injury accident,60 km/hr,143.81305,-37.55448,Intersection,BALLARAT,Country,2,0,0,2,0,1,0,No
2018,July,13/7/18,02.20.00,Collision with vehicle,Friday,No,Dark,Other injury accident,100 km/hr,144.99881,-37.68767,Non-Intersection,WHITTLESEA,Metro,4,0,1,2,2,0,1,No
2018,July,13/7/18,06.00.00,Collision with vehicle,Friday,No,Dark,Serious injury accident,110 km/hr,146.29702,-38.20368,Non-Intersection,LATROBE,Country,2,0,0,2,0,0,1,No
2018,July,13/7/18,08.20.00,Collision with object,Friday,Yes,Day,Serious injury accident,50 km/hr,143.55571,-35.3415,Intersection,SWAN HILL,Country,1,0,1,0,0,1,0,No
2018,July,13/7/18,09.18.00,Collision with vehicle,Friday,No,Day,Other injury accident,110 km/hr,145.83395,-38.09462,Non-Intersection,BAW BAW,Country,3,0,3,0,1,0,0,No
2018,July,13/7/18,07.15.00,Other accident,Friday,No,Unk.,Serious injury accident,50 km/hr,144.3466,-38.14956,Intersection,GEELONG,Country,1,0,1,0,0,0,0,No
2018,July,13/7/18,04.15.00,Struck animal,Friday,No,Dark,Other injury accident,100 km/hr,141.01442,-37.76148,Non-Intersection,GLENELG,Country,2,0,2,0,1,0,1,No
2018,July,13/7/18,13.00.00,Collision with vehicle,Friday,No,Day,Other injury accident,40 km/hr,144.97812,-37.80036,Intersection,YARRA RANGES,Metro,2,0,1,1,0,0,0,No
2018,July,13/7/18,12.46.00,Collision with vehicle,Friday,No,Day,Other injury accident,50 km/hr,145.14854,-37.95149,Intersection,DANDENONG,Metro,4,0,1,3,2,0,0,No
2018,July,13/7/18,13.08.00,Collision with vehicle,Friday,No,Day,Serious injury accident,80 km/hr,145.13331,-37.91825,Non-Intersection,MONASH,Metro,2,0,1,1,0,0,0,No
2018,July,13/7/18,12.29.00,Collision with vehicle,Friday,No,Day,Other injury accident,40 km/hr,146.78942,-38.15168,Intersection,WELLINGTON,Country,6,0,1,5,4,0,0,No
2018,July,13/7/18,14.00.00,Collision with vehicle,Friday,No,Day,Other injury accident,80 km/hr,145.04797,-37.95131,Intersection,KINGSTON,Metro,3,0,0,3,1,0,1,No
2018,July,13/7/18,12.00.00,Collision with vehicle,Thursday,No,Day,Serious injury accident,80 km/hr,145.22391,-37.63203,Non-Intersection,NILLUMBIK,Metro,1,0,1,0,0,0,0,No
2018,July,13/7/18,10.55.00,Collision with vehicle,Friday,No,Day,Serious injury accident,90 km/hr,145.48694,-38.14717,Non-Intersection,CARDINIA,Metro,3,0,3,0,1,0,1,No
2018,July,13/7/18,13.45.00,No collision and no object struck,Friday,Yes,Day,Other injury accident,60 km/hr,142.46114,-38.35518,Non-Intersection,WARRNAMBOOL,Country,4,0,2,2,2,0,0,No
2018,July,13/7/18,14.38.00,Collision with vehicle,Thursday,No,Day,Other injury accident,80 km/hr,145.26129,-37.92843,Non-Intersection,KNOX,Metro,4,0,3,1,1,0,0,No
2018,July,13/7/18,14.30.00,Collision with vehicle,Friday,No,Day,Fatal accident,100 km/hr,144.92479,-36.83461,Non-Intersection,STRATHBOGIE,Country,4,1,1,3,2,0,0,No
2018,July,13/7/18,17.30.00,Collision with vehicle,Friday,No,Dark,Other injury accident,80 km/hr,145.08316,-38.22802,Non-Intersection,MORNINGTON PENINSULA,Metro,2,0,2,0,0,0,2,No
2018,July,13/7/18,18.00.00,Collision with vehicle,Friday,No,Dusk/Dawn,Other injury accident,40 km/hr,145.11684,-37.81342,Non-Intersection,WHITEHORSE,Metro,2,0,1,1,0,0,0,No
2018,July,13/7/18,17.20.00,Collision with vehicle,Friday,No,Dusk/Dawn,Serious injury accident,60 km/hr,145.08605,-38.00573,Intersection,KINGSTON,Metro,3,0,1,2,1,0,0,No
2018,July,13/7/18,16.25.00,Collision with vehicle,Thursday,No,Dusk/Dawn,Serious injury accident,110 km/hr,145.91291,-36.57894,Intersection,BENALLA,Country,3,0,2,1,1,0,0,No
2018,July,13/7/18,18.08.00,Collision with object,Friday,No,Dark,Other injury accident,60 km/hr,145.19343,-37.93885,Non-Intersection,DANDENONG,Metro,1,0,0,1,0,1,0,No
2018,July,13/7/18,18.20.00,Collision with vehicle,Friday,No,Dark,Other injury accident,60 km/hr,147.60994,-37.82496,Intersection,EAST GIPPSLAND,Country,3,0,3,0,1,0,1,No
2018,July,13/7/18,18.00.00,Collision with vehicle,Thursday,No,Dark,Serious injury accident,100 km/hr,145.15049,-37.80029,Non-Intersection,WHITEHORSE,Metro,5,0,2,3,0,0,1,No
2018,July,13/7/18,16.15.00,Collision with vehicle,Friday,No,Day,Other injury accident,80 km/hr,145.30079,-38.02204,Intersection,CASEY,Metro,5,0,1,4,2,0,0,No
2018,July,13/7/18,19.35.00,Collision with object,Friday,No,Dark,Serious injury accident,100 km/hr,145.9013,-35.99516,Non-Intersection,MOIRA,Country,1,0,1,0,0,0,0,No
2018,July,13/7/18,21.40.00,Collision with vehicle,Friday,No,Dark,Other injury accident,60 km/hr,144.92131,-37.78746,Intersection,MELBOURNE,Metro,2,0,1,1,0,0,0,No
2018,July,13/7/18,20.15.00,Collision with object,Friday,No,Dark,Other injury accident,100 km/hr,145.03061,-37.54909,Intersection,WHITTLESEA,Metro,1,0,0,1,0,0,0,Yes
2018,July,13/7/18,18.18.00,Collision with vehicle,Friday,No,Dark,Serious injury accident,100 km/hr,144.7151,-37.74926,Non-Intersection,MELTON,Metro,7,0,4,3,4,0,0,No
2018,July,13/7/18,17.00.00,Collision with vehicle,Friday,No,Day,Other injury accident,60 km/hr,145.07472,-37.90821,Non-Intersection,GLEN EIRA,Metro,2,0,1,1,0,0,0,No
2018,July,13/7/18,15.00.00,Collision with vehicle,Friday,No,Day,Other injury accident,60 km/hr,144.3554,-38.15271,Intersection,GEELONG,Country,2,0,1,1,0,0,0,No
2018,July,14/7/18,12.45.00,Collision with vehicle,Saturday,No,Day,Other injury accident,40 km/hr,145.10167,-37.60129,Intersection,WHITTLESEA,Metro,4,0,3,1,2,0,0,No
2018,July,14/7/18,18.10.00,Collision with vehicle,Saturday,Yes,Dark,Serious injury accident,80 km/hr,144.93706,-37.82561,Non-Intersection,MELBOURNE,Metro,5,0,2,3,3,0,0,No
2018,July,14/7/18,19.20.00,Struck pedestrian,Saturday,Yes,Dark,Other injury accident,40 km/hr,144.96747,-37.79764,Intersection,MELBOURNE,Metro,2,0,1,1,0,1,0,No
2018,July,14/7/18,20.15.00,Vehicle overturned,Saturday,No,Dark,Other injury accident,110 km/hr,144.73489,-37.64354,Non-Intersection,HUME,Metro,3,0,3,0,2,0,0,No
2018,July,14/7/18,23.14.00,Collision with vehicle,Saturday,No,Dark,Other injury accident,60 km/hr,144.94216,-37.7319,Intersection,MORELAND,Metro,2,0,2,0,0,1,1,No
2018,July,14/7/18,21.15.00,Vehicle overturned,Saturday,No,Dark,Other injury accident,100 km/hr,143.5462,-35.81817,Intersection,GANNAWARRA,Country,1,0,1,0,0,0,0,No
2018,July,14/7/18,15.00.00,Collision with object,Saturday,No,Day,Other injury accident,80 km/hr,144.32828,-37.46587,Intersection,MOORABOOL,Country,1,0,1,0,0,0,0,No
2018,July,14/7/18,10.10.00,Collision with vehicle,Friday,No,Day,Other injury accident,80 km/hr,145.23528,-37.86883,Intersection,KNOX,Metro,3,0,1,2,1,0,0,No
2018,July,14/7/18,04.35.00,Collision with object,Saturday,No,Dark,Serious injury accident,40 km/hr,144.9681,-37.81281,Intersection,MELBOURNE,Metro,1,0,0,1,0,0,1,Yes
2018,July,14/7/18,06.05.00,Collision with vehicle,Saturday,No,Dusk/Dawn,Other injury accident,70 km/hr,144.92916,-37.80309,Intersection,MELBOURNE,Metro,2,0,2,0,0,0,0,No
2018,July,14/7/18,06.09.00,Collision with object,Saturday,No,Dark,Other injury accident,60 km/hr,145.06961,-37.75664,Intersection,BANYULE,Metro,2,0,2,0,0,0,1,No
2018,July,14/7/18,08.10.00,No collision and no object struck,Saturday,No,Day,Serious injury accident,60 km/hr,145.28891,-37.58083,Non-Intersection,NILLUMBIK,Metro,1,0,0,1,0,0,0,No
2018,July,14/7/18,08.55.00,Collision with vehicle,Saturday,No,Day,Other injury accident,50 km/hr,145.129,-37.69897,Non-Intersection,BANYULE,Metro,1,0,0,1,0,0,0,No
2018,July,14/7/18,11.30.00,Vehicle overturned,Saturday,No,Day,Other injury accident,60 km/hr,145.04071,-37.77274,Intersection,BANYULE,Metro,1,0,1,0,0,0,0,No
2018,July,14/7/18,12.05.00,Collision with vehicle,Saturday,No,Day,Other injury accident,50 km/hr,145.17221,-37.8103,Intersection,WHITEHORSE,Metro,1,0,1,0,0,0,0,Yes
2018,July,14/7/18,10.15.00,Collision with object,Saturday,No,Day,Other injury accident,60 km/hr,143.39157,-37.43049,Non-Intersection,PYRENEES,Country,4,0,2,2,3,0,0,No
2018,July,14/7/18,14.11.00,Collision with vehicle,Friday,Yes,Day,Other injury accident,70 km/hr,145.16563,-37.76869,Non-Intersection,MANNINGHAM,Metro,2,0,1,1,0,0,0,No
2018,July,14/7/18,14.30.00,Collision with vehicle,Saturday,No,Day,Other injury accident,80 km/hr,145.17207,-37.83711,Non-Intersection,WHITEHORSE,Metro,2,0,2,0,0,0,1,No
2018,July,14/7/18,15.10.00,Collision with vehicle,Saturday,No,Day,Serious injury accident,80 km/hr,144.92969,-37.82659,Non-Intersection,MELBOURNE,Metro,4,0,2,2,1,1,0,No
2018,July,14/7/18,01.20.00,Vehicle overturned,Saturday,No,Dark,Serious injury accident,50 km/hr,145.2902,-38.09273,Intersection,CASEY,Metro,1,0,1,0,0,0,0,Yes
2018,July,14/7/18,00.15.00,Vehicle overturned,Friday,No,Dark,Other injury accident,100 km/hr,144.12227,-36.86567,Non-Intersection,BENDIGO,Country,2,0,1,1,1,0,1,No
2018,July,14/7/18,15.21.00,Collision with vehicle,Friday,No,Day,Serious injury accident,100 km/hr,147.37124,-36.52013,Intersection,TOWONG,Country,2,0,1,1,0,0,0,No
2018,July,14/7/18,16.44.00,Collision with vehicle,Saturday,No,Day,Serious injury accident,60 km/hr,145.3754,-37.65425,Intersection,YARRA RANGES,Metro,2,0,2,0,0,0,0,No
2018,July,14/7/18,16.22.00,Collision with vehicle,Saturday,No,Day,Other injury accident,80 km/hr,145.19115,-38.00112,Non-Intersection,DANDENONG,Metro,2,0,0,2,0,0,0,No
2018,July,14/7/18,23.45.00,Collision with object,Friday,No,Dark,Other injury accident,100 km/hr,146.25428,-36.93115,Non-Intersection,MANSFIELD,Country,2,0,2,0,1,0,0,No
2018,July,14/7/18,00.10.00,Collision with object,Friday,No,Dark,Other injury accident,100 km/hr,143.54849,-36.4865,Non-Intersection,LODDON,Country,1,0,1,0,0,0,0,No
2018,July,15/7/18,03.50.00,Collision with object,Sunday,No,Dark,Serious injury accident,80 km/hr,145.11826,-37.79922,Intersection,WHITEHORSE,Metro,1,0,1,0,0,0,0,Yes
2018,July,15/7/18,08.04.00,Collision with object,Sunday,No,Day,Serious injury accident,60 km/hr,144.80315,-37.7485,Non-Intersection,BRIMBANK,Metro,1,0,1,0,0,0,1,No
2018,July,15/7/18,12.49.00,Collision with vehicle,Sunday,No,Day,Serious injury accident,100 km/hr,144.06188,-37.84726,Intersection,GOLDEN PLAINS,Country,5,0,5,0,0,0,0,No
2018,July,15/7/18,10.08.00,Collision with vehicle,Sunday,No,Day,Other injury accident,60 km/hr,144.86121,-37.79944,Intersection,MARIBYRNONG,Metro,2,0,0,2,0,0,0,No
2018,July,15/7/18,15.00.00,No collision and no object struck,Sunday,No,Day,Other injury accident,60 km/hr,142.49832,-38.38632,Intersection,WARRNAMBOOL,Country,4,0,2,2,2,0,0,No
2018,July,15/7/18,12.50.00,Collision with object,,No,Day,Serious injury accident,60 km/hr,145.29763,-37.57559,Non-Intersection,NILLUMBIK,Metro,1,0,0,1,0,0,0,No
2018,July,15/7/18,15.44.00,Collision with vehicle,Sunday,No,Day,Serious injury accident,40 km/hr,144.99447,-37.75003,Intersection,DAREBIN,Metro,2,0,1,1,1,0,0,No
2018,July,15/7/18,16.30.00,No collision and no object struck,Sunday,No,Day,Serious injury accident,100 km/hr,144.9564,-37.26937,Non-Intersection,MITCHELL,Country,1,0,0,1,0,0,0,No
2018,July,15/7/18,15.23.00,Collision with vehicle,Sunday,No,Day,Serious injury accident,50 km/hr,144.85501,-37.75895,Non-Intersection,MOONEE VALLEY,Metro,1,0,1,0,0,0,0,Yes
2018,July,15/7/18,15.55.00,No collision and no object struck,Sunday,No,Day,Other injury accident,80 km/hr,145.32032,-38.1626,Intersection,CASEY,Metro,3,0,3,0,0,0,1,No
2018,July,15/7/18,16.35.00,Collision with vehicle,Sunday,No,Dusk/Dawn,Other injury accident,50 km/hr,144.97622,-37.69697,Non-Intersection,MORELAND,Metro,3,0,1,1,2,0,0,No
2018,July,15/7/18,16.50.00,Collision with object,Sunday,No,Day,Serious injury accident,100 km/hr,144.37068,-37.68837,Non-Intersection,MOORABOOL,Country,1,0,1,0,0,0,1,No
2018,July,15/7/18,15.40.00,Collision with object,Sunday,No,Day,Other injury accident,70 km/hr,145.08144,-37.7606,Non-Intersection,MANNINGHAM,Metro,1,0,1,0,0,0,0,No