year,month,date,time,accident_type,day,hit_run,light_condition,severity,speed_zone,longitude,latitude,node_type,lga,state_div,total_persons,fatality,males,females,passengers,old_driver,young_driver,alcohol
2018,July,15/7/18,15.50.00,Collision with vehicle,,No,Day,Serious injury accident,50 km/hr,144.69068,-37.97425,Non-Intersection,WYNDHAM,Metro,3,0,2,1,1,0,0,No
2018,July,15/7/18,18.35.00,Collision with vehicle,Sunday,No,Dark,Other injury accident,80 km/hr,145.23651,-37.90386,Non-Intersection,KNOX,Metro,7,0,2,4,4,0,0,No
2018,July,15/7/18,15.30.00,Vehicle overturned,Sunday,No,Day,Other injury accident,60 km/hr,144.28509,-36.77642,Intersection,BENDIGO,Country,1,0,1,0,0,0,0,No
2018,July,15/7/18,17.51.00,Collision with vehicle,,No,Dark,Other injury accident,50 km/hr,144.9849,-37.77428,Non-Intersection,MORELAND,Metro,2,0,1,1,0,0,0,No
2018,July,15/7/18,11.45.00,Collision with vehicle,Sunday,No,Day,Other injury accident,60 km/hr,145.36913,-37.8545,Intersection,YARRA RANGES,Metro,2,0,2,0,0,0,0,No
2018,July,15/7/18,22.16.00,Collision with object,,No,Dark,Fatal accident,80 km/hr,144.93097,-37.82539,Non-Intersection,MELBOURNE,Metro,1,1,1,0,0,0,0,No
2018,July,15/7/18,13.00.00,Collision with vehicle,Sunday,No,Day,Other injury accident,50 km/hr,144.96037,-37.70451,Intersection,MORELAND,Metro,2,0,1,1,0,0,0,No
2018,July,15/7/18,03.35.00,Collision with object,,No,Dark,Other injury accident,80 km/hr,145.34625,-38.51517,Non-Intersection,BASS COAST,Country,1,0,1,0,0,0,1,No
2018,July,15/7/18,17.15.00,No collision and no object struck,Sunday,No,Unk.,Other injury accident,40 km/hr,145.29328,-37.77407,Non-Intersection,MAROONDAH,Metro,1,0,1,0,0,0,0,No
2018,July,15/7/18,08.00.00,No collision and no object struck,Sunday,No,Unk.,Serious injury accident,50 km/hr,145.00755,-37.7324,Intersection,DAREBIN,Metro,1,0,1,0,0,0,0,No
2018,July,15/7/18,10.30.00,Collision with vehicle,,No,Day,Other injury accident,50 km/hr,144.89943,-37.76427,Non-Intersection,MOONEE VALLEY,Metro,3,0,2,1,1,0,0,No
2018,July,16/7/18,00.10.00,Collision with vehicle,Monday,No,Dark,Other injury accident,80 km/hr,145.21077,-38.03768,Non-Intersection,DANDENONG,Metro,2,0,2,0,0,0,0,Yes
2018,July,16/7/18,06.15.00,Collision with vehicle,Monday,No,Dark,Other injury accident,70 km/hr,144.95479,-37.66725,Intersection,HUME,Metro,2,0,2,0,0,0,1,No
2018,July,16/7/18,07.25.00,Vehicle overturned,Monday,No,Day,Other injury accident,100 km/hr,146.42427,-36.42082,Non-Intersection,WANGARATTA,Country,1,0,0,1,0,0,0,No
2018,July,16/7/18,07.30.00,Collision with vehicle,Monday,No,Day,Other injury accident,80 km/hr,145.26046,-38.0548,Intersection,CASEY,Metro,2,0,0,1,0,0,0,No
2018,July,16/7/18,08.40.00,Vehicle overturned,Monday,No,Day,Other injury accident,50 km/hr,145.06031,-37.78702,Off Road,BOROONDARA,Metro,1,0,1,0,0,0,0,No
2018,July,16/7/18,08.00.00,Collision with object,Monday,No,Day,Other injury accident,60 km/hr,144.29205,-37.40845,Non-Intersection,HEPBURN,Country,1,0,1,0,0,0,0,No
2018,July,16/7/18,08.58.00,Collision with vehicle,Monday,No,Day,Other injury accident,60 km/hr,145.06785,-37.92228,Intersection,GLEN EIRA,Metro,3,0,2,1,0,0,0,No
2018,July,16/7/18,18.00.00,Collision with vehicle,Monday,No,Dark,Serious injury accident,70 km/hr,145.07848,-37.78089,Non-Intersection,BOROONDARA,Metro,2,0,1,1,0,0,2,No
2018,July,16/7/18,10.53.00,Collision with vehicle,Sunday,No,Day,Other injury accident,60 km/hr,145.29767,-37.87222,Intersection,KNOX,Metro,3,0,1,2,1,1,0,No
2018,July,16/7/18,07.42.00,Collision with vehicle,Monday,No,Dusk/Dawn,Serious injury accident,80 km/hr,145.14083,-37.9774,Non-Intersection,KINGSTON,Metro,2,0,2,0,0,0,0,No
2018,July,16/7/18,11.25.00,Collision with object,Monday,Yes,Day,Serious injury accident,50 km/hr,145.06409,-37.7281,Non-Intersection,BANYULE,Metro,1,0,1,0,0,1,0,No
2018,July,16/7/18,10.09.00,Collision with vehicle,Monday,No,Day,Other injury accident,60 km/hr,145.10948,-37.87995,Intersection,MONASH,Metro,4,0,4,0,1,0,1,No
2018,July,16/7/18,06.58.00,Collision with vehicle,Monday,No,Day,Other injury accident,60 km/hr,145.19135,-37.95193,Intersection,DANDENONG,Metro,3,0,0,3,2,0,1,No
2018,July,16/7/18,10.31.00,Collision with vehicle,Monday,No,Day,Serious injury accident,80 km/hr,145.20868,-38.04829,Intersection,DANDENONG,Metro,4,0,3,1,1,0,1,No
2018,July,16/7/18,11.26.00,Collision with object,Monday,No,Day,Fatal accident,100 km/hr,146.8424,-36.6285,Non-Intersection,ALPINE,Country,1,1,0,1,0,0,0,No
2018,July,16/7/18,12.30.00,Collision with vehicle,Monday,No,Day,Serious injury accident,80 km/hr,145.11264,-37.95962,Intersection,KINGSTON,Metro,5,0,2,3,1,1,2,No
2018,July,16/7/18,14.10.00,Collision with vehicle,Monday,No,Day,Other injury accident,70 km/hr,144.74212,-37.34344,Non-Intersection,MACEDON RANGES,Country,3,0,1,2,1,0,0,No
2018,July,16/7/18,14.25.00,Collision with vehicle,Monday,No,Day,Serious injury accident,50 km/hr,145.02322,-37.89132,Non-Intersection,GLEN EIRA,Metro,2,0,1,1,0,1,0,No
2018,July,16/7/18,09.30.00,Collision with vehicle,Monday,No,Day,Serious injury accident,60 km/hr,144.89586,-37.8218,Intersection,MARIBYRNONG,Metro,3,0,2,1,1,0,0,No
2018,July,16/7/18,16.10.00,Collision with vehicle,Monday,No,Day,Other injury accident,60 km/hr,145.12286,-37.85655,Non-Intersection,MONASH,Metro,3,0,2,0,0,1,1,No
2018,July,16/7/18,18.10.00,Collision with vehicle,Monday,No,Dark,Serious injury accident,70 km/hr,145.08421,-37.7594,Non-Intersection,MANNINGHAM,Metro,2,0,0,2,0,0,1,No
2018,July,16/7/18,16.40.00,Collision with object,Sunday,No,Dusk/Dawn,Serious injury accident,80 km/hr,146.41284,-38.27874,Non-Intersection,LATROBE,Country,2,0,2,0,1,0,0,No
2018,July,16/7/18,16.25.00,Collision with object,Monday,No,Day,Other injury accident,50 km/hr,144.76797,-37.8667,Non-Intersection,HOBSONS BAY,Metro,2,0,1,1,0,0,0,No
2018,July,16/7/18,22.40.00,Collision with vehicle,Monday,No,Dark,Other injury accident,60 km/hr,145.2696,-37.81057,Intersection,MAROONDAH,Metro,2,0,1,1,0,0,0,No
2018,July,16/7/18,08.00.00,Collision with vehicle,Monday,No,Day,Other injury accident,110 km/hr,146.10803,-38.20714,Intersection,BAW BAW,Country,2,0,0,2,0,0,0,No
2018,July,16/7/18,17.53.00,Collision with vehicle,Monday,No,Dark,Other injury accident,60 km/hr,145.11462,-37.51508,Non-Intersection,WHITTLESEA,Metro,3,0,2,1,0,0,0,No
2018,July,16/7/18,15.10.00,Collision with vehicle,Monday,No,Day,Other injury accident,50 km/hr,145.01569,-37.67858,Non-Intersection,WHITTLESEA,Metro,4,0,2,2,2,0,0,No
2018,July,16/7/18,18.20.00,Collision with vehicle,Monday,No,Dusk/Dawn,Other injury accident,50 km/hr,144.95392,-37.81247,Intersection,MELBOURNE,Metro,3,0,2,1,0,0,2,No
2018,July,17/7/18,04.00.00,No collision and no object struck,Tuesday,No,Dark,Serious injury accident,60 km/hr,145.06549,-37.83236,Non-Intersection,BOROONDARA,Metro,1,0,1,0,0,0,0,No
2018,July,17/7/18,08.35.00,Collision with vehicle,Tuesday,No,Day,Other injury accident,100 km/hr,143.83685,-37.62802,Intersection,BALLARAT,Country,2,0,0,2,0,0,0,No
2018,July,17/7/18,09.10.00,Collision with vehicle,Tuesday,No,Day,Other injury accident,70 km/hr,144.99427,-37.75531,Intersection,DAREBIN,Metro,3,0,2,1,0,0,0,No
2018,July,17/7/18,13.15.00,Collision with vehicle,Tuesday,No,Day,Other injury accident,80 km/hr,145.25182,-37.92727,Intersection,KNOX,Metro,2,0,2,0,0,0,0,No
2018,July,17/7/18,10.32.00,Collision with vehicle,Tuesday,No,Day,Other injury accident,60 km/hr,145.30702,-37.84999,Intersection,KNOX,Metro,2,0,1,1,0,0,0,No
2018,July,17/7/18,07.40.00,Collision with vehicle,Monday,No,Dusk/Dawn,Other injury accident,70 km/hr,144.99411,-37.7561,Non-Intersection,DAREBIN,Metro,2,0,2,0,0,0,0,No
2018,July,17/7/18,08.45.00,Collision with vehicle,Tuesday,No,Day,Serious injury accident,40 km/hr,145.04507,-37.88915,Non-Intersection,GLEN EIRA,Metro,2,0,1,1,0,0,0,No
2018,July,17/7/18,10.05.00,Collision with vehicle,Tuesday,No,Day,Serious injury accident,80 km/hr,145.54917,-37.78794,Non-Intersection,YARRA RANGES,Metro,2,0,2,0,0,0,0,No
2018,July,17/7/18,09.40.00,Struck pedestrian,Tuesday,No,Day,Fatal accident,60 km/hr,145.06293,-37.69216,Intersection,BANYULE,Metro,2,1,2,0,0,0,0,No
2018,July,17/7/18,09.27.00,Struck pedestrian,Tuesday,Yes,Day,Other injury accident,60 km/hr,146.15143,-38.2082,Intersection,BAW BAW,Country,5,0,3,1,1,0,0,No
2018,July,17/7/18,12.10.00,Collision with vehicle,Monday,No,Day,Other injury accident,100 km/hr,144.77747,-36.33532,Non-Intersection,CAMPASPE,Country,2,0,1,1,0,1,0,No
2018,July,17/7/18,14.02.00,Collision with vehicle,Tuesday,No,Day,Serious injury accident,60 km/hr,145.02072,-37.89349,Intersection,GLEN EIRA,Metro,4,0,1,2,2,1,0,No
2018,July,17/7/18,15.53.00,Struck pedestrian,Tuesday,No,Day,Other injury accident,80 km/hr,145.0948,-38.19075,Intersection,MORNINGTON PENINSULA,Metro,3,0,0,3,0,1,0,No
2018,July,17/7/18,15.35.00,Struck pedestrian,Tuesday,No,Day,Other injury accident,50 km/hr,145.73014,-38.6307,Non-Intersection,BASS COAST,Country,2,0,0,1,0,0,0,No
2018,July,17/7/18,16.02.00,Struck pedestrian,Tuesday,No,Day,Other injury accident,40 km/hr,144.99715,-37.83968,Intersection,STONNINGTON,Metro,2,0,1,1,0,0,0,No
2018,July,17/7/18,14.50.00,Struck pedestrian,Tuesday,No,Day,Other injury accident,40 km/hr,144.9628,-37.76309,Non-Intersection,MORELAND,Metro,2,0,1,1,0,0,0,No
2018,July,17/7/18,17.18.00,Collision with vehicle,Monday,No,Unk.,Other injury accident,60 km/hr,144.9868,-37.88881,Intersection,PORT PHILLIP,Metro,2,0,1,1,0,0,1,No
2018,July,17/7/18,16.00.00,Collision with object,Monday,No,Day,Other injury accident,50 km/hr,144.92057,-37.63742,Intersection,HUME,Metro,1,0,0,1,0,0,1,No
2018,July,17/7/18,16.20.00,No collision and no object struck,Monday,No,Day,Other injury accident,40 km/hr,144.9935,-37.81794,Non-Intersection,YARRA RANGES,Metro,1,0,1,0,0,0,0,No
2018,July,17/7/18,06.15.00,Collision with vehicle,Tuesday,No,Dark,Other injury accident,70 km/hr,144.60639,-37.68528,Non-Intersection,MELTON,Metro,2,0,1,1,0,0,0,No
2018,July,17/7/18,15.32.00,Collision with vehicle,Tuesday,No,Day,Serious injury accident,50 km/hr,144.83282,-37.7546,Intersection,BRIMBANK,Metro,2,0,2,0,0,0,0,No
2018,July,17/7/18,17.10.00,Collision with vehicle,Tuesday,No,Day,Other injury accident,80 km/hr,145.18117,-38.07049,Intersection,DANDENONG,Metro,2,0,1,1,0,0,0,No
2018,July,17/7/18,16.00.00,Collision with object,Tuesday,No,Day,Other injury accident,110 km/hr,146.26447,-38.18459,Non-Intersection,LATROBE,Country,2,0,2,0,1,0,0,No
2018,July,17/7/18,16.45.00,Collision with vehicle,Tuesday,No,Day,Other injury accident,40 km/hr,144.99548,-37.81314,Non-Intersection,YARRA RANGES,Metro,2,0,2,0,0,0,0,No
2018,July,17/7/18,15.55.00,Collision with vehicle,Tuesday,No,Day,Other injury accident,60 km/hr,144.79842,-37.87578,Non-Intersection,HOBSONS BAY,Metro,3,0,1,2,0,0,0,No
2018,July,17/7/18,18.57.00,Struck pedestrian,Tuesday,Yes,Dark,Serious injury accident,60 km/hr,144.66021,-37.8974,Intersection,WYNDHAM,Metro,2,0,0,1,0,0,0,No
2018,July,17/7/18,18.19.00,Collision with vehicle,Monday,No,Dark,Other injury accident,60 km/hr,145.18843,-38.28545,Intersection,MORNINGTON PENINSULA,Metro,2,0,1,1,0,0,1,No
2018,July,17/7/18,17.08.00,Collision with vehicle,Tuesday,No,Dusk/Dawn,Other injury accident,100 km/hr,145.37833,-38.06738,Non-Intersection,CASEY,Metro,3,0,2,1,0,0,1,No
2018,July,17/7/18,18.50.00,Collision with object,Tuesday,No,Dark,Serious injury accident,100 km/hr,144.40339,-36.65494,Non-Intersection,BENDIGO,Country,1,0,1,0,0,1,0,No
2018,July,17/7/18,19.25.00,Collision with vehicle,Tuesday,No,Dark,Other injury accident,60 km/hr,145.06252,-37.80079,Intersection,BOROONDARA,Metro,3,0,1,2,1,0,1,No
2018,July,17/7/18,22.00.00,Collision with vehicle,Tuesday,No,Dark,Serious injury accident,80 km/hr,144.9992,-37.88616,Intersection,GLEN EIRA,Metro,7,0,4,2,3,0,1,No
2018,July,17/7/18,22.42.00,Collision with object,Tuesday,No,Dark,Other injury accident,50 km/hr,145.14148,-38.14095,Intersection,FRANKSTON,Metro,4,0,2,2,3,0,1,No
2018,July,17/7/18,08.40.00,Collision with vehicle,Tuesday,No,Day,Other injury accident,60 km/hr,144.73127,-37.85272,Intersection,WYNDHAM,Metro,4,0,3,1,2,0,0,No
2018,July,17/7/18,13.46.00,Collision with object,Tuesday,No,Day,Other injury accident,40 km/hr,145.97072,-38.5665,Non-Intersection,SOUTH GIPPSLAND,Country,1,0,0,1,0,0,0,No
2018,July,17/7/18,20.24.00,Struck pedestrian,Tuesday,No,Dark,Other injury accident,40 km/hr,145.00009,-37.76164,Non-Intersection,DAREBIN,Metro,2,0,1,1,0,0,0,No
2018,July,17/7/18,15.40.00,Collision with vehicle,Tuesday,Yes,Day,Other injury accident,70 km/hr,145.19497,-37.83609,Non-Intersection,WHITEHORSE,Metro,2,0,1,1,0,0,1,No
2018,July,17/7/18,15.40.00,Collision with vehicle,Tuesday,No,Day,Other injury accident,100 km/hr,144.30369,-38.18374,Non-Intersection,GEELONG,Country,3,0,1,2,1,0,0,No
2018,July,17/7/18,11.45.00,Collision with vehicle,Tuesday,No,Unk.,Other injury accident,60 km/hr,145.25842,-37.80965,Intersection,MAROONDAH,Metro,2,0,1,1,0,1,0,No
2018,July,17/7/18,19.30.00,Collision with vehicle,Tuesday,Yes,Unk.,Other injury accident,60 km/hr,144.66763,-37.87595,Intersection,WYNDHAM,Metro,2,0,1,0,0,0,0,No
2018,July,17/7/18,10.35.00,Collision with vehicle,Tuesday,No,Day,Other injury accident,50 km/hr,144.76009,-36.13151,Intersection,CAMPASPE,Country,2,0,1,1,0,0,0,No
2018,July,18/7/18,13.30.00,Collision with object,Wednesday,No,Day,Other injury accident,100 km/hr,144.30047,-36.68946,Non-Intersection,BENDIGO,Country,1,0,1,0,0,0,0,No
2018,July,18/7/18,07.15.00,Collision with object,Wednesday,No,Day,Other injury accident,80 km/hr,145.10195,-37.59264,Intersection,WHITTLESEA,Metro,1,0,0,1,0,0,0,No
2018,July,18/7/18,08.35.00,Struck pedestrian,Wednesday,No,Day,Other injury accident,60 km/hr,144.72527,-37.58044,Non-Intersection,HUME,Metro,2,0,0,2,0,0,0,No
2018,July,18/7/18,08.45.00,Collision with vehicle,Wednesday,No,Day,Other injury accident,60 km/hr,145.31573,-38.07202,Intersection,CASEY,Metro,4,0,1,3,2,0,2,No
2018,July,18/7/18,10.42.00,Struck pedestrian,Wednesday,Yes,Day,Other injury accident,50 km/hr,145.03711,-38.22923,Intersection,MORNINGTON PENINSULA,Metro,2,0,1,0,0,0,0,No
2018,July,18/7/18,12.40.00,Collision with vehicle,Tuesday,No,Day,Serious injury accident,50 km/hr,144.90692,-38.36361,Intersection,MORNINGTON PENINSULA,Metro,2,0,1,1,0,0,0,No
2018,July,18/7/18,11.04.00,Collision with object,Wednesday,No,Day,Other injury accident,60 km/hr,144.73975,-37.72671,Non-Intersection,MELTON,Metro,1,0,1,0,0,1,0,No
2018,July,18/7/18,13.20.00,Collision with vehicle,Wednesday,No,Day,Other injury accident,60 km/hr,144.35209,-38.15021,Intersection,GEELONG,Country,2,0,1,1,0,1,0,No
2018,July,18/7/18,13.03.00,Collision with vehicle,Wednesday,No,Day,Other injury accident,50 km/hr,144.92591,-37.69056,Non-Intersection,HUME,Metro,4,0,1,3,2,0,0,No
2018,July,18/7/18,08.40.00,Collision with vehicle,Wednesday,No,Day,Other injury accident,60 km/hr,144.8969,-37.81597,Intersection,MARIBYRNONG,Metro,2,0,1,1,0,0,0,No
2018,July,18/7/18,14.15.00,Collision with vehicle,Wednesday,No,Day,Other injury accident,60 km/hr,145.116,-37.81156,Intersection,WHITEHORSE,Metro,2,0,1,1,0,0,1,No
2018,July,18/7/18,14.00.00,Collision with object,Wednesday,No,Day,Other injury accident,80 km/hr,145.56664,-38.17785,Intersection,CARDINIA,Metro,2,0,1,1,1,0,0,No
2018,July,18/7/18,17.00.00,Collision with vehicle,Tuesday,No,Dark,Other injury accident,100 km/hr,144.79421,-37.7769,Non-Intersection,BRIMBANK,Metro,2,0,2,0,0,0,0,No
2018,July,18/7/18,10.10.00,Collision with object,Tuesday,No,Day,Serious injury accident,100 km/hr,145.46448,-38.48615,Non-Intersection,BASS COAST,Country,1,0,1,0,0,0,1,No
2018,July,18/7/18,15.30.00,Collision with vehicle,Wednesday,No,Day,Serious injury accident,100 km/hr,145.24981,-38.01334,Non-Intersection,DANDENONG,Metro,4,0,2,2,0,0,0,No
2018,July,18/7/18,18.00.00,Collision with vehicle,Wednesday,No,Dark,Other injury accident,50 km/hr,144.89701,-37.86179,Intersection,HOBSONS BAY,Metro,2,0,1,1,0,0,1,No
2018,July,18/7/18,17.20.00,Collision with vehicle,Wednesday,No,Dusk/Dawn,Other injury accident,50 km/hr,144.96542,-37.83305,Intersection,PORT PHILLIP,Metro,2,0,2,0,0,0,0,No
2018,July,18/7/18,17.56.00,Collision with vehicle,Wednesday,No,Dark,Serious injury accident,60 km/hr,145.14191,-37.80165,Intersection,WHITEHORSE,Metro,2,0,2,0,0,0,1,No
2018,July,18/7/18,20.42.00,Vehicle overturned,Wednesday,No,Dark,Other injury accident,100 km/hr,144.52946,-37.47749,Non-Intersection,MACEDON RANGES,Country,1,0,1,0,0,0,0,No
2018,July,18/7/18,16.40.00,Collision with object,Wednesday,No,Day,Fatal accident,80 km/hr,144.35443,-38.10202,Non-Intersection,GEELONG,Country,2,1,2,0,1,0,0,No
2018,July,18/7/18,22.11.00,Vehicle overturned,Wednesday,No,Dark,Serious injury accident,100 km/hr,143.79453,-35.59912,Non-Intersection,GANNAWARRA,Country,2,0,2,0,1,0,0,No
2018,July,18/7/18,18.47.00,Collision with vehicle,Wednesday,No,Dark,Other injury accident,60 km/hr,144.97673,-37.75042,Non-Intersection,MORELAND,Metro,4,0,3,1,0,0,1,No
2018,July,18/7/18,18.30.00,Collision with vehicle,Wednesday,No,Dark,Other injury accident,60 km/hr,144.95885,-37.75482,Non-Intersection,MORELAND,Metro,3,0,2,1,0,0,2,No
2018,July,18/7/18,12.30.00,Struck pedestrian,Wednesday,No,Day,Other injury accident,60 km/hr,145.28535,-37.84824,Non-Intersection,KNOX,Metro,2,0,2,0,0,0,0,No
2018,July,18/7/18,17.30.00,Collision with vehicle,Wednesday,No,Dusk/Dawn,Other injury accident,60 km/hr,145.29122,-38.10625,Non-Intersection,CASEY,Metro,4,0,2,2,2,0,0,No
2018,July,18/7/18,22.31.00,Collision with object,Wednesday,No,Dark,Serious injury accident,60 km/hr,144.97615,-37.82309,Non-Intersection,MELBOURNE,Metro,1,0,1,0,0,1,0,No
2018,July,18/7/18,08.25.00,Collision with vehicle,Tuesday,No,Day,Other injury accident,50 km/hr,144.2921,-36.7691,Non-Intersection,BENDIGO,Country,2,0,1,1,0,0,0,No
2018,July,19/7/18,08.30.00,Collision with vehicle,Thursday,No,Day,Other injury accident,100 km/hr,144.87152,-37.7189,Non-Intersection,BRIMBANK,Metro,4,0,4,0,0,0,0,No
2018,July,19/7/18,09.15.00,Collision with vehicle,Thursday,No,Day,Other injury accident,60 km/hr,145.12014,-38.14534,Intersection,FRANKSTON,Metro,3,0,1,2,0,0,0,No
2018,July,19/7/18,18.45.00,Collision with vehicle,Thursday,No,Dark,Other injury accident,60 km/hr,145.00758,-37.8781,Non-Intersection,GLEN EIRA,Metro,2,0,1,0,0,0,0,No
2018,July,19/7/18,09.45.00,Collision with vehicle,Thursday,No,Day,Other injury accident,100 km/hr,142.31486,-38.35562,Non-Intersection,MOYNE,Country,4,0,2,2,2,0,0,No
2018,July,19/7/18,10.30.00,Collision with vehicle,Thursday,No,Day,Other injury accident,80 km/hr,144.95236,-37.65107,Intersection,HUME,Metro,2,0,2,0,0,0,0,No
2018,July,19/7/18,06.30.00,Struck pedestrian,Thursday,No,Dark,Serious injury accident,60 km/hr,144.82916,-37.01397,Non-Intersection,MITCHELL,Country,1,0,0,1,0,0,0,No
2018,July,19/7/18,12.45.00,Collision with vehicle,Thursday,No,Day,Other injury accident,60 km/hr,144.36934,-38.17635,Intersection,GEELONG,Country,2,0,1,1,0,1,0,No
2018,July,19/7/18,12.05.00,Collision with vehicle,Wednesday,No,Day,Other injury accident,60 km/hr,145.95026,-38.48366,Non-Intersection,SOUTH GIPPSLAND,Country,1,0,0,1,0,0,0,No
2018,July,19/7/18,11.07.00,Collision with object,Thursday,No,Day,Other injury accident,100 km/hr,145.79638,-38.17494,Non-Intersection,BAW BAW,Country,1,0,1,0,0,0,0,No
2018,July,19/7/18,13.25.00,Collision with vehicle,Thursday,No,Day,Serious injury accident,80 km/hr,145.22715,-37.84763,Intersection,KNOX,Metro,6,0,3,2,4,0,0,No
2018,July,19/7/18,12.24.00,Collision with vehicle,Thursday,No,Day,Other injury accident,70 km/hr,144.74977,-37.81866,Intersection,WYNDHAM,Metro,2,0,2,0,0,0,0,No
2018,July,19/7/18,10.40.00,Struck pedestrian,Thursday,Yes,Day,Other injury accident,60 km/hr,144.91614,-37.70628,Intersection,MORELAND,Metro,2,0,1,0,0,0,0,No
2018,July,19/7/18,12.55.00,Collision with vehicle,Thursday,No,Day,Serious injury accident,80 km/hr,143.45642,-38.34509,Intersection,COLAC OTWAY,Country,7,0,2,5,4,0,1,No
2018,July,19/7/18,14.30.00,Collision with object,Wednesday,No,Day,Serious injury accident,100 km/hr,145.73601,-36.98875,Non-Intersection,MANSFIELD,Country,2,0,1,1,1,0,0,No
2018,July,19/7/18,12.40.00,Collision with object,Wednesday,No,Day,Other injury accident,110 km/hr,146.71194,-36.08948,Non-Intersection,WODONGA,Country,2,0,1,1,1,0,0,No
2018,July,19/7/18,12.54.00,Collision with vehicle,Thursday,No,Day,Other injury accident,100 km/hr,145.43097,-38.52175,Intersection,BASS COAST,Country,2,0,2,0,0,1,0,No
2018,July,19/7/18,15.40.00,Collision with vehicle,Thursday,No,Day,Serious injury accident,80 km/hr,145.18453,-38.00027,Non-Intersection,DANDENONG,Metro,3,0,1,2,0,1,0,No
2018,July,19/7/18,15.45.00,Collision with vehicle,Thursday,No,Day,Other injury accident,60 km/hr,142.16589,-34.23142,Intersection,MILDURA,Country,2,0,0,2,0,0,0,No
2018,July,19/7/18,15.15.00,Collision with object,Wednesday,No,Day,Serious injury accident,80 km/hr,144.84919,-37.58627,Non-Intersection,HUME,Metro,1,0,1,0,0,0,0,No
2018,July,19/7/18,16.33.00,Struck pedestrian,Thursday,No,Dusk/Dawn,Other injury accident,50 km/hr,143.84196,-37.56447,Non-Intersection,BALLARAT,Country,4,0,1,3,2,0,1,No
2018,July,19/7/18,17.50.00,Struck pedestrian,Thursday,No,Dark,Serious injury accident,50 km/hr,145.04172,-37.95027,Intersection,BAYSIDE,Metro,2,0,1,1,0,1,0,No
2018,July,19/7/18,17.46.00,Collision with vehicle,Thursday,No,Dusk/Dawn,Other injury accident,50 km/hr,144.26666,-36.74006,Non-Intersection,BENDIGO,Country,1,0,1,0,0,0,0,No
2018,July,19/7/18,17.26.00,Collision with vehicle,Thursday,No,Dusk/Dawn,Other injury accident,80 km/hr,144.84099,-37.8252,Non-Intersection,HOBSONS BAY,Metro,2,0,1,1,0,0,0,No
2018,July,19/7/18,18.28.00,Struck pedestrian,Thursday,No,Dark,Other injury accident,40 km/hr,144.35635,-38.15065,Intersection,GEELONG,Country,4,0,4,0,1,0,1,No
2018,July,19/7/18,19.03.00,Collision with vehicle,Thursday,No,Dark,Other injury accident,60 km/hr,144.91995,-37.68188,Non-Intersection,HUME,Metro,2,0,2,0,0,0,1,No
2018,July,19/7/18,20.22.00,Collision with vehicle,Thursday,No,Dark,Other injury accident,50 km/hr,146.32424,-36.38226,Non-Intersection,WANGARATTA,Country,1,0,0,1,0,0,1,No
2018,July,19/7/18,18.00.00,Collision with vehicle,Wednesday,No,Dark,Serious injury accident,80 km/hr,142.92023,-37.26919,Non-Intersection,ARARAT,Country,4,0,2,2,1,0,0,No
2018,July,19/7/18,04.44.00,Collision with object,Thursday,No,Dark,Other injury accident,100 km/hr,143.95539,-38.25352,Non-Intersection,SURF COAST,Country,3,0,3,0,0,0,0,Yes
2018,July,19/7/18,18.05.00,Collision with vehicle,Thursday,No,Dark,Other injury accident,50 km/hr,145.17014,-37.7948,Intersection,MANNINGHAM,Metro,3,0,1,2,1,0,2,No
2018,July,19/7/18,18.15.00,Struck pedestrian,Thursday,No,Dark,Serious injury accident,40 km/hr,144.94951,-37.81839,Non-Intersection,MELBOURNE,Metro,2,0,1,1,0,0,0,No
2018,July,19/7/18,19.34.00,Collision with object,Wednesday,No,Dark,Serious injury accident,60 km/hr,144.81874,-37.80579,Intersection,BRIMBANK,Metro,1,0,0,1,0,0,0,No
2018,July,19/7/18,20.26.00,Vehicle overturned,Thursday,No,Unk.,Serious injury accident,60 km/hr,145.04465,-37.85353,Non-Intersection,STONNINGTON,Metro,1,0,1,0,0,0,0,No
2018,July,19/7/18,07.15.00,Collision with vehicle,Thursday,No,Dusk/Dawn,Other injury accident,60 km/hr,145.00977,-37.81145,Intersection,YARRA RANGES,Metro,2,0,2,0,0,0,0,No
2018,July,19/7/18,08.12.00,Collision with vehicle,Thursday,No,Day,Other injury accident,80 km/hr,145.17068,-38.15634,Intersection,FRANKSTON,Metro,2,0,0,2,0,1,0,No
2018,July,19/7/18,18.30.00,Collision with vehicle,Thursday,No,Dark,Other injury accident,60 km/hr,145.14989,-38.19693,Non-Intersection,MORNINGTON PENINSULA,Metro,2,0,0,1,0,0,0,No
2018,July,20/7/18,16.15.00,Collision with vehicle,Friday,No,Unk.,Other injury accident,40 km/hr,144.96458,-37.81161,Non-Intersection,MELBOURNE,Metro,2,0,1,1,0,0,0,No
2018,July,20/7/18,20.26.00,Collision with vehicle,Friday,No,Dark,Other injury accident,100 km/hr,144.57014,-37.96139,Non-Intersection,WYNDHAM,Metro,6,0,4,0,4,0,0,Yes
2018,July,20/7/18,20.50.00,Struck pedestrian,Friday,No,Dark,Serious injury accident,60 km/hr,144.97896,-37.84489,Intersection,MELBOURNE,Metro,2,0,1,1,0,1,0,No
2018,July,20/7/18,19.17.00,Collision with object,Friday,No,Dark,Serious injury accident,60 km/hr,144.7006,-37.87938,Non-Intersection,WYNDHAM,Metro,1,0,0,1,0,0,1,No
2018,July,20/7/18,13.38.00,Collision with vehicle,Friday,No,Day,Other injury accident,50 km/hr,145.19242,-37.94183,Intersection,DANDENONG,Metro,2,0,1,0,0,0,1,No
2018,July,20/7/18,16.13.00,Collision with vehicle,Friday,No,Day,Other injury accident,70 km/hr,145.02296,-37.9018,Non-Intersection,GLEN EIRA,Metro,2,0,0,2,0,0,0,No