year,month,date,time,accident_type,day,hit_run,light_condition,severity,speed_zone,longitude,latitude,node_type,lga,state_div,total_persons,fatality,males,females,passengers,old_driver,young_driver,alcohol
2018,July,20/7/18,17.00.00,Collision with vehicle,Friday,No,Day,Other injury accident,100 km/hr,145.33113,-38.19472,Intersection,CASEY,Metro,2,0,1,1,0,0,1,No
2018,July,20/7/18,07.00.00,Collision with vehicle,Friday,No,Dark,Other injury accident,60 km/hr,145.01935,-37.77171,Intersection,DAREBIN,Metro,3,0,3,0,0,0,1,No
2018,July,20/7/18,06.20.00,Collision with vehicle,Friday,No,Dark,Other injury accident,80 km/hr,145.2146,-38.14029,Intersection,FRANKSTON,Metro,2,0,2,0,0,0,0,No
2018,July,20/7/18,08.05.00,Struck pedestrian,Friday,No,Day,Other injury accident,80 km/hr,145.16575,-37.88003,Intersection,MONASH,Metro,2,0,2,0,0,0,0,No
2018,July,20/7/18,05.57.00,Collision with vehicle,Friday,No,Dark,Other injury accident,50 km/hr,144.97034,-37.82326,Intersection,MELBOURNE,Metro,2,0,0,1,0,0,0,No
2018,July,20/7/18,09.10.00,Collision with vehicle,Friday,No,Day,Other injury accident,50 km/hr,145.40799,-36.36462,Intersection,SHEPPARTON,Country,2,0,0,2,0,0,0,No
2018,July,20/7/18,09.26.00,Collision with vehicle,Friday,No,Day,Other injury accident,60 km/hr,145.05883,-37.69784,Intersection,WHITTLESEA,Metro,2,0,1,1,0,0,1,No
2018,July,20/7/18,07.20.00,Collision with vehicle,Friday,No,Day,Other injury accident,80 km/hr,144.65946,-37.80095,Intersection,WYNDHAM,Metro,2,0,2,0,0,0,2,No
2018,July,20/7/18,09.45.00,Collision with vehicle,Thursday,No,Day,Other injury accident,60 km/hr,146.90149,-36.13774,Non-Intersection,WODONGA,Country,3,0,1,2,1,0,0,No
2018,July,20/7/18,08.15.00,Collision with object,Friday,No,Day,Serious injury accident,100 km/hr,145.51392,-36.69971,Non-Intersection,STRATHBOGIE,Country,1,0,0,1,0,0,1,No
2018,July,20/7/18,11.30.00,Collision with vehicle,Friday,No,Day,Other injury accident,50 km/hr,145.09321,-37.89919,Intersection,MONASH,Metro,2,0,2,0,0,2,0,No
2018,July,20/7/18,09.55.00,Collision with vehicle,Friday,No,Day,Fatal accident,80 km/hr,144.18549,-37.33048,Intersection,HEPBURN,Country,4,1,3,1,2,1,0,No
2018,July,20/7/18,09.00.00,Collision with vehicle,Friday,No,Day,Other injury accident,80 km/hr,145.22875,-37.84791,Intersection,KNOX,Metro,5,0,3,1,3,0,0,No
2018,July,20/7/18,13.10.00,Collision with vehicle,Friday,No,Day,Other injury accident,60 km/hr,144.56665,-37.68442,Intersection,MELTON,Metro,2,0,0,2,0,0,0,No
2018,July,20/7/18,13.45.00,Collision with vehicle,Friday,No,Day,Other injury accident,80 km/hr,144.92291,-37.66176,Non-Intersection,HUME,Metro,4,0,1,3,1,0,0,No
2018,July,20/7/18,13.10.00,Collision with vehicle,Friday,No,Day,Serious injury accident,80 km/hr,145.25523,-38.04708,Intersection,CASEY,Metro,3,0,2,1,1,0,1,No
2018,July,20/7/18,13.00.00,Collision with vehicle,Friday,No,Day,Other injury accident,60 km/hr,145.16604,-37.8371,Intersection,WHITEHORSE,Metro,3,0,1,0,0,0,0,No
2018,July,20/7/18,13.06.00,Collision with vehicle,Friday,No,Day,Other injury accident,80 km/hr,144.94672,-37.64286,Intersection,HUME,Metro,5,0,2,2,3,0,1,No
2018,July,20/7/18,15.40.00,Collision with object,Friday,No,Day,Other injury accident,80 km/hr,146.37556,-38.23265,Non-Intersection,LATROBE,Country,1,0,1,0,0,0,1,No
2018,July,20/7/18,13.30.00,Collision with vehicle,Thursday,No,Day,Other injury accident,60 km/hr,145.21076,-37.74513,Non-Intersection,MANNINGHAM,Metro,4,0,3,1,1,0,1,No
2018,July,20/7/18,15.51.00,Collision with vehicle,Friday,No,Day,Serious injury accident,60 km/hr,145.04411,-37.82742,Intersection,BOROONDARA,Metro,2,0,2,0,0,0,0,No
2018,July,20/7/18,14.18.00,Collision with vehicle,Friday,No,Day,Serious injury accident,80 km/hr,144.30501,-38.09738,Intersection,GEELONG,Country,3,0,2,1,0,0,1,No
2018,July,20/7/18,18.10.00,Collision with vehicle,Thursday,No,Dark,Other injury accident,60 km/hr,143.84206,-37.57961,Intersection,BALLARAT,Country,6,0,5,1,4,0,1,No
2018,July,20/7/18,14.50.00,Vehicle overturned,Friday,No,Day,Other injury accident,60 km/hr,145.01049,-37.86042,Intersection,GLEN EIRA,Metro,1,0,1,0,0,0,0,No
2018,July,20/7/18,17.45.00,Collision with vehicle,Friday,No,Day,Other injury accident,60 km/hr,145.04017,-37.74136,Intersection,BANYULE,Metro,4,0,0,2,2,0,0,No
2018,July,20/7/18,16.15.00,Collision with object,Thursday,No,Day,Serious injury accident,60 km/hr,143.93356,-37.57856,Non-Intersection,MOORABOOL,Country,1,0,1,0,0,0,0,No
2018,July,20/7/18,18.36.00,Collision with vehicle,Friday,No,Dark,Other injury accident,80 km/hr,145.45533,-38.06178,Intersection,CARDINIA,Metro,2,0,1,1,0,0,1,No
2018,July,20/7/18,17.08.00,Collision with vehicle,Friday,No,Day,Other injury accident,80 km/hr,145.36114,-37.96118,Intersection,YARRA RANGES,Metro,2,0,1,1,0,1,0,No
2018,July,20/7/18,18.10.00,Collision with vehicle,Thursday,No,Dark,Other injury accident,80 km/hr,145.4431,-36.39147,Non-Intersection,SHEPPARTON,Country,4,0,3,1,2,0,0,No
2018,July,20/7/18,17.50.00,Collision with object,Friday,No,Dark,Other injury accident,50 km/hr,144.94159,-37.66219,Non-Intersection,HUME,Metro,1,0,1,0,0,0,0,No
2018,July,20/7/18,18.10.00,Collision with vehicle,Friday,No,Dark,Other injury accident,40 km/hr,144.28437,-36.76229,Intersection,BENDIGO,Country,2,0,1,1,0,0,0,No
2018,July,21/7/18,01.00.00,Collision with vehicle,Saturday,Yes,Dark,Other injury accident,100 km/hr,144.64174,-37.71692,Non-Intersection,MELTON,Metro,4,0,2,0,2,0,1,No
2018,July,21/7/18,07.00.00,Collision with object,Saturday,No,Dusk/Dawn,Other injury accident,60 km/hr,144.56567,-37.69808,Non-Intersection,MELTON,Metro,1,0,0,1,0,0,1,No
2018,July,21/7/18,11.00.00,Struck pedestrian,Friday,No,Day,Other injury accident,40 km/hr,144.97359,-37.86201,Intersection,PORT PHILLIP,Metro,2,0,2,0,0,0,0,No
2018,July,21/7/18,12.30.00,Collision with object,Saturday,No,Day,Other injury accident,80 km/hr,145.44904,-36.36471,Non-Intersection,SHEPPARTON,Country,2,0,1,1,1,0,0,No
2018,July,21/7/18,10.49.00,Collision with vehicle,Saturday,No,Day,Other injury accident,80 km/hr,145.46197,-36.36468,Intersection,SHEPPARTON,Country,4,0,0,4,2,0,0,No
2018,July,21/7/18,11.57.00,Collision with object,Saturday,No,Day,Serious injury accident,40 km/hr,146.1696,-38.23514,Non-Intersection,BAW BAW,Country,1,0,1,0,0,0,1,No
2018,July,21/7/18,10.20.00,Collision with vehicle,Saturday,No,Day,Other injury accident,50 km/hr,145.47519,-38.07168,Intersection,CARDINIA,Metro,4,0,2,2,2,0,0,No
2018,July,21/7/18,12.30.00,Collision with vehicle,Saturday,No,Day,Other injury accident,60 km/hr,145.08924,-37.63199,Intersection,WHITTLESEA,Metro,3,0,1,2,1,0,0,No
2018,July,21/7/18,12.15.00,Collision with vehicle,Saturday,No,Day,Serious injury accident,100 km/hr,144.72573,-37.87611,Non-Intersection,WYNDHAM,Metro,4,0,3,1,0,1,0,No
2018,July,21/7/18,12.35.00,Collision with vehicle,Saturday,No,Day,Serious injury accident,60 km/hr,145.12151,-37.65065,Intersection,NILLUMBIK,Metro,3,0,1,2,1,0,0,No
2018,July,21/7/18,12.10.00,Vehicle overturned,Saturday,No,Day,Serious injury accident,60 km/hr,145.33921,-37.53857,Non-Intersection,MURRINDINDI,Country,1,0,1,0,0,0,0,No
2018,July,21/7/18,16.45.00,Struck pedestrian,Saturday,No,Day,Other injury accident,50 km/hr,145.25616,-38.45933,Non-Intersection,BASS COAST,Country,2,0,0,2,0,0,0,No
2018,July,21/7/18,10.20.00,Collision with vehicle,Saturday,No,Day,Other injury accident,80 km/hr,145.30807,-37.8206,Non-Intersection,MAROONDAH,Metro,2,0,2,0,0,0,0,No
2018,July,21/7/18,19.47.00,Collision with object,Saturday,No,Dark,Other injury accident,50 km/hr,146.26351,-38.17352,Non-Intersection,LATROBE,Country,1,0,1,0,0,0,0,No
2018,July,21/7/18,15.20.00,Other accident,Saturday,No,Day,Serious injury accident,60 km/hr,144.95589,-37.80587,Intersection,MELBOURNE,Metro,4,0,1,3,0,0,0,No
2018,July,21/7/18,23.20.00,Collision with vehicle,Saturday,No,Dark,Serious injury accident,60 km/hr,145.04115,-37.81521,Non-Intersection,BOROONDARA,Metro,3,0,2,1,1,0,0,Yes
2018,July,21/7/18,14.00.00,Struck animal,Saturday,No,Day,Serious injury accident,100 km/hr,144.63954,-37.16245,Non-Intersection,MACEDON RANGES,Country,1,0,1,0,0,0,0,No
2018,July,21/7/18,18.07.00,Collision with vehicle,Saturday,No,Dark,Other injury accident,60 km/hr,147.08451,-38.09554,Intersection,WELLINGTON,Country,4,0,2,2,2,0,2,No
2018,July,21/7/18,13.00.00,Collision with vehicle,Saturday,No,Day,Other injury accident,60 km/hr,144.68289,-37.87759,Intersection,WYNDHAM,Metro,2,0,1,1,0,0,0,No
2018,July,22/7/18,00.53.00,Struck pedestrian,Sunday,No,Dark,Other injury accident,40 km/hr,144.99337,-37.85185,Intersection,STONNINGTON,Metro,4,0,1,0,2,0,0,No
2018,July,22/7/18,01.27.00,Collision with object,Sunday,No,Dark,Other injury accident,60 km/hr,144.92859,-37.60656,Intersection,HUME,Metro,1,0,1,0,0,0,0,Yes
2018,July,22/7/18,01.40.00,Collision with vehicle,Sunday,Yes,Dark,Other injury accident,50 km/hr,144.9147,-37.6627,Non-Intersection,HUME,Metro,3,0,1,0,1,0,0,Yes
2018,July,22/7/18,07.09.00,Collision with vehicle,Sunday,No,Dusk/Dawn,Serious injury accident,80 km/hr,145.14079,-38.0108,Intersection,KINGSTON,Metro,2,0,1,1,0,0,0,No
2018,July,22/7/18,07.10.00,Collision with object,Sunday,No,Day,Other injury accident,50 km/hr,145.06307,-37.78702,Intersection,BOROONDARA,Metro,1,0,0,1,0,0,0,No
2018,July,22/7/18,10.05.00,Collision with vehicle,,No,Day,Other injury accident,50 km/hr,142.48261,-38.39245,Non-Intersection,WARRNAMBOOL,Country,2,0,2,0,0,0,0,No
2018,July,22/7/18,10.01.00,Collision with vehicle,Sunday,No,Day,Serious injury accident,50 km/hr,144.88317,-37.73396,Intersection,MOONEE VALLEY,Metro,2,0,2,0,0,0,0,No
2018,July,22/7/18,11.43.00,Struck pedestrian,Sunday,No,Day,Other injury accident,50 km/hr,145.15018,-38.15258,Non-Intersection,FRANKSTON,Metro,2,0,0,2,0,0,0,No
2018,July,22/7/18,12.45.00,Collision with vehicle,Sunday,No,Day,Other injury accident,60 km/hr,144.93607,-37.75215,Intersection,MORELAND,Metro,6,0,4,2,4,0,0,No
2018,July,22/7/18,13.25.00,Collision with vehicle,Sunday,No,Day,Other injury accident,80 km/hr,144.34526,-36.79988,Non-Intersection,BENDIGO,Country,2,0,2,0,0,0,1,No
2018,July,22/7/18,14.25.00,No collision and no object struck,Sunday,No,Day,Other injury accident,50 km/hr,145.08646,-37.97273,Non-Intersection,KINGSTON,Metro,3,0,3,0,1,0,1,No
2018,July,22/7/18,14.45.00,Collision with vehicle,Sunday,No,Day,Other injury accident,80 km/hr,145.32197,-38.0281,Intersection,CASEY,Metro,2,0,0,2,0,0,1,No
2018,July,22/7/18,11.45.00,Collision with vehicle,Sunday,No,Day,Other injury accident,60 km/hr,145.0274,-37.63127,Non-Intersection,WHITTLESEA,Metro,5,0,4,1,3,0,0,No
2018,July,22/7/18,09.42.00,Vehicle overturned,Sunday,No,Day,Other injury accident,80 km/hr,145.90494,-38.14985,Intersection,BAW BAW,Country,1,0,1,0,0,0,0,No
2018,July,22/7/18,11.49.00,Collision with vehicle,Sunday,No,Day,Other injury accident,40 km/hr,144.99582,-37.84709,Non-Intersection,STONNINGTON,Metro,2,0,1,1,0,0,1,No
2018,July,22/7/18,16.10.00,Struck pedestrian,Sunday,No,Day,Serious injury accident,70 km/hr,144.84971,-37.72446,Intersection,BRIMBANK,Metro,3,0,1,2,0,0,0,No
2018,July,22/7/18,14.20.00,Vehicle overturned,Sunday,No,Day,Other injury accident,100 km/hr,145.82329,-37.53028,Non-Intersection,MURRINDINDI,Country,1,0,1,0,0,0,0,No
2018,July,22/7/18,17.06.00,Struck pedestrian,Sunday,No,Dusk/Dawn,Serious injury accident,60 km/hr,144.94802,-37.8475,Non-Intersection,PORT PHILLIP,Metro,3,0,1,2,0,0,0,No
2018,July,22/7/18,18.31.00,Collision with vehicle,Sunday,No,Dark,Serious injury accident,110 km/hr,144.38853,-37.13208,Non-Intersection,MOUNT ALEXANDER,Country,3,0,2,1,0,0,2,No
2018,July,22/7/18,21.59.00,Collision with vehicle,Sunday,No,Dark,Other injury accident,80 km/hr,144.8288,-37.71149,Non-Intersection,BRIMBANK,Metro,3,0,2,1,0,0,1,No
2018,July,22/7/18,23.20.00,Collision with vehicle,Sunday,No,Dark,Other injury accident,60 km/hr,144.97059,-37.82084,Non-Intersection,MELBOURNE,Metro,4,0,2,2,2,0,0,No
2018,July,22/7/18,17.44.00,Collision with vehicle,,No,Dark,Serious injury accident,60 km/hr,145.14294,-37.68677,Intersection,BANYULE,Metro,2,0,1,1,0,0,1,No
2018,July,22/7/18,18.58.00,Collision with vehicle,Sunday,No,Dark,Other injury accident,80 km/hr,144.89903,-37.82991,Non-Intersection,MELBOURNE,Metro,3,0,2,1,0,0,1,No
2018,July,23/7/18,06.40.00,Struck pedestrian,Monday,Yes,Dusk/Dawn,Serious injury accident,60 km/hr,145.04776,-37.75178,Non-Intersection,BANYULE,Metro,3,0,2,0,0,0,0,No
2018,July,23/7/18,06.30.00,Collision with vehicle,Monday,No,Unk.,Serious injury accident,60 km/hr,144.9948,-37.78548,Intersection,YARRA RANGES,Metro,2,0,2,0,0,0,0,No
2018,July,23/7/18,09.00.00,Collision with vehicle,Monday,No,Day,Other injury accident,60 km/hr,144.92039,-37.62029,Intersection,HUME,Metro,6,0,0,6,4,0,0,No
2018,July,23/7/18,09.54.00,Collision with vehicle,Monday,No,Day,Serious injury accident,80 km/hr,145.30939,-38.01391,Intersection,CASEY,Metro,2,0,0,2,0,0,0,No
2018,July,23/7/18,02.29.00,Collision with object,Monday,No,Dark,Serious injury accident,50 km/hr,144.7128,-37.57473,Non-Intersection,HUME,Metro,3,0,1,0,1,0,1,No
2018,July,23/7/18,09.15.00,Collision with object,Monday,No,Day,Other injury accident,60 km/hr,144.9795,-37.85358,Intersection,PORT PHILLIP,Metro,1,0,1,0,0,0,0,No
2018,July,23/7/18,09.05.00,Collision with vehicle,Monday,No,Day,Other injury accident,60 km/hr,145.081,-37.98318,Intersection,KINGSTON,Metro,2,0,1,1,0,0,0,No
2018,July,23/7/18,11.12.00,Struck pedestrian,Monday,No,Day,Serious injury accident,60 km/hr,144.57026,-37.70242,Non-Intersection,MELTON,Metro,2,0,2,0,0,0,0,No
2018,July,23/7/18,16.55.00,Vehicle overturned,Monday,No,Day,Other injury accident,50 km/hr,145.65183,-35.92597,Intersection,MOIRA,Country,1,0,1,0,0,0,0,No
2018,July,23/7/18,16.40.00,Collision with object,Monday,No,Day,Serious injury accident,100 km/hr,144.12893,-37.09535,Non-Intersection,MOUNT ALEXANDER,Country,1,0,1,0,0,0,0,No
2018,July,23/7/18,18.20.00,Collision with vehicle,Monday,No,Dark,Other injury accident,100 km/hr,145.03931,-37.68756,Non-Intersection,WHITTLESEA,Metro,4,0,3,1,0,0,1,No
2018,July,23/7/18,14.45.00,Collision with vehicle,Monday,Yes,Day,Other injury accident,40 km/hr,144.96136,-37.81032,Intersection,MELBOURNE,Metro,2,0,1,0,0,0,0,No
2018,July,23/7/18,16.00.00,Collision with vehicle,Monday,No,Day,Other injury accident,60 km/hr,147.62681,-37.82678,Intersection,EAST GIPPSLAND,Country,2,0,0,2,0,0,1,No
2018,July,23/7/18,18.00.00,Collision with vehicle,Sunday,No,Day,Other injury accident,60 km/hr,144.94778,-37.82612,Intersection,MELBOURNE,Metro,2,0,1,1,0,0,0,No
2018,July,23/7/18,21.45.00,Collision with object,Monday,No,Dark,Other injury accident,60 km/hr,145.21679,-37.72925,Non-Intersection,NILLUMBIK,Metro,1,0,1,0,0,0,0,No
2018,July,23/7/18,21.00.00,Collision with vehicle,Monday,Yes,Dark,Serious injury accident,50 km/hr,145.27532,-38.00977,Off Road,CASEY,Metro,1,0,1,0,0,0,1,Yes
2018,July,23/7/18,18.34.00,Collision with vehicle,Monday,No,Dark,Other injury accident,70 km/hr,145.00246,-37.68763,Intersection,WHITTLESEA,Metro,3,0,2,1,1,0,1,No
2018,July,23/7/18,05.30.00,Collision with object,Monday,No,Dark,Serious injury accident,60 km/hr,143.96914,-37.63767,Non-Intersection,MOORABOOL,Country,1,0,1,0,0,0,1,No
2018,July,23/7/18,09.51.00,Collision with vehicle,Sunday,Not known,Day,Other injury accident,80 km/hr,144.84451,-37.81804,Non-Intersection,BRIMBANK,Metro,2,0,1,0,0,0,0,No
2018,July,23/7/18,08.40.00,Collision with vehicle,Monday,No,Day,Other injury accident,80 km/hr,144.94098,-37.82549,Non-Intersection,MELBOURNE,Metro,2,0,2,0,0,0,0,No
2018,July,24/7/18,18.45.00,Collision with vehicle,Tuesday,No,Dark,Other injury accident,40 km/hr,144.96951,-37.80982,Non-Intersection,MELBOURNE,Metro,2,0,1,1,0,0,0,No
2018,July,24/7/18,01.49.00,Collision with object,Tuesday,No,Dark,Serious injury accident,60 km/hr,145.04356,-37.75033,Non-Intersection,BANYULE,Metro,3,0,3,0,2,0,1,No
2018,July,24/7/18,07.05.00,Collision with vehicle,Tuesday,No,Day,Serious injury accident,80 km/hr,144.17073,-38.11471,Intersection,GOLDEN PLAINS,Country,2,0,2,0,0,0,1,No
2018,July,24/7/18,08.58.00,Collision with vehicle,Tuesday,No,Day,Other injury accident,60 km/hr,144.93607,-37.75215,Intersection,MORELAND,Metro,2,0,1,1,0,0,0,No
2018,July,24/7/18,09.05.00,Collision with vehicle,Tuesday,No,Day,Other injury accident,60 km/hr,145.09601,-37.84815,Intersection,WHITEHORSE,Metro,4,0,2,2,1,0,0,No
2018,July,24/7/18,08.10.00,Struck pedestrian,Tuesday,No,Day,Other injury accident,40 km/hr,144.95664,-37.83665,Intersection,PORT PHILLIP,Metro,3,0,2,1,0,0,0,No
2018,July,24/7/18,10.19.00,Collision with object,Tuesday,No,Day,Other injury accident,50 km/hr,145.94047,-38.14561,Non-Intersection,BAW BAW,Country,1,0,1,0,0,0,0,No
2018,July,24/7/18,06.30.00,Struck pedestrian,Monday,Yes,Dark,Serious injury accident,50 km/hr,141.68791,-37.60271,Intersection,SOUTHERN GRAMPIANS,Country,2,0,1,0,0,0,0,No
2018,July,24/7/18,09.05.00,Collision with vehicle,Tuesday,No,Day,Other injury accident,80 km/hr,145.31029,-38.02712,Intersection,CASEY,Metro,2,0,2,0,0,0,0,No
2018,July,24/7/18,10.45.00,Collision with vehicle,Tuesday,No,Day,Other injury accident,80 km/hr,144.45806,-38.17447,Intersection,GEELONG,Country,2,0,1,1,0,0,0,No
2018,July,24/7/18,10.10.00,Vehicle overturned,Tuesday,No,Day,Other injury accident,50 km/hr,143.80317,-37.51749,Intersection,BALLARAT,Country,1,0,1,0,0,0,0,No
2018,July,24/7/18,07.38.00,Collision with object,Tuesday,No,Day,Other injury accident,100 km/hr,146.23558,-36.45995,Non-Intersection,WANGARATTA,Country,1,0,1,0,0,0,0,No
2018,July,24/7/18,08.30.00,Collision with vehicle,Tuesday,No,Day,Other injury accident,60 km/hr,145.09627,-37.63246,Intersection,WHITTLESEA,Metro,5,0,3,2,3,0,0,No
2018,July,24/7/18,10.32.00,Collision with vehicle,Tuesday,No,Day,Other injury accident,60 km/hr,144.7415,-37.73156,Non-Intersection,MELTON,Metro,4,0,2,2,1,0,0,No
2018,July,24/7/18,14.27.00,Collision with vehicle,Tuesday,No,Day,Other injury accident,60 km/hr,144.95952,-37.74063,Intersection,MORELAND,Metro,2,0,1,1,0,0,0,No
2018,July,24/7/18,11.05.00,Struck pedestrian,Tuesday,No,Day,Serious injury accident,80 km/hr,146.41135,-38.31106,Non-Intersection,LATROBE,Country,1,0,1,0,0,0,0,No
2018,July,24/7/18,14.55.00,Collision with vehicle,Tuesday,No,Day,Other injury accident,100 km/hr,144.70956,-36.16483,Intersection,CAMPASPE,Country,4,0,2,2,2,1,0,No
2018,July,24/7/18,16.25.00,Collision with vehicle,Tuesday,No,Dusk/Dawn,Serious injury accident,80 km/hr,144.79987,-37.77184,Intersection,BRIMBANK,Metro,2,0,1,1,0,0,1,No
2018,July,24/7/18,17.00.00,Collision with vehicle,Tuesday,No,Dusk/Dawn,Other injury accident,50 km/hr,145.00636,-37.832,Intersection,STONNINGTON,Metro,2,0,1,1,0,0,1,No
2018,July,24/7/18,16.20.00,Struck pedestrian,Tuesday,Yes,Unk.,Other injury accident,50 km/hr,144.94392,-37.66895,Non-Intersection,HUME,Metro,2,0,1,0,0,0,0,No
2018,July,24/7/18,16.00.00,Struck pedestrian,Monday,No,Day,Other injury accident,40 km/hr,144.72687,-37.85233,Intersection,WYNDHAM,Metro,3,0,1,2,0,0,0,No
2018,July,24/7/18,15.50.00,Collision with object,Tuesday,No,Day,Other injury accident,60 km/hr,144.94783,-37.5742,Non-Intersection,HUME,Metro,1,0,1,0,0,0,0,No
2018,July,24/7/18,19.08.00,Collision with object,Tuesday,No,Dark,Other injury accident,100 km/hr,143.94699,-37.62239,Non-Intersection,MOORABOOL,Country,1,0,0,1,0,0,0,No
2018,July,24/7/18,16.40.00,Collision with vehicle,Monday,Yes,Dusk/Dawn,Serious injury accident,50 km/hr,144.95594,-37.81067,Intersection,MELBOURNE,Metro,2,0,2,0,0,0,0,No
2018,July,24/7/18,18.40.00,Collision with object,Monday,No,Dark,Serious injury accident,100 km/hr,149.73218,-37.54985,Non-Intersection,EAST GIPPSLAND,Country,1,0,1,0,0,0,0,No
2018,July,24/7/18,20.48.00,Collision with vehicle,Tuesday,Yes,Dark,Serious injury accident,80 km/hr,145.22048,-37.81669,Non-Intersection,MAROONDAH,Metro,3,0,2,1,0,0,1,No
2018,July,24/7/18,21.17.00,Collision with object,Tuesday,No,Dark,Other injury accident,100 km/hr,145.16627,-38.161,Non-Intersection,FRANKSTON,Metro,1,0,1,0,0,0,0,No
2018,July,24/7/18,18.15.00,Struck pedestrian,Tuesday,No,Dark,Fatal accident,50 km/hr,144.85008,-37.80421,Non-Intersection,MARIBYRNONG,Metro,2,1,2,0,0,0,0,No
2018,July,24/7/18,22.10.00,Collision with vehicle,Tuesday,No,Dark,Other injury accident,70 km/hr,144.75395,-37.78765,Intersection,BRIMBANK,Metro,2,0,1,1,0,0,0,No
2018,July,24/7/18,21.32.00,Collision with vehicle,Tuesday,No,Dark,Other injury accident,60 km/hr,144.99299,-37.79985,Intersection,YARRA RANGES,Metro,2,0,1,0,0,0,0,No
2018,July,24/7/18,14.05.00,Collision with vehicle,Tuesday,Yes,Day,Other injury accident,60 km/hr,145.14608,-37.88451,Non-Intersection,MONASH,Metro,4,0,0,2,0,0,1,No
2018,July,24/7/18,10.50.00,Collision with vehicle,Tuesday,No,Day,Other injury accident,60 km/hr,144.99444,-37.84533,Non-Intersection,STONNINGTON,Metro,3,0,2,1,0,0,1,No
2018,July,25/7/18,01.30.00,Collision with object,Wednesday,No,Dark,Other injury accident,80 km/hr,145.31232,-37.73562,Non-Intersection,YARRA RANGES,Metro,1,0,1,0,0,0,1,No
2018,July,25/7/18,09.00.00,Struck pedestrian,Wednesday,No,Day,Other injury accident,40 km/hr,146.53777,-38.19818,Intersection,LATROBE,Country,2,0,2,0,0,0,0,No
2018,July,25/7/18,08.37.00,Vehicle overturned,Wednesday,No,Day,Other injury accident,40 km/hr,144.98624,-37.8056,Intersection,YARRA RANGES,Metro,3,0,3,0,1,0,0,No
2018,July,25/7/18,10.15.00,Collision with vehicle,Wednesday,No,Day,Other injury accident,60 km/hr,144.97218,-37.86433,Intersection,PORT PHILLIP,Metro,1,0,1,0,0,1,0,No
2018,July,25/7/18,07.10.00,Collision with object,Wednesday,No,Day,Serious injury accident,110 km/hr,143.22611,-35.90667,Non-Intersection,BULOKE,Country,1,0,1,0,0,1,0,No
2018,July,25/7/18,11.15.00,Collision with vehicle,Wednesday,No,Day,Serious injury accident,50 km/hr,146.31185,-36.37336,Intersection,WANGARATTA,Country,2,0,2,0,0,0,0,No
2018,July,25/7/18,08.37.00,Struck pedestrian,Wednesday,No,Day,Other injury accident,40 km/hr,145.24062,-37.79842,Non-Intersection,MAROONDAH,Metro,2,0,0,1,0,0,0,No
2018,July,25/7/18,09.00.00,Collision with object,Tuesday,No,Day,Other injury accident,100 km/hr,143.05293,-36.89846,Non-Intersection,NORTHERN GRAMPIANS,Country,1,0,1,0,0,0,0,No
2018,July,25/7/18,11.10.00,Collision with vehicle,Wednesday,No,Day,Other injury accident,70 km/hr,144.88309,-37.7886,Intersection,MARIBYRNONG,Metro,6,0,2,4,2,0,0,No
2018,July,25/7/18,09.01.00,Collision with vehicle,Wednesday,No,Day,Other injury accident,80 km/hr,145.23065,-37.81054,Intersection,MAROONDAH,Metro,3,0,1,2,1,0,0,No
2018,July,25/7/18,07.00.00,Struck pedestrian,Wednesday,No,Dark,Other injury accident,60 km/hr,144.99213,-37.80499,Intersection,YARRA RANGES,Metro,2,0,1,1,0,0,0,No
2018,July,25/7/18,09.30.00,Collision with vehicle,Wednesday,No,Day,Other injury accident,50 km/hr,144.95745,-37.80392,Intersection,MELBOURNE,Metro,2,0,2,0,0,0,1,No
2018,July,25/7/18,09.20.00,Collision with vehicle,Wednesday,No,Day,Other injury accident,60 km/hr,144.94869,-37.80847,Intersection,MELBOURNE,Metro,2,0,1,1,0,0,0,No
2018,July,25/7/18,11.15.00,Collision with vehicle,Wednesday,No,Day,Other injury accident,60 km/hr,144.77679,-37.76001,Intersection,BRIMBANK,Metro,3,0,1,2,1,1,1,No
2018,July,25/7/18,10.15.00,Collision with vehicle,Wednesday,No,Day,Other injury accident,60 km/hr,144.34451,-38.10498,Non-Intersection,GEELONG,Country,2,0,1,1,0,0,0,No
2018,July,25/7/18,09.40.00,Collision with vehicle,Wednesday,No,Day,Other injury accident,60 km/hr,145.00207,-37.73048,Non-Intersection,DAREBIN,Metro,2,0,1,1,0,0,0,No
2018,July,25/7/18,08.20.00,Collision with vehicle,Tuesday,No,Day,Other injury accident,60 km/hr,145.02742,-37.76623,Intersection,DAREBIN,Metro,2,0,2,0,0,0,1,No
2018,July,25/7/18,13.00.00,Collision with object,Tuesday,No,Day,Other injury accident,100 km/hr,146.50036,-38.59063,Non-Intersection,WELLINGTON,Country,1,0,1,0,0,0,0,No
2018,July,25/7/18,10.55.00,Collision with object,Tuesday,No,Day,Other injury accident,100 km/hr,141.52236,-38.27247,Non-Intersection,GLENELG,Country,1,0,1,0,0,0,0,No
2018,July,25/7/18,15.10.00,Collision with object,Wednesday,No,Day,Other injury accident,100 km/hr,141.68134,-37.53187,Non-Intersection,SOUTHERN GRAMPIANS,Country,1,0,0,1,0,0,0,No
2018,July,25/7/18,15.30.00,Struck pedestrian,Wednesday,No,Day,Other injury accident,40 km/hr,144.94844,-37.29996,Intersection,MITCHELL,Country,2,0,2,0,0,0,0,No
2018,July,25/7/18,15.45.00,Collision with vehicle,Wednesday,No,Day,Serious injury accident,80 km/hr,145.27262,-37.48132,Non-Intersection,MURRINDINDI,Country,3,0,2,1,0,0,1,No