year,month,date,time,accident_type,day,hit_run,light_condition,severity,speed_zone,longitude,latitude,node_type,lga,state_div,total_persons,fatality,males,females,passengers,old_driver,young_driver,alcohol
2018,July,25/7/18,16.40.00,Collision with vehicle,Wednesday,No,Day,Serious injury accident,50 km/hr,144.94627,-37.79845,Intersection,MELBOURNE,Metro,2,0,1,1,0,0,0,No
2018,July,25/7/18,16.50.00,Collision with vehicle,Wednesday,No,Day,Other injury accident,70 km/hr,144.83267,-37.77757,Non-Intersection,BRIMBANK,Metro,3,0,3,0,1,0,0,No
2018,July,25/7/18,19.15.00,Collision with vehicle,Wednesday,No,Dark,Serious injury accident,100 km/hr,145.22994,-37.96329,Intersection,DANDENONG,Metro,3,0,2,1,1,0,0,No
2018,July,25/7/18,19.20.00,Collision with vehicle,Wednesday,No,Dark,Other injury accident,100 km/hr,145.31726,-38.0249,Non-Intersection,CASEY,Metro,4,0,2,2,2,0,0,No
2018,July,25/7/18,19.30.00,Collision with vehicle,Wednesday,No,Dark,Fatal accident,100 km/hr,144.64872,-36.43598,Non-Intersection,BENDIGO,Country,2,1,1,1,0,0,1,No
2018,July,25/7/18,16.22.00,Collision with vehicle,Wednesday,No,Day,Serious injury accident,80 km/hr,144.69406,-37.8876,Non-Intersection,WYNDHAM,Metro,2,0,1,1,0,0,0,No
2018,July,25/7/18,07.30.00,Struck pedestrian,Wednesday,No,Dusk/Dawn,Other injury accident,80 km/hr,145.1808,-38.00001,Intersection,DANDENONG,Metro,2,0,1,1,0,0,0,No
2018,July,25/7/18,16.50.00,Collision with vehicle,Tuesday,No,Dusk/Dawn,Other injury accident,50 km/hr,145.02637,-37.88746,Non-Intersection,GLEN EIRA,Metro,2,0,1,1,0,0,0,No
2018,July,25/7/18,09.45.00,Collision with object,Wednesday,No,Day,Serious injury accident,100 km/hr,145.8871,-38.17611,Non-Intersection,BAW BAW,Country,2,0,1,1,1,0,0,No
2018,July,25/7/18,13.00.00,Collision with vehicle,Wednesday,No,Day,Other injury accident,60 km/hr,145.10068,-37.70436,Intersection,BANYULE,Metro,2,0,2,0,0,0,0,No
2018,July,25/7/18,10.00.00,Collision with vehicle,Tuesday,No,Day,Other injury accident,100 km/hr,145.00632,-37.79399,Non-Intersection,YARRA RANGES,Metro,2,0,1,1,0,0,0,No
2018,July,25/7/18,01.00.00,Struck pedestrian,Wednesday,Yes,Dark,Other injury accident,60 km/hr,142.46662,-36.61784,Non-Intersection,YARRIAMBIACK,Country,3,0,1,2,1,0,1,No
2018,July,26/7/18,05.30.00,Collision with object,Thursday,No,Dark,Serious injury accident,80 km/hr,144.98737,-37.69245,Non-Intersection,WHITTLESEA,Metro,1,0,1,0,0,0,0,No
2018,July,26/7/18,06.55.00,Collision with vehicle,Thursday,No,Day,Other injury accident,60 km/hr,145.13518,-38.0352,Non-Intersection,KINGSTON,Metro,2,0,2,0,0,0,0,No
2018,July,26/7/18,07.45.00,Collision with vehicle,Wednesday,No,Day,Other injury accident,60 km/hr,144.88197,-37.63204,Non-Intersection,HUME,Metro,2,0,1,1,0,0,1,No
2018,July,26/7/18,00.29.00,No collision and no object struck,Thursday,No,Dark,Fatal accident,80 km/hr,144.81571,-37.82994,Non-Intersection,HOBSONS BAY,Metro,4,1,4,0,1,0,0,No
2018,July,26/7/18,06.30.00,Vehicle overturned,Thursday,No,Dark,Other injury accident,100 km/hr,145.21798,-37.1212,Non-Intersection,MITCHELL,Country,2,0,0,2,1,0,1,No
2018,July,26/7/18,10.45.00,Collision with vehicle,Thursday,No,Day,Other injury accident,60 km/hr,145.02068,-37.85552,Intersection,STONNINGTON,Metro,2,0,2,0,0,0,0,No
2018,July,26/7/18,08.22.00,Collision with vehicle,Thursday,No,Day,Other injury accident,50 km/hr,145.06912,-37.59754,Intersection,WHITTLESEA,Metro,2,0,1,1,0,0,0,No
2018,July,26/7/18,09.15.00,Collision with object,Thursday,No,Day,Serious injury accident,60 km/hr,144.33551,-38.20243,Non-Intersection,GEELONG,Country,1,0,1,0,0,0,0,No
2018,July,26/7/18,06.30.00,Collision with object,Wednesday,No,Dark,Other injury accident,100 km/hr,144.13163,-36.2865,Non-Intersection,LODDON,Country,1,0,1,0,0,0,0,No
2018,July,26/7/18,13.32.00,No collision and no object struck,Thursday,No,Day,Other injury accident,40 km/hr,144.9939,-37.85192,Non-Intersection,STONNINGTON,Metro,1,0,1,0,0,0,0,No
2018,July,26/7/18,09.10.00,No collision and no object struck,Wednesday,No,Day,Other injury accident,60 km/hr,145.00609,-37.89766,Non-Intersection,GLEN EIRA,Metro,2,0,1,0,0,0,0,No
2018,July,26/7/18,07.45.00,Collision with vehicle,Thursday,No,Day,Other injury accident,60 km/hr,145.06465,-37.79333,Non-Intersection,BOROONDARA,Metro,2,0,1,1,0,0,0,No
2018,July,26/7/18,09.15.00,Collision with vehicle,Thursday,No,Day,Other injury accident,60 km/hr,144.9853,-38.32948,Intersection,MORNINGTON PENINSULA,Metro,4,0,4,0,1,0,1,No
2018,July,26/7/18,07.55.00,Collision with vehicle,Thursday,No,Day,Serious injury accident,60 km/hr,145.03749,-37.71972,Intersection,DAREBIN,Metro,2,0,2,0,0,0,0,No
2018,July,26/7/18,16.09.00,Vehicle overturned,Thursday,No,Day,Other injury accident,80 km/hr,144.8884,-38.39059,Non-Intersection,MORNINGTON PENINSULA,Metro,1,0,1,0,0,0,0,No
2018,July,26/7/18,14.52.00,Collision with vehicle,Thursday,No,Day,Serious injury accident,40 km/hr,145.15641,-37.96292,Intersection,DANDENONG,Metro,2,0,1,1,0,1,0,No
2018,July,26/7/18,17.00.00,Collision with vehicle,Thursday,No,Dusk/Dawn,Serious injury accident,60 km/hr,144.94994,-37.84843,Intersection,PORT PHILLIP,Metro,3,0,2,1,1,0,0,No
2018,July,26/7/18,17.00.00,Collision with vehicle,Thursday,No,Day,Serious injury accident,100 km/hr,142.38183,-38.32812,Non-Intersection,MOYNE,Country,6,0,2,1,4,0,0,No
2018,July,26/7/18,20.05.00,Collision with object,Thursday,No,Dark,Other injury accident,60 km/hr,144.40076,-38.18308,Non-Intersection,GEELONG,Country,2,0,2,0,1,0,1,No
2018,July,26/7/18,21.00.00,Collision with object,Thursday,No,Dark,Other injury accident,110 km/hr,144.46704,-37.67772,Non-Intersection,MOORABOOL,Country,1,0,1,0,0,0,0,No
2018,July,26/7/18,18.20.00,Collision with vehicle,Wednesday,Not known,Dark,Other injury accident,60 km/hr,144.92514,-37.69506,Non-Intersection,MORELAND,Metro,4,0,2,1,0,0,0,No
2018,July,26/7/18,14.00.00,Collision with object,Thursday,No,Day,Serious injury accident,100 km/hr,144.64455,-37.3529,Intersection,MACEDON RANGES,Country,1,0,1,0,0,0,0,No
2018,July,26/7/18,06.40.00,Collision with vehicle,Thursday,No,Dark,Other injury accident,60 km/hr,144.66199,-37.89004,Intersection,WYNDHAM,Metro,2,0,1,1,0,0,0,No
2018,July,26/7/18,15.44.00,Collision with vehicle,Thursday,No,Day,Other injury accident,60 km/hr,145.06103,-37.92141,Intersection,GLEN EIRA,Metro,3,0,1,2,1,0,1,No
2018,July,26/7/18,03.10.00,Collision with object,Thursday,No,Dark,Serious injury accident,60 km/hr,145.4206,-37.92707,Non-Intersection,CARDINIA,Metro,3,0,3,0,2,0,0,No
2018,July,26/7/18,22.00.00,Vehicle overturned,Thursday,No,Dark,Serious injury accident,100 km/hr,145.10365,-36.33949,Non-Intersection,CAMPASPE,Country,1,0,1,0,0,0,0,Yes
2018,July,26/7/18,07.14.00,Collision with vehicle,Thursday,No,Day,Other injury accident,40 km/hr,144.94782,-37.79391,Non-Intersection,MELBOURNE,Metro,2,0,2,0,0,0,0,No
2018,July,26/7/18,17.50.00,Collision with vehicle,Wednesday,No,Dusk/Dawn,Other injury accident,80 km/hr,146.90158,-36.09597,Non-Intersection,WODONGA,Country,3,0,2,1,1,0,0,No
2018,July,26/7/18,08.15.00,Collision with vehicle,Wednesday,No,Day,Other injury accident,80 km/hr,144.82733,-37.6431,Non-Intersection,HUME,Metro,3,0,0,3,0,0,0,No
2018,July,27/7/18,23.30.00,Collision with object,Friday,No,Dark,Serious injury accident,100 km/hr,144.08126,-35.77942,Intersection,GANNAWARRA,Country,1,0,1,0,0,0,0,No
2018,July,27/7/18,23.40.00,Collision with object,Thursday,No,Dark,Serious injury accident,100 km/hr,147.51857,-37.95104,Non-Intersection,EAST GIPPSLAND,Country,1,0,1,0,0,0,0,Yes
2018,July,27/7/18,19.15.00,Collision with vehicle,Friday,No,Dark,Other injury accident,80 km/hr,144.9375,-37.82557,Non-Intersection,MELBOURNE,Metro,3,0,1,2,0,0,1,No
2018,July,27/7/18,21.47.00,Collision with object,Friday,No,Dark,Serious injury accident,100 km/hr,141.93447,-37.50655,Non-Intersection,SOUTHERN GRAMPIANS,Country,2,0,2,0,1,0,1,No
2018,July,27/7/18,23.00.00,Collision with vehicle,Friday,No,Dark,Other injury accident,50 km/hr,144.83888,-37.86634,Non-Intersection,HOBSONS BAY,Metro,1,0,1,0,0,0,0,No
2018,July,27/7/18,07.40.00,Collision with vehicle,Thursday,No,Day,Other injury accident,60 km/hr,143.85481,-37.56176,Intersection,BALLARAT,Country,2,0,2,0,0,0,0,No
2018,July,27/7/18,08.00.00,Struck pedestrian,Friday,No,Day,Other injury accident,50 km/hr,145.33769,-38.01971,Non-Intersection,CASEY,Metro,1,0,0,1,0,0,0,No
2018,July,27/7/18,08.00.00,Collision with object,Friday,No,Day,Serious injury accident,100 km/hr,145.72529,-38.59436,Non-Intersection,BASS COAST,Country,1,0,1,0,0,0,0,No
2018,July,27/7/18,09.43.00,Collision with vehicle,Friday,No,Day,Other injury accident,50 km/hr,144.93518,-37.70399,Non-Intersection,MORELAND,Metro,2,0,1,1,1,0,0,No
2018,July,27/7/18,08.15.00,Struck pedestrian,Friday,No,Day,Other injury accident,50 km/hr,144.9869,-37.73348,Non-Intersection,DAREBIN,Metro,2,0,0,2,0,0,1,No
2018,July,27/7/18,11.00.00,Collision with vehicle,Friday,No,Day,Other injury accident,80 km/hr,145.19422,-37.96677,Intersection,DANDENONG,Metro,5,0,3,2,1,1,0,No
2018,July,27/7/18,09.55.00,Collision with vehicle,Friday,No,Day,Serious injury accident,60 km/hr,145.01363,-37.68142,Non-Intersection,WHITTLESEA,Metro,1,0,0,1,0,1,0,No
2018,July,27/7/18,07.30.00,Collision with vehicle,Friday,No,Day,Other injury accident,60 km/hr,144.90408,-37.7704,Intersection,MOONEE VALLEY,Metro,4,0,3,1,1,0,1,No
2018,July,27/7/18,09.04.00,Collision with vehicle,Friday,No,Day,Other injury accident,50 km/hr,145.03684,-37.6194,Off Road,WHITTLESEA,Metro,2,0,0,2,0,0,1,No
2018,July,27/7/18,15.16.00,Struck pedestrian,Friday,No,Day,Other injury accident,60 km/hr,145.12588,-38.10345,Intersection,FRANKSTON,Metro,2,0,1,1,0,0,0,No
2018,July,27/7/18,16.08.00,Collision with vehicle,Friday,No,Day,Other injury accident,40 km/hr,145.04217,-37.91892,Non-Intersection,GLEN EIRA,Metro,4,0,2,2,1,0,0,No
2018,July,27/7/18,15.10.00,Collision with vehicle,Friday,No,Day,Serious injury accident,50 km/hr,144.96767,-37.80082,Non-Intersection,MELBOURNE,Metro,1,0,1,0,0,0,0,No
2018,July,27/7/18,16.18.00,Collision with vehicle,Friday,No,Day,Other injury accident,60 km/hr,145.12682,-37.79731,Intersection,WHITEHORSE,Metro,3,0,1,2,1,0,0,No
2018,July,27/7/18,17.30.00,Collision with vehicle,Friday,No,Dark,Other injury accident,80 km/hr,144.85493,-37.71819,Intersection,BRIMBANK,Metro,2,0,1,1,0,0,0,No
2018,July,27/7/18,15.45.00,Collision with vehicle,Friday,No,Day,Other injury accident,50 km/hr,145.40703,-36.39375,Intersection,SHEPPARTON,Country,6,0,4,2,4,0,1,No
2018,July,27/7/18,17.00.00,Other accident,Friday,No,Day,Other injury accident,50 km/hr,144.25549,-37.14067,Intersection,MOUNT ALEXANDER,Country,1,0,1,0,0,0,0,No
2018,July,27/7/18,16.30.00,Collision with vehicle,Friday,No,Day,Other injury accident,80 km/hr,146.42654,-38.24752,Intersection,LATROBE,Country,6,0,2,3,4,0,1,No
2018,July,27/7/18,20.13.00,Collision with vehicle,Friday,No,Dark,Other injury accident,70 km/hr,145.15611,-37.93262,Non-Intersection,DANDENONG,Metro,2,0,1,1,0,0,0,No
2018,July,27/7/18,14.15.00,Collision with vehicle,Thursday,No,Day,Other injury accident,80 km/hr,144.99899,-37.88627,Intersection,BAYSIDE,Metro,2,0,1,1,0,0,0,No
2018,July,27/7/18,21.30.00,Vehicle overturned,Thursday,No,Dark,Serious injury accident,80 km/hr,145.27319,-37.78761,Non-Intersection,MAROONDAH,Metro,1,0,1,0,0,0,0,No
2018,July,27/7/18,21.03.00,Vehicle overturned,Friday,No,Dark,Serious injury accident,100 km/hr,147.31947,-38.00129,Non-Intersection,WELLINGTON,Country,3,0,3,0,2,0,1,No
2018,July,27/7/18,23.48.00,Collision with vehicle,Thursday,No,Dark,Other injury accident,60 km/hr,145.41853,-37.78234,Intersection,YARRA RANGES,Metro,3,0,2,1,1,0,0,No
2018,July,27/7/18,17.30.00,Collision with vehicle,Thursday,No,Dusk/Dawn,Other injury accident,60 km/hr,144.94986,-37.77016,Intersection,MORELAND,Metro,2,0,1,1,0,0,1,No
2018,July,27/7/18,16.50.00,Collision with vehicle,Friday,No,Day,Other injury accident,80 km/hr,144.89148,-37.72542,Non-Intersection,MOONEE VALLEY,Metro,3,0,2,1,1,0,0,No
2018,July,27/7/18,18.13.00,Collision with vehicle,Friday,No,Dark,Serious injury accident,60 km/hr,145.02616,-37.88743,Intersection,GLEN EIRA,Metro,2,0,2,0,0,1,0,No
2018,July,27/7/18,18.15.00,Collision with vehicle,Friday,No,Day,Other injury accident,50 km/hr,144.96218,-37.75521,Intersection,MORELAND,Metro,2,0,2,0,0,0,0,No
2018,July,28/7/18,15.35.00,Vehicle overturned,Saturday,No,Day,Other injury accident,100 km/hr,147.92843,-37.84158,Non-Intersection,EAST GIPPSLAND,Country,2,0,1,1,1,1,0,No
2018,July,28/7/18,13.40.00,Collision with vehicle,Friday,No,Day,Other injury accident,70 km/hr,144.80007,-37.72819,Non-Intersection,BRIMBANK,Metro,3,0,1,2,1,0,0,No
2018,July,28/7/18,15.40.00,Collision with object,Friday,No,Day,Serious injury accident,100 km/hr,144.7775,-36.26655,Non-Intersection,CAMPASPE,Country,1,0,1,0,0,0,0,No
2018,July,28/7/18,17.07.00,Collision with object,Saturday,No,Day,Serious injury accident,50 km/hr,144.78256,-37.76274,Non-Intersection,BRIMBANK,Metro,1,0,1,0,0,0,0,No
2018,July,28/7/18,12.40.00,Collision with vehicle,Saturday,No,Day,Other injury accident,60 km/hr,145.3168,-37.8181,Intersection,YARRA RANGES,Metro,2,0,2,0,0,0,0,No
2018,July,28/7/18,12.35.00,Collision with vehicle,Friday,No,Day,Other injury accident,40 km/hr,144.86948,-37.78201,Non-Intersection,MARIBYRNONG,Metro,2,0,2,0,0,0,0,No
2018,July,28/7/18,18.10.00,Collision with object,Friday,No,Dark,Other injury accident,100 km/hr,146.97134,-37.92396,Non-Intersection,WELLINGTON,Country,3,0,2,1,2,0,1,No
2018,July,28/7/18,20.10.00,Collision with vehicle,Saturday,No,Dark,Other injury accident,60 km/hr,143.86447,-37.5494,Intersection,BALLARAT,Country,4,0,2,2,2,0,1,No
2018,July,28/7/18,18.00.00,Struck animal,Saturday,No,Dark,Other injury accident,100 km/hr,144.22868,-35.84417,Non-Intersection,GANNAWARRA,Country,1,0,1,0,0,0,1,No
2018,July,28/7/18,15.55.00,Collision with vehicle,Saturday,No,Day,Serious injury accident,50 km/hr,145.15713,-37.95266,Intersection,DANDENONG,Metro,3,0,3,0,1,0,1,No
2018,July,28/7/18,20.59.00,Struck pedestrian,Friday,No,Dark,Serious injury accident,60 km/hr,144.75733,-37.87998,Non-Intersection,HOBSONS BAY,Metro,2,0,2,0,0,0,0,No
2018,July,28/7/18,16.29.00,Collision with vehicle,Saturday,No,Day,Other injury accident,80 km/hr,146.71458,-38.34947,Non-Intersection,WELLINGTON,Country,6,0,5,1,4,0,0,No
2018,July,28/7/18,23.35.00,Collision with object,Saturday,No,Dark,Other injury accident,100 km/hr,144.89895,-36.19081,Non-Intersection,CAMPASPE,Country,1,0,1,0,0,0,1,No
2018,July,28/7/18,20.35.00,Vehicle overturned,Saturday,No,Dark,Other injury accident,60 km/hr,144.91937,-37.77208,Non-Intersection,MOONEE VALLEY,Metro,1,0,1,0,0,0,0,No
2018,July,28/7/18,23.00.00,Struck pedestrian,Saturday,Not known,Dark,Serious injury accident,60 km/hr,144.99056,-37.77342,Intersection,DAREBIN,Metro,2,0,0,1,0,0,0,No
2018,July,28/7/18,23.20.00,Struck pedestrian,Saturday,No,Dark,Serious injury accident,40 km/hr,144.9699,-37.81674,Intersection,MELBOURNE,Metro,2,0,1,1,0,0,0,No
2018,July,28/7/18,23.50.00,Struck pedestrian,Saturday,Yes,Dark,Serious injury accident,60 km/hr,145.08678,-38.00707,Non-Intersection,KINGSTON,Metro,2,0,1,0,0,0,0,No
2018,July,28/7/18,11.45.00,Collision with vehicle,Saturday,No,Day,Serious injury accident,80 km/hr,145.16707,-38.33879,Intersection,MORNINGTON PENINSULA,Metro,4,0,1,3,2,1,0,No
2018,July,28/7/18,09.00.00,Collision with vehicle,Friday,No,Day,Other injury accident,70 km/hr,145.28905,-37.80371,Non-Intersection,MAROONDAH,Metro,2,0,2,0,0,0,1,No
2018,July,28/7/18,05.20.00,Collision with object,Saturday,No,Dark,Other injury accident,40 km/hr,144.92948,-37.78816,Intersection,MELBOURNE,Metro,1,0,0,1,0,0,0,No
2018,July,28/7/18,09.30.00,Collision with vehicle,Saturday,No,Day,Serious injury accident,60 km/hr,144.88113,-37.82495,Intersection,HOBSONS BAY,Metro,4,0,0,3,1,0,0,No
2018,July,28/7/18,10.00.00,Collision with vehicle,Saturday,No,Day,Other injury accident,70 km/hr,145.12588,-38.10345,Intersection,FRANKSTON,Metro,3,0,1,2,0,0,0,No
2018,July,28/7/18,09.10.00,Collision with object,Saturday,No,Day,Serious injury accident,100 km/hr,145.39708,-36.49907,Non-Intersection,SHEPPARTON,Country,2,0,0,2,1,0,1,No
2018,July,28/7/18,10.30.00,Collision with vehicle,Friday,No,Day,Other injury accident,50 km/hr,144.2537,-36.71865,Intersection,BENDIGO,Country,2,0,1,1,0,1,0,No
2018,July,28/7/18,10.40.00,Collision with object,Friday,No,Day,Other injury accident,80 km/hr,142.96325,-38.4802,Non-Intersection,CORANGAMITE,Country,1,0,0,1,0,0,1,No
2018,July,28/7/18,19.50.00,Collision with vehicle,Friday,No,Dark,Other injury accident,50 km/hr,145.01918,-37.90136,Intersection,GLEN EIRA,Metro,2,0,0,2,0,0,0,No
2018,July,28/7/18,23.00.00,Collision with vehicle,Friday,Yes,Dark,Other injury accident,50 km/hr,144.37211,-38.15305,Intersection,GEELONG,Country,3,0,1,2,1,0,1,No
2018,July,28/7/18,23.30.00,No collision and no object struck,Saturday,No,Dark,Other injury accident,60 km/hr,145.00969,-37.81144,Non-Intersection,YARRA RANGES,Metro,1,0,1,0,0,0,0,Yes
2018,July,29/7/18,01.52.00,Collision with vehicle,Sunday,No,Dark,Serious injury accident,40 km/hr,145.0096,-37.85405,Non-Intersection,STONNINGTON,Metro,2,0,2,0,0,0,1,Yes
2018,July,29/7/18,01.35.00,Collision with object,Sunday,No,Dark,Serious injury accident,50 km/hr,145.26679,-37.60451,Intersection,NILLUMBIK,Metro,4,0,3,1,3,0,0,Yes
2018,July,29/7/18,11.40.00,Collision with vehicle,Sunday,No,Day,Other injury accident,60 km/hr,145.08053,-37.7602,Non-Intersection,MANNINGHAM,Metro,3,0,2,1,1,0,0,No
2018,July,29/7/18,08.50.00,Collision with vehicle,,No,Day,Other injury accident,80 km/hr,145.09406,-37.61065,Intersection,WHITTLESEA,Metro,4,0,4,0,0,0,0,No
2018,July,29/7/18,13.02.00,Struck pedestrian,Sunday,No,Day,Other injury accident,100 km/hr,146.42017,-36.68925,Non-Intersection,WANGARATTA,Country,5,0,2,3,1,0,0,No
2018,July,29/7/18,13.10.00,Collision with vehicle,Sunday,No,Day,Other injury accident,70 km/hr,145.12429,-38.12548,Non-Intersection,FRANKSTON,Metro,3,0,1,2,1,0,0,No
2018,July,29/7/18,13.00.00,Collision with vehicle,Sunday,No,Day,Other injury accident,50 km/hr,144.93985,-37.6658,Intersection,HUME,Metro,4,0,2,2,2,0,0,No
2018,July,29/7/18,07.00.00,Collision with vehicle,Sunday,No,Day,Other injury accident,60 km/hr,145.01154,-37.7388,Intersection,DAREBIN,Metro,2,0,2,0,0,0,0,No
2018,July,29/7/18,00.01.00,Collision with object,Sunday,No,Dark,Other injury accident,50 km/hr,144.92022,-37.63118,Non-Intersection,HUME,Metro,3,0,1,2,2,0,1,Yes
2018,July,29/7/18,13.30.00,Collision with vehicle,Sunday,No,Day,Serious injury accident,60 km/hr,145.01257,-37.68781,Intersection,WHITTLESEA,Metro,2,0,2,0,0,0,1,No
2018,July,29/7/18,12.52.00,Collision with object,Sunday,No,Day,Other injury accident,50 km/hr,145.12675,-37.85364,Non-Intersection,WHITEHORSE,Metro,1,0,0,1,0,0,0,No
2018,July,29/7/18,13.55.00,Collision with vehicle,Sunday,No,Day,Other injury accident,100 km/hr,144.18077,-38.21283,Intersection,SURF COAST,Country,4,0,2,2,2,0,1,No
2018,July,29/7/18,15.00.00,Collision with object,Sunday,No,Day,Other injury accident,70 km/hr,145.16551,-37.8813,Intersection,MONASH,Metro,1,0,1,0,0,0,0,No
2018,July,29/7/18,13.50.00,Collision with vehicle,Sunday,No,Day,Other injury accident,70 km/hr,144.40126,-38.17331,Non-Intersection,GEELONG,Country,4,0,1,3,2,0,0,No
2018,July,29/7/18,20.15.00,Collision with vehicle,Sunday,No,Dark,Serious injury accident,50 km/hr,145.03873,-37.73755,Intersection,BANYULE,Metro,2,0,1,1,0,0,0,No
2018,July,29/7/18,22.05.00,Struck pedestrian,Sunday,No,Dark,Serious injury accident,60 km/hr,145.11951,-37.85044,Non-Intersection,WHITEHORSE,Metro,2,0,1,1,0,0,1,No
2018,July,29/7/18,20.10.00,Collision with vehicle,Sunday,No,Dark,Serious injury accident,50 km/hr,144.2786,-36.7597,Intersection,BENDIGO,Country,6,0,6,0,4,0,1,No
2018,July,29/7/18,13.00.00,Collision with vehicle,Sunday,No,Day,Other injury accident,80 km/hr,145.2953,-38.08481,Intersection,CASEY,Metro,3,0,2,1,1,0,1,No
2018,July,29/7/18,14.20.00,Collision with vehicle,Sunday,No,Day,Other injury accident,100 km/hr,143.27049,-37.18548,Intersection,PYRENEES,Country,3,0,2,1,1,0,0,No
2018,July,29/7/18,04.36.00,Struck pedestrian,Sunday,No,Dark,Serious injury accident,80 km/hr,145.22025,-38.00441,Non-Intersection,DANDENONG,Metro,2,0,1,1,0,0,0,No
2018,July,29/7/18,14.35.00,Collision with object,,No,Day,Other injury accident,60 km/hr,145.03597,-37.66132,Non-Intersection,WHITTLESEA,Metro,2,0,2,0,1,0,0,No
2018,July,30/7/18,00.20.00,Struck animal,Monday,No,Dark,Other injury accident,80 km/hr,146.32089,-38.20797,Non-Intersection,LATROBE,Country,1,0,0,1,0,0,1,No
2018,July,30/7/18,08.11.00,Collision with vehicle,Monday,No,Day,Other injury accident,80 km/hr,144.92916,-37.65412,Non-Intersection,HUME,Metro,2,0,1,1,0,0,0,No
2018,July,30/7/18,08.36.00,Collision with object,Monday,No,Day,Serious injury accident,80 km/hr,145.17948,-37.95362,Intersection,DANDENONG,Metro,2,0,0,2,1,0,0,No
2018,July,30/7/18,09.30.00,Collision with vehicle,Monday,No,Day,Other injury accident,60 km/hr,145.04918,-37.9349,Intersection,KINGSTON,Metro,4,0,2,2,2,0,0,No
2018,July,30/7/18,11.02.00,Collision with vehicle,Monday,No,Day,Other injury accident,60 km/hr,144.96677,-37.74031,Non-Intersection,MORELAND,Metro,4,0,2,1,1,0,0,No
2018,July,30/7/18,09.45.00,Collision with vehicle,Sunday,No,Day,Other injury accident,50 km/hr,144.96109,-37.75754,Non-Intersection,MORELAND,Metro,2,0,2,0,0,0,0,No
2018,July,30/7/18,12.14.00,Collision with vehicle,Monday,No,Day,Other injury accident,60 km/hr,143.83795,-37.56561,Intersection,BALLARAT,Country,3,0,0,3,1,0,1,No
2018,July,30/7/18,11.55.00,Struck pedestrian,Monday,No,Day,Serious injury accident,40 km/hr,144.97101,-37.81306,Intersection,MELBOURNE,Metro,2,0,1,1,0,0,0,No
2018,July,30/7/18,08.50.00,Collision with vehicle,Sunday,No,Day,Other injury accident,60 km/hr,143.87016,-37.57259,Non-Intersection,BALLARAT,Country,2,0,0,2,0,0,0,No
2018,July,30/7/18,07.37.00,Collision with vehicle,Sunday,No,Day,Other injury accident,100 km/hr,145.6581,-37.55894,Non-Intersection,MURRINDINDI,Country,2,0,1,1,0,0,2,No
2018,July,30/7/18,12.40.00,Collision with vehicle,Sunday,No,Day,Other injury accident,60 km/hr,147.05653,-36.90035,Non-Intersection,ALPINE,Country,10,0,2,1,7,0,0,No
2018,July,30/7/18,15.57.00,Struck pedestrian,Sunday,No,Day,Other injury accident,60 km/hr,145.11642,-37.77083,Intersection,MANNINGHAM,Metro,3,0,1,2,1,0,0,No
2018,July,30/7/18,17.45.00,Collision with vehicle,Monday,No,Dark,Other injury accident,50 km/hr,145.24044,-37.89791,Intersection,KNOX,Metro,2,0,2,0,0,0,0,No
2018,July,30/7/18,15.30.00,Collision with vehicle,Sunday,No,Day,Other injury accident,50 km/hr,145.05841,-37.67633,Non-Intersection,WHITTLESEA,Metro,2,0,1,1,0,0,0,No
2018,July,30/7/18,18.10.00,Collision with vehicle,Sunday,No,Dark,Other injury accident,60 km/hr,145.36399,-37.86367,Non-Intersection,YARRA RANGES,Metro,3,0,1,2,1,1,0,No
2018,July,30/7/18,16.10.00,Collision with vehicle,Sunday,No,Day,Other injury accident,40 km/hr,144.35775,-38.14758,Intersection,GEELONG,Country,2,0,1,1,0,0,2,No
2018,July,30/7/18,13.50.00,Collision with vehicle,Monday,No,Unk.,Other injury accident,80 km/hr,142.45952,-38.36495,Intersection,WARRNAMBOOL,Country,4,0,2,2,2,0,0,No
2018,July,30/7/18,12.30.00,Collision with vehicle,Monday,No,Day,Other injury accident,60 km/hr,145.00329,-37.84761,Intersection,STONNINGTON,Metro,2,0,1,1,0,0,0,No
2018,July,30/7/18,19.15.00,Collision with vehicle,Monday,No,Dark,Other injury accident,60 km/hr,145.02764,-37.79074,Intersection,BOROONDARA,Metro,3,0,2,1,1,0,1,No
2018,July,30/7/18,20.00.00,Struck pedestrian,Sunday,No,Dark,Serious injury accident,40 km/hr,145.00782,-37.82677,Non-Intersection,YARRA RANGES,Metro,2,0,1,1,0,0,0,No
2018,July,30/7/18,22.49.00,Struck pedestrian,Sunday,No,Dark,Other injury accident,50 km/hr,144.27704,-36.71181,Intersection,BENDIGO,Country,1,0,1,0,0,0,0,No
2018,July,30/7/18,23.49.00,Collision with object,Monday,No,Dark,Fatal accident,60 km/hr,144.93809,-37.6875,Non-Intersection,HUME,Metro,1,1,1,0,0,0,1,No
2018,July,30/7/18,13.15.00,Collision with vehicle,Monday,No,Day,Other injury accident,50 km/hr,144.94297,-37.61671,Non-Intersection,HUME,Metro,1,0,1,0,1,0,0,No
2018,July,30/7/18,18.40.00,Collision with vehicle,Monday,No,Dark,Other injury accident,50 km/hr,144.7056,-37.57428,Non-Intersection,HUME,Metro,2,0,2,0,0,0,0,No
2018,July,30/7/18,20.35.00,Collision with vehicle,Sunday,No,Dark,Serious injury accident,80 km/hr,145.1587,-37.91848,Intersection,MONASH,Metro,2,0,2,0,0,0,1,No
2018,July,30/7/18,14.00.00,Collision with vehicle,Monday,No,Day,Other injury accident,80 km/hr,144.92878,-37.64055,Intersection,HUME,Metro,2,0,2,0,0,0,0,No