year,month,date,time,accident_type,day,hit_run,light_condition,severity,speed_zone,longitude,latitude,node_type,lga,state_div,total_persons,fatality,males,females,passengers,old_driver,young_driver,alcohol
2018,July,30/7/18,12.00.00,Collision with vehicle,Monday,No,Day,Serious injury accident,70 km/hr,144.96223,-37.71431,Non-Intersection,MORELAND,Metro,1,0,1,0,0,0,0,No
2018,July,30/7/18,14.40.00,Collision with vehicle,Monday,No,Day,Serious injury accident,60 km/hr,145.26216,-37.73391,Non-Intersection,MANNINGHAM,Metro,2,0,1,1,0,0,2,No
2018,July,30/7/18,17.00.00,Struck animal,Sunday,No,Day,Other injury accident,100 km/hr,145.23149,-36.61564,Non-Intersection,SHEPPARTON,Country,1,0,0,1,0,0,0,No
2018,July,30/7/18,22.13.00,Collision with vehicle,Sunday,Yes,Dark,Other injury accident,80 km/hr,144.89949,-37.69695,Non-Intersection,MORELAND,Metro,3,0,1,1,1,0,1,No
2018,July,30/7/18,05.55.00,Collision with vehicle,Monday,Yes,Dark,Other injury accident,60 km/hr,145.19242,-37.9923,Non-Intersection,DANDENONG,Metro,2,0,1,0,0,0,0,No
2018,July,30/7/18,08.30.00,Collision with vehicle,Sunday,No,Day,Other injury accident,40 km/hr,144.9977,-37.82697,Non-Intersection,YARRA RANGES,Metro,2,0,1,0,0,0,0,No
2018,July,31/7/18,04.20.00,Vehicle overturned,Tuesday,No,Dark,Serious injury accident,100 km/hr,146.62992,-36.23993,Non-Intersection,INDIGO,Country,1,0,0,1,0,0,0,No
2018,July,31/7/18,02.54.00,Collision with object,Tuesday,No,Dark,Serious injury accident,100 km/hr,144.53374,-37.98288,Non-Intersection,GEELONG,Country,1,0,1,0,0,0,1,No
2018,July,31/7/18,09.00.00,Collision with vehicle,Tuesday,No,Day,Other injury accident,60 km/hr,145.04786,-37.85898,Intersection,STONNINGTON,Metro,4,0,2,1,1,0,0,No
2018,July,31/7/18,07.57.00,Collision with vehicle,Tuesday,No,Day,Serious injury accident,80 km/hr,145.22384,-37.96802,Non-Intersection,DANDENONG,Metro,3,0,1,2,0,0,1,No
2018,July,31/7/18,08.50.00,Collision with vehicle,Monday,No,Day,Other injury accident,100 km/hr,144.79655,-37.83944,Non-Intersection,HOBSONS BAY,Metro,7,0,3,2,3,0,1,No
2018,July,31/7/18,11.15.00,Collision with vehicle,Tuesday,No,Day,Serious injury accident,80 km/hr,145.16956,-37.85329,Non-Intersection,WHITEHORSE,Metro,4,0,3,1,1,1,0,No
2018,July,31/7/18,11.35.00,Vehicle overturned,Tuesday,No,Day,Serious injury accident,70 km/hr,145.06076,-37.93626,Non-Intersection,GLEN EIRA,Metro,1,0,1,0,0,0,0,No
2018,July,31/7/18,10.10.00,Collision with vehicle,Tuesday,Yes,Day,Other injury accident,60 km/hr,144.95896,-37.78991,Intersection,MELBOURNE,Metro,3,0,1,0,0,0,0,No
2018,July,31/7/18,12.40.00,Struck pedestrian,Monday,No,Day,Serious injury accident,60 km/hr,145.02223,-37.94617,Non-Intersection,BAYSIDE,Metro,2,0,1,1,0,0,1,No
2018,July,31/7/18,06.50.00,Collision with object,Tuesday,No,Dark,Serious injury accident,60 km/hr,144.30034,-36.77139,Non-Intersection,BENDIGO,Country,1,0,1,0,0,0,0,No
2018,July,31/7/18,13.55.00,Collision with vehicle,Tuesday,No,Day,Other injury accident,50 km/hr,145.14056,-38.12434,Intersection,FRANKSTON,Metro,2,0,2,0,0,0,0,No
2018,July,31/7/18,13.30.00,Collision with vehicle,Tuesday,No,Day,Other injury accident,60 km/hr,145.21048,-37.9402,Intersection,DANDENONG,Metro,6,0,2,4,4,0,0,No
2018,July,31/7/18,06.30.00,Collision with vehicle,Tuesday,No,Dusk/Dawn,Other injury accident,80 km/hr,144.69594,-37.80502,Intersection,MELTON,Metro,2,0,1,1,0,0,1,No
2018,July,31/7/18,15.45.00,Struck pedestrian,Tuesday,No,Day,Other injury accident,40 km/hr,144.96966,-37.81013,Intersection,MELBOURNE,Metro,2,0,0,2,0,0,0,No
2018,July,31/7/18,13.31.00,Collision with vehicle,Monday,No,Day,Other injury accident,70 km/hr,144.96238,-37.71695,Non-Intersection,MORELAND,Metro,4,0,2,2,1,0,1,No
2018,July,31/7/18,16.59.00,Fall from or in moving vehicle,Tuesday,No,Day,Other injury accident,40 km/hr,145.0893,-37.90008,Non-Intersection,MONASH,Metro,2,0,2,0,1,0,0,No
2018,July,31/7/18,19.00.00,Struck pedestrian,Tuesday,No,Dark,Other injury accident,70 km/hr,145.18265,-38.10072,Intersection,FRANKSTON,Metro,2,0,2,0,0,0,0,No
2018,July,31/7/18,17.20.00,Collision with vehicle,Tuesday,No,Dusk/Dawn,Other injury accident,50 km/hr,144.96503,-37.76106,Intersection,MORELAND,Metro,2,0,1,1,0,0,0,No
2018,July,31/7/18,15.54.00,Collision with vehicle,Tuesday,No,Day,Serious injury accident,60 km/hr,144.95455,-37.79946,Non-Intersection,MELBOURNE,Metro,4,0,3,1,1,0,2,No
2018,July,31/7/18,18.40.00,Collision with vehicle,Tuesday,No,Dark,Serious injury accident,100 km/hr,144.32048,-38.10659,Non-Intersection,GEELONG,Country,2,0,1,1,0,0,0,No
2018,July,31/7/18,15.35.00,Struck pedestrian,Tuesday,No,Day,Serious injury accident,50 km/hr,145.0595,-37.70011,Intersection,BANYULE,Metro,2,0,2,0,0,0,1,No
2018,July,31/7/18,22.00.00,Collision with vehicle,Tuesday,No,Dark,Other injury accident,50 km/hr,142.48338,-38.38828,Intersection,WARRNAMBOOL,Country,2,0,1,1,0,0,1,No
2018,July,31/7/18,18.30.00,Collision with vehicle,Monday,No,Dark,Other injury accident,100 km/hr,145.32896,-38.03649,Non-Intersection,CASEY,Metro,2,0,2,0,0,1,0,No
2018,July,31/7/18,15.30.00,Struck pedestrian,Tuesday,Yes,Day,Other injury accident,50 km/hr,145.08863,-37.59977,Intersection,WHITTLESEA,Metro,2,0,1,0,0,0,0,No
2018,July,31/7/18,07.50.00,Collision with vehicle,Monday,No,Day,Other injury accident,50 km/hr,145.25859,-37.96859,Intersection,CASEY,Metro,2,0,1,1,0,0,0,No
2018,July,31/7/18,13.07.00,Collision with vehicle,Tuesday,No,Day,Serious injury accident,60 km/hr,145.33845,-38.05993,Intersection,CASEY,Metro,2,0,1,1,0,0,1,No
2018,July,31/7/18,06.45.00,Collision with vehicle,Tuesday,No,Dusk/Dawn,Other injury accident,40 km/hr,145.03905,-37.84469,Intersection,STONNINGTON,Metro,2,0,1,1,0,0,0,No
2018,July,31/7/18,08.10.00,Collision with vehicle,Monday,No,Day,Other injury accident,60 km/hr,145.0175,-37.86864,Non-Intersection,GLEN EIRA,Metro,2,0,1,1,0,0,1,No
2018,July,31/7/18,14.15.00,Struck pedestrian,Tuesday,Yes,Day,Other injury accident,60 km/hr,145.02629,-37.77248,Intersection,DAREBIN,Metro,2,0,0,1,0,0,0,No
2018,July,31/7/18,13.07.00,Collision with vehicle,Tuesday,No,Day,Serious injury accident,60 km/hr,144.97132,-37.8299,Intersection,PORT PHILLIP,Metro,2,0,1,1,0,1,0,No
2018,July,31/7/18,16.08.00,Collision with vehicle,Tuesday,No,Day,Other injury accident,80 km/hr,145.10657,-37.69164,Non-Intersection,NILLUMBIK,Metro,2,0,1,1,0,0,0,No
2018,July,31/7/18,18.30.00,Struck pedestrian,Tuesday,No,Dark,Other injury accident,50 km/hr,144.87991,-37.7977,Intersection,MARIBYRNONG,Metro,2,0,2,0,0,0,0,No
2018,July,31/7/18,06.45.00,Collision with vehicle,Tuesday,No,Dark,Other injury accident,80 km/hr,145.11514,-37.68766,Non-Intersection,NILLUMBIK,Metro,2,0,1,1,0,0,0,No
2018,July,31/7/18,09.10.00,Collision with vehicle,Tuesday,No,Day,Other injury accident,50 km/hr,145.02156,-37.77194,Intersection,DAREBIN,Metro,2,0,1,1,0,0,0,No
2018,August,1/8/18,10.30.00,Collision with vehicle,Wednesday,No,Day,Other injury accident,80 km/hr,144.81838,-37.82695,Non-Intersection,WYNDHAM,Metro,3,0,3,0,0,1,0,No
2018,August,1/8/18,16.30.00,Struck pedestrian,Wednesday,Yes,Day,Other injury accident,50 km/hr,145.08897,-37.81241,Non-Intersection,BOROONDARA,Metro,2,0,0,1,0,0,0,No
2018,August,1/8/18,13.15.00,Collision with vehicle,Wednesday,No,Day,Other injury accident,80 km/hr,144.92378,-37.67036,Intersection,HUME,Metro,2,0,1,1,0,0,1,No
2018,August,1/8/18,21.36.00,Collision with vehicle,Wednesday,No,Dark,Other injury accident,60 km/hr,145.0324,-37.74097,Intersection,DAREBIN,Metro,2,0,0,2,0,0,2,No
2018,August,1/8/18,09.23.00,Collision with vehicle,Wednesday,Yes,Day,Other injury accident,50 km/hr,144.91586,-37.64772,Intersection,HUME,Metro,2,0,1,1,0,0,0,No
2018,August,1/8/18,08.15.00,Collision with vehicle,Tuesday,No,Day,Other injury accident,60 km/hr,144.84194,-37.78228,Intersection,BRIMBANK,Metro,2,0,1,1,0,0,0,No
2018,August,1/8/18,08.25.00,Collision with vehicle,Tuesday,No,Day,Other injury accident,110 km/hr,144.9521,-37.50319,Non-Intersection,MITCHELL,Country,3,0,1,2,1,0,1,No
2018,August,1/8/18,09.10.00,Collision with vehicle,Wednesday,No,Day,Other injury accident,40 km/hr,144.95483,-37.81443,Intersection,MELBOURNE,Metro,2,0,1,1,0,0,0,No
2018,August,1/8/18,10.09.00,Collision with vehicle,Wednesday,No,Day,Other injury accident,40 km/hr,145.32538,-38.12784,Intersection,CASEY,Metro,2,0,2,0,0,0,0,No
2018,August,1/8/18,15.36.00,Collision with vehicle,Tuesday,No,Day,Other injury accident,80 km/hr,145.20448,-37.87675,Non-Intersection,KNOX,Metro,2,0,2,0,0,0,0,No
2018,August,1/8/18,16.15.00,Collision with vehicle,Wednesday,No,Day,Other injury accident,60 km/hr,145.04227,-37.90423,Non-Intersection,GLEN EIRA,Metro,5,0,1,4,0,1,1,No
2018,August,1/8/18,13.09.00,Collision with vehicle,Wednesday,No,Day,Other injury accident,100 km/hr,144.95505,-37.69214,Non-Intersection,MORELAND,Metro,2,0,2,0,0,0,0,No
2018,August,1/8/18,14.20.00,Vehicle overturned,Wednesday,No,Day,Other injury accident,100 km/hr,144.54039,-37.47753,Non-Intersection,MACEDON RANGES,Country,1,0,1,0,0,0,0,No
2018,August,1/8/18,15.25.00,Struck pedestrian,Tuesday,No,Day,Other injury accident,60 km/hr,146.25351,-38.17846,Non-Intersection,LATROBE,Country,2,0,1,1,0,0,0,No
2018,August,1/8/18,17.20.00,Collision with object,Tuesday,No,Dusk/Dawn,Other injury accident,100 km/hr,147.00962,-36.12688,Non-Intersection,WODONGA,Country,5,0,2,3,4,0,0,No
2018,August,1/8/18,09.25.00,Collision with vehicle,Wednesday,No,Unk.,Other injury accident,80 km/hr,144.35463,-38.115,Intersection,GEELONG,Country,2,0,1,1,0,0,1,No
2018,August,1/8/18,18.18.00,Collision with object,Wednesday,No,Dark,Other injury accident,60 km/hr,145.12674,-37.8879,Intersection,MONASH,Metro,3,0,2,1,1,0,1,No
2018,August,1/8/18,17.44.00,Collision with vehicle,Wednesday,No,Dusk/Dawn,Other injury accident,60 km/hr,145.11446,-37.89477,Intersection,MONASH,Metro,2,0,1,1,0,0,0,No
2018,August,1/8/18,18.30.00,Collision with vehicle,Wednesday,No,Dark,Other injury accident,50 km/hr,145.06759,-37.89743,Intersection,GLEN EIRA,Metro,2,0,2,0,0,0,0,No
2018,August,1/8/18,14.30.00,Collision with vehicle,Wednesday,No,Day,Serious injury accident,60 km/hr,144.83071,-37.79596,Non-Intersection,BRIMBANK,Metro,2,0,0,2,0,0,0,No
2018,August,1/8/18,16.45.00,Collision with vehicle,Tuesday,No,Day,Fatal accident,70 km/hr,145.29599,-37.98893,Intersection,CASEY,Metro,2,1,2,0,0,0,1,No
2018,August,1/8/18,18.07.00,Collision with vehicle,Wednesday,No,Day,Other injury accident,60 km/hr,145.0856,-37.90675,Intersection,MONASH,Metro,2,0,1,1,0,0,1,No
2018,August,1/8/18,19.00.00,Collision with vehicle,Tuesday,No,Dark,Other injury accident,50 km/hr,144.88884,-37.70938,Non-Intersection,MORELAND,Metro,2,0,1,1,1,1,0,No
2018,August,1/8/18,18.18.00,Collision with vehicle,Tuesday,No,Dark,Serious injury accident,50 km/hr,144.93611,-37.70578,Non-Intersection,MORELAND,Metro,2,0,2,0,0,0,0,No
2018,August,1/8/18,16.27.00,Collision with object,Tuesday,No,Day,Serious injury accident,60 km/hr,145.09871,-37.86646,Intersection,MONASH,Metro,1,0,1,0,0,0,0,No
2018,August,1/8/18,18.53.00,Collision with vehicle,Wednesday,No,Dark,Serious injury accident,50 km/hr,143.59221,-38.33599,Intersection,COLAC OTWAY,Country,2,0,1,1,0,0,0,No
2018,August,1/8/18,06.00.00,Collision with vehicle,Wednesday,No,Dark,Other injury accident,60 km/hr,144.94128,-37.71699,Non-Intersection,MORELAND,Metro,2,0,1,1,0,0,1,No
2018,August,1/8/18,22.25.00,No collision and no object struck,Wednesday,No,Dark,Serious injury accident,40 km/hr,144.95988,-37.80711,Intersection,MELBOURNE,Metro,2,0,1,1,0,0,0,No
2018,August,1/8/18,16.45.00,Collision with vehicle,Wednesday,No,Day,Other injury accident,60 km/hr,144.91941,-37.67754,Intersection,HUME,Metro,3,0,1,2,0,0,0,No
2018,August,1/8/18,17.00.00,Collision with object,Wednesday,No,Dark,Other injury accident,80 km/hr,147.20211,-37.02349,Non-Intersection,ALPINE,Country,4,0,3,1,3,0,0,No
2018,August,1/8/18,19.00.00,Collision with vehicle,Wednesday,No,Dark,Other injury accident,100 km/hr,143.55145,-35.26472,Non-Intersection,SWAN HILL,Country,2,0,2,0,0,0,0,No
2018,August,1/8/18,18.35.00,Collision with vehicle,Wednesday,Yes,Dark,Other injury accident,50 km/hr,145.2152,-37.98496,Non-Intersection,DANDENONG,Metro,3,0,0,2,1,0,0,No
2018,August,1/8/18,16.30.00,Collision with vehicle,Wednesday,No,Day,Other injury accident,80 km/hr,144.95461,-37.66322,Intersection,HUME,Metro,2,0,1,1,0,0,0,No
2018,August,2/8/18,02.24.00,Collision with object,Thursday,No,Dark,Serious injury accident,80 km/hr,144.87892,-37.80603,Non-Intersection,MARIBYRNONG,Metro,1,0,1,0,0,0,1,No
2018,August,2/8/18,15.40.00,Collision with vehicle,Wednesday,No,Day,Other injury accident,100 km/hr,145.23376,-38.10642,Non-Intersection,CASEY,Metro,2,0,1,1,0,0,0,No
2018,August,2/8/18,06.50.00,Struck pedestrian,Thursday,No,Dusk/Dawn,Other injury accident,60 km/hr,145.0233,-37.88003,Intersection,GLEN EIRA,Metro,2,0,1,1,0,0,0,No
2018,August,2/8/18,06.00.00,Collision with vehicle,Thursday,No,Dusk/Dawn,Serious injury accident,80 km/hr,145.23276,-37.92958,Intersection,KNOX,Metro,2,0,1,1,0,0,0,No
2018,August,2/8/18,08.05.00,Collision with vehicle,Thursday,No,Day,Other injury accident,50 km/hr,144.9268,-37.83764,Intersection,PORT PHILLIP,Metro,2,0,2,0,0,0,0,No
2018,August,2/8/18,08.23.00,Collision with vehicle,Thursday,No,Day,Other injury accident,110 km/hr,144.60096,-37.69519,Non-Intersection,MELTON,Metro,2,0,2,0,0,0,0,No
2018,August,2/8/18,07.00.00,Collision with vehicle,Thursday,No,Dusk/Dawn,Serious injury accident,100 km/hr,145.22286,-36.37236,Non-Intersection,SHEPPARTON,Country,2,0,1,1,0,0,0,No
2018,August,2/8/18,09.40.00,Collision with object,Wednesday,No,Day,Serious injury accident,80 km/hr,147.27707,-37.02607,Non-Intersection,ALPINE,Country,2,0,1,1,1,0,1,No
2018,August,2/8/18,11.00.00,Collision with vehicle,Thursday,No,Day,Serious injury accident,60 km/hr,144.42316,-38.02596,Non-Intersection,GEELONG,Country,3,0,2,1,0,0,2,No
2018,August,2/8/18,09.00.00,Collision with vehicle,Thursday,No,Day,Serious injury accident,60 km/hr,145.26743,-38.03431,Non-Intersection,CASEY,Metro,3,0,3,0,1,0,1,No
2018,August,2/8/18,11.45.00,Collision with vehicle,Thursday,No,Day,Other injury accident,40 km/hr,144.96038,-37.80818,Intersection,MELBOURNE,Metro,2,0,1,1,0,0,1,No
2018,August,2/8/18,08.43.00,Collision with vehicle,Thursday,No,Day,Other injury accident,100 km/hr,145.27101,-38.01741,Non-Intersection,CASEY,Metro,3,0,0,3,1,0,1,No
2018,August,2/8/18,12.30.00,Collision with vehicle,Thursday,No,Day,Serious injury accident,80 km/hr,145.21293,-37.92548,Non-Intersection,KNOX,Metro,2,0,0,2,0,0,0,No
2018,August,2/8/18,08.55.00,Struck pedestrian,Thursday,No,Day,Other injury accident,40 km/hr,144.67417,-37.85796,Non-Intersection,WYNDHAM,Metro,2,0,0,2,0,0,0,No
2018,August,2/8/18,08.45.00,Collision with vehicle,Thursday,No,Day,Other injury accident,60 km/hr,145.12183,-37.82874,Intersection,WHITEHORSE,Metro,4,0,1,3,1,0,0,No
2018,August,2/8/18,14.50.00,Collision with vehicle,Thursday,No,Day,Other injury accident,80 km/hr,145.28761,-37.88866,Intersection,KNOX,Metro,2,0,1,1,0,0,0,No
2018,August,2/8/18,12.38.00,Collision with vehicle,Thursday,No,Day,Serious injury accident,60 km/hr,145.14887,-37.86967,Intersection,MONASH,Metro,3,0,1,2,1,1,0,No
2018,August,2/8/18,14.00.00,Collision with vehicle,Thursday,No,Day,Serious injury accident,50 km/hr,144.98249,-37.86022,Intersection,PORT PHILLIP,Metro,2,0,2,0,0,0,0,No
2018,August,2/8/18,14.29.00,Collision with object,Thursday,No,Day,Serious injury accident,50 km/hr,145.02058,-37.62222,Off Road,WHITTLESEA,Metro,2,0,1,1,1,0,0,No
2018,August,2/8/18,16.45.00,Collision with vehicle,Thursday,No,Day,Other injury accident,60 km/hr,144.96756,-37.79716,Intersection,MELBOURNE,Metro,2,0,2,0,0,0,0,No
2018,August,2/8/18,15.45.00,Collision with vehicle,Thursday,No,Day,Other injury accident,100 km/hr,145.2524,-38.00121,Non-Intersection,CASEY,Metro,5,0,4,1,0,0,1,Yes
2018,August,2/8/18,16.25.00,Collision with vehicle,Thursday,No,Day,Other injury accident,80 km/hr,145.29742,-38.01953,Non-Intersection,CASEY,Metro,4,0,2,2,1,0,1,No
2018,August,2/8/18,17.20.00,Collision with vehicle,Thursday,No,Dark,Other injury accident,50 km/hr,145.11136,-37.79921,Intersection,WHITEHORSE,Metro,2,0,1,1,0,0,1,No
2018,August,2/8/18,15.30.00,Collision with object,Thursday,Not known,Day,Serious injury accident,80 km/hr,144.35525,-38.09885,Intersection,GEELONG,Country,1,0,1,0,0,0,0,No
2018,August,2/8/18,17.57.00,Collision with vehicle,Thursday,No,Dark,Other injury accident,60 km/hr,144.91254,-37.77133,Intersection,MOONEE VALLEY,Metro,3,0,2,1,1,0,0,No
2018,August,2/8/18,17.51.00,Collision with vehicle,Thursday,No,Dark,Other injury accident,60 km/hr,145.0134,-37.68283,Non-Intersection,WHITTLESEA,Metro,6,0,4,0,2,0,0,No
2018,August,2/8/18,15.35.00,Collision with vehicle,Thursday,No,Day,Other injury accident,70 km/hr,145.01943,-37.65887,Intersection,WHITTLESEA,Metro,2,0,1,1,0,1,0,No
2018,August,2/8/18,17.30.00,Collision with vehicle,Thursday,No,Day,Other injury accident,50 km/hr,144.9785,-37.86085,Non-Intersection,PORT PHILLIP,Metro,2,0,1,1,0,0,0,No
2018,August,2/8/18,18.20.00,Struck pedestrian,Thursday,No,Dark,Other injury accident,60 km/hr,144.70225,-37.874,Non-Intersection,WYNDHAM,Metro,2,0,2,0,0,0,0,No
2018,August,2/8/18,21.45.00,Collision with object,Thursday,No,Unk.,Serious injury accident,100 km/hr,144.51342,-36.00201,Non-Intersection,CAMPASPE,Country,1,0,1,0,0,0,0,No
2018,August,2/8/18,15.49.00,Collision with vehicle,Wednesday,No,Day,Other injury accident,80 km/hr,145.25976,-38.11015,Non-Intersection,CASEY,Metro,3,0,0,3,1,1,0,No
2018,August,2/8/18,18.25.00,Collision with vehicle,Thursday,No,Dark,Serious injury accident,50 km/hr,145.98689,-36.54661,Intersection,BENALLA,Country,2,0,1,1,0,0,0,No
2018,August,3/8/18,14.00.00,Fall from or in moving vehicle,Friday,No,Day,Serious injury accident,80 km/hr,145.28985,-37.78023,Non-Intersection,MAROONDAH,Metro,2,0,2,0,1,0,0,No
2018,August,3/8/18,17.17.00,Collision with vehicle,Friday,No,Dark,Other injury accident,50 km/hr,144.99125,-37.86343,Intersection,PORT PHILLIP,Metro,2,0,1,1,0,0,0,No
2018,August,3/8/18,08.30.00,Collision with vehicle,Friday,No,Day,Other injury accident,50 km/hr,144.73871,-37.74406,Intersection,MELTON,Metro,2,0,1,1,0,0,0,No
2018,August,3/8/18,08.30.00,Collision with vehicle,Friday,No,Day,Other injury accident,60 km/hr,143.8223,-37.53891,Intersection,BALLARAT,Country,7,0,5,2,4,0,0,No
2018,August,3/8/18,08.43.00,Collision with vehicle,Friday,No,Day,Other injury accident,50 km/hr,145.06828,-37.82209,Intersection,BOROONDARA,Metro,2,0,1,1,0,0,0,No
2018,August,3/8/18,10.00.00,Collision with vehicle,Friday,No,Day,Other injury accident,60 km/hr,144.72752,-37.57504,Intersection,HUME,Metro,2,0,1,1,0,0,0,No
2018,August,3/8/18,09.20.00,Collision with vehicle,Friday,No,Day,Serious injury accident,70 km/hr,145.08065,-37.73394,Non-Intersection,BANYULE,Metro,2,0,1,1,0,0,0,No
2018,August,3/8/18,11.30.00,Collision with vehicle,Friday,No,Day,Other injury accident,50 km/hr,145.10258,-38.00756,Intersection,KINGSTON,Metro,2,0,2,0,0,0,0,No
2018,August,3/8/18,14.35.00,Collision with vehicle,Thursday,No,Day,Other injury accident,40 km/hr,146.18172,-38.20348,Non-Intersection,BAW BAW,Country,5,0,3,2,2,0,1,No
2018,August,3/8/18,14.05.00,Collision with object,Friday,No,Day,Serious injury accident,40 km/hr,145.25432,-38.12474,Non-Intersection,CASEY,Metro,1,0,1,0,0,0,1,No
2018,August,3/8/18,15.14.00,Collision with vehicle,Friday,No,Day,Other injury accident,60 km/hr,144.89136,-37.71513,Non-Intersection,MOONEE VALLEY,Metro,3,0,2,1,1,0,1,No
2018,August,3/8/18,16.30.00,Struck pedestrian,Friday,No,Day,Other injury accident,50 km/hr,145.39789,-36.3809,Intersection,SHEPPARTON,Country,2,0,1,0,0,0,0,No
2018,August,3/8/18,16.50.00,Collision with object,Friday,Yes,Dusk/Dawn,Serious injury accident,60 km/hr,145.0812,-37.71947,Intersection,BANYULE,Metro,4,0,1,3,3,0,1,No
2018,August,3/8/18,10.10.00,Collision with vehicle,Friday,No,Day,Other injury accident,70 km/hr,145.19231,-37.81656,Intersection,WHITEHORSE,Metro,3,0,1,2,1,0,1,No
2018,August,3/8/18,17.05.00,Collision with vehicle,Friday,No,Day,Other injury accident,80 km/hr,145.32427,-38.1335,Intersection,CASEY,Metro,6,0,1,5,3,0,0,No
2018,August,3/8/18,17.50.00,Struck pedestrian,Friday,No,Dark,Other injury accident,70 km/hr,145.30929,-37.89349,Intersection,KNOX,Metro,2,0,0,2,0,0,0,No
2018,August,3/8/18,20.31.00,Vehicle overturned,Friday,No,Dark,Other injury accident,60 km/hr,145.0862,-37.90356,Intersection,MONASH,Metro,2,0,1,1,0,0,1,No
2018,August,3/8/18,19.30.00,Collision with vehicle,Friday,Yes,Dark,Other injury accident,60 km/hr,144.8867,-37.769,Intersection,MARIBYRNONG,Metro,3,0,2,1,1,0,0,No
2018,August,3/8/18,19.41.00,Collision with vehicle,Friday,No,Dark,Serious injury accident,60 km/hr,145.10937,-37.91219,Non-Intersection,MONASH,Metro,3,0,2,0,1,0,1,No
2018,August,3/8/18,18.45.00,Collision with vehicle,Thursday,No,Dark,Other injury accident,60 km/hr,144.90824,-37.74156,Non-Intersection,MOONEE VALLEY,Metro,4,0,3,1,0,0,0,No
2018,August,4/8/18,21.30.00,Collision with object,Friday,No,Dark,Serious injury accident,50 km/hr,145.29204,-38.05102,Intersection,CASEY,Metro,1,0,1,0,0,0,0,No
2018,August,4/8/18,10.06.00,Collision with vehicle,Friday,No,Day,Other injury accident,60 km/hr,145.04751,-37.85388,Non-Intersection,STONNINGTON,Metro,2,0,2,0,0,0,2,No
2018,August,4/8/18,00.50.00,Collision with object,Saturday,No,Dark,Fatal accident,80 km/hr,145.376,-36.34753,Non-Intersection,SHEPPARTON,Country,4,1,3,1,3,0,0,Yes
2018,August,4/8/18,10.45.00,Struck pedestrian,Saturday,No,Day,Serious injury accident,50 km/hr,145.16551,-37.8813,Intersection,MONASH,Metro,2,0,1,1,0,0,1,No
2018,August,4/8/18,11.40.00,Collision with vehicle,Friday,No,Day,Other injury accident,70 km/hr,144.3512,-38.15582,Non-Intersection,GEELONG,Country,3,0,1,2,0,0,0,No
2018,August,4/8/18,13.00.00,Collision with vehicle,Friday,No,Day,Serious injury accident,70 km/hr,145.12576,-38.10846,Non-Intersection,FRANKSTON,Metro,3,0,1,2,1,0,1,No
2018,August,4/8/18,14.31.00,Collision with vehicle,Saturday,No,Day,Serious injury accident,50 km/hr,144.99229,-37.8575,Intersection,STONNINGTON,Metro,2,0,2,0,0,0,0,No
2018,August,4/8/18,18.23.00,Collision with vehicle,Friday,No,Dark,Other injury accident,80 km/hr,144.94914,-37.82652,Non-Intersection,MELBOURNE,Metro,7,0,3,4,4,0,0,No
2018,August,4/8/18,18.25.00,Collision with object,Friday,No,Dusk/Dawn,Other injury accident,80 km/hr,145.38283,-36.38618,Non-Intersection,SHEPPARTON,Country,2,0,2,0,1,0,0,No
2018,August,4/8/18,19.25.00,Collision with vehicle,Saturday,No,Dark,Other injury accident,60 km/hr,144.95919,-37.78644,Non-Intersection,MELBOURNE,Metro,3,0,1,2,1,0,0,No
2018,August,4/8/18,18.05.00,Collision with vehicle,Friday,No,Dark,Other injury accident,80 km/hr,145.86578,-37.05242,Non-Intersection,MANSFIELD,Country,2,0,1,1,0,0,0,No
2018,August,4/8/18,19.15.00,Collision with vehicle,Saturday,No,Dark,Fatal accident,70 km/hr,145.24445,-37.80999,Intersection,MAROONDAH,Metro,2,1,2,0,0,0,0,No
2018,August,4/8/18,20.43.00,Collision with object,Saturday,No,Dark,Other injury accident,40 km/hr,145.27693,-37.96783,Intersection,CASEY,Metro,1,0,0,1,0,0,0,Yes
2018,August,4/8/18,23.50.00,Collision with vehicle,Friday,No,Dark,Other injury accident,60 km/hr,145.01353,-37.68205,Intersection,WHITTLESEA,Metro,4,0,3,1,2,0,1,No
2018,August,4/8/18,11.30.00,No collision and no object struck,Saturday,No,Day,Serious injury accident,30km/hr,146.62005,-36.78569,Non-Intersection,ALPINE,Country,1,0,1,0,0,0,0,No
2018,August,4/8/18,23.30.00,Collision with vehicle,Friday,Yes,Dark,Other injury accident,60 km/hr,144.88304,-37.68441,Intersection,HUME,Metro,2,0,0,2,0,0,2,No
2018,August,4/8/18,11.00.00,Collision with vehicle,Friday,No,Day,Other injury accident,60 km/hr,144.99739,-37.7448,Non-Intersection,DAREBIN,Metro,2,0,1,1,0,0,0,No
2018,August,4/8/18,05.00.00,Collision with vehicle,Saturday,No,Dark,Fatal accident,100 km/hr,144.74689,-37.7773,Non-Intersection,MELTON,Metro,2,1,1,1,0,0,0,No
2018,August,4/8/18,09.45.00,Collision with vehicle,Saturday,No,Day,Other injury accident,60 km/hr,144.97611,-37.75682,Intersection,MORELAND,Metro,2,0,2,0,0,0,0,No
2018,August,4/8/18,09.24.00,Struck pedestrian,Saturday,No,Day,Other injury accident,60 km/hr,144.96407,-37.8345,Intersection,PORT PHILLIP,Metro,2,0,0,2,0,0,1,No
2018,August,5/8/18,02.00.00,Collision with object,,No,Dark,Serious injury accident,60 km/hr,145.28521,-37.86263,Non-Intersection,KNOX,Metro,1,0,0,1,0,0,1,No
2018,August,5/8/18,09.29.00,Collision with vehicle,Sunday,No,Day,Other injury accident,60 km/hr,145.0463,-37.81581,Intersection,BOROONDARA,Metro,2,0,2,0,0,2,0,No