year,month,date,time,accident_type,day,hit_run,light_condition,severity,speed_zone,longitude,latitude,node_type,lga,state_div,total_persons,fatality,males,females,passengers,old_driver,young_driver,alcohol
2018,August,5/8/18,11.40.00,Struck pedestrian,Sunday,No,Day,Other injury accident,60 km/hr,145.07766,-37.83379,Non-Intersection,BOROONDARA,Metro,2,0,2,0,0,0,0,No
2018,August,5/8/18,12.10.00,Struck pedestrian,Sunday,No,Day,Other injury accident,60 km/hr,144.90864,-38.37029,Intersection,MORNINGTON PENINSULA,Metro,2,0,1,1,0,0,0,No
2018,August,5/8/18,13.30.00,Collision with vehicle,Sunday,No,Day,Other injury accident,80 km/hr,142.18613,-34.23096,Intersection,MILDURA,Country,4,0,2,2,2,0,0,No
2018,August,5/8/18,12.40.00,Collision with vehicle,Sunday,No,Day,Other injury accident,50 km/hr,144.91718,-37.64177,Intersection,HUME,Metro,4,0,3,1,2,0,0,No
2018,August,5/8/18,14.55.00,Collision with vehicle,Sunday,No,Day,Other injury accident,60 km/hr,144.91926,-37.78533,Intersection,MELBOURNE,Metro,2,0,1,1,0,0,0,No
2018,August,5/8/18,17.29.00,Collision with vehicle,,No,Dusk/Dawn,Serious injury accident,70 km/hr,144.39356,-38.1712,Non-Intersection,GEELONG,Country,4,0,3,1,1,0,0,No
2018,August,5/8/18,14.30.00,Collision with vehicle,Sunday,No,Day,Other injury accident,60 km/hr,144.88646,-37.77036,Intersection,MARIBYRNONG,Metro,2,0,0,2,0,0,0,No
2018,August,5/8/18,17.30.00,Struck pedestrian,Sunday,No,Day,Other injury accident,50 km/hr,146.53056,-38.18933,Non-Intersection,LATROBE,Country,1,0,0,1,0,0,0,No
2018,August,5/8/18,15.46.00,Collision with vehicle,Sunday,No,Day,Serious injury accident,60 km/hr,144.24519,-36.79791,Intersection,BENDIGO,Country,3,0,2,1,0,0,0,No
2018,August,5/8/18,16.43.00,Collision with vehicle,Sunday,No,Day,Serious injury accident,60 km/hr,144.8895,-37.79118,Intersection,MARIBYRNONG,Metro,4,0,2,2,2,0,1,No
2018,August,5/8/18,18.00.00,Collision with vehicle,Sunday,No,Dusk/Dawn,Other injury accident,60 km/hr,144.95711,-37.66722,Non-Intersection,HUME,Metro,3,0,2,1,0,0,1,No
2018,August,5/8/18,18.20.00,Collision with object,Sunday,No,Dark,Serious injury accident,60 km/hr,144.23169,-36.7013,Non-Intersection,BENDIGO,Country,1,0,1,0,0,0,0,Yes
2018,August,5/8/18,03.30.00,Collision with vehicle,Sunday,No,Dark,Other injury accident,60 km/hr,144.92542,-37.75197,Non-Intersection,MOONEE VALLEY,Metro,2,0,2,0,0,0,1,No
2018,August,5/8/18,23.50.00,Collision with object,,No,Dark,Other injury accident,60 km/hr,145.20078,-38.0841,Non-Intersection,FRANKSTON,Metro,1,0,0,1,0,0,0,No
2018,August,6/8/18,08.50.00,Struck pedestrian,Sunday,No,Day,Other injury accident,50 km/hr,145.08406,-37.73905,Non-Intersection,BANYULE,Metro,4,0,4,0,2,0,0,No
2018,August,6/8/18,07.14.00,Collision with vehicle,Sunday,No,Day,Other injury accident,60 km/hr,145.04747,-37.87832,Non-Intersection,GLEN EIRA,Metro,4,0,3,1,0,0,2,No
2018,August,6/8/18,09.11.00,Collision with vehicle,Monday,No,Day,Other injury accident,50 km/hr,144.45408,-37.24478,Intersection,MACEDON RANGES,Country,2,0,2,0,0,0,0,No
2018,August,6/8/18,08.15.00,Collision with vehicle,Monday,No,Day,Other injury accident,80 km/hr,146.43163,-38.23474,Intersection,LATROBE,Country,2,0,0,2,0,0,0,No
2018,August,6/8/18,06.50.00,Collision with vehicle,Monday,No,Day,Serious injury accident,60 km/hr,145.05657,-37.84599,Intersection,BOROONDARA,Metro,3,0,3,0,0,0,0,No
2018,August,6/8/18,10.50.00,Collision with vehicle,Monday,No,Day,Other injury accident,80 km/hr,145.12324,-37.77949,Intersection,MANNINGHAM,Metro,2,0,2,0,0,0,0,No
2018,August,6/8/18,09.10.00,Collision with object,Sunday,No,Day,Other injury accident,110 km/hr,145.05408,-37.29983,Non-Intersection,MITCHELL,Country,2,0,0,2,1,0,0,No
2018,August,6/8/18,09.00.00,Collision with vehicle,Sunday,No,Day,Other injury accident,60 km/hr,145.09761,-38.02014,Non-Intersection,KINGSTON,Metro,3,0,0,3,0,0,0,No
2018,August,6/8/18,07.10.00,No collision and no object struck,Monday,No,Day,Other injury accident,50 km/hr,144.90655,-37.7391,Intersection,MOONEE VALLEY,Metro,2,0,2,0,0,0,0,No
2018,August,6/8/18,13.20.00,Struck pedestrian,Monday,No,Day,Serious injury accident,70 km/hr,144.35309,-38.14493,Intersection,GEELONG,Country,2,0,0,2,0,0,0,No
2018,August,6/8/18,15.40.00,Collision with vehicle,Monday,No,Day,Other injury accident,60 km/hr,147.26984,-36.84732,Non-Intersection,FALLS CREEK,Country,4,0,2,2,2,0,1,No
2018,August,6/8/18,15.00.00,Collision with vehicle,Sunday,No,Day,Other injury accident,50 km/hr,144.99802,-37.80551,Intersection,YARRA RANGES,Metro,2,0,1,1,0,0,0,No
2018,August,6/8/18,17.25.00,Struck pedestrian,Monday,Yes,Dark,Serious injury accident,60 km/hr,145.16094,-37.79457,Intersection,MANNINGHAM,Metro,2,0,1,0,0,0,0,No
2018,August,6/8/18,19.40.00,Collision with vehicle,Monday,No,Dark,Other injury accident,60 km/hr,144.90484,-37.73604,Non-Intersection,MOONEE VALLEY,Metro,2,0,1,1,0,0,1,No
2018,August,6/8/18,15.50.00,Collision with vehicle,Monday,No,Day,Other injury accident,100 km/hr,145.06895,-37.52387,Intersection,WHITTLESEA,Metro,5,0,4,1,3,0,1,No
2018,August,6/8/18,15.20.00,Collision with vehicle,Sunday,No,Day,Other injury accident,60 km/hr,143.83779,-37.56647,Non-Intersection,BALLARAT,Country,2,0,0,2,0,0,0,No
2018,August,6/8/18,22.55.00,Collision with object,Sunday,No,Dark,Other injury accident,60 km/hr,145.19503,-37.83277,Non-Intersection,WHITEHORSE,Metro,1,0,0,1,0,0,1,No
2018,August,6/8/18,15.30.00,Collision with vehicle,Sunday,No,Day,Other injury accident,60 km/hr,145.11574,-38.05188,Non-Intersection,KINGSTON,Metro,2,0,1,1,0,0,0,No
2018,August,6/8/18,13.10.00,Collision with vehicle,Monday,No,Day,Other injury accident,60 km/hr,144.75687,-37.69167,Intersection,BRIMBANK,Metro,2,0,1,1,0,0,0,No
2018,August,6/8/18,16.15.00,Collision with object,Sunday,No,Day,Other injury accident,80 km/hr,145.63665,-37.59881,Non-Intersection,YARRA RANGES,Metro,1,0,0,1,0,0,0,No
2018,August,6/8/18,12.45.00,Collision with vehicle,Monday,No,Day,Other injury accident,60 km/hr,145.02687,-37.81353,Intersection,BOROONDARA,Metro,2,0,2,0,0,0,1,No
2018,August,6/8/18,09.00.00,Struck pedestrian,Sunday,No,Day,Serious injury accident,40 km/hr,145.08918,-37.98623,Intersection,KINGSTON,Metro,2,0,1,0,0,0,0,No
2018,August,7/8/18,07.15.00,Collision with object,Tuesday,No,Day,Other injury accident,80 km/hr,145.36357,-37.69889,Non-Intersection,YARRA RANGES,Metro,1,0,1,0,0,0,0,No
2018,August,7/8/18,08.26.00,Struck pedestrian,Tuesday,No,Day,Other injury accident,60 km/hr,144.90659,-37.58477,Intersection,HUME,Metro,2,0,1,1,0,0,0,No
2018,August,7/8/18,06.45.00,Struck animal,Monday,No,Dusk/Dawn,Other injury accident,110 km/hr,142.22768,-34.6184,Non-Intersection,MILDURA,Country,1,0,0,1,0,0,1,No
2018,August,7/8/18,08.47.00,Collision with vehicle,Tuesday,No,Day,Serious injury accident,60 km/hr,142.12607,-34.21547,Intersection,MILDURA,Country,2,0,1,1,0,0,0,No
2018,August,7/8/18,07.50.00,Collision with vehicle,Tuesday,No,Day,Serious injury accident,50 km/hr,144.93506,-37.6261,Intersection,HUME,Metro,2,0,1,1,0,0,0,Yes
2018,August,7/8/18,09.00.00,Collision with object,Monday,No,Day,Serious injury accident,40 km/hr,145.21287,-38.05921,Non-Intersection,DANDENONG,Metro,1,0,0,1,0,0,1,No
2018,August,7/8/18,08.52.00,Collision with vehicle,Tuesday,No,Day,Other injury accident,60 km/hr,144.99858,-37.74234,Non-Intersection,DAREBIN,Metro,2,0,1,1,0,0,0,No
2018,August,7/8/18,12.58.00,Collision with vehicle,Tuesday,No,Day,Other injury accident,50 km/hr,144.96023,-37.77804,Intersection,MELBOURNE,Metro,3,0,2,1,0,0,0,No
2018,August,7/8/18,06.50.00,Collision with vehicle,Tuesday,Yes,Dusk/Dawn,Fatal accident,60 km/hr,144.5536,-37.68532,Non-Intersection,MELTON,Metro,3,1,3,0,0,0,0,No
2018,August,7/8/18,11.30.00,Collision with object,Tuesday,No,Day,Other injury accident,50 km/hr,145.14178,-37.92012,Non-Intersection,MONASH,Metro,1,0,1,0,0,0,0,No
2018,August,7/8/18,10.55.00,Collision with object,Tuesday,No,Day,Other injury accident,100 km/hr,143.98092,-37.35828,Intersection,HEPBURN,Country,2,0,1,1,1,0,1,No
2018,August,7/8/18,09.38.00,Collision with vehicle,Tuesday,No,Day,Other injury accident,60 km/hr,144.95752,-37.75466,Intersection,MORELAND,Metro,2,0,2,0,0,0,0,No
2018,August,7/8/18,10.28.00,Vehicle overturned,Tuesday,No,Day,Other injury accident,60 km/hr,144.94522,-37.58353,Intersection,HUME,Metro,1,0,1,0,0,0,0,No
2018,August,7/8/18,13.10.00,Collision with object,Monday,No,Day,Other injury accident,100 km/hr,143.77977,-37.76777,Non-Intersection,GOLDEN PLAINS,Country,1,0,1,0,0,0,1,No
2018,August,7/8/18,08.02.00,Collision with vehicle,Tuesday,No,Day,Other injury accident,60 km/hr,145.17833,-37.87556,Intersection,MONASH,Metro,3,0,2,1,1,0,0,No
2018,August,7/8/18,09.37.00,Struck pedestrian,Tuesday,No,Day,Other injury accident,40 km/hr,144.97259,-37.76656,Intersection,MORELAND,Metro,2,0,2,0,0,0,0,No
2018,August,7/8/18,13.57.00,Collision with object,Tuesday,No,Day,Serious injury accident,50 km/hr,145.1632,-37.74707,Non-Intersection,MANNINGHAM,Metro,1,0,1,0,0,0,1,Yes
2018,August,7/8/18,15.00.00,Collision with object,Tuesday,No,Day,Other injury accident,50 km/hr,145.20211,-37.99797,Intersection,DANDENONG,Metro,2,0,1,1,1,0,0,No
2018,August,7/8/18,15.15.00,Collision with vehicle,Tuesday,No,Day,Other injury accident,70 km/hr,145.01401,-37.70736,Intersection,DAREBIN,Metro,2,0,0,2,0,0,1,No
2018,August,7/8/18,14.55.00,Collision with vehicle,Tuesday,No,Day,Other injury accident,80 km/hr,145.36114,-37.96118,Intersection,YARRA RANGES,Metro,2,0,1,1,0,0,0,No
2018,August,7/8/18,17.30.00,Collision with vehicle,Tuesday,No,Dark,Other injury accident,60 km/hr,145.40204,-36.36401,Intersection,SHEPPARTON,Country,3,0,1,2,1,0,0,No
2018,August,7/8/18,18.30.00,Struck pedestrian,Monday,No,Dark,Other injury accident,70 km/hr,145.0456,-37.93427,Non-Intersection,GLEN EIRA,Metro,2,0,1,1,0,0,0,No
2018,August,7/8/18,21.50.00,Vehicle overturned,Tuesday,No,Dark,Other injury accident,60 km/hr,144.91002,-37.80092,Non-Intersection,MARIBYRNONG,Metro,2,0,1,1,0,0,0,No
2018,August,7/8/18,19.25.00,Collision with vehicle,Tuesday,No,Dark,Other injury accident,70 km/hr,144.95837,-37.69203,Intersection,MORELAND,Metro,5,0,1,1,3,0,1,No
2018,August,7/8/18,14.42.00,Collision with object,Tuesday,No,Day,Serious injury accident,60 km/hr,145.11517,-37.94859,Non-Intersection,KINGSTON,Metro,1,0,0,1,0,0,0,No
2018,August,7/8/18,15.30.00,Collision with vehicle,Monday,No,Day,Serious injury accident,40 km/hr,145.11118,-37.95733,Non-Intersection,KINGSTON,Metro,2,0,1,1,0,0,0,No
2018,August,7/8/18,17.50.00,Struck pedestrian,Monday,Yes,Dark,Other injury accident,50 km/hr,144.76352,-37.73428,Non-Intersection,BRIMBANK,Metro,2,0,1,0,0,0,0,No
2018,August,7/8/18,12.00.00,Collision with vehicle,Tuesday,No,Day,Other injury accident,60 km/hr,144.90144,-37.80432,Intersection,MARIBYRNONG,Metro,2,0,1,1,0,0,0,No
2018,August,8/8/18,07.30.00,Collision with vehicle,Wednesday,Yes,Day,Other injury accident,70 km/hr,145.04241,-37.8756,Non-Intersection,GLEN EIRA,Metro,4,0,1,1,0,0,0,No
2018,August,8/8/18,10.05.00,Collision with vehicle,Wednesday,No,Day,Other injury accident,40 km/hr,141.23847,-36.37867,Off Road,WEST WIMMERA,Country,2,0,1,1,0,0,0,No
2018,August,8/8/18,00.24.00,Struck pedestrian,Wednesday,No,Dark,Other injury accident,70 km/hr,144.99028,-37.8158,Intersection,MELBOURNE,Metro,2,0,2,0,0,0,1,No
2018,August,8/8/18,05.45.00,Struck pedestrian,Wednesday,No,Dark,Serious injury accident,50 km/hr,145.01415,-37.6653,Intersection,WHITTLESEA,Metro,2,0,1,1,0,0,0,No
2018,August,8/8/18,07.25.00,Collision with vehicle,Tuesday,No,Day,Other injury accident,60 km/hr,145.17359,-38.14154,Intersection,FRANKSTON,Metro,4,0,1,3,2,0,0,No
2018,August,8/8/18,08.50.00,Struck pedestrian,Wednesday,No,Day,Other injury accident,40 km/hr,145.00365,-37.74037,Intersection,DAREBIN,Metro,2,0,2,0,0,0,0,No
2018,August,8/8/18,09.00.00,Collision with vehicle,Wednesday,No,Day,Other injury accident,60 km/hr,144.95949,-37.80414,Intersection,MELBOURNE,Metro,2,0,2,0,0,0,0,No
2018,August,8/8/18,06.55.00,Collision with vehicle,Tuesday,No,Day,Other injury accident,50 km/hr,144.93851,-37.74581,Intersection,MORELAND,Metro,3,0,1,1,1,0,1,No
2018,August,8/8/18,07.50.00,Collision with vehicle,Wednesday,No,Day,Serious injury accident,80 km/hr,144.99247,-37.64825,Non-Intersection,WHITTLESEA,Metro,7,0,4,3,3,0,0,No
2018,August,8/8/18,06.55.00,Struck pedestrian,Tuesday,No,Dark,Serious injury accident,40 km/hr,145.03344,-37.93298,Non-Intersection,BAYSIDE,Metro,2,0,2,0,0,0,0,No
2018,August,8/8/18,07.10.00,Collision with vehicle,Tuesday,No,Dusk/Dawn,Other injury accident,100 km/hr,144.79433,-37.79974,Non-Intersection,BRIMBANK,Metro,3,0,2,1,0,0,1,No
2018,August,8/8/18,06.50.00,Collision with object,Tuesday,No,Dark,Other injury accident,100 km/hr,145.55885,-38.01353,Non-Intersection,CARDINIA,Metro,1,0,0,1,0,0,1,No
2018,August,8/8/18,11.19.00,Collision with vehicle,Tuesday,No,Day,Other injury accident,60 km/hr,145.00798,-37.71552,Non-Intersection,DAREBIN,Metro,5,0,3,2,1,0,1,No
2018,August,8/8/18,10.47.00,Collision with vehicle,Tuesday,No,Day,Other injury accident,60 km/hr,144.31184,-38.17773,Intersection,GEELONG,Country,3,0,1,2,1,0,0,No
2018,August,8/8/18,12.20.00,Collision with vehicle,Wednesday,No,Day,Other injury accident,40 km/hr,145.39515,-36.40042,Non-Intersection,SHEPPARTON,Country,3,0,1,0,1,0,0,No
2018,August,8/8/18,13.41.00,Struck pedestrian,Wednesday,No,Day,Other injury accident,60 km/hr,144.95015,-37.82257,Intersection,MELBOURNE,Metro,2,0,2,0,0,0,0,No
2018,August,8/8/18,12.22.00,Collision with vehicle,Tuesday,No,Day,Other injury accident,60 km/hr,145.00762,-37.95222,Intersection,BAYSIDE,Metro,3,0,3,0,1,0,1,No
2018,August,8/8/18,14.20.00,Collision with vehicle,Wednesday,No,Day,Other injury accident,100 km/hr,144.4165,-37.2199,Intersection,MACEDON RANGES,Country,4,0,1,3,2,0,0,No
2018,August,8/8/18,14.45.00,Collision with vehicle,Wednesday,No,Day,Other injury accident,80 km/hr,145.05609,-37.9633,Intersection,KINGSTON,Metro,2,0,1,1,0,0,1,No
2018,August,8/8/18,15.54.00,Collision with vehicle,Wednesday,No,Day,Other injury accident,50 km/hr,145.06422,-37.67375,Non-Intersection,WHITTLESEA,Metro,3,0,2,1,1,0,1,No
2018,August,8/8/18,16.30.00,Collision with vehicle,Wednesday,No,Day,Other injury accident,60 km/hr,144.78569,-37.80546,Non-Intersection,BRIMBANK,Metro,2,0,1,1,0,0,0,No
2018,August,8/8/18,17.15.00,Collision with vehicle,Wednesday,No,Day,Other injury accident,100 km/hr,146.00433,-38.24412,Intersection,BAW BAW,Country,2,0,1,1,0,0,1,No
2018,August,8/8/18,18.15.00,Struck pedestrian,Wednesday,No,Dark,Serious injury accident,40 km/hr,145.00989,-37.717,Non-Intersection,DAREBIN,Metro,2,0,0,1,0,0,0,No
2018,August,8/8/18,17.50.00,Collision with vehicle,Wednesday,No,Dark,Other injury accident,60 km/hr,145.12702,-38.08174,Intersection,FRANKSTON,Metro,4,0,3,1,1,1,0,No
2018,August,8/8/18,18.11.00,Collision with vehicle,Wednesday,No,Day,Serious injury accident,50 km/hr,144.9335,-37.79482,Intersection,MELBOURNE,Metro,2,0,2,0,0,0,0,No
2018,August,8/8/18,18.00.00,Collision with object,Tuesday,No,Dusk/Dawn,Other injury accident,100 km/hr,142.28805,-37.90808,Non-Intersection,SOUTHERN GRAMPIANS,Country,1,0,0,1,0,0,0,No
2018,August,8/8/18,20.05.00,Collision with vehicle,Wednesday,No,Dark,Other injury accident,40 km/hr,144.99617,-37.82549,Intersection,YARRA RANGES,Metro,2,0,2,0,0,0,1,No
2018,August,8/8/18,18.40.00,Collision with object,Wednesday,No,Dark,Serious injury accident,50 km/hr,144.83386,-37.74828,Non-Intersection,BRIMBANK,Metro,1,0,1,0,0,0,0,No
2018,August,8/8/18,20.50.00,Vehicle overturned,Tuesday,No,Dark,Serious injury accident,80 km/hr,147.6094,-37.79492,Non-Intersection,EAST GIPPSLAND,Country,2,0,0,2,1,0,1,No
2018,August,8/8/18,23.00.00,Collision with vehicle,Wednesday,No,Dark,Other injury accident,60 km/hr,145.09032,-37.98431,Non-Intersection,KINGSTON,Metro,3,0,2,1,1,0,0,No
2018,August,8/8/18,22.20.00,Collision with vehicle,Wednesday,No,Dark,Other injury accident,60 km/hr,145.0403,-37.77323,Intersection,BANYULE,Metro,2,0,1,1,0,1,0,No
2018,August,8/8/18,18.18.00,Struck pedestrian,Wednesday,No,Dark,Other injury accident,50 km/hr,144.97852,-37.84801,Intersection,PORT PHILLIP,Metro,3,0,1,0,1,0,0,No
2018,August,8/8/18,07.00.00,Collision with vehicle,Tuesday,No,Dusk/Dawn,Other injury accident,80 km/hr,145.24784,-38.03686,Non-Intersection,CASEY,Metro,5,0,2,1,3,0,0,No
2018,August,8/8/18,17.55.00,Collision with vehicle,Tuesday,No,Dark,Other injury accident,80 km/hr,145.2309,-38.00112,Non-Intersection,CASEY,Metro,2,0,2,0,0,0,0,No
2018,August,8/8/18,18.30.00,Collision with vehicle,Tuesday,No,Dusk/Dawn,Other injury accident,50 km/hr,145.35139,-37.90793,Non-Intersection,YARRA RANGES,Metro,2,0,1,1,0,0,1,No
2018,August,9/8/18,17.15.00,Collision with vehicle,Wednesday,No,Dusk/Dawn,Other injury accident,50 km/hr,144.9338,-37.83456,Non-Intersection,PORT PHILLIP,Metro,2,0,1,1,0,0,0,No
2018,August,9/8/18,00.25.00,Collision with object,Thursday,No,Dark,Other injury accident,60 km/hr,144.73309,-37.56299,Intersection,HUME,Metro,1,0,1,0,0,0,0,No
2018,August,9/8/18,04.30.00,Collision with vehicle,Wednesday,No,Dark,Serious injury accident,60 km/hr,145.00894,-37.7421,Non-Intersection,DAREBIN,Metro,1,0,1,0,0,0,0,No
2018,August,9/8/18,06.20.00,Collision with vehicle,Wednesday,No,Dark,Other injury accident,60 km/hr,145.02711,-37.81772,Non-Intersection,BOROONDARA,Metro,2,0,1,1,0,1,0,No
2018,August,9/8/18,09.00.00,Collision with vehicle,Thursday,No,Day,Other injury accident,60 km/hr,148.459,-37.70509,Intersection,EAST GIPPSLAND,Country,4,0,3,1,2,1,0,No
2018,August,9/8/18,09.10.00,Collision with vehicle,Thursday,No,Day,Other injury accident,70 km/hr,145.00753,-37.69447,Intersection,WHITTLESEA,Metro,2,0,1,1,0,0,0,No
2018,August,9/8/18,10.15.00,Collision with vehicle,Thursday,No,Day,Other injury accident,50 km/hr,145.31136,-37.78877,Non-Intersection,YARRA RANGES,Metro,2,0,1,1,0,0,1,No
2018,August,9/8/18,11.55.00,Collision with vehicle,Wednesday,No,Day,Other injury accident,80 km/hr,144.88406,-37.62163,Non-Intersection,HUME,Metro,3,0,1,2,1,0,0,No
2018,August,9/8/18,11.00.00,Collision with object,Wednesday,No,Day,Other injury accident,80 km/hr,147.12938,-36.97296,Non-Intersection,MOUNT HOTHAM,Country,2,0,1,1,1,0,0,No
2018,August,9/8/18,11.45.00,Collision with vehicle,Thursday,No,Day,Other injury accident,60 km/hr,144.5725,-37.71638,Intersection,MELTON,Metro,2,0,1,1,0,0,0,No
2018,August,9/8/18,11.55.00,Collision with vehicle,Thursday,No,Day,Other injury accident,60 km/hr,145.05304,-37.97983,Intersection,BAYSIDE,Metro,2,0,2,0,0,1,1,No
2018,August,9/8/18,12.37.00,Struck pedestrian,Thursday,No,Day,Other injury accident,80 km/hr,145.16533,-37.94093,Non-Intersection,DANDENONG,Metro,2,0,2,0,0,0,0,No
2018,August,9/8/18,06.10.00,Collision with vehicle,Wednesday,No,Dark,Other injury accident,100 km/hr,144.80401,-37.83557,Non-Intersection,WYNDHAM,Metro,3,0,2,1,1,0,0,No
2018,August,9/8/18,12.40.00,No collision and no object struck,Thursday,No,Day,Other injury accident,50 km/hr,144.42659,-37.66628,Non-Intersection,MOORABOOL,Country,1,0,1,0,0,0,0,No
2018,August,9/8/18,11.32.00,Collision with vehicle,Thursday,No,Day,Other injury accident,40 km/hr,144.99757,-37.82773,Intersection,YARRA RANGES,Metro,2,0,1,1,0,0,0,No
2018,August,9/8/18,07.21.00,Collision with vehicle,Thursday,No,Day,Serious injury accident,40 km/hr,144.66702,-37.86088,Intersection,WYNDHAM,Metro,2,0,2,0,0,0,1,No
2018,August,9/8/18,12.31.00,Collision with object,Thursday,No,Day,Other injury accident,50 km/hr,144.82241,-37.79414,Non-Intersection,BRIMBANK,Metro,1,0,0,1,0,1,0,No
2018,August,9/8/18,13.15.00,Collision with vehicle,Thursday,No,Day,Serious injury accident,80 km/hr,145.17201,-38.09938,Non-Intersection,FRANKSTON,Metro,4,0,2,0,1,0,0,No
2018,August,9/8/18,14.18.00,Collision with vehicle,Thursday,No,Day,Serious injury accident,60 km/hr,145.06573,-37.89391,Intersection,GLEN EIRA,Metro,3,0,1,1,1,1,0,No
2018,August,9/8/18,17.03.00,Struck pedestrian,Thursday,No,Day,Serious injury accident,50 km/hr,145.61327,-37.78143,Intersection,YARRA RANGES,Metro,2,0,2,0,0,0,1,No
2018,August,9/8/18,17.45.00,Collision with vehicle,Wednesday,Yes,Dark,Other injury accident,60 km/hr,144.67356,-37.8939,Intersection,WYNDHAM,Metro,4,0,4,0,1,0,2,No
2018,August,9/8/18,17.25.00,Collision with vehicle,Wednesday,No,Day,Other injury accident,60 km/hr,145.23239,-37.75669,Non-Intersection,MANNINGHAM,Metro,2,0,1,1,0,0,1,No
2018,August,9/8/18,18.12.00,Collision with object,Thursday,No,Dark,Other injury accident,80 km/hr,145.52166,-37.94623,Non-Intersection,CARDINIA,Metro,2,0,0,1,0,0,1,No
2018,August,9/8/18,18.00.00,Collision with vehicle,Thursday,No,Dark,Other injury accident,100 km/hr,145.02275,-37.68618,Intersection,WHITTLESEA,Metro,2,0,1,1,0,0,1,No
2018,August,9/8/18,14.30.00,Collision with vehicle,Wednesday,No,Day,Other injury accident,50 km/hr,144.72733,-37.86838,Off Road,WYNDHAM,Metro,2,0,0,2,0,0,2,No
2018,August,9/8/18,17.20.00,Struck pedestrian,Thursday,No,Day,Other injury accident,50 km/hr,145.15772,-37.81807,Intersection,WHITEHORSE,Metro,3,0,1,2,0,0,0,No
2018,August,9/8/18,19.00.00,Struck pedestrian,Thursday,No,Dark,Other injury accident,50 km/hr,144.82245,-37.78188,Intersection,BRIMBANK,Metro,2,0,1,1,0,0,0,No
2018,August,9/8/18,18.48.00,Collision with vehicle,Thursday,No,Dark,Other injury accident,60 km/hr,144.69025,-37.8384,Non-Intersection,WYNDHAM,Metro,3,0,1,2,0,0,0,No
2018,August,9/8/18,17.55.00,Collision with vehicle,Thursday,No,Dark,Other injury accident,60 km/hr,144.97451,-37.75877,Intersection,MORELAND,Metro,2,0,2,0,0,0,0,No
2018,August,9/8/18,18.30.00,Collision with vehicle,Thursday,No,Dark,Serious injury accident,60 km/hr,145.29875,-37.85087,Intersection,KNOX,Metro,3,0,2,1,1,0,0,No
2018,August,9/8/18,19.45.00,Collision with vehicle,Thursday,Yes,Dark,Other injury accident,40 km/hr,144.99659,-37.86916,Intersection,PORT PHILLIP,Metro,2,0,1,1,0,0,0,No
2018,August,9/8/18,18.20.00,Struck pedestrian,Thursday,No,Dark,Serious injury accident,60 km/hr,145.09867,-37.88132,Non-Intersection,MONASH,Metro,2,0,1,1,0,0,0,No
2018,August,9/8/18,06.51.00,Collision with vehicle,Wednesday,No,Dusk/Dawn,Other injury accident,40 km/hr,144.96061,-37.81053,Non-Intersection,MELBOURNE,Metro,2,0,1,1,0,0,0,No
2018,August,9/8/18,16.40.00,Collision with vehicle,Wednesday,No,Day,Serious injury accident,60 km/hr,144.9479,-37.80773,Intersection,MELBOURNE,Metro,3,0,1,2,0,0,0,No
2018,August,9/8/18,14.30.00,Collision with vehicle,Thursday,No,Day,Other injury accident,60 km/hr,144.93704,-37.78886,Intersection,MELBOURNE,Metro,3,0,2,1,1,0,0,No
2018,August,9/8/18,18.00.00,Collision with object,Thursday,No,Dark,Serious injury accident,100 km/hr,143.8284,-35.64034,Non-Intersection,GANNAWARRA,Country,1,0,1,0,0,0,1,No
2018,August,9/8/18,17.25.00,Collision with vehicle,Thursday,No,Day,Other injury accident,70 km/hr,144.80941,-37.84724,Intersection,HOBSONS BAY,Metro,2,0,2,0,0,0,0,No
2018,August,9/8/18,13.00.00,Collision with vehicle,Thursday,No,Day,Other injury accident,60 km/hr,144.25917,-36.74057,Non-Intersection,BENDIGO,Country,2,0,1,1,0,0,0,No
2018,August,9/8/18,08.30.00,Struck pedestrian,Wednesday,No,Day,Other injury accident,60 km/hr,147.27262,-36.85439,Non-Intersection,FALLS CREEK,Country,1,0,1,0,0,0,0,No
2018,August,9/8/18,19.00.00,Struck pedestrian,Thursday,No,Dark,Other injury accident,40 km/hr,144.99072,-37.83887,Intersection,STONNINGTON,Metro,2,0,1,1,0,0,0,No
2018,August,10/8/18,05.55.00,Collision with vehicle,Thursday,No,Dark,Other injury accident,100 km/hr,145.16555,-37.91276,Non-Intersection,MONASH,Metro,4,0,2,1,1,0,0,No
2018,August,10/8/18,08.00.00,Struck pedestrian,Friday,No,Day,Other injury accident,60 km/hr,145.16788,-38.10538,Intersection,FRANKSTON,Metro,2,0,1,1,0,0,0,No
2018,August,10/8/18,11.40.00,Collision with vehicle,Friday,No,Day,Other injury accident,60 km/hr,145.0233,-37.88003,Intersection,GLEN EIRA,Metro,2,0,2,0,0,0,1,No
2018,August,10/8/18,19.30.00,Struck animal,Thursday,No,Dark,Other injury accident,100 km/hr,147.34299,-37.06785,Non-Intersection,ALPINE,Country,2,0,0,2,1,0,1,No
2018,August,10/8/18,14.35.00,Struck pedestrian,Friday,No,Day,Other injury accident,50 km/hr,145.39931,-36.38109,Intersection,SHEPPARTON,Country,3,0,2,1,1,0,0,No
2018,August,10/8/18,04.40.00,Collision with object,Thursday,No,Dark,Serious injury accident,100 km/hr,141.11341,-37.73375,Intersection,GLENELG,Country,1,0,1,0,0,0,0,No
2018,August,10/8/18,11.05.00,Collision with object,Thursday,No,Day,Other injury accident,110 km/hr,145.98946,-38.18225,Non-Intersection,BAW BAW,Country,1,0,0,1,0,0,0,No