year,month,date,time,accident_type,day,hit_run,light_condition,severity,speed_zone,longitude,latitude,node_type,lga,state_div,total_persons,fatality,males,females,passengers,old_driver,young_driver,alcohol
2018,August,10/8/18,17.30.00,Collision with vehicle,Thursday,No,Day,Other injury accident,50 km/hr,145.12527,-38.16556,Intersection,FRANKSTON,Metro,2,0,0,2,0,0,2,No
2018,August,10/8/18,17.30.00,Collision with vehicle,Friday,No,Dusk/Dawn,Other injury accident,60 km/hr,145.23677,-38.00183,Intersection,CASEY,Metro,2,0,1,1,0,0,0,No
2018,August,10/8/18,04.00.00,Collision with vehicle,Thursday,No,Dark,Other injury accident,100 km/hr,144.80613,-37.83457,Non-Intersection,WYNDHAM,Metro,3,0,1,0,1,0,1,No
2018,August,10/8/18,07.24.00,Collision with vehicle,Friday,No,Day,Other injury accident,60 km/hr,144.95336,-37.79832,Non-Intersection,MELBOURNE,Metro,2,0,0,2,0,0,1,No
2018,August,10/8/18,09.24.00,Collision with vehicle,Friday,No,Day,Other injury accident,60 km/hr,145.03268,-37.88827,Non-Intersection,GLEN EIRA,Metro,3,0,1,2,1,0,0,No
2018,August,10/8/18,11.00.00,Collision with vehicle,Friday,No,Day,Other injury accident,60 km/hr,145.71776,-37.18995,Intersection,MURRINDINDI,Country,2,0,2,0,0,0,0,No
2018,August,10/8/18,09.17.00,Collision with vehicle,Friday,No,Day,Other injury accident,60 km/hr,145.2365,-37.97238,Non-Intersection,CASEY,Metro,3,0,1,2,0,0,0,No
2018,August,10/8/18,09.40.00,Collision with object,Thursday,No,Day,Other injury accident,50 km/hr,145.02597,-37.68446,Non-Intersection,WHITTLESEA,Metro,1,0,1,0,0,1,0,No
2018,August,10/8/18,12.50.00,Struck pedestrian,Friday,No,Day,Other injury accident,60 km/hr,144.99358,-37.75876,Intersection,DAREBIN,Metro,3,0,1,2,0,0,0,No
2018,August,10/8/18,14.30.00,Collision with vehicle,Thursday,No,Day,Other injury accident,60 km/hr,144.83904,-37.8654,Intersection,HOBSONS BAY,Metro,2,0,0,2,0,1,0,No
2018,August,10/8/18,12.15.00,Collision with vehicle,Friday,No,Day,Other injury accident,70 km/hr,145.17158,-38.15957,Non-Intersection,FRANKSTON,Metro,2,0,0,2,0,0,0,No
2018,August,10/8/18,14.28.00,Collision with object,Thursday,No,Day,Other injury accident,60 km/hr,144.67877,-37.91044,Non-Intersection,WYNDHAM,Metro,1,0,0,1,0,0,0,No
2018,August,10/8/18,15.52.00,Collision with vehicle,Friday,No,Day,Serious injury accident,60 km/hr,145.28444,-37.88306,Intersection,KNOX,Metro,2,0,2,0,0,0,1,No
2018,August,10/8/18,15.06.00,Collision with vehicle,Friday,No,Day,Other injury accident,50 km/hr,143.55039,-35.34415,Intersection,SWAN HILL,Country,2,0,2,0,0,0,0,No
2018,August,10/8/18,15.45.00,Collision with object,Thursday,No,Day,Other injury accident,60 km/hr,144.60446,-38.28356,Non-Intersection,GEELONG,Country,1,0,1,0,0,0,0,No
2018,August,10/8/18,15.03.00,Struck pedestrian,Friday,No,Day,Serious injury accident,50 km/hr,145.30079,-38.02204,Intersection,CASEY,Metro,2,0,1,1,0,0,0,No
2018,August,10/8/18,15.33.00,Collision with vehicle,Thursday,No,Day,Other injury accident,80 km/hr,145.12613,-37.60414,Intersection,WHITTLESEA,Metro,3,0,1,2,1,0,0,No
2018,August,10/8/18,16.48.00,Collision with vehicle,Thursday,No,Day,Other injury accident,100 km/hr,145.01764,-37.68581,Non-Intersection,WHITTLESEA,Metro,3,0,1,2,1,0,1,No
2018,August,10/8/18,15.55.00,Collision with vehicle,Friday,No,Day,Other injury accident,50 km/hr,144.82602,-37.83989,Non-Intersection,HOBSONS BAY,Metro,3,0,1,2,0,0,0,No
2018,August,10/8/18,18.30.00,Collision with vehicle,Friday,No,Dark,Other injury accident,80 km/hr,144.83636,-37.62961,Intersection,HUME,Metro,2,0,1,1,0,0,1,No
2018,August,10/8/18,20.20.00,Collision with vehicle,Friday,No,Dark,Other injury accident,50 km/hr,144.95759,-37.84733,Intersection,PORT PHILLIP,Metro,2,0,1,1,0,0,0,No
2018,August,10/8/18,21.10.00,Struck pedestrian,Thursday,No,Dark,Serious injury accident,40 km/hr,144.36114,-38.14643,Non-Intersection,GEELONG,Country,3,0,0,3,1,0,0,No
2018,August,10/8/18,20.00.00,Struck pedestrian,Friday,No,Dark,Serious injury accident,60 km/hr,144.96839,-37.79226,Intersection,MELBOURNE,Metro,2,0,1,1,0,0,0,No
2018,August,10/8/18,11.45.00,Struck pedestrian,Friday,Yes,Unk.,Other injury accident,100 km/hr,145.17393,-37.9207,Non-Intersection,MONASH,Metro,2,0,0,1,0,0,0,No
2018,August,10/8/18,02.24.00,Collision with object,Thursday,No,Dark,Serious injury accident,50 km/hr,144.57907,-37.82334,Non-Intersection,WYNDHAM,Metro,3,0,2,1,1,0,1,No
2018,August,10/8/18,15.20.00,Collision with vehicle,Thursday,No,Day,Other injury accident,60 km/hr,144.99082,-37.73354,Intersection,DAREBIN,Metro,2,0,1,0,0,0,1,No
2018,August,11/8/18,19.30.00,Collision with vehicle,Saturday,No,Dark,Other injury accident,60 km/hr,145.00133,-37.85917,Intersection,PORT PHILLIP,Metro,2,0,1,1,0,0,1,No
2018,August,11/8/18,12.45.00,Collision with vehicle,Saturday,No,Day,Other injury accident,80 km/hr,145.23234,-37.97195,Non-Intersection,DANDENONG,Metro,7,0,4,3,4,0,0,No
2018,August,11/8/18,13.10.00,Collision with vehicle,Saturday,No,Day,Other injury accident,100 km/hr,144.15654,-36.62649,Non-Intersection,BENDIGO,Country,2,0,1,1,0,0,0,No
2018,August,11/8/18,12.29.00,Collision with vehicle,Saturday,No,Day,Serious injury accident,70 km/hr,144.74965,-37.8998,Intersection,WYNDHAM,Metro,2,0,2,0,0,0,1,No
2018,August,11/8/18,14.05.00,Collision with vehicle,Saturday,No,Day,Other injury accident,50 km/hr,145.34343,-37.9065,Non-Intersection,YARRA RANGES,Metro,1,0,1,0,0,0,0,No
2018,August,11/8/18,13.15.00,Collision with vehicle,Friday,No,Day,Serious injury accident,60 km/hr,145.37627,-37.65253,Intersection,YARRA RANGES,Metro,4,0,2,2,2,0,0,No
2018,August,11/8/18,12.10.00,Collision with object,Friday,No,Day,Other injury accident,60 km/hr,145.14202,-37.80102,Non-Intersection,WHITEHORSE,Metro,1,0,0,1,0,0,0,No
2018,August,11/8/18,15.30.00,Collision with object,Friday,No,Day,Other injury accident,50 km/hr,145.19933,-38.10563,Non-Intersection,FRANKSTON,Metro,1,0,1,0,0,0,0,No
2018,August,11/8/18,07.30.00,Collision with object,Saturday,No,Day,Other injury accident,110 km/hr,142.86886,-35.52307,Non-Intersection,BULOKE,Country,1,0,1,0,0,0,0,No
2018,August,11/8/18,16.35.00,Struck pedestrian,Saturday,No,Day,Serious injury accident,40 km/hr,144.98448,-37.79775,Non-Intersection,YARRA RANGES,Metro,3,0,3,0,1,0,0,No
2018,August,11/8/18,17.40.00,Collision with vehicle,Saturday,No,Unk.,Other injury accident,60 km/hr,145.04938,-37.88149,Non-Intersection,GLEN EIRA,Metro,2,0,1,1,0,0,0,No
2018,August,11/8/18,18.48.00,Collision with vehicle,Saturday,No,Dark,Other injury accident,60 km/hr,145.15641,-37.96292,Intersection,DANDENONG,Metro,2,0,2,0,0,0,0,Yes
2018,August,11/8/18,18.45.00,Struck animal,Friday,No,Dark,Other injury accident,100 km/hr,144.45171,-36.6894,Intersection,BENDIGO,Country,1,0,1,0,0,0,1,No
2018,August,11/8/18,19.35.00,Struck pedestrian,Friday,No,Dark,Other injury accident,50 km/hr,145.27841,-37.87888,Non-Intersection,KNOX,Metro,3,0,2,1,1,0,1,No
2018,August,11/8/18,13.25.00,Collision with vehicle,Saturday,No,Day,Fatal accident,100 km/hr,142.12539,-34.2323,Intersection,MILDURA,Country,7,1,3,4,5,0,0,No
2018,August,11/8/18,20.10.00,Collision with object,Saturday,No,Dark,Other injury accident,110 km/hr,144.46387,-37.66945,Non-Intersection,MOORABOOL,Country,1,0,0,1,0,0,1,No
2018,August,11/8/18,17.37.00,Collision with vehicle,Saturday,No,Day,Other injury accident,80 km/hr,144.80691,-37.77434,Non-Intersection,BRIMBANK,Metro,2,0,2,0,0,0,1,No
2018,August,11/8/18,20.00.00,Collision with vehicle,Friday,Yes,Dark,Other injury accident,50 km/hr,144.31927,-36.76636,Non-Intersection,BENDIGO,Country,1,0,0,1,0,1,0,No
2018,August,11/8/18,15.15.00,Vehicle overturned,Saturday,No,Day,Serious injury accident,110 km/hr,145.2521,-36.9021,Non-Intersection,STRATHBOGIE,Country,6,0,1,3,3,0,0,No
2018,August,11/8/18,05.10.00,Collision with vehicle,Saturday,No,Dark,Other injury accident,80 km/hr,145.1447,-37.99085,Intersection,DANDENONG,Metro,3,0,3,0,1,0,1,No
2018,August,11/8/18,19.00.00,Collision with vehicle,Saturday,No,Dark,Other injury accident,80 km/hr,142.11536,-34.22391,Intersection,MILDURA,Country,2,0,0,2,0,0,1,No
2018,August,11/8/18,23.50.00,Struck pedestrian,Friday,No,Dark,Serious injury accident,60 km/hr,144.95997,-37.82576,Non-Intersection,MELBOURNE,Metro,2,0,1,1,0,0,1,No
2018,August,11/8/18,22.51.00,Collision with vehicle,Saturday,No,Dark,Other injury accident,50 km/hr,144.9372,-37.71333,Non-Intersection,MORELAND,Metro,1,0,1,0,0,0,0,No
2018,August,11/8/18,22.10.00,Struck pedestrian,Saturday,Yes,Dark,Serious injury accident,50 km/hr,144.88138,-37.79785,Intersection,MARIBYRNONG,Metro,3,0,0,1,0,0,0,No
2018,August,11/8/18,23.35.00,Collision with vehicle,Saturday,No,Dark,Other injury accident,50 km/hr,145.95145,-38.47766,Intersection,SOUTH GIPPSLAND,Country,7,0,3,4,5,0,0,No
2018,August,11/8/18,23.45.00,Collision with vehicle,Saturday,No,Dark,Serious injury accident,60 km/hr,144.94199,-37.8001,Intersection,MELBOURNE,Metro,2,0,2,0,0,0,0,No
2018,August,11/8/18,20.00.00,Vehicle overturned,Saturday,No,Dark,Other injury accident,40 km/hr,144.98589,-37.80767,Non-Intersection,YARRA RANGES,Metro,1,0,1,0,0,0,0,No
2018,August,11/8/18,18.00.00,Collision with object,Saturday,No,Dark,Serious injury accident,40 km/hr,144.9671,-37.79711,Intersection,MELBOURNE,Metro,2,0,1,1,1,1,0,No
2018,August,11/8/18,11.15.00,Collision with vehicle,Saturday,No,Day,Other injury accident,60 km/hr,144.86147,-37.75233,Intersection,MOONEE VALLEY,Metro,4,0,2,2,2,0,1,No
2018,August,11/8/18,11.15.00,Collision with object,Saturday,No,Day,Other injury accident,80 km/hr,143.94035,-38.58211,Non-Intersection,COLAC OTWAY,Country,1,0,0,1,0,0,1,No
2018,August,11/8/18,04.12.00,Collision with object,Saturday,No,Dark,Serious injury accident,70 km/hr,145.05353,-37.93526,Non-Intersection,GLEN EIRA,Metro,3,0,2,1,2,0,1,No
2018,August,11/8/18,09.17.00,Collision with object,Saturday,No,Day,Serious injury accident,60 km/hr,145.53452,-37.66665,Intersection,YARRA RANGES,Metro,2,0,0,1,1,0,0,No
2018,August,11/8/18,11.05.00,Collision with vehicle,Saturday,No,Day,Serious injury accident,80 km/hr,145.09719,-37.94435,Intersection,KINGSTON,Metro,5,0,4,1,2,0,1,No
2018,August,11/8/18,09.21.00,Collision with vehicle,Saturday,No,Day,Other injury accident,60 km/hr,144.95876,-37.78988,Intersection,MELBOURNE,Metro,2,0,2,0,0,0,0,No
2018,August,11/8/18,08.00.00,Collision with vehicle,Friday,No,Day,Other injury accident,80 km/hr,145.24657,-38.03593,Non-Intersection,DANDENONG,Metro,2,0,2,0,0,0,0,No
2018,August,11/8/18,14.15.00,Collision with vehicle,Saturday,No,Day,Other injury accident,80 km/hr,145.05779,-37.96567,Intersection,KINGSTON,Metro,3,0,3,0,1,0,0,No
2018,August,12/8/18,00.10.00,Collision with vehicle,Sunday,No,Dark,Other injury accident,80 km/hr,145.03617,-37.9351,Intersection,KINGSTON,Metro,6,0,2,4,4,0,0,No
2018,August,12/8/18,00.05.00,Collision with object,,No,Dark,Other injury accident,100 km/hr,145.86092,-38.08925,Non-Intersection,BAW BAW,Country,1,0,0,1,0,0,1,No
2018,August,12/8/18,01.10.00,No collision and no object struck,Sunday,No,Dark,Serious injury accident,70 km/hr,144.77493,-37.77024,Intersection,BRIMBANK,Metro,4,0,4,0,1,0,1,Yes
2018,August,12/8/18,01.00.00,Struck pedestrian,Sunday,Yes,Unk.,Other injury accident,60 km/hr,145.1394,-38.07901,Non-Intersection,KINGSTON,Metro,2,0,2,0,0,0,0,No
2018,August,12/8/18,04.35.00,Collision with object,Sunday,No,Dark,Serious injury accident,80 km/hr,144.20338,-38.33361,Non-Intersection,SURF COAST,Country,1,0,1,0,0,0,0,Yes
2018,August,12/8/18,10.30.00,Collision with vehicle,,No,Day,Serious injury accident,60 km/hr,145.02629,-37.65214,Non-Intersection,WHITTLESEA,Metro,3,0,1,2,1,0,0,No
2018,August,12/8/18,10.15.00,Collision with vehicle,,No,Day,Other injury accident,60 km/hr,145.22727,-37.81606,Non-Intersection,MAROONDAH,Metro,2,0,0,2,0,0,1,No
2018,August,12/8/18,11.45.00,Collision with vehicle,Sunday,No,Day,Other injury accident,60 km/hr,145.11551,-38.05138,Intersection,KINGSTON,Metro,2,0,1,1,0,0,0,No
2018,August,12/8/18,11.11.00,Collision with object,Sunday,No,Day,Serious injury accident,110 km/hr,145.055,-37.28605,Non-Intersection,MITCHELL,Country,1,0,0,1,0,0,0,No
2018,August,12/8/18,10.52.00,Collision with vehicle,Sunday,No,Day,Other injury accident,50 km/hr,144.72933,-37.57973,Intersection,HUME,Metro,2,0,1,1,0,0,0,No
2018,August,12/8/18,11.55.00,Vehicle overturned,Sunday,No,Day,Other injury accident,80 km/hr,146.85533,-36.64786,Non-Intersection,ALPINE,Country,4,0,2,2,3,0,0,No
2018,August,12/8/18,11.57.00,Collision with object,,No,Day,Other injury accident,80 km/hr,141.29036,-37.92969,Non-Intersection,GLENELG,Country,2,0,1,1,1,0,0,No
2018,August,12/8/18,09.58.00,Collision with vehicle,Sunday,Yes,Day,Fatal accident,40 km/hr,144.9946,-37.84457,Intersection,STONNINGTON,Metro,3,1,1,2,0,0,0,No
2018,August,12/8/18,14.30.00,Collision with vehicle,Sunday,No,Day,Other injury accident,100 km/hr,144.44314,-37.75319,Intersection,MOORABOOL,Country,3,0,2,1,1,0,1,No
2018,August,12/8/18,14.30.00,Collision with object,Sunday,No,Day,Serious injury accident,80 km/hr,145.08491,-38.31108,Intersection,MORNINGTON PENINSULA,Metro,2,0,1,1,0,0,0,No
2018,August,12/8/18,16.50.00,Collision with object,,No,Day,Serious injury accident,60 km/hr,145.00365,-37.87762,Non-Intersection,GLEN EIRA,Metro,5,0,3,2,4,0,0,No
2018,August,12/8/18,19.41.00,Collision with vehicle,Sunday,No,Dark,Other injury accident,80 km/hr,145.1338,-38.19574,Intersection,FRANKSTON,Metro,3,0,3,0,1,0,1,No
2018,August,12/8/18,19.54.00,Collision with vehicle,Sunday,No,Dark,Other injury accident,60 km/hr,144.96589,-37.82832,Intersection,MELBOURNE,Metro,8,0,4,3,4,0,1,No
2018,August,12/8/18,14.00.00,Collision with vehicle,Sunday,No,Day,Other injury accident,70 km/hr,144.72498,-37.87207,Non-Intersection,WYNDHAM,Metro,7,0,4,1,4,0,0,No
2018,August,12/8/18,22.00.00,Collision with object,,No,Dark,Other injury accident,100 km/hr,145.021,-37.54805,Non-Intersection,WHITTLESEA,Metro,4,0,3,0,2,0,0,No
2018,August,12/8/18,21.26.00,Collision with vehicle,Sunday,No,Dark,Serious injury accident,40 km/hr,144.35932,-38.15035,Intersection,GEELONG,Country,2,0,1,1,0,0,0,No
2018,August,12/8/18,04.10.00,Collision with vehicle,Sunday,No,Dark,Serious injury accident,60 km/hr,144.92934,-37.78814,Non-Intersection,MELBOURNE,Metro,2,0,2,0,0,0,0,No
2018,August,12/8/18,11.10.00,Collision with vehicle,,No,Day,Other injury accident,60 km/hr,144.86659,-37.78139,Non-Intersection,MARIBYRNONG,Metro,3,0,2,1,1,0,0,No
2018,August,12/8/18,08.17.00,Collision with vehicle,,No,Day,Other injury accident,100 km/hr,144.82239,-37.75808,Non-Intersection,BRIMBANK,Metro,3,0,3,0,0,0,1,No
2018,August,12/8/18,19.31.00,Collision with vehicle,,No,Dark,Serious injury accident,40 km/hr,144.97876,-37.7966,Non-Intersection,YARRA RANGES,Metro,3,0,1,1,0,0,1,No
2018,August,13/8/18,17.10.00,Collision with vehicle,Monday,Yes,Day,Other injury accident,40 km/hr,144.96659,-37.74508,Intersection,MORELAND,Metro,2,0,1,1,0,0,0,No
2018,August,13/8/18,00.20.00,Collision with object,Monday,No,Dark,Serious injury accident,100 km/hr,145.2229,-36.41407,Intersection,SHEPPARTON,Country,2,0,1,1,1,0,0,No
2018,August,13/8/18,05.00.00,Collision with vehicle,Monday,No,Dark,Other injury accident,60 km/hr,143.60535,-38.33306,Non-Intersection,COLAC OTWAY,Country,1,0,0,1,0,0,1,No
2018,August,13/8/18,07.25.00,Collision with vehicle,Monday,No,Day,Other injury accident,100 km/hr,143.77602,-37.10382,Intersection,CENTRAL GOLDFIELDS,Country,3,0,3,0,1,0,1,No
2018,August,13/8/18,07.00.00,Collision with object,Monday,No,Day,Other injury accident,60 km/hr,144.56819,-37.68431,Intersection,MELTON,Metro,1,0,1,0,0,0,0,No
2018,August,13/8/18,09.45.00,Struck pedestrian,Sunday,No,Day,Other injury accident,60 km/hr,144.97261,-37.80767,Non-Intersection,MELBOURNE,Metro,2,0,2,0,0,0,0,No
2018,August,13/8/18,09.30.00,Collision with vehicle,Sunday,No,Day,Other injury accident,80 km/hr,145.3352,-38.07533,Non-Intersection,CASEY,Metro,3,0,2,1,1,0,0,No
2018,August,13/8/18,11.01.00,Collision with vehicle,Sunday,No,Day,Other injury accident,80 km/hr,144.30037,-38.21934,Intersection,GEELONG,Country,2,0,0,2,0,0,0,No
2018,August,13/8/18,09.35.00,Collision with vehicle,Monday,No,Day,Other injury accident,80 km/hr,145.07058,-37.98148,Intersection,KINGSTON,Metro,2,0,2,0,0,0,0,No
2018,August,13/8/18,10.44.00,Struck pedestrian,Monday,No,Day,Serious injury accident,60 km/hr,144.94446,-37.76951,Non-Intersection,MORELAND,Metro,2,0,1,1,0,0,0,No
2018,August,13/8/18,12.37.00,Collision with vehicle,Monday,No,Day,Serious injury accident,60 km/hr,145.27559,-37.8383,Intersection,KNOX,Metro,2,0,1,1,0,1,0,No
2018,August,13/8/18,09.40.00,Collision with vehicle,Monday,No,Day,Serious injury accident,80 km/hr,145.72174,-38.62702,Intersection,BASS COAST,Country,2,0,2,0,0,1,0,No
2018,August,13/8/18,08.46.00,Collision with vehicle,Monday,No,Day,Other injury accident,60 km/hr,145.47444,-38.07529,Intersection,CARDINIA,Metro,6,0,2,4,4,0,0,No
2018,August,13/8/18,18.30.00,Collision with object,Monday,No,Dark,Other injury accident,50 km/hr,143.59635,-38.33544,Intersection,COLAC OTWAY,Country,1,0,1,0,0,0,0,No
2018,August,13/8/18,19.55.00,Collision with object,Monday,No,Dark,Other injury accident,100 km/hr,145.85122,-38.44592,Non-Intersection,SOUTH GIPPSLAND,Country,1,0,0,1,0,0,0,No
2018,August,13/8/18,21.43.00,Collision with vehicle,Sunday,No,Dark,Other injury accident,60 km/hr,145.23977,-38.02704,Non-Intersection,DANDENONG,Metro,3,0,3,0,2,0,1,No
2018,August,13/8/18,18.42.00,Struck pedestrian,Sunday,No,Dark,Serious injury accident,60 km/hr,144.92426,-37.62178,Non-Intersection,HUME,Metro,2,0,2,0,0,0,0,No
2018,August,13/8/18,20.36.00,Collision with object,Sunday,No,Dark,Other injury accident,100 km/hr,145.33689,-38.04279,Non-Intersection,CASEY,Metro,2,0,1,1,1,0,0,No
2018,August,13/8/18,12.50.00,Vehicle overturned,Sunday,No,Day,Other injury accident,100 km/hr,141.52008,-36.71964,Non-Intersection,WEST WIMMERA,Country,1,0,1,0,0,0,0,No
2018,August,13/8/18,09.10.00,Collision with vehicle,Sunday,No,Day,Other injury accident,60 km/hr,145.07086,-37.94906,Non-Intersection,KINGSTON,Metro,2,0,1,1,0,0,0,No
2018,August,13/8/18,11.00.00,Collision with vehicle,Monday,No,Day,Other injury accident,40 km/hr,144.99917,-37.81858,Intersection,YARRA RANGES,Metro,2,0,2,0,0,0,1,No
2018,August,13/8/18,17.15.00,Collision with vehicle,Sunday,No,Unk.,Other injury accident,40 km/hr,144.92664,-37.74333,Non-Intersection,MOONEE VALLEY,Metro,2,0,2,0,0,0,1,No
2018,August,14/8/18,15.40.00,Struck pedestrian,Tuesday,No,Day,Other injury accident,60 km/hr,145.05839,-37.75529,Intersection,BANYULE,Metro,2,0,1,1,0,0,0,No
2018,August,14/8/18,18.24.00,Collision with vehicle,Tuesday,No,Dark,Other injury accident,60 km/hr,142.15843,-34.19043,Intersection,MILDURA,Country,2,0,1,1,0,0,0,No
2018,August,14/8/18,06.42.00,Collision with vehicle,Tuesday,No,Dusk/Dawn,Serious injury accident,40 km/hr,145.02848,-37.81043,Intersection,BOROONDARA,Metro,2,0,2,0,0,0,1,No
2018,August,14/8/18,08.41.00,Collision with vehicle,Tuesday,No,Day,Other injury accident,60 km/hr,144.90414,-37.79585,Intersection,MARIBYRNONG,Metro,3,0,2,1,1,0,0,No
2018,August,14/8/18,08.30.00,Struck pedestrian,Tuesday,No,Day,Other injury accident,50 km/hr,145.06511,-37.89712,Intersection,GLEN EIRA,Metro,2,0,0,2,0,0,0,No
2018,August,14/8/18,09.19.00,Collision with object,Tuesday,No,Day,Serious injury accident,100 km/hr,141.61342,-38.38081,Non-Intersection,GLENELG,Country,1,0,0,1,0,0,1,No
2018,August,14/8/18,10.30.00,Collision with vehicle,Monday,No,Day,Serious injury accident,80 km/hr,145.23224,-37.84702,Non-Intersection,KNOX,Metro,4,0,2,2,0,0,0,No
2018,August,14/8/18,12.15.00,Collision with vehicle,Tuesday,No,Day,Serious injury accident,80 km/hr,145.23473,-37.91905,Intersection,KNOX,Metro,3,0,2,1,1,0,0,No
2018,August,14/8/18,11.55.00,Collision with vehicle,Monday,No,Day,Serious injury accident,60 km/hr,145.29446,-37.89902,Intersection,KNOX,Metro,2,0,0,2,0,0,1,No
2018,August,14/8/18,12.06.00,Collision with vehicle,Tuesday,No,Day,Other injury accident,50 km/hr,147.63365,-37.82564,Non-Intersection,EAST GIPPSLAND,Country,6,0,4,2,2,0,3,No
2018,August,14/8/18,11.07.00,Collision with vehicle,Monday,No,Day,Other injury accident,80 km/hr,144.88526,-37.82515,Non-Intersection,HOBSONS BAY,Metro,2,0,2,0,0,0,0,No
2018,August,14/8/18,12.00.00,Collision with vehicle,Tuesday,No,Day,Other injury accident,90 km/hr,145.49415,-37.77543,Intersection,YARRA RANGES,Metro,2,0,2,0,0,0,0,No
2018,August,14/8/18,12.00.00,Collision with vehicle,Tuesday,No,Day,Other injury accident,60 km/hr,144.6659,-37.90037,Intersection,WYNDHAM,Metro,2,0,1,1,0,0,0,No
2018,August,14/8/18,08.35.00,Struck pedestrian,Tuesday,No,Day,Other injury accident,60 km/hr,144.89778,-37.80195,Intersection,MARIBYRNONG,Metro,2,0,1,1,0,0,0,No
2018,August,14/8/18,11.24.00,Collision with vehicle,Monday,No,Day,Serious injury accident,50 km/hr,144.94273,-37.77767,Intersection,MELBOURNE,Metro,3,0,1,2,1,0,0,No
2018,August,14/8/18,13.00.00,Collision with vehicle,Tuesday,No,Day,Other injury accident,100 km/hr,142.89502,-38.22608,Intersection,CORANGAMITE,Country,3,0,3,0,1,0,0,No
2018,August,14/8/18,14.30.00,Collision with vehicle,Tuesday,No,Day,Other injury accident,60 km/hr,145.15971,-38.22671,Non-Intersection,MORNINGTON PENINSULA,Metro,3,0,2,1,1,1,1,No
2018,August,14/8/18,12.00.00,Collision with object,Tuesday,No,Day,Other injury accident,100 km/hr,146.64197,-38.62357,Non-Intersection,WELLINGTON,Country,1,0,0,1,0,0,0,No
2018,August,14/8/18,15.20.00,Collision with vehicle,Monday,No,Day,Other injury accident,100 km/hr,142.24898,-36.72373,Intersection,HORSHAM,Country,3,0,2,1,2,1,0,No
2018,August,14/8/18,07.50.00,Collision with object,Tuesday,No,Day,Other injury accident,80 km/hr,146.30886,-38.46086,Non-Intersection,LATROBE,Country,4,0,4,0,3,0,0,No
2018,August,14/8/18,15.45.00,Collision with vehicle,Tuesday,No,Day,Other injury accident,70 km/hr,145.16742,-37.7898,Intersection,MANNINGHAM,Metro,4,0,3,1,1,0,0,No
2018,August,14/8/18,15.35.00,Collision with vehicle,Monday,No,Day,Serious injury accident,100 km/hr,145.3106,-38.01913,Non-Intersection,CASEY,Metro,3,0,3,0,0,0,1,No
2018,August,14/8/18,19.00.00,Collision with vehicle,Monday,No,Dark,Serious injury accident,100 km/hr,146.27391,-36.43013,Non-Intersection,WANGARATTA,Country,5,0,4,1,3,0,0,No
2018,August,14/8/18,18.30.00,Collision with vehicle,Monday,No,Dark,Serious injury accident,50 km/hr,145.06833,-37.95406,Non-Intersection,KINGSTON,Metro,2,0,1,1,0,0,1,No
2018,August,14/8/18,19.40.00,Collision with vehicle,Tuesday,No,Dark,Serious injury accident,60 km/hr,145.15646,-37.70416,Non-Intersection,NILLUMBIK,Metro,4,0,2,2,2,0,0,Yes
2018,August,14/8/18,15.20.00,Collision with vehicle,Tuesday,No,Day,Other injury accident,100 km/hr,144.97268,-37.60267,Intersection,WHITTLESEA,Metro,2,0,2,0,0,0,0,No
2018,August,14/8/18,23.50.00,Collision with object,Tuesday,No,Dark,Other injury accident,100 km/hr,144.6409,-37.71631,Non-Intersection,MELTON,Metro,1,0,0,1,0,0,0,No
2018,August,14/8/18,19.59.00,Collision with object,Tuesday,No,Dark,Serious injury accident,60 km/hr,144.78983,-37.76279,Non-Intersection,BRIMBANK,Metro,1,0,1,0,0,0,0,No
2018,August,14/8/18,17.45.00,Collision with vehicle,Monday,Yes,Dark,Other injury accident,60 km/hr,144.9916,-37.83899,Non-Intersection,STONNINGTON,Metro,4,0,1,0,2,0,0,No
2018,August,14/8/18,08.50.00,Collision with vehicle,Monday,No,Day,Other injury accident,80 km/hr,145.19291,-37.9229,Non-Intersection,MONASH,Metro,3,0,2,1,0,0,1,No
2018,August,14/8/18,19.00.00,Struck animal,Tuesday,No,Dark,Other injury accident,100 km/hr,147.0453,-36.50203,Intersection,ALPINE,Country,1,0,0,1,0,0,0,No
2018,August,14/8/18,16.45.00,Struck pedestrian,Tuesday,Yes,Day,Other injury accident,80 km/hr,145.15674,-37.93315,Intersection,DANDENONG,Metro,2,0,1,0,0,0,0,No
2018,August,14/8/18,20.45.00,Collision with vehicle,Tuesday,No,Unk.,Other injury accident,40 km/hr,144.99339,-37.85165,Non-Intersection,STONNINGTON,Metro,3,0,0,1,0,0,0,No
2018,August,14/8/18,08.30.00,Collision with vehicle,Tuesday,No,Day,Other injury accident,80 km/hr,144.80854,-37.81366,Non-Intersection,BRIMBANK,Metro,2,0,2,0,0,0,0,No
2018,August,15/8/18,12.00.00,Struck pedestrian,Wednesday,No,Day,Other injury accident,60 km/hr,144.90383,-37.79757,Intersection,MARIBYRNONG,Metro,2,0,0,2,0,0,0,No
2018,August,15/8/18,19.10.00,Collision with vehicle,Tuesday,No,Dark,Other injury accident,60 km/hr,143.25266,-36.6157,Intersection,NORTHERN GRAMPIANS,Country,2,0,1,1,0,0,1,No
2018,August,15/8/18,13.00.00,Collision with vehicle,Wednesday,Yes,Day,Other injury accident,80 km/hr,145.13958,-37.94588,Intersection,DANDENONG,Metro,2,0,0,1,0,0,0,No