year,month,date,time,accident_type,day,hit_run,light_condition,severity,speed_zone,longitude,latitude,node_type,lga,state_div,total_persons,fatality,males,females,passengers,old_driver,young_driver,alcohol
2018,August,15/8/18,05.55.00,Collision with object,Wednesday,No,Dark,Other injury accident,60 km/hr,145.49278,-37.88699,Non-Intersection,YARRA RANGES,Metro,1,0,1,0,0,0,1,No
2018,August,15/8/18,07.00.00,Collision with vehicle,Wednesday,No,Dusk/Dawn,Serious injury accident,60 km/hr,144.25343,-36.73476,Non-Intersection,BENDIGO,Country,2,0,2,0,0,0,1,No
2018,August,15/8/18,09.10.00,Collision with object,Wednesday,No,Day,Other injury accident,80 km/hr,145.83341,-38.16037,Non-Intersection,BAW BAW,Country,2,0,1,1,1,0,0,No
2018,August,15/8/18,07.45.00,Struck pedestrian,Wednesday,No,Day,Serious injury accident,60 km/hr,144.91815,-37.68387,Non-Intersection,HUME,Metro,2,0,1,1,0,0,0,No
2018,August,15/8/18,10.30.00,Collision with vehicle,Tuesday,No,Day,Other injury accident,60 km/hr,145.01779,-37.8715,Non-Intersection,GLEN EIRA,Metro,2,0,1,1,0,1,0,No
2018,August,15/8/18,09.50.00,Collision with vehicle,Wednesday,No,Day,Other injury accident,80 km/hr,144.94757,-37.82621,Non-Intersection,MELBOURNE,Metro,2,0,1,1,0,0,0,No
2018,August,15/8/18,07.10.00,Collision with vehicle,Wednesday,No,Day,Other injury accident,50 km/hr,144.94494,-37.80042,Intersection,MELBOURNE,Metro,2,0,1,1,0,0,1,No
2018,August,15/8/18,09.15.00,Collision with vehicle,Tuesday,No,Day,Other injury accident,60 km/hr,144.28376,-36.75262,Intersection,BENDIGO,Country,2,0,1,0,0,0,0,No
2018,August,15/8/18,11.20.00,Collision with vehicle,Wednesday,No,Day,Serious injury accident,110 km/hr,144.35004,-37.095,Non-Intersection,MOUNT ALEXANDER,Country,2,0,2,0,0,1,0,No
2018,August,15/8/18,17.35.00,Collision with vehicle,Wednesday,No,Dusk/Dawn,Other injury accident,60 km/hr,144.57559,-37.67722,Non-Intersection,MELTON,Metro,2,0,2,0,0,0,0,No
2018,August,15/8/18,15.20.00,Collision with object,Tuesday,No,Day,Other injury accident,100 km/hr,145.51667,-38.1661,Non-Intersection,CARDINIA,Metro,4,0,1,3,3,0,0,No
2018,August,15/8/18,16.30.00,Collision with object,Wednesday,No,Day,Serious injury accident,80 km/hr,146.93735,-36.15733,Non-Intersection,WODONGA,Country,2,0,0,1,1,0,0,No
2018,August,15/8/18,15.25.00,Collision with object,Tuesday,No,Day,Other injury accident,50 km/hr,145.1654,-38.15061,Non-Intersection,FRANKSTON,Metro,2,0,1,1,1,0,0,No
2018,August,15/8/18,15.44.00,Collision with vehicle,Wednesday,No,Day,Other injury accident,60 km/hr,145.03679,-37.74077,Non-Intersection,BANYULE,Metro,2,0,2,0,0,0,0,No
2018,August,15/8/18,20.39.00,No collision and no object struck,Wednesday,No,Dark,Other injury accident,60 km/hr,145.08327,-37.82427,Intersection,BOROONDARA,Metro,2,0,2,0,0,0,0,No
2018,August,15/8/18,18.15.00,Collision with vehicle,Tuesday,No,Dark,Other injury accident,40 km/hr,144.97809,-37.8005,Non-Intersection,YARRA RANGES,Metro,2,0,2,0,0,0,0,No
2018,August,15/8/18,19.43.00,Collision with vehicle,Wednesday,No,Dark,Other injury accident,50 km/hr,144.97034,-37.82326,Intersection,MELBOURNE,Metro,2,0,2,0,0,0,0,No
2018,August,15/8/18,18.20.00,Struck pedestrian,Wednesday,No,Dark,Fatal accident,70 km/hr,144.77955,-37.74095,Non-Intersection,BRIMBANK,Metro,2,1,1,1,0,0,0,No
2018,August,15/8/18,21.30.00,Collision with vehicle,Wednesday,No,Dark,Other injury accident,60 km/hr,145.0542,-37.67744,Intersection,WHITTLESEA,Metro,3,0,1,2,1,0,1,No
2018,August,15/8/18,19.20.00,Collision with vehicle,Wednesday,Yes,Dark,Serious injury accident,100 km/hr,145.14509,-37.89522,Non-Intersection,MONASH,Metro,2,0,2,0,0,0,0,No
2018,August,15/8/18,22.00.00,Collision with vehicle,Wednesday,No,Dark,Other injury accident,60 km/hr,145.21019,-37.99146,Intersection,DANDENONG,Metro,2,0,1,1,0,0,0,No
2018,August,15/8/18,18.20.00,Collision with vehicle,Tuesday,No,Dark,Other injury accident,100 km/hr,145.76045,-38.40476,Non-Intersection,SOUTH GIPPSLAND,Country,2,0,0,2,0,0,1,No
2018,August,15/8/18,16.30.00,Collision with vehicle,Wednesday,No,Dusk/Dawn,Other injury accident,70 km/hr,144.92247,-37.72472,Intersection,MORELAND,Metro,2,0,0,2,0,0,2,No
2018,August,15/8/18,22.30.00,Collision with vehicle,Wednesday,Yes,Unk.,Other injury accident,100 km/hr,145.1367,-38.14303,Non-Intersection,FRANKSTON,Metro,2,0,1,0,0,0,0,No
2018,August,15/8/18,18.30.00,Collision with vehicle,Tuesday,No,Dark,Other injury accident,50 km/hr,145.22735,-37.81401,Intersection,MAROONDAH,Metro,5,0,0,2,3,0,0,No
2018,August,16/8/18,10.00.00,Collision with vehicle,Thursday,Yes,Day,Other injury accident,60 km/hr,145.09546,-37.77334,Non-Intersection,MANNINGHAM,Metro,2,0,0,1,0,0,0,No
2018,August,16/8/18,23.10.00,Collision with vehicle,Thursday,No,Dark,Other injury accident,60 km/hr,145.13166,-37.87027,Non-Intersection,MONASH,Metro,2,0,1,1,0,0,0,Yes
2018,August,16/8/18,19.30.00,Collision with vehicle,Wednesday,No,Dark,Other injury accident,60 km/hr,145.14962,-38.19648,Intersection,MORNINGTON PENINSULA,Metro,2,0,0,2,0,0,0,No
2018,August,16/8/18,05.00.00,Struck pedestrian,Thursday,Yes,Dark,Serious injury accident,50 km/hr,145.04842,-37.80497,Intersection,BOROONDARA,Metro,2,0,1,0,0,0,0,No
2018,August,16/8/18,20.30.00,Collision with vehicle,Wednesday,No,Dark,Other injury accident,40 km/hr,144.96089,-37.77438,Non-Intersection,MORELAND,Metro,2,0,1,1,0,0,0,No
2018,August,16/8/18,07.44.00,Struck pedestrian,Wednesday,No,Day,Other injury accident,60 km/hr,144.9874,-37.83408,Non-Intersection,STONNINGTON,Metro,2,0,1,1,0,0,0,No
2018,August,16/8/18,09.22.00,Collision with vehicle,Wednesday,No,Day,Other injury accident,50 km/hr,146.55471,-38.19809,Non-Intersection,LATROBE,Country,1,0,0,1,0,0,0,No
2018,August,16/8/18,11.25.00,Collision with vehicle,Wednesday,Yes,Day,Other injury accident,60 km/hr,145.06367,-37.69099,Non-Intersection,WHITTLESEA,Metro,2,0,0,1,0,0,0,No
2018,August,16/8/18,10.45.00,Collision with vehicle,Thursday,No,Day,Other injury accident,80 km/hr,145.05609,-37.9633,Intersection,KINGSTON,Metro,2,0,1,1,0,0,0,No
2018,August,16/8/18,07.35.00,Collision with vehicle,Thursday,Not known,Day,Serious injury accident,50 km/hr,145.18742,-37.83244,Non-Intersection,WHITEHORSE,Metro,2,0,2,0,0,0,0,No
2018,August,16/8/18,11.24.00,Collision with object,Thursday,No,Day,Other injury accident,60 km/hr,144.89426,-37.75445,Non-Intersection,MOONEE VALLEY,Metro,1,0,1,0,0,0,0,No
2018,August,16/8/18,08.15.00,Collision with vehicle,Thursday,No,Day,Other injury accident,40 km/hr,144.98805,-37.8697,Intersection,PORT PHILLIP,Metro,2,0,1,1,0,0,0,No
2018,August,16/8/18,11.04.00,Collision with vehicle,Wednesday,No,Day,Other injury accident,100 km/hr,145.34673,-38.04737,Non-Intersection,CASEY,Metro,3,0,3,0,1,0,0,No
2018,August,16/8/18,10.43.00,Struck pedestrian,Wednesday,No,Day,Other injury accident,60 km/hr,142.14063,-34.21037,Non-Intersection,MILDURA,Country,2,0,1,1,0,0,0,No
2018,August,16/8/18,09.55.00,Collision with object,Wednesday,No,Day,Other injury accident,100 km/hr,141.92663,-36.38271,Non-Intersection,HINDMARSH,Country,1,0,0,1,0,0,0,No
2018,August,16/8/18,11.00.00,Collision with object,Thursday,No,Day,Other injury accident,100 km/hr,142.86311,-36.30284,Intersection,BULOKE,Country,2,0,1,1,1,1,0,No
2018,August,16/8/18,11.40.00,Collision with vehicle,Thursday,No,Day,Other injury accident,100 km/hr,144.98666,-37.66037,Non-Intersection,WHITTLESEA,Metro,3,0,1,2,1,0,0,No
2018,August,16/8/18,12.25.00,Collision with vehicle,Wednesday,No,Day,Serious injury accident,100 km/hr,144.99169,-37.64347,Non-Intersection,WHITTLESEA,Metro,2,0,1,1,0,0,0,No
2018,August,16/8/18,14.40.00,Collision with object,Wednesday,No,Day,Other injury accident,100 km/hr,145.00831,-37.68615,Non-Intersection,WHITTLESEA,Metro,1,0,0,1,0,0,1,No
2018,August,16/8/18,15.45.00,Collision with vehicle,Thursday,No,Day,Other injury accident,60 km/hr,144.82019,-37.76132,Intersection,BRIMBANK,Metro,2,0,2,0,0,0,1,No
2018,August,16/8/18,16.40.00,Collision with vehicle,Wednesday,No,Day,Other injury accident,60 km/hr,144.24149,-36.7246,Intersection,BENDIGO,Country,2,0,2,0,0,0,0,No
2018,August,16/8/18,14.55.00,Collision with vehicle,Thursday,No,Day,Other injury accident,40 km/hr,144.95392,-37.81247,Intersection,MELBOURNE,Metro,3,0,1,0,1,0,0,No
2018,August,16/8/18,09.40.00,Collision with vehicle,Wednesday,No,Day,Other injury accident,80 km/hr,145.10381,-37.88191,Intersection,MONASH,Metro,2,0,1,1,0,0,0,No
2018,August,16/8/18,16.50.00,Collision with vehicle,Thursday,No,Day,Other injury accident,60 km/hr,145.19196,-37.96713,Intersection,DANDENONG,Metro,2,0,2,0,0,0,0,No
2018,August,16/8/18,15.40.00,Struck pedestrian,Thursday,No,Day,Serious injury accident,50 km/hr,145.05274,-37.90963,Intersection,GLEN EIRA,Metro,2,0,0,2,0,0,1,No
2018,August,16/8/18,14.46.00,Collision with vehicle,Thursday,Yes,Day,Other injury accident,60 km/hr,144.95403,-37.79885,Non-Intersection,MELBOURNE,Metro,4,0,1,0,1,0,0,No
2018,August,16/8/18,18.00.00,Collision with vehicle,Wednesday,No,Dark,Other injury accident,80 km/hr,145.07478,-37.98266,Intersection,KINGSTON,Metro,2,0,2,0,0,0,0,No
2018,August,16/8/18,15.45.00,Collision with vehicle,Thursday,No,Day,Serious injury accident,60 km/hr,145.11421,-37.82124,Intersection,WHITEHORSE,Metro,4,0,1,3,1,0,0,No
2018,August,16/8/18,14.20.00,Collision with vehicle,Thursday,Yes,Day,Other injury accident,100 km/hr,145.05539,-37.7886,Non-Intersection,BOROONDARA,Metro,3,0,3,0,1,0,1,No
2018,August,16/8/18,17.52.00,Collision with object,Thursday,No,Day,Serious injury accident,50 km/hr,144.70192,-37.85797,Non-Intersection,WYNDHAM,Metro,2,0,1,1,1,0,1,No
2018,August,16/8/18,15.58.00,Collision with vehicle,Thursday,Yes,Day,Other injury accident,60 km/hr,145.09805,-37.92594,Non-Intersection,KINGSTON,Metro,6,0,4,1,2,0,0,No
2018,August,16/8/18,09.00.00,Collision with vehicle,Thursday,No,Day,Other injury accident,60 km/hr,143.85843,-37.54349,Intersection,BALLARAT,Country,2,0,1,1,0,0,0,No
2018,August,16/8/18,06.20.00,No collision and no object struck,Thursday,No,Dark,Other injury accident,80 km/hr,145.30366,-37.93178,Non-Intersection,KNOX,Metro,4,0,2,1,0,0,0,No
2018,August,16/8/18,18.00.00,Collision with vehicle,Wednesday,No,Dusk/Dawn,Other injury accident,40 km/hr,144.9743,-37.85893,Intersection,PORT PHILLIP,Metro,2,0,1,1,0,0,0,No
2018,August,16/8/18,16.30.00,Collision with object,Wednesday,No,Dusk/Dawn,Other injury accident,100 km/hr,144.87465,-37.42267,Non-Intersection,MACEDON RANGES,Country,1,0,0,1,0,0,0,No
2018,August,16/8/18,14.30.00,Struck pedestrian,Thursday,Yes,Unk.,Serious injury accident,50 km/hr,145.22306,-37.97948,Non-Intersection,DANDENONG,Metro,2,0,0,1,0,0,0,No
2018,August,17/8/18,22.02.00,Collision with vehicle,Friday,No,Dark,Serious injury accident,80 km/hr,145.31034,-38.02682,Intersection,CASEY,Metro,3,0,2,1,1,0,1,No
2018,August,17/8/18,15.05.00,Collision with vehicle,Thursday,No,Day,Other injury accident,80 km/hr,145.24752,-38.03662,Non-Intersection,CASEY,Metro,2,0,1,1,0,0,1,No
2018,August,17/8/18,15.56.00,Collision with vehicle,Friday,No,Day,Other injury accident,60 km/hr,144.89157,-37.74216,Intersection,MOONEE VALLEY,Metro,2,0,2,0,0,1,1,No
2018,August,17/8/18,14.30.00,Collision with vehicle,Friday,No,Day,Other injury accident,40 km/hr,145.09694,-37.843,Intersection,WHITEHORSE,Metro,3,0,2,1,1,0,1,No
2018,August,17/8/18,19.56.00,Struck animal,Thursday,No,Dark,Other injury accident,100 km/hr,145.59407,-37.13054,Non-Intersection,MURRINDINDI,Country,6,0,1,4,5,0,0,No
2018,August,17/8/18,02.01.00,Collision with object,Friday,No,Dark,Serious injury accident,80 km/hr,144.57262,-37.72542,Non-Intersection,MELTON,Metro,1,0,1,0,0,0,0,No
2018,August,17/8/18,03.49.00,Collision with object,Friday,No,Dark,Other injury accident,60 km/hr,145.10381,-38.16046,Non-Intersection,FRANKSTON,Metro,1,0,1,0,0,0,0,No
2018,August,17/8/18,07.50.00,Collision with vehicle,Friday,No,Day,Other injury accident,50 km/hr,145.1237,-37.79973,Intersection,WHITEHORSE,Metro,2,0,2,0,0,0,0,No
2018,August,17/8/18,15.00.00,Struck pedestrian,Friday,No,Unk.,Other injury accident,40 km/hr,144.96104,-37.77345,Non-Intersection,MORELAND,Metro,2,0,0,1,0,0,0,No
2018,August,17/8/18,10.36.00,Struck pedestrian,Friday,No,Day,Serious injury accident,40 km/hr,145.06463,-37.75603,Intersection,BANYULE,Metro,2,0,0,2,0,0,0,No
2018,August,17/8/18,12.15.00,Collision with vehicle,Friday,No,Day,Other injury accident,60 km/hr,146.24668,-36.40953,Intersection,WANGARATTA,Country,3,0,2,1,1,0,0,No
2018,August,17/8/18,13.20.00,Collision with vehicle,Friday,No,Day,Other injury accident,60 km/hr,144.91719,-37.71256,Intersection,MORELAND,Metro,3,0,2,1,1,0,1,No
2018,August,17/8/18,09.50.00,Collision with vehicle,Friday,No,Day,Serious injury accident,100 km/hr,142.05638,-36.45836,Intersection,HINDMARSH,Country,6,0,6,0,4,0,1,No
2018,August,17/8/18,14.36.00,Struck pedestrian,Friday,No,Day,Other injury accident,50 km/hr,147.06326,-38.09598,Non-Intersection,WELLINGTON,Country,2,0,2,0,0,0,1,No
2018,August,17/8/18,07.25.00,Collision with vehicle,Thursday,No,Day,Other injury accident,100 km/hr,145.18265,-37.92771,Non-Intersection,MONASH,Metro,2,0,1,1,0,0,0,No
2018,August,17/8/18,15.15.00,Struck pedestrian,Friday,No,Day,Other injury accident,40 km/hr,145.62373,-37.79064,Non-Intersection,YARRA RANGES,Metro,2,0,1,1,0,0,1,No
2018,August,17/8/18,14.50.00,Collision with vehicle,Thursday,No,Day,Other injury accident,70 km/hr,145.17086,-37.76398,Non-Intersection,MANNINGHAM,Metro,4,0,2,2,2,0,0,No
2018,August,17/8/18,15.01.00,Collision with vehicle,Friday,No,Day,Other injury accident,60 km/hr,145.49136,-38.08687,Non-Intersection,CARDINIA,Metro,2,0,2,0,0,0,0,No
2018,August,17/8/18,15.46.00,Fall from or in moving vehicle,Thursday,No,Day,Serious injury accident,40 km/hr,144.70952,-37.62343,Intersection,MELTON,Metro,4,0,0,1,3,0,0,No
2018,August,17/8/18,18.40.00,No collision and no object struck,Friday,No,Dark,Other injury accident,60 km/hr,144.40211,-38.03471,Non-Intersection,GEELONG,Country,3,0,1,0,1,0,0,No
2018,August,17/8/18,16.17.00,Collision with vehicle,Thursday,No,Day,Other injury accident,50 km/hr,145.29406,-38.10086,Non-Intersection,CASEY,Metro,1,0,0,1,0,0,0,No
2018,August,17/8/18,16.10.00,Collision with vehicle,Thursday,No,Day,Other injury accident,60 km/hr,145.00762,-37.71515,Intersection,DAREBIN,Metro,2,0,1,1,0,0,0,No
2018,August,17/8/18,15.43.00,Collision with vehicle,Friday,No,Day,Serious injury accident,80 km/hr,144.69594,-37.80502,Intersection,MELTON,Metro,2,0,0,2,0,0,0,No
2018,August,17/8/18,17.00.00,Collision with vehicle,Thursday,No,Dusk/Dawn,Other injury accident,60 km/hr,147.12472,-36.97428,Non-Intersection,MOUNT HOTHAM,Country,8,0,3,5,6,0,2,No
2018,August,17/8/18,19.30.00,Collision with vehicle,Friday,No,Dark,Other injury accident,60 km/hr,144.70394,-37.8638,Intersection,WYNDHAM,Metro,3,0,1,2,1,0,1,No
2018,August,17/8/18,22.10.00,Collision with vehicle,Friday,No,Dark,Other injury accident,60 km/hr,145.12842,-37.76977,Non-Intersection,MANNINGHAM,Metro,2,0,1,1,0,0,1,No
2018,August,17/8/18,16.51.00,Collision with vehicle,Friday,No,Day,Other injury accident,80 km/hr,145.25757,-38.05052,Intersection,CASEY,Metro,3,0,3,0,0,0,0,No
2018,August,17/8/18,20.00.00,Struck pedestrian,Friday,No,Dark,Other injury accident,40 km/hr,144.93999,-37.84114,Intersection,PORT PHILLIP,Metro,2,0,1,1,0,0,0,No
2018,August,17/8/18,08.50.00,Collision with vehicle,Thursday,No,Day,Other injury accident,60 km/hr,142.1352,-34.21608,Non-Intersection,MILDURA,Country,3,0,0,3,0,0,0,No
2018,August,18/8/18,10.45.00,Collision with vehicle,Friday,No,Day,Other injury accident,60 km/hr,144.63566,-37.91374,Intersection,WYNDHAM,Metro,2,0,1,1,0,0,0,No
2018,August,18/8/18,03.15.00,Collision with object,Saturday,No,Dark,Serious injury accident,100 km/hr,145.61079,-38.11761,Non-Intersection,CARDINIA,Metro,1,0,0,1,0,0,0,No
2018,August,18/8/18,05.45.00,Collision with vehicle,Saturday,No,Dark,Serious injury accident,80 km/hr,145.14617,-37.98244,Intersection,DANDENONG,Metro,3,0,3,0,1,0,0,No
2018,August,18/8/18,09.50.00,No collision and no object struck,Saturday,No,Day,Other injury accident,60 km/hr,145.00001,-37.73757,Intersection,DAREBIN,Metro,1,0,1,0,0,0,0,No
2018,August,18/8/18,11.00.00,Collision with object,Saturday,No,Day,Other injury accident,50 km/hr,144.57406,-37.67433,Non-Intersection,MELTON,Metro,1,0,1,0,0,0,0,No
2018,August,18/8/18,13.15.00,Collision with object,Saturday,No,Day,Serious injury accident,60 km/hr,145.10141,-37.73841,Non-Intersection,BANYULE,Metro,1,0,0,1,0,0,1,No
2018,August,18/8/18,13.45.00,Collision with vehicle,Saturday,No,Day,Other injury accident,70 km/hr,145.05731,-37.93051,Intersection,GLEN EIRA,Metro,2,0,1,1,0,1,0,No
2018,August,18/8/18,17.50.00,Collision with vehicle,Saturday,Yes,Dusk/Dawn,Other injury accident,110 km/hr,145.77924,-38.08687,Non-Intersection,BAW BAW,Country,2,0,2,0,0,0,0,No
2018,August,18/8/18,16.26.00,Vehicle overturned,Friday,No,Day,Other injury accident,100 km/hr,146.31738,-38.28596,Non-Intersection,LATROBE,Country,3,0,1,2,2,0,0,No
2018,August,18/8/18,17.30.00,Collision with object,Saturday,No,Dusk/Dawn,Other injury accident,80 km/hr,145.21574,-37.81181,Non-Intersection,MAROONDAH,Metro,4,0,1,3,2,0,1,No
2018,August,18/8/18,17.45.00,Collision with vehicle,Saturday,No,Dark,Other injury accident,60 km/hr,145.27334,-38.0063,Intersection,CASEY,Metro,2,0,1,1,0,0,0,No
2018,August,18/8/18,18.26.00,Struck pedestrian,Saturday,No,Dark,Fatal accident,60 km/hr,145.149,-37.81006,Non-Intersection,WHITEHORSE,Metro,2,1,2,0,0,0,0,No
2018,August,18/8/18,22.25.00,Collision with vehicle,Friday,No,Dark,Other injury accident,50 km/hr,144.98971,-37.87182,Non-Intersection,PORT PHILLIP,Metro,3,0,2,1,1,0,0,No
2018,August,18/8/18,20.50.00,Collision with vehicle,Friday,Yes,Dark,Serious injury accident,50 km/hr,145.01192,-37.85188,Intersection,STONNINGTON,Metro,2,0,0,0,0,0,0,No
2018,August,18/8/18,18.30.00,Struck pedestrian,Saturday,No,Dark,Serious injury accident,80 km/hr,144.8828,-37.80398,Intersection,MARIBYRNONG,Metro,2,0,1,1,0,0,0,No
2018,August,18/8/18,20.10.00,Collision with vehicle,Saturday,No,Dark,Serious injury accident,100 km/hr,144.12587,-37.94316,Intersection,GOLDEN PLAINS,Country,3,0,0,3,1,0,1,No
2018,August,18/8/18,12.20.00,Collision with object,Friday,No,Day,Other injury accident,50 km/hr,144.67034,-37.73515,Non-Intersection,MELTON,Metro,1,0,0,1,0,0,0,No
2018,August,18/8/18,23.36.00,Collision with object,Saturday,No,Dark,Serious injury accident,80 km/hr,144.25792,-37.88533,Intersection,GEELONG,Country,2,0,2,0,1,0,0,No
2018,August,18/8/18,20.11.00,Collision with vehicle,Saturday,No,Dark,Other injury accident,60 km/hr,144.7345,-37.86891,Intersection,WYNDHAM,Metro,6,0,4,2,4,0,0,No
2018,August,18/8/18,21.50.00,Collision with object,Friday,No,Dark,Other injury accident,100 km/hr,145.54452,-38.29469,Non-Intersection,CARDINIA,Metro,1,0,0,1,0,0,0,No
2018,August,18/8/18,19.45.00,Collision with vehicle,Saturday,No,Dark,Serious injury accident,80 km/hr,145.14617,-37.98244,Intersection,DANDENONG,Metro,8,0,1,4,1,0,2,No
2018,August,19/8/18,12.20.00,Collision with vehicle,,No,Day,Other injury accident,80 km/hr,145.23754,-37.97264,Non-Intersection,CASEY,Metro,2,0,1,1,0,0,0,No
2018,August,19/8/18,03.13.00,Collision with vehicle,Sunday,No,Dark,Serious injury accident,60 km/hr,144.97135,-37.79258,Intersection,MELBOURNE,Metro,2,0,2,0,0,0,0,No
2018,August,19/8/18,00.54.00,Collision with vehicle,,No,Dark,Other injury accident,50 km/hr,145.01499,-37.6729,Non-Intersection,WHITTLESEA,Metro,1,0,0,1,0,0,0,No
2018,August,19/8/18,06.15.00,Collision with object,,No,Dark,Serious injury accident,100 km/hr,145.58875,-38.0685,Non-Intersection,CARDINIA,Metro,1,0,1,0,0,0,1,No
2018,August,19/8/18,05.16.00,Collision with vehicle,Sunday,No,Dark,Other injury accident,60 km/hr,144.9734,-37.83698,Non-Intersection,PORT PHILLIP,Metro,4,0,3,1,2,0,0,Yes
2018,August,19/8/18,10.00.00,Collision with vehicle,Sunday,No,Day,Other injury accident,100 km/hr,145.09866,-36.31349,Non-Intersection,CAMPASPE,Country,3,0,2,1,1,0,0,No
2018,August,19/8/18,10.40.00,Collision with vehicle,,No,Day,Other injury accident,70 km/hr,144.69712,-36.35686,Intersection,CAMPASPE,Country,5,0,0,5,3,0,0,No
2018,August,19/8/18,10.50.00,Collision with vehicle,Sunday,No,Day,Other injury accident,80 km/hr,145.36411,-37.78,Intersection,YARRA RANGES,Metro,4,0,2,2,2,0,0,No
2018,August,19/8/18,09.57.00,Collision with object,Sunday,No,Day,Serious injury accident,100 km/hr,148.52571,-37.70533,Non-Intersection,EAST GIPPSLAND,Country,1,0,0,1,0,0,0,No
2018,August,19/8/18,11.50.00,Collision with vehicle,,No,Day,Other injury accident,80 km/hr,145.05767,-37.96549,Non-Intersection,KINGSTON,Metro,6,0,4,2,3,0,0,No
2018,August,19/8/18,12.30.00,Collision with vehicle,,No,Day,Other injury accident,80 km/hr,145.65659,-37.56241,Non-Intersection,MURRINDINDI,Country,6,0,3,2,3,0,0,No
2018,August,19/8/18,14.20.00,Collision with vehicle,Sunday,No,Day,Other injury accident,70 km/hr,144.74364,-37.35597,Intersection,MACEDON RANGES,Country,3,0,1,2,1,0,2,No
2018,August,19/8/18,15.30.00,Struck pedestrian,Sunday,No,Day,Serious injury accident,50 km/hr,147.99334,-37.8696,Non-Intersection,EAST GIPPSLAND,Country,2,0,1,1,0,0,1,No
2018,August,19/8/18,17.45.00,Collision with vehicle,Sunday,No,Day,Other injury accident,60 km/hr,142.4799,-38.37638,Intersection,WARRNAMBOOL,Country,2,0,1,1,0,0,1,No
2018,August,19/8/18,17.45.00,Collision with vehicle,,No,Dark,Other injury accident,100 km/hr,145.23058,-38.12181,Intersection,CASEY,Metro,5,0,3,1,3,0,0,No
2018,August,19/8/18,17.45.00,Struck pedestrian,,Yes,Dusk/Dawn,Other injury accident,50 km/hr,145.38791,-36.35301,Non-Intersection,SHEPPARTON,Country,2,0,0,1,0,0,0,No
2018,August,19/8/18,23.30.00,Vehicle overturned,Sunday,No,Dark,Other injury accident,40 km/hr,144.99343,-37.81794,Intersection,YARRA RANGES,Metro,1,0,0,0,0,0,0,No
2018,August,19/8/18,14.05.00,Collision with vehicle,Sunday,No,Day,Other injury accident,60 km/hr,145.27068,-37.84144,Non-Intersection,KNOX,Metro,3,0,1,2,1,1,0,No
2018,August,19/8/18,15.50.00,Collision with vehicle,Sunday,No,Day,Other injury accident,80 km/hr,145.13862,-37.95036,Intersection,DANDENONG,Metro,4,0,3,1,1,0,0,No
2018,August,19/8/18,12.40.00,Collision with vehicle,Sunday,No,Day,Other injury accident,50 km/hr,144.84783,-37.84016,Intersection,HOBSONS BAY,Metro,2,0,2,0,0,0,2,No
2018,August,20/8/18,07.45.00,Vehicle overturned,Monday,No,Day,Other injury accident,60 km/hr,145.14512,-38.06797,Intersection,KINGSTON,Metro,1,0,1,0,0,0,0,No
2018,August,20/8/18,16.45.00,Collision with vehicle,Sunday,No,Day,Other injury accident,60 km/hr,145.4319,-37.93049,Non-Intersection,CARDINIA,Metro,2,0,0,2,0,0,1,No
2018,August,20/8/18,03.10.00,Collision with object,Monday,No,Dark,Other injury accident,110 km/hr,146.41756,-36.25911,Non-Intersection,WANGARATTA,Country,1,0,1,0,0,0,0,No
2018,August,20/8/18,05.15.00,Collision with object,Sunday,No,Dark,Serious injury accident,100 km/hr,145.20376,-37.95004,Non-Intersection,DANDENONG,Metro,1,0,1,0,0,0,1,No
2018,August,20/8/18,04.00.00,No collision and no object struck,Sunday,No,Dark,Serious injury accident,40 km/hr,144.98896,-37.83864,Non-Intersection,STONNINGTON,Metro,1,0,1,0,0,0,0,No
2018,August,20/8/18,08.30.00,Collision with vehicle,Sunday,No,Day,Other injury accident,50 km/hr,145.11241,-37.82481,Non-Intersection,WHITEHORSE,Metro,4,0,1,3,2,1,0,No
2018,August,20/8/18,11.15.00,Vehicle overturned,Sunday,No,Day,Other injury accident,100 km/hr,144.7419,-37.22609,Non-Intersection,MACEDON RANGES,Country,1,0,1,0,0,0,0,No
2018,August,20/8/18,17.20.00,Struck pedestrian,Monday,No,Dusk/Dawn,Serious injury accident,40 km/hr,144.96083,-37.77474,Intersection,MORELAND,Metro,2,0,1,1,0,0,0,No
2018,August,20/8/18,15.40.00,Collision with vehicle,Monday,No,Day,Other injury accident,40 km/hr,144.96248,-37.8189,Intersection,MELBOURNE,Metro,3,0,3,0,1,0,0,No
2018,August,20/8/18,16.24.00,Collision with vehicle,Monday,Yes,Day,Serious injury accident,100 km/hr,145.21524,-37.95254,Non-Intersection,DANDENONG,Metro,4,0,4,0,0,0,1,No
2018,August,20/8/18,17.20.00,Collision with vehicle,Sunday,No,Day,Other injury accident,60 km/hr,145.2965,-38.08478,Non-Intersection,CASEY,Metro,2,0,1,1,0,0,0,No
2018,August,20/8/18,16.40.00,Collision with vehicle,Monday,No,Day,Other injury accident,80 km/hr,145.29537,-38.08448,Intersection,CASEY,Metro,10,0,6,4,6,0,1,No
2018,August,20/8/18,19.00.00,Collision with vehicle,Monday,No,Dark,Serious injury accident,60 km/hr,145.05616,-37.64769,Intersection,WHITTLESEA,Metro,3,0,1,2,1,0,0,No