year,month,date,time,accident_type,day,hit_run,light_condition,severity,speed_zone,longitude,latitude,node_type,lga,state_div,total_persons,fatality,males,females,passengers,old_driver,young_driver,alcohol
2018,August,20/8/18,18.28.00,Collision with vehicle,Monday,No,Dark,Serious injury accident,100 km/hr,145.82953,-38.09003,Intersection,BAW BAW,Country,4,0,3,1,2,0,1,No
2018,August,20/8/18,17.40.00,Collision with vehicle,Monday,No,Dusk/Dawn,Serious injury accident,90 km/hr,145.52101,-37.77538,Intersection,YARRA RANGES,Metro,3,0,2,1,0,0,0,No
2018,August,20/8/18,19.30.00,Collision with object,Monday,No,Dark,Other injury accident,60 km/hr,144.29376,-36.75194,Non-Intersection,BENDIGO,Country,2,0,2,0,1,0,0,Yes
2018,August,20/8/18,22.45.00,Collision with object,Monday,No,Dark,Other injury accident,100 km/hr,145.16336,-36.42234,Non-Intersection,SHEPPARTON,Country,5,0,2,3,4,0,0,No
2018,August,20/8/18,22.00.00,Collision with object,Monday,No,Dark,Other injury accident,80 km/hr,145.50452,-38.03929,Non-Intersection,CARDINIA,Metro,1,0,1,0,0,0,1,No
2018,August,20/8/18,22.16.00,Collision with vehicle,Monday,No,Dark,Other injury accident,60 km/hr,144.88886,-37.79093,Non-Intersection,MARIBYRNONG,Metro,2,0,1,1,0,0,1,No
2018,August,20/8/18,22.45.00,Struck animal,Sunday,No,Dark,Other injury accident,100 km/hr,146.43861,-38.67028,Non-Intersection,SOUTH GIPPSLAND,Country,1,0,0,1,0,0,1,No
2018,August,21/8/18,07.30.00,Collision with object,Tuesday,No,Dusk/Dawn,Other injury accident,100 km/hr,144.53378,-36.95574,Non-Intersection,BENDIGO,Country,1,0,1,0,0,0,1,No
2018,August,21/8/18,06.30.00,Collision with vehicle,Monday,No,Dark,Other injury accident,60 km/hr,145.20813,-37.93892,Intersection,DANDENONG,Metro,2,0,2,0,0,0,0,No
2018,August,21/8/18,15.00.00,Collision with vehicle,Tuesday,No,Day,Other injury accident,50 km/hr,144.14044,-37.34336,Non-Intersection,HEPBURN,Country,2,0,0,2,0,0,1,No
2018,August,21/8/18,07.50.00,Collision with vehicle,Monday,No,Day,Other injury accident,60 km/hr,144.99204,-37.75866,Non-Intersection,DAREBIN,Metro,2,0,1,1,0,0,1,No
2018,August,21/8/18,07.10.00,Vehicle overturned,Tuesday,No,Day,Serious injury accident,70 km/hr,145.12305,-37.77958,Non-Intersection,MANNINGHAM,Metro,1,0,1,0,0,0,0,No
2018,August,21/8/18,09.05.00,Collision with vehicle,Monday,No,Day,Other injury accident,60 km/hr,144.98439,-37.8602,Non-Intersection,PORT PHILLIP,Metro,2,0,1,1,0,0,0,No
2018,August,21/8/18,08.20.00,Collision with vehicle,Tuesday,No,Day,Other injury accident,60 km/hr,144.3349,-38.14848,Non-Intersection,GEELONG,Country,3,0,2,1,0,0,0,No
2018,August,21/8/18,09.15.00,Collision with vehicle,Tuesday,No,Day,Other injury accident,50 km/hr,145.16687,-37.78107,Non-Intersection,MANNINGHAM,Metro,2,0,1,1,0,0,0,No
2018,August,21/8/18,09.20.00,Collision with object,Tuesday,No,Day,Other injury accident,100 km/hr,145.90488,-38.42,Non-Intersection,SOUTH GIPPSLAND,Country,2,0,1,1,1,0,1,No
2018,August,21/8/18,09.12.00,Collision with vehicle,Tuesday,No,Day,Other injury accident,60 km/hr,144.87656,-38.36714,Intersection,MORNINGTON PENINSULA,Metro,4,0,1,2,2,0,0,No
2018,August,21/8/18,07.19.00,Collision with vehicle,Tuesday,No,Dusk/Dawn,Other injury accident,100 km/hr,145.09024,-37.88287,Intersection,MONASH,Metro,3,0,3,0,0,0,1,No
2018,August,21/8/18,15.10.00,Collision with vehicle,Tuesday,No,Day,Serious injury accident,60 km/hr,145.29691,-38.09899,Non-Intersection,CASEY,Metro,3,0,0,3,1,0,1,Yes
2018,August,21/8/18,10.35.00,Collision with vehicle,Tuesday,No,Day,Fatal accident,100 km/hr,146.16955,-38.62053,Intersection,SOUTH GIPPSLAND,Country,3,2,2,1,1,1,0,No
2018,August,21/8/18,17.51.00,No collision and no object struck,Tuesday,No,Dusk/Dawn,Other injury accident,60 km/hr,145.00352,-37.84651,Non-Intersection,STONNINGTON,Metro,3,0,2,1,1,0,0,No
2018,August,21/8/18,18.50.00,Collision with vehicle,Tuesday,No,Dark,Other injury accident,60 km/hr,144.98668,-37.77999,Intersection,YARRA RANGES,Metro,2,0,2,0,0,0,0,No
2018,August,21/8/18,18.48.00,Struck pedestrian,Tuesday,No,Dark,Other injury accident,40 km/hr,144.92091,-37.70538,Intersection,MORELAND,Metro,2,0,1,1,0,0,0,No
2018,August,21/8/18,14.55.00,Collision with vehicle,Tuesday,No,Day,Other injury accident,50 km/hr,143.84818,-37.56521,Intersection,BALLARAT,Country,2,0,1,1,0,0,1,No
2018,August,21/8/18,15.45.00,Collision with vehicle,Monday,No,Day,Serious injury accident,70 km/hr,145.93796,-38.1812,Non-Intersection,BAW BAW,Country,5,0,2,3,3,0,0,No
2018,August,21/8/18,16.30.00,Collision with vehicle,Tuesday,No,Day,Other injury accident,80 km/hr,145.379,-38.05377,Intersection,CARDINIA,Metro,2,0,0,2,0,0,2,No
2018,August,21/8/18,17.28.00,No collision and no object struck,Tuesday,No,Day,Fatal accident,100 km/hr,145.56653,-38.04407,Non-Intersection,CARDINIA,Metro,1,1,1,0,0,0,1,No
2018,August,21/8/18,16.16.00,Collision with vehicle,Tuesday,No,Day,Other injury accident,60 km/hr,143.81976,-37.53261,Intersection,BALLARAT,Country,3,0,1,2,0,0,1,No
2018,August,21/8/18,17.40.00,Collision with vehicle,Tuesday,No,Dusk/Dawn,Other injury accident,60 km/hr,145.1619,-37.86111,Intersection,WHITEHORSE,Metro,2,0,1,1,0,0,0,No
2018,August,21/8/18,21.55.00,Struck pedestrian,Tuesday,No,Dark,Other injury accident,50 km/hr,144.36674,-38.15622,Non-Intersection,GEELONG,Country,2,0,1,1,0,0,1,No
2018,August,21/8/18,22.20.00,Collision with object,Tuesday,No,Dark,Other injury accident,60 km/hr,145.10764,-37.69969,Intersection,BANYULE,Metro,1,0,1,0,0,0,1,Yes
2018,August,21/8/18,21.30.00,Collision with object,Tuesday,No,Dark,Fatal accident,100 km/hr,146.93402,-37.04691,Non-Intersection,ALPINE,Country,1,1,1,0,0,0,0,No
2018,August,21/8/18,16.30.00,Collision with object,Tuesday,No,Day,Other injury accident,60 km/hr,144.87924,-37.79701,Non-Intersection,MARIBYRNONG,Metro,2,0,1,1,1,0,0,No
2018,August,21/8/18,08.45.00,Collision with vehicle,Tuesday,No,Day,Other injury accident,100 km/hr,144.78771,-37.78926,Non-Intersection,BRIMBANK,Metro,3,0,3,0,1,0,0,No
2018,August,21/8/18,18.37.00,Collision with vehicle,Tuesday,No,Dark,Other injury accident,40 km/hr,144.98719,-37.80016,Intersection,YARRA RANGES,Metro,2,0,2,0,0,0,0,No
2018,August,21/8/18,10.25.00,Collision with vehicle,Monday,No,Day,Other injury accident,80 km/hr,144.97268,-37.60267,Intersection,WHITTLESEA,Metro,2,0,1,1,0,0,0,No
2018,August,22/8/18,06.33.00,Collision with vehicle,Wednesday,No,Dusk/Dawn,Other injury accident,60 km/hr,145.0323,-37.83953,Non-Intersection,STONNINGTON,Metro,2,0,2,0,0,0,1,No
2018,August,22/8/18,06.55.00,Collision with vehicle,Wednesday,No,Dusk/Dawn,Other injury accident,60 km/hr,144.2688,-36.77274,Intersection,BENDIGO,Country,2,0,0,2,0,0,0,No
2018,August,22/8/18,06.30.00,Collision with vehicle,Wednesday,No,Dark,Other injury accident,80 km/hr,145.40502,-37.80786,Intersection,YARRA RANGES,Metro,4,0,3,1,2,0,1,No
2018,August,22/8/18,06.24.00,Collision with vehicle,Wednesday,No,Dark,Other injury accident,50 km/hr,144.98284,-37.81033,Non-Intersection,MELBOURNE,Metro,2,0,2,0,0,0,0,No
2018,August,22/8/18,08.55.00,Collision with vehicle,Wednesday,No,Day,Other injury accident,50 km/hr,144.74119,-37.34901,Intersection,MACEDON RANGES,Country,3,0,1,2,1,1,0,No
2018,August,22/8/18,08.55.00,Collision with vehicle,Wednesday,No,Day,Other injury accident,60 km/hr,144.95542,-37.8086,Intersection,MELBOURNE,Metro,2,0,1,1,0,0,0,No
2018,August,22/8/18,08.20.00,Struck pedestrian,Wednesday,No,Day,Serious injury accident,60 km/hr,145.15445,-37.94026,Non-Intersection,DANDENONG,Metro,5,0,4,1,3,0,0,No
2018,August,22/8/18,11.45.00,Collision with object,Wednesday,No,Day,Other injury accident,100 km/hr,143.84067,-36.91199,Non-Intersection,CENTRAL GOLDFIELDS,Country,1,0,1,0,0,1,0,No
2018,August,22/8/18,16.32.00,Collision with vehicle,Wednesday,No,Day,Other injury accident,60 km/hr,144.85413,-37.70262,Non-Intersection,HUME,Metro,4,0,4,0,2,0,2,No
2018,August,22/8/18,14.50.00,Collision with vehicle,Wednesday,No,Day,Serious injury accident,70 km/hr,145.07874,-37.77774,Non-Intersection,BOROONDARA,Metro,3,0,2,1,0,0,0,No
2018,August,22/8/18,15.00.00,Collision with object,Wednesday,No,Day,Serious injury accident,100 km/hr,143.76953,-37.79734,Non-Intersection,GOLDEN PLAINS,Country,1,0,0,1,0,0,0,No
2018,August,22/8/18,18.30.00,Struck animal,Tuesday,No,Dark,Other injury accident,100 km/hr,144.43572,-38.26217,Non-Intersection,GEELONG,Country,1,0,0,1,0,0,1,No
2018,August,22/8/18,19.15.00,Collision with vehicle,Wednesday,No,Dark,Other injury accident,60 km/hr,145.13065,-37.95978,Intersection,KINGSTON,Metro,2,0,0,2,0,0,0,No
2018,August,22/8/18,19.20.00,Collision with vehicle,Wednesday,No,Dark,Other injury accident,60 km/hr,144.75356,-37.90023,Intersection,WYNDHAM,Metro,7,0,2,4,5,0,0,No
2018,August,22/8/18,17.00.00,Collision with object,Wednesday,No,Day,Fatal accident,50 km/hr,145.06452,-37.58241,Non-Intersection,WHITTLESEA,Metro,4,1,2,0,3,0,0,No
2018,August,22/8/18,05.53.00,Collision with vehicle,Wednesday,No,Dusk/Dawn,Serious injury accident,80 km/hr,145.19239,-37.9925,Intersection,DANDENONG,Metro,2,0,1,1,0,0,1,No
2018,August,22/8/18,08.55.00,Collision with vehicle,Wednesday,No,Day,Other injury accident,100 km/hr,145.19006,-38.03009,Non-Intersection,DANDENONG,Metro,4,0,4,0,2,0,0,No
2018,August,22/8/18,12.00.00,Collision with vehicle,Wednesday,No,Day,Other injury accident,50 km/hr,145.22128,-37.9776,Non-Intersection,DANDENONG,Metro,3,0,1,2,2,0,0,No
2018,August,22/8/18,12.17.00,Collision with vehicle,Wednesday,No,Day,Other injury accident,60 km/hr,146.88571,-36.1242,Intersection,WODONGA,Country,4,0,2,2,1,0,1,No
2018,August,22/8/18,18.30.00,Collision with vehicle,Wednesday,No,Dark,Other injury accident,80 km/hr,146.86402,-38.10173,Intersection,WELLINGTON,Country,2,0,2,0,0,0,2,No
2018,August,22/8/18,15.35.00,Vehicle overturned,Wednesday,No,Day,Other injury accident,60 km/hr,145.40101,-37.89598,Non-Intersection,YARRA RANGES,Metro,1,0,1,0,0,0,0,No
2018,August,23/8/18,18.45.00,Collision with object,Wednesday,No,Dark,Other injury accident,60 km/hr,144.61872,-37.55016,Non-Intersection,MACEDON RANGES,Country,1,0,0,1,0,0,0,No
2018,August,23/8/18,01.35.00,Collision with object,Thursday,No,Dark,Other injury accident,80 km/hr,145.17659,-38.14245,Non-Intersection,FRANKSTON,Metro,1,0,1,0,0,0,0,Yes
2018,August,23/8/18,07.10.00,Collision with vehicle,Wednesday,No,Day,Other injury accident,60 km/hr,143.81248,-37.55752,Non-Intersection,BALLARAT,Country,4,0,3,1,2,0,0,No
2018,August,23/8/18,08.06.00,Struck pedestrian,Thursday,No,Day,Serious injury accident,40 km/hr,145.05831,-37.7727,Non-Intersection,BANYULE,Metro,2,0,1,1,0,0,0,No
2018,August,23/8/18,07.45.00,Collision with vehicle,Thursday,No,Day,Other injury accident,70 km/hr,145.12579,-38.10736,Intersection,FRANKSTON,Metro,2,0,1,1,0,0,0,No
2018,August,23/8/18,10.20.00,Collision with vehicle,Wednesday,No,Day,Other injury accident,40 km/hr,144.36278,-38.15249,Non-Intersection,GEELONG,Country,2,0,0,2,0,0,0,No
2018,August,23/8/18,12.05.00,Collision with vehicle,Thursday,No,Day,Serious injury accident,50 km/hr,145.26345,-37.80056,Intersection,MAROONDAH,Metro,3,0,2,1,0,1,0,No
2018,August,23/8/18,10.02.00,Struck pedestrian,Wednesday,No,Day,Serious injury accident,80 km/hr,145.05306,-37.95903,Intersection,KINGSTON,Metro,4,0,2,2,0,0,0,No
2018,August,23/8/18,08.20.00,Collision with vehicle,Wednesday,No,Day,Other injury accident,80 km/hr,144.85413,-37.73219,Non-Intersection,BRIMBANK,Metro,2,0,1,1,0,0,1,No
2018,August,23/8/18,13.05.00,Collision with vehicle,Thursday,No,Day,Other injury accident,80 km/hr,145.11223,-38.15252,Intersection,FRANKSTON,Metro,3,0,1,2,1,0,1,No
2018,August,23/8/18,06.30.00,Collision with vehicle,Thursday,No,Dark,Other injury accident,60 km/hr,144.92521,-37.59724,Intersection,HUME,Metro,2,0,1,1,0,0,1,No
2018,August,23/8/18,15.00.00,Collision with vehicle,Wednesday,No,Day,Serious injury accident,40 km/hr,145.1483,-37.71452,Non-Intersection,NILLUMBIK,Metro,2,0,1,1,0,1,0,No
2018,August,23/8/18,14.55.00,Struck pedestrian,Thursday,No,Day,Other injury accident,50 km/hr,145.34706,-37.75689,Non-Intersection,YARRA RANGES,Metro,2,0,1,1,0,0,0,No
2018,August,23/8/18,17.21.00,Collision with vehicle,Thursday,No,Day,Other injury accident,80 km/hr,145.32029,-37.73655,Intersection,YARRA RANGES,Metro,2,0,1,1,0,0,0,No
2018,August,23/8/18,18.00.00,Collision with vehicle,Thursday,No,Dark,Other injury accident,60 km/hr,145.03581,-38.25592,Intersection,MORNINGTON PENINSULA,Metro,2,0,0,2,0,1,1,No
2018,August,23/8/18,16.50.00,Collision with vehicle,Thursday,No,Day,Other injury accident,60 km/hr,145.0593,-37.98848,Intersection,KINGSTON,Metro,2,0,2,0,0,0,2,No
2018,August,23/8/18,19.23.00,Collision with vehicle,Thursday,No,Dark,Other injury accident,40 km/hr,144.97668,-37.77322,Intersection,MORELAND,Metro,3,0,1,2,1,0,0,No
2018,August,23/8/18,19.45.00,Collision with vehicle,Thursday,No,Dark,Other injury accident,60 km/hr,144.715,-37.58918,Intersection,HUME,Metro,2,0,1,1,0,0,1,No
2018,August,23/8/18,16.30.00,Collision with vehicle,Wednesday,No,Dusk/Dawn,Serious injury accident,60 km/hr,143.88508,-38.39655,Non-Intersection,SURF COAST,Country,1,0,0,1,0,0,0,No
2018,August,23/8/18,20.00.00,Collision with vehicle,Wednesday,No,Dark,Serious injury accident,80 km/hr,145.33799,-38.06118,Non-Intersection,CASEY,Metro,4,0,2,2,0,0,1,No
2018,August,23/8/18,10.05.00,Collision with vehicle,Thursday,No,Day,Other injury accident,60 km/hr,145.21551,-37.99189,Intersection,DANDENONG,Metro,2,0,1,1,0,0,0,No
2018,August,23/8/18,16.40.00,Collision with vehicle,Thursday,Yes,Day,Other injury accident,70 km/hr,145.19403,-38.11717,Intersection,FRANKSTON,Metro,3,0,2,0,1,0,0,No
2018,August,23/8/18,23.00.00,Collision with vehicle,Thursday,No,Dark,Other injury accident,80 km/hr,144.80384,-37.70853,Intersection,BRIMBANK,Metro,2,0,2,0,0,1,0,No
2018,August,23/8/18,17.35.00,Collision with vehicle,Thursday,No,Day,Serious injury accident,60 km/hr,145.02572,-37.7756,Intersection,DAREBIN,Metro,2,0,2,0,0,0,0,No
2018,August,23/8/18,22.30.00,Collision with vehicle,Thursday,No,Dark,Other injury accident,70 km/hr,144.77546,-37.76536,Intersection,BRIMBANK,Metro,2,0,1,1,0,0,1,No
2018,August,23/8/18,15.35.00,Collision with vehicle,Wednesday,No,Day,Other injury accident,60 km/hr,145.17974,-37.79372,Intersection,MANNINGHAM,Metro,2,0,1,1,0,0,0,No
2018,August,24/8/18,09.30.00,Collision with object,Friday,No,Day,Other injury accident,100 km/hr,142.61825,-38.05314,Non-Intersection,MOYNE,Country,4,0,3,1,3,0,0,No
2018,August,24/8/18,17.55.00,Collision with vehicle,Friday,No,Day,Other injury accident,100 km/hr,145.02821,-37.79108,Non-Intersection,BOROONDARA,Metro,2,0,2,0,0,0,0,No
2018,August,24/8/18,16.00.00,Vehicle overturned,Thursday,No,Day,Other injury accident,60 km/hr,144.99254,-37.7295,Non-Intersection,DAREBIN,Metro,1,0,1,0,0,0,0,No
2018,August,24/8/18,13.00.00,Collision with vehicle,Friday,Yes,Day,Other injury accident,60 km/hr,145.15036,-37.86198,Non-Intersection,MONASH,Metro,2,0,1,1,0,1,0,No
2018,August,24/8/18,16.00.00,No collision and no object struck,Friday,No,Day,Other injury accident,40 km/hr,145.49702,-38.06048,Intersection,CARDINIA,Metro,1,0,1,0,0,0,0,No
2018,August,24/8/18,15.55.00,Collision with vehicle,Thursday,No,Day,Other injury accident,60 km/hr,145.03256,-37.85198,Intersection,STONNINGTON,Metro,2,0,2,0,0,0,0,No
2018,August,24/8/18,03.20.00,Collision with vehicle,Friday,No,Dark,Other injury accident,50 km/hr,145.06113,-37.77386,Non-Intersection,BANYULE,Metro,2,0,1,1,1,0,1,No
2018,August,24/8/18,06.50.00,Collision with vehicle,Thursday,No,Day,Other injury accident,60 km/hr,145.11862,-37.75965,Non-Intersection,MANNINGHAM,Metro,2,0,1,1,0,0,0,No
2018,August,24/8/18,09.00.00,Collision with vehicle,Thursday,No,Day,Other injury accident,80 km/hr,144.80753,-37.84702,Non-Intersection,HOBSONS BAY,Metro,8,0,3,3,5,0,0,No
2018,August,24/8/18,08.50.00,Collision with vehicle,Friday,No,Day,Serious injury accident,70 km/hr,144.35262,-38.17375,Non-Intersection,GEELONG,Country,3,0,1,2,1,0,2,No
2018,August,24/8/18,11.30.00,Collision with vehicle,Friday,No,Day,Serious injury accident,80 km/hr,145.182,-38.1267,Non-Intersection,FRANKSTON,Metro,3,0,3,0,1,1,0,No
2018,August,24/8/18,08.15.00,Collision with vehicle,Friday,No,Day,Other injury accident,50 km/hr,145.01954,-37.80934,Intersection,BOROONDARA,Metro,2,0,2,0,0,0,0,No
2018,August,24/8/18,11.55.00,Collision with vehicle,Thursday,No,Day,Other injury accident,50 km/hr,144.32576,-38.3333,Non-Intersection,SURF COAST,Country,3,0,1,2,1,0,0,No
2018,August,24/8/18,12.02.00,Struck pedestrian,Thursday,No,Day,Serious injury accident,70 km/hr,145.29508,-37.80031,Non-Intersection,MAROONDAH,Metro,2,0,1,1,0,0,0,No
2018,August,24/8/18,08.30.00,Struck pedestrian,Friday,No,Day,Other injury accident,60 km/hr,145.04214,-37.85322,Intersection,STONNINGTON,Metro,2,0,0,2,0,0,0,No
2018,August,24/8/18,13.25.00,Collision with vehicle,Friday,No,Day,Other injury accident,60 km/hr,145.20682,-38.00829,Intersection,DANDENONG,Metro,2,0,1,1,0,0,1,No
2018,August,24/8/18,11.30.00,Collision with vehicle,Friday,No,Day,Serious injury accident,100 km/hr,145.5395,-38.39436,Non-Intersection,BASS COAST,Country,2,0,1,1,0,0,0,No
2018,August,24/8/18,14.15.00,Collision with vehicle,Thursday,No,Day,Other injury accident,40 km/hr,144.9997,-37.84763,Non-Intersection,STONNINGTON,Metro,2,0,1,0,0,0,1,No
2018,August,24/8/18,07.55.00,Collision with object,Friday,No,Day,Other injury accident,80 km/hr,142.84644,-37.14762,Non-Intersection,NORTHERN GRAMPIANS,Country,2,0,1,1,1,0,0,No
2018,August,24/8/18,14.50.00,Collision with vehicle,Friday,No,Day,Other injury accident,40 km/hr,144.99616,-37.83683,Intersection,STONNINGTON,Metro,2,0,0,2,0,0,0,No
2018,August,24/8/18,13.45.00,Struck animal,Friday,No,Day,Serious injury accident,80 km/hr,143.96923,-38.40719,Non-Intersection,SURF COAST,Country,1,0,1,0,0,0,0,No
2018,August,24/8/18,13.46.00,Struck pedestrian,Friday,No,Day,Serious injury accident,50 km/hr,145.00575,-37.7617,Non-Intersection,DAREBIN,Metro,2,0,1,1,0,0,0,No
2018,August,24/8/18,14.30.00,Collision with vehicle,Friday,No,Day,Other injury accident,60 km/hr,147.97268,-37.88235,Intersection,EAST GIPPSLAND,Country,3,0,1,2,0,0,0,No
2018,August,24/8/18,14.35.00,Collision with object,Friday,No,Day,Other injury accident,60 km/hr,144.2745,-36.77301,Non-Intersection,BENDIGO,Country,2,0,0,2,1,0,0,No
2018,August,24/8/18,14.10.00,Collision with vehicle,Friday,No,Day,Serious injury accident,70 km/hr,144.9993,-37.67875,Intersection,WHITTLESEA,Metro,4,0,2,2,1,0,0,No
2018,August,24/8/18,12.13.00,Collision with vehicle,Friday,Yes,Day,Other injury accident,60 km/hr,144.96718,-37.77544,Intersection,MORELAND,Metro,2,0,0,1,0,0,0,No
2018,August,24/8/18,17.20.00,Collision with vehicle,Thursday,No,Day,Serious injury accident,60 km/hr,145.00458,-37.84114,Non-Intersection,STONNINGTON,Metro,2,0,1,1,0,0,0,No
2018,August,24/8/18,15.05.00,Collision with vehicle,Friday,No,Day,Fatal accident,100 km/hr,145.10362,-36.2113,Intersection,CAMPASPE,Country,2,1,1,1,0,0,1,No
2018,August,24/8/18,15.10.00,Collision with vehicle,Thursday,No,Day,Other injury accident,40 km/hr,145.00597,-37.60603,Non-Intersection,WHITTLESEA,Metro,3,0,2,1,0,0,1,No
2018,August,24/8/18,18.12.00,Vehicle overturned,Friday,No,Dark,Other injury accident,70 km/hr,145.07609,-37.65053,Intersection,WHITTLESEA,Metro,1,0,1,0,0,0,0,No
2018,August,24/8/18,18.25.00,Collision with vehicle,Friday,No,Dark,Other injury accident,50 km/hr,144.35437,-38.13839,Intersection,GEELONG,Country,4,0,3,1,2,0,0,No
2018,August,24/8/18,15.28.00,Collision with vehicle,Friday,No,Day,Other injury accident,60 km/hr,145.13398,-37.77074,Intersection,MANNINGHAM,Metro,2,0,1,1,0,1,0,No
2018,August,24/8/18,18.12.00,Collision with vehicle,Friday,No,Dark,Serious injury accident,50 km/hr,145.01889,-37.73159,Intersection,DAREBIN,Metro,5,0,1,4,3,0,0,No
2018,August,24/8/18,17.00.00,Struck pedestrian,Friday,No,Day,Other injury accident,40 km/hr,144.96595,-37.74501,Intersection,MORELAND,Metro,2,0,1,1,0,0,0,No
2018,August,24/8/18,17.30.00,Struck pedestrian,Friday,No,Dusk/Dawn,Serious injury accident,50 km/hr,145.08797,-37.89425,Intersection,MONASH,Metro,3,0,1,2,1,0,0,No
2018,August,24/8/18,20.34.00,Collision with vehicle,Friday,No,Dark,Other injury accident,60 km/hr,144.96571,-37.83805,Intersection,PORT PHILLIP,Metro,2,0,1,0,0,1,0,No
2018,August,24/8/18,17.32.00,Collision with vehicle,Friday,No,Day,Other injury accident,80 km/hr,144.89168,-37.72389,Non-Intersection,MOONEE VALLEY,Metro,5,0,1,3,1,0,1,No
2018,August,24/8/18,18.42.00,Collision with vehicle,Thursday,No,Dark,Other injury accident,60 km/hr,144.78186,-37.84414,Intersection,WYNDHAM,Metro,3,0,1,2,1,0,1,No
2018,August,24/8/18,05.20.00,Collision with vehicle,Thursday,No,Dark,Other injury accident,60 km/hr,145.08321,-37.76306,Non-Intersection,MANNINGHAM,Metro,3,0,3,0,0,0,0,No
2018,August,24/8/18,19.25.00,Collision with object,Friday,No,Dark,Other injury accident,50 km/hr,144.93914,-37.7755,Non-Intersection,MELBOURNE,Metro,1,0,1,0,0,0,0,No
2018,August,24/8/18,19.45.00,Collision with vehicle,Friday,No,Dark,Other injury accident,60 km/hr,145.04085,-37.74143,Non-Intersection,BANYULE,Metro,2,0,1,1,0,0,1,No
2018,August,24/8/18,23.30.00,Vehicle overturned,Friday,No,Dark,Other injury accident,110 km/hr,144.99478,-37.41772,Non-Intersection,MITCHELL,Country,1,0,1,0,0,0,0,Yes
2018,August,24/8/18,18.30.00,Collision with object,Thursday,No,Dark,Serious injury accident,80 km/hr,146.64518,-36.09576,Non-Intersection,INDIGO,Country,1,0,1,0,0,1,0,No
2018,August,25/8/18,15.50.00,Collision with vehicle,Saturday,No,Day,Other injury accident,60 km/hr,145.07621,-37.80258,Intersection,BOROONDARA,Metro,3,0,1,2,1,0,0,No
2018,August,25/8/18,16.00.00,Vehicle overturned,Saturday,No,Day,Other injury accident,80 km/hr,145.54524,-37.68628,Intersection,YARRA RANGES,Metro,2,0,1,1,0,0,0,No
2018,August,25/8/18,12.00.00,Collision with object,Saturday,No,Day,Serious injury accident,80 km/hr,145.8616,-36.80246,Intersection,BENALLA,Country,1,0,1,0,0,0,0,No
2018,August,25/8/18,15.30.00,Collision with vehicle,Saturday,No,Day,Other injury accident,80 km/hr,145.28279,-38.11303,Intersection,CASEY,Metro,2,0,1,1,0,0,1,No
2018,August,25/8/18,13.25.00,No collision and no object struck,Saturday,No,Day,Other injury accident,50 km/hr,145.47965,-38.08822,Non-Intersection,CARDINIA,Metro,2,0,1,1,0,0,0,No
2018,August,25/8/18,14.00.00,Collision with vehicle,Friday,No,Day,Other injury accident,50 km/hr,144.97214,-37.79766,Non-Intersection,MELBOURNE,Metro,2,0,2,0,0,0,0,No
2018,August,25/8/18,10.02.00,Collision with vehicle,Friday,Yes,Day,Other injury accident,50 km/hr,145.26605,-37.91444,Non-Intersection,KNOX,Metro,1,0,0,1,0,0,1,No
2018,August,25/8/18,13.38.00,No collision and no object struck,Saturday,No,Day,Serious injury accident,100 km/hr,143.73493,-35.43474,Non-Intersection,SWAN HILL,Country,1,0,1,0,0,0,0,No
2018,August,25/8/18,13.45.00,Collision with vehicle,Saturday,No,Day,Other injury accident,80 km/hr,145.27362,-38.00501,Non-Intersection,CASEY,Metro,2,0,0,2,0,0,0,No
2018,August,25/8/18,12.18.00,Collision with vehicle,Saturday,No,Day,Other injury accident,80 km/hr,144.99113,-37.83217,Non-Intersection,YARRA RANGES,Metro,4,0,2,2,1,0,1,No
2018,August,25/8/18,16.00.00,Collision with object,Saturday,No,Day,Serious injury accident,40 km/hr,144.12953,-37.86151,Non-Intersection,GOLDEN PLAINS,Country,1,0,1,0,0,0,0,No
2018,August,25/8/18,16.05.00,Vehicle overturned,Saturday,No,Day,Serious injury accident,60 km/hr,145.3171,-37.98243,Intersection,CASEY,Metro,1,0,1,0,0,0,0,No
2018,August,25/8/18,14.00.00,Collision with vehicle,Saturday,No,Day,Other injury accident,80 km/hr,144.80789,-37.72335,Intersection,BRIMBANK,Metro,5,0,1,2,3,0,0,No
2018,August,25/8/18,17.45.00,Collision with vehicle,Saturday,No,Dusk/Dawn,Other injury accident,50 km/hr,145.02788,-37.62839,Intersection,WHITTLESEA,Metro,3,0,2,1,1,0,0,No
2018,August,25/8/18,19.50.00,Collision with object,Friday,No,Dark,Fatal accident,80 km/hr,144.94592,-37.60915,Non-Intersection,HUME,Metro,1,1,1,0,0,0,0,No
2018,August,25/8/18,18.38.00,Collision with vehicle,Saturday,No,Dark,Other injury accident,50 km/hr,144.97873,-37.77625,Intersection,MORELAND,Metro,3,0,3,0,1,0,0,No
2018,August,25/8/18,10.00.00,No collision and no object struck,Saturday,No,Day,Other injury accident,80 km/hr,142.19593,-34.23915,Intersection,MILDURA,Country,2,0,2,0,0,0,0,No
2018,August,25/8/18,08.02.00,Collision with object,Saturday,No,Day,Serious injury accident,80 km/hr,145.09304,-37.89371,Non-Intersection,MONASH,Metro,1,0,0,1,0,0,0,No
2018,August,25/8/18,09.00.00,Collision with vehicle,Saturday,No,Day,Other injury accident,50 km/hr,145.12678,-38.05186,Intersection,KINGSTON,Metro,4,0,2,2,2,0,0,No