year,month,date,time,accident_type,day,hit_run,light_condition,severity,speed_zone,longitude,latitude,node_type,lga,state_div,total_persons,fatality,males,females,passengers,old_driver,young_driver,alcohol
2018,August,25/8/18,10.16.00,Struck pedestrian,Saturday,No,Day,Other injury accident,50 km/hr,144.87928,-37.69983,Non-Intersection,HUME,Metro,2,0,2,0,0,1,0,No
2018,August,25/8/18,12.55.00,Collision with vehicle,Friday,No,Day,Other injury accident,50 km/hr,145.13588,-37.72644,Non-Intersection,BANYULE,Metro,4,0,2,2,0,0,1,No
2018,August,25/8/18,08.30.00,Vehicle overturned,Friday,No,Day,Serious injury accident,100 km/hr,141.67776,-37.58966,Non-Intersection,SOUTHERN GRAMPIANS,Country,1,0,1,0,0,1,0,No
2018,August,25/8/18,10.15.00,Collision with object,Friday,No,Day,Other injury accident,100 km/hr,144.49984,-38.17916,Non-Intersection,GEELONG,Country,2,0,2,0,1,0,0,No
2018,August,25/8/18,08.58.00,Collision with vehicle,Saturday,No,Day,Serious injury accident,60 km/hr,144.76612,-37.75137,Intersection,BRIMBANK,Metro,2,0,1,1,0,0,0,No
2018,August,25/8/18,09.00.00,Collision with vehicle,Friday,No,Day,Other injury accident,80 km/hr,144.99686,-37.88381,Intersection,BAYSIDE,Metro,3,0,2,1,0,0,0,No
2018,August,26/8/18,06.25.00,Struck animal,,No,Day,Other injury accident,110 km/hr,145.02212,-37.3509,Non-Intersection,MITCHELL,Country,1,0,1,0,0,0,0,No
2018,August,26/8/18,02.00.00,Collision with object,Sunday,No,Dark,Other injury accident,60 km/hr,145.09554,-37.60087,Non-Intersection,WHITTLESEA,Metro,1,0,0,1,0,0,1,Yes
2018,August,26/8/18,00.20.00,Collision with object,,No,Dark,Other injury accident,50 km/hr,144.9553,-37.67253,Non-Intersection,HUME,Metro,1,0,1,0,0,1,0,No
2018,August,26/8/18,10.10.00,Collision with vehicle,Sunday,No,Day,Serious injury accident,80 km/hr,145.14268,-37.97991,Intersection,KINGSTON,Metro,3,0,2,1,0,0,0,No
2018,August,26/8/18,10.11.00,Collision with object,Sunday,No,Day,Serious injury accident,80 km/hr,143.91582,-38.61443,Non-Intersection,COLAC OTWAY,Country,1,0,1,0,0,0,0,No
2018,August,26/8/18,11.25.00,Collision with object,Sunday,No,Day,Other injury accident,60 km/hr,145.12439,-37.89976,Non-Intersection,MONASH,Metro,3,0,1,0,1,0,0,No
2018,August,26/8/18,07.45.00,Struck pedestrian,Sunday,No,Day,Serious injury accident,60 km/hr,144.24395,-36.79683,Intersection,BENDIGO,Country,2,0,1,1,0,0,0,No
2018,August,26/8/18,11.40.00,Collision with vehicle,Sunday,No,Day,Serious injury accident,60 km/hr,145.05038,-37.92319,Intersection,GLEN EIRA,Metro,2,0,0,1,0,0,0,No
2018,August,26/8/18,12.41.00,Vehicle overturned,Sunday,No,Day,Other injury accident,50 km/hr,145.13751,-37.02432,Non-Intersection,MITCHELL,Country,1,0,1,0,0,0,0,No
2018,August,26/8/18,12.18.00,Collision with vehicle,,No,Day,Other injury accident,60 km/hr,144.97843,-37.75709,Non-Intersection,MORELAND,Metro,3,0,1,2,1,0,1,No
2018,August,26/8/18,14.50.00,Collision with vehicle,Sunday,Yes,Day,Other injury accident,50 km/hr,143.85695,-37.55006,Non-Intersection,BALLARAT,Country,3,0,2,1,1,0,0,No
2018,August,26/8/18,15.10.00,Collision with vehicle,Sunday,No,Day,Other injury accident,60 km/hr,145.09753,-37.82441,Non-Intersection,BOROONDARA,Metro,2,0,0,2,0,0,1,No
2018,August,26/8/18,18.32.00,Collision with vehicle,Sunday,Yes,Dark,Other injury accident,70 km/hr,144.99226,-37.80422,Intersection,YARRA RANGES,Metro,2,0,1,0,0,0,0,No
2018,August,26/8/18,19.10.00,Vehicle overturned,Sunday,No,Dark,Other injury accident,80 km/hr,145.25383,-37.89346,Intersection,KNOX,Metro,1,0,1,0,0,0,0,No
2018,August,26/8/18,17.40.00,Collision with vehicle,Sunday,No,Dusk/Dawn,Other injury accident,60 km/hr,144.76468,-37.72563,Non-Intersection,BRIMBANK,Metro,6,0,3,3,3,0,1,No
2018,August,26/8/18,20.45.00,Fall from or in moving vehicle,,No,Dark,Serious injury accident,40 km/hr,144.90137,-37.85934,Non-Intersection,HOBSONS BAY,Metro,2,0,2,0,1,0,0,No
2018,August,26/8/18,00.30.00,Collision with object,,Yes,Dark,Other injury accident,100 km/hr,147.4713,-37.80203,Non-Intersection,EAST GIPPSLAND,Country,1,0,1,0,0,0,0,No
2018,August,26/8/18,14.09.00,Collision with vehicle,,No,Day,Other injury accident,60 km/hr,145.92786,-38.15595,Non-Intersection,BAW BAW,Country,1,0,1,0,0,1,0,No
2018,August,27/8/18,09.46.00,Collision with vehicle,Monday,No,Day,Other injury accident,60 km/hr,142.15362,-34.19233,Intersection,MILDURA,Country,2,0,1,1,0,0,0,No
2018,August,27/8/18,06.50.00,Collision with object,Monday,No,Dusk/Dawn,Other injury accident,60 km/hr,142.46302,-38.37422,Non-Intersection,WARRNAMBOOL,Country,1,0,1,0,0,0,0,Yes
2018,August,27/8/18,20.10.00,Vehicle overturned,Monday,No,Dark,Other injury accident,80 km/hr,145.24453,-38.15291,Non-Intersection,CASEY,Metro,1,0,1,0,0,0,1,No
2018,August,27/8/18,17.06.00,Struck pedestrian,Monday,No,Day,Serious injury accident,40 km/hr,144.88906,-37.73603,Intersection,MOONEE VALLEY,Metro,3,0,1,2,0,0,1,No
2018,August,27/8/18,15.30.00,Collision with object,Monday,No,Day,Serious injury accident,110 km/hr,143.84715,-37.52137,Non-Intersection,BALLARAT,Country,2,0,2,0,1,0,0,Yes
2018,August,27/8/18,16.18.00,Collision with vehicle,Sunday,No,Day,Other injury accident,60 km/hr,142.16588,-34.19075,Intersection,MILDURA,Country,2,0,2,0,0,0,1,No
2018,August,27/8/18,16.00.00,Struck pedestrian,Monday,Yes,Day,Other injury accident,30km/hr,145.16712,-37.87441,Non-Intersection,MONASH,Metro,4,0,2,2,0,0,0,No
2018,August,27/8/18,14.30.00,Collision with object,Monday,No,Day,Other injury accident,100 km/hr,145.40571,-38.14377,Non-Intersection,CARDINIA,Metro,1,0,1,0,0,0,0,No
2018,August,27/8/18,16.30.00,Collision with vehicle,Monday,No,Unk.,Serious injury accident,70 km/hr,145.00403,-37.85952,Intersection,PORT PHILLIP,Metro,2,0,2,0,0,0,0,No
2018,August,27/8/18,14.40.00,Collision with vehicle,Monday,No,Day,Other injury accident,60 km/hr,145.00173,-37.67255,Intersection,WHITTLESEA,Metro,3,0,0,3,1,0,0,No
2018,August,27/8/18,01.27.00,Collision with object,Monday,No,Dark,Other injury accident,60 km/hr,144.96608,-37.797,Intersection,MELBOURNE,Metro,1,0,1,0,0,0,0,No
2018,August,27/8/18,07.00.00,Collision with vehicle,Monday,No,Day,Other injury accident,50 km/hr,145.07543,-37.7432,Intersection,BANYULE,Metro,2,0,2,0,0,0,0,No
2018,August,27/8/18,08.10.00,Collision with vehicle,Monday,No,Day,Serious injury accident,60 km/hr,144.33208,-38.20765,Non-Intersection,GEELONG,Country,1,0,1,0,0,0,0,No
2018,August,27/8/18,08.10.00,Struck pedestrian,Monday,No,Day,Serious injury accident,60 km/hr,145.02294,-37.84276,Intersection,STONNINGTON,Metro,2,0,1,1,0,0,1,No
2018,August,27/8/18,09.00.00,Collision with vehicle,Sunday,No,Day,Other injury accident,50 km/hr,144.94306,-37.83479,Intersection,PORT PHILLIP,Metro,2,0,1,1,0,0,0,No
2018,August,27/8/18,09.41.00,Collision with vehicle,Monday,No,Day,Other injury accident,50 km/hr,142.49587,-38.38367,Intersection,WARRNAMBOOL,Country,2,0,0,2,0,1,0,No
2018,August,27/8/18,10.39.00,Collision with vehicle,Sunday,No,Day,Serious injury accident,40 km/hr,144.96932,-37.85944,Off Road,PORT PHILLIP,Metro,2,0,1,1,0,1,0,No
2018,August,27/8/18,07.20.00,Collision with vehicle,Monday,No,Day,Serious injury accident,40 km/hr,145.05672,-37.79667,Non-Intersection,BOROONDARA,Metro,2,0,1,1,0,0,0,No
2018,August,27/8/18,11.55.00,Collision with vehicle,Sunday,No,Day,Serious injury accident,60 km/hr,145.31201,-37.78844,Non-Intersection,YARRA RANGES,Metro,2,0,1,1,0,1,0,No
2018,August,27/8/18,07.11.00,Collision with vehicle,Monday,No,Day,Other injury accident,80 km/hr,145.84222,-38.11037,Non-Intersection,BAW BAW,Country,2,0,0,2,0,1,0,No
2018,August,27/8/18,09.32.00,Collision with vehicle,Monday,No,Day,Other injury accident,50 km/hr,144.85062,-37.78168,Non-Intersection,MARIBYRNONG,Metro,2,0,1,1,0,0,0,No
2018,August,27/8/18,14.30.00,Collision with vehicle,Monday,No,Day,Other injury accident,50 km/hr,146.89156,-36.12903,Non-Intersection,WODONGA,Country,2,0,1,1,0,0,0,No
2018,August,27/8/18,12.40.00,Collision with vehicle,Monday,No,Day,Other injury accident,80 km/hr,144.42231,-38.1672,Intersection,GEELONG,Country,3,0,1,2,1,1,0,No
2018,August,27/8/18,16.25.00,Collision with vehicle,Monday,No,Day,Other injury accident,60 km/hr,144.96301,-37.71869,Intersection,MORELAND,Metro,3,0,1,0,1,0,0,No
2018,August,27/8/18,14.40.00,Collision with vehicle,Monday,No,Day,Other injury accident,80 km/hr,145.30127,-38.05492,Intersection,CASEY,Metro,2,0,0,2,0,0,1,No
2018,August,27/8/18,15.40.00,Collision with vehicle,Monday,No,Day,Serious injury accident,100 km/hr,145.55611,-38.07161,Non-Intersection,CARDINIA,Metro,3,0,2,1,0,0,0,No
2018,August,27/8/18,18.20.00,Collision with vehicle,Monday,No,Dusk/Dawn,Other injury accident,70 km/hr,144.34064,-38.20495,Intersection,GEELONG,Country,2,0,1,1,0,0,0,No
2018,August,27/8/18,17.35.00,Collision with vehicle,Monday,Yes,Dusk/Dawn,Serious injury accident,40 km/hr,144.98657,-37.7992,Intersection,YARRA RANGES,Metro,2,0,2,0,0,0,0,No
2018,August,27/8/18,15.30.00,Collision with vehicle,Monday,No,Day,Other injury accident,60 km/hr,144.90772,-38.36792,Intersection,MORNINGTON PENINSULA,Metro,4,0,2,2,2,0,0,No
2018,August,27/8/18,20.47.00,Struck pedestrian,Monday,No,Dark,Other injury accident,80 km/hr,145.03617,-37.9351,Intersection,KINGSTON,Metro,2,0,2,0,0,0,0,No
2018,August,28/8/18,12.30.00,Collision with vehicle,Tuesday,No,Day,Serious injury accident,60 km/hr,145.05435,-37.84375,Intersection,BOROONDARA,Metro,2,0,1,1,0,0,1,No
2018,August,28/8/18,04.11.00,Collision with object,Tuesday,No,Dark,Other injury accident,60 km/hr,143.86021,-38.2817,Non-Intersection,COLAC OTWAY,Country,1,0,0,1,0,0,0,No
2018,August,28/8/18,04.15.00,Collision with object,Tuesday,No,Dark,Fatal accident,80 km/hr,143.92828,-37.36977,Non-Intersection,HEPBURN,Country,1,1,1,0,0,0,1,No
2018,August,28/8/18,07.20.00,Struck pedestrian,Tuesday,No,Day,Serious injury accident,80 km/hr,145.20362,-37.97527,Intersection,DANDENONG,Metro,4,0,3,1,1,0,0,No
2018,August,28/8/18,20.17.00,Collision with vehicle,Tuesday,No,Dark,Serious injury accident,60 km/hr,144.94653,-37.84101,Intersection,PORT PHILLIP,Metro,3,0,2,1,1,0,0,No
2018,August,28/8/18,09.00.00,Collision with vehicle,Monday,No,Day,Other injury accident,60 km/hr,144.92384,-37.83135,Non-Intersection,PORT PHILLIP,Metro,2,0,1,1,0,0,0,No
2018,August,28/8/18,11.10.00,Collision with vehicle,Tuesday,No,Day,Other injury accident,60 km/hr,144.92886,-37.66456,Non-Intersection,HUME,Metro,2,0,1,1,0,0,0,No
2018,August,28/8/18,10.45.00,Collision with object,Monday,No,Day,Other injury accident,40 km/hr,144.99042,-37.54482,Non-Intersection,WHITTLESEA,Metro,1,0,1,0,0,1,0,No
2018,August,28/8/18,11.45.00,Collision with vehicle,Tuesday,No,Day,Other injury accident,60 km/hr,144.96869,-37.74153,Intersection,MORELAND,Metro,4,0,1,3,2,0,1,No
2018,August,28/8/18,07.45.00,Struck animal,Monday,No,Day,Other injury accident,100 km/hr,144.06747,-38.26136,Non-Intersection,SURF COAST,Country,2,0,0,2,0,0,0,No
2018,August,28/8/18,11.00.00,Collision with vehicle,Tuesday,No,Day,Other injury accident,70 km/hr,144.939,-37.81072,Intersection,MELBOURNE,Metro,2,0,2,0,0,0,1,No
2018,August,28/8/18,15.05.00,Collision with vehicle,Monday,No,Day,Other injury accident,40 km/hr,144.96419,-37.73129,Non-Intersection,MORELAND,Metro,2,0,1,1,0,0,1,No
2018,August,28/8/18,14.50.00,Struck pedestrian,Monday,No,Day,Serious injury accident,40 km/hr,145.0027,-37.73784,Non-Intersection,DAREBIN,Metro,2,0,0,2,0,0,0,No
2018,August,28/8/18,13.15.00,Collision with vehicle,Tuesday,No,Day,Other injury accident,70 km/hr,144.73387,-36.14051,Intersection,CAMPASPE,Country,3,0,2,1,1,0,0,No
2018,August,28/8/18,15.45.00,Collision with object,Monday,No,Day,Serious injury accident,100 km/hr,144.15153,-37.86711,Intersection,GOLDEN PLAINS,Country,1,0,0,1,0,0,1,No
2018,August,28/8/18,15.39.00,Collision with vehicle,Tuesday,No,Day,Other injury accident,40 km/hr,145.27557,-37.8761,Non-Intersection,KNOX,Metro,3,0,0,3,0,0,0,No
2018,August,28/8/18,15.50.00,Vehicle overturned,Monday,No,Day,Other injury accident,60 km/hr,144.89046,-37.79147,Non-Intersection,MARIBYRNONG,Metro,1,0,1,0,0,0,0,No
2018,August,28/8/18,17.26.00,Collision with vehicle,Tuesday,No,Dusk/Dawn,Other injury accident,60 km/hr,144.85825,-37.81757,Intersection,HOBSONS BAY,Metro,2,0,2,0,0,0,0,No
2018,August,28/8/18,17.55.00,Collision with vehicle,Tuesday,No,Day,Other injury accident,100 km/hr,144.66676,-37.56246,Intersection,MACEDON RANGES,Country,2,0,2,0,0,0,1,No
2018,August,28/8/18,16.30.00,Collision with object,Tuesday,No,Day,Other injury accident,60 km/hr,145.22434,-37.78124,Non-Intersection,MANNINGHAM,Metro,1,0,0,1,0,0,0,No
2018,August,28/8/18,18.25.00,No collision and no object struck,Monday,No,Dark,Serious injury accident,100 km/hr,142.44895,-37.91803,Non-Intersection,MOYNE,Country,1,0,1,0,0,0,0,No
2018,August,28/8/18,19.05.00,Collision with vehicle,Tuesday,No,Dark,Other injury accident,50 km/hr,145.24995,-37.99935,Non-Intersection,CASEY,Metro,3,0,2,1,1,0,1,No
2018,August,28/8/18,18.15.00,Collision with vehicle,Monday,No,Dusk/Dawn,Other injury accident,100 km/hr,145.03267,-37.79105,Non-Intersection,BOROONDARA,Metro,3,0,1,2,0,0,1,No
2018,August,28/8/18,15.50.00,Collision with vehicle,Tuesday,No,Day,Other injury accident,60 km/hr,145.56211,-38.26602,Intersection,CARDINIA,Metro,4,0,2,2,2,0,0,No
2018,August,28/8/18,18.50.00,Collision with vehicle,Tuesday,No,Dark,Other injury accident,70 km/hr,144.96138,-37.71072,Intersection,MORELAND,Metro,6,0,5,0,2,0,2,No
2018,August,28/8/18,21.00.00,Vehicle overturned,Tuesday,No,Dark,Other injury accident,70 km/hr,145.10888,-37.65186,Intersection,NILLUMBIK,Metro,1,0,0,1,0,0,0,No
2018,August,28/8/18,20.20.00,Collision with vehicle,Tuesday,Yes,Dark,Other injury accident,70 km/hr,144.78135,-37.69748,Intersection,BRIMBANK,Metro,3,0,1,2,1,0,0,No
2018,August,28/8/18,16.50.00,Collision with vehicle,Monday,No,Day,Other injury accident,80 km/hr,145.21703,-37.8323,Intersection,MAROONDAH,Metro,2,0,1,1,0,0,0,No
2018,August,28/8/18,13.00.00,No collision and no object struck,Tuesday,No,Day,Serious injury accident,40 km/hr,145.00281,-37.84036,Non-Intersection,STONNINGTON,Metro,1,0,1,0,0,0,0,No
2018,August,29/8/18,17.30.00,Struck pedestrian,Wednesday,No,Dusk/Dawn,Other injury accident,50 km/hr,144.70775,-37.83948,Off Road,WYNDHAM,Metro,2,0,2,0,0,0,0,No
2018,August,29/8/18,19.00.00,Struck pedestrian,Wednesday,No,Dark,Other injury accident,60 km/hr,144.96254,-37.82386,Intersection,MELBOURNE,Metro,2,0,0,1,0,0,0,No
2018,August,29/8/18,07.40.00,Collision with vehicle,Tuesday,No,Day,Other injury accident,70 km/hr,145.08082,-37.93245,Non-Intersection,KINGSTON,Metro,2,0,2,0,0,0,0,No
2018,August,29/8/18,08.15.00,Struck pedestrian,Wednesday,No,Day,Other injury accident,40 km/hr,144.96428,-37.81057,Intersection,MELBOURNE,Metro,2,0,2,0,0,0,0,No
2018,August,29/8/18,07.35.00,Collision with vehicle,Tuesday,No,Day,Other injury accident,50 km/hr,145.65851,-35.91308,Intersection,MOIRA,Country,2,0,0,2,0,0,1,No
2018,August,29/8/18,06.49.00,Collision with vehicle,Wednesday,No,Day,Other injury accident,60 km/hr,145.01208,-37.74619,Intersection,DAREBIN,Metro,3,0,2,1,0,0,0,No
2018,August,29/8/18,08.15.00,Struck pedestrian,Wednesday,No,Day,Other injury accident,40 km/hr,145.00001,-37.73757,Intersection,DAREBIN,Metro,2,0,1,1,0,0,0,No
2018,August,29/8/18,07.55.00,Collision with vehicle,Wednesday,No,Day,Other injury accident,50 km/hr,144.70604,-37.83598,Non-Intersection,WYNDHAM,Metro,2,0,2,0,0,0,1,No
2018,August,29/8/18,07.39.00,Collision with vehicle,Wednesday,No,Day,Serious injury accident,100 km/hr,145.22426,-38.15586,Non-Intersection,CASEY,Metro,2,0,2,0,0,0,0,No
2018,August,29/8/18,08.50.00,Collision with vehicle,Wednesday,No,Day,Other injury accident,40 km/hr,144.96089,-37.8093,Non-Intersection,MELBOURNE,Metro,2,0,1,1,0,0,0,No
2018,August,29/8/18,08.20.00,Collision with vehicle,Wednesday,No,Day,Other injury accident,80 km/hr,145.13462,-37.75526,Intersection,MANNINGHAM,Metro,3,0,0,3,1,0,1,No
2018,August,29/8/18,11.38.00,Collision with vehicle,Wednesday,No,Day,Other injury accident,60 km/hr,144.96002,-38.342,Intersection,MORNINGTON PENINSULA,Metro,3,0,2,1,1,0,2,No
2018,August,29/8/18,12.04.00,Collision with vehicle,Wednesday,No,Day,Other injury accident,40 km/hr,145.10424,-37.78841,Intersection,MANNINGHAM,Metro,3,0,2,1,1,0,1,No
2018,August,29/8/18,12.34.00,Collision with vehicle,Tuesday,No,Day,Other injury accident,60 km/hr,144.84985,-37.79118,Intersection,MARIBYRNONG,Metro,2,0,1,1,0,0,0,No
2018,August,29/8/18,10.20.00,Collision with vehicle,Wednesday,No,Day,Other injury accident,60 km/hr,145.12881,-37.87701,Non-Intersection,MONASH,Metro,2,0,1,1,0,0,1,No
2018,August,29/8/18,12.00.00,Collision with object,Tuesday,No,Day,Other injury accident,100 km/hr,144.51544,-37.23144,Non-Intersection,MACEDON RANGES,Country,1,0,0,1,0,0,0,No
2018,August,29/8/18,12.45.00,Vehicle overturned,Wednesday,No,Day,Serious injury accident,80 km/hr,142.29435,-35.08022,Non-Intersection,MILDURA,Country,1,0,1,0,0,0,0,No
2018,August,29/8/18,14.25.00,Collision with vehicle,Tuesday,No,Day,Other injury accident,40 km/hr,144.97163,-37.77193,Intersection,MORELAND,Metro,2,0,2,0,0,0,0,No
2018,August,29/8/18,13.45.00,Collision with object,Tuesday,No,Day,Other injury accident,80 km/hr,144.94757,-37.6204,Non-Intersection,HUME,Metro,1,0,1,0,0,0,0,No
2018,August,29/8/18,07.40.00,Struck pedestrian,Wednesday,Yes,Dusk/Dawn,Other injury accident,50 km/hr,144.9581,-37.83372,Intersection,PORT PHILLIP,Metro,2,0,0,1,0,0,0,No
2018,August,29/8/18,13.00.00,Collision with vehicle,Wednesday,No,Day,Other injury accident,60 km/hr,142.18654,-34.30364,Non-Intersection,MILDURA,Country,3,0,2,1,1,0,1,No
2018,August,29/8/18,16.50.00,Collision with object,Wednesday,No,Day,Serious injury accident,100 km/hr,146.68601,-36.13021,Non-Intersection,INDIGO,Country,1,0,1,0,0,0,1,No
2018,August,29/8/18,14.45.00,Struck pedestrian,Tuesday,No,Day,Other injury accident,40 km/hr,145.129,-37.87609,Intersection,MONASH,Metro,2,0,0,2,0,1,0,No
2018,August,29/8/18,18.50.00,Collision with vehicle,Wednesday,No,Day,Other injury accident,100 km/hr,144.96513,-37.69144,Non-Intersection,HUME,Metro,3,0,2,1,0,0,0,No
2018,August,29/8/18,18.47.00,Collision with vehicle,Wednesday,No,Dark,Other injury accident,60 km/hr,145.28505,-37.87255,Intersection,KNOX,Metro,3,0,2,1,1,0,1,No
2018,August,29/8/18,17.48.00,Collision with object,Tuesday,No,Dusk/Dawn,Other injury accident,60 km/hr,145.41504,-36.37237,Non-Intersection,SHEPPARTON,Country,2,0,1,1,1,0,0,No
2018,August,29/8/18,17.55.00,Collision with object,Tuesday,No,Dusk/Dawn,Serious injury accident,100 km/hr,143.70751,-37.50405,Non-Intersection,BALLARAT,Country,1,0,0,1,0,0,0,No
2018,August,29/8/18,19.30.00,Collision with vehicle,Tuesday,No,Dark,Other injury accident,60 km/hr,144.92642,-37.64027,Non-Intersection,HUME,Metro,3,0,2,1,0,0,2,No
2018,August,29/8/18,18.46.00,Collision with vehicle,Wednesday,No,Dark,Other injury accident,80 km/hr,142.18058,-34.24369,Intersection,MILDURA,Country,2,0,1,1,0,0,0,No
2018,August,29/8/18,16.15.00,Collision with vehicle,Wednesday,No,Day,Serious injury accident,80 km/hr,145.12241,-37.85077,Non-Intersection,WHITEHORSE,Metro,2,0,2,0,0,0,2,No
2018,August,29/8/18,15.02.00,Collision with vehicle,Wednesday,No,Day,Other injury accident,100 km/hr,144.36751,-36.77296,Intersection,BENDIGO,Country,2,0,0,2,0,0,0,No
2018,August,29/8/18,13.50.00,Collision with vehicle,Tuesday,No,Day,Other injury accident,60 km/hr,144.40899,-38.02369,Intersection,GEELONG,Country,4,0,2,2,2,1,0,No
2018,August,29/8/18,13.50.00,Collision with object,Wednesday,No,Day,Other injury accident,100 km/hr,143.31137,-35.01447,Non-Intersection,SWAN HILL,Country,1,0,1,0,0,0,0,No
2018,August,29/8/18,16.30.00,Vehicle overturned,Tuesday,No,Dusk/Dawn,Other injury accident,80 km/hr,147.32941,-36.14997,Non-Intersection,TOWONG,Country,1,0,1,0,0,0,0,No
2018,August,29/8/18,14.57.00,Collision with vehicle,Wednesday,No,Unk.,Serious injury accident,50 km/hr,144.73804,-37.90899,Non-Intersection,WYNDHAM,Metro,3,0,1,2,1,0,0,No
2018,August,29/8/18,11.35.00,Collision with vehicle,Tuesday,No,Day,Other injury accident,50 km/hr,144.94614,-37.80905,Intersection,MELBOURNE,Metro,2,0,2,0,0,0,0,No
2018,August,29/8/18,15.30.00,No collision and no object struck,Wednesday,No,Day,Serious injury accident,60 km/hr,145.11446,-37.92799,Intersection,KINGSTON,Metro,1,0,1,0,0,0,0,No
2018,August,30/8/18,00.20.00,Vehicle overturned,Thursday,No,Dark,Other injury accident,50 km/hr,144.85331,-37.7847,Non-Intersection,MARIBYRNONG,Metro,1,0,1,0,0,0,0,No
2018,August,30/8/18,06.53.00,Collision with vehicle,Thursday,No,Day,Other injury accident,50 km/hr,145.0217,-37.80317,Intersection,BOROONDARA,Metro,3,0,3,0,0,0,1,No
2018,August,30/8/18,17.30.00,Collision with vehicle,Wednesday,No,Day,Other injury accident,60 km/hr,145.07879,-37.73385,Non-Intersection,BANYULE,Metro,2,0,0,2,0,0,2,No
2018,August,30/8/18,08.53.00,Collision with vehicle,Thursday,No,Day,Other injury accident,80 km/hr,145.15592,-37.93246,Intersection,DANDENONG,Metro,3,0,2,1,0,0,0,No
2018,August,30/8/18,09.20.00,Collision with vehicle,Wednesday,No,Day,Other injury accident,80 km/hr,144.95242,-37.64937,Non-Intersection,HUME,Metro,4,0,3,1,0,0,1,No
2018,August,30/8/18,10.06.00,Collision with object,Wednesday,No,Day,Other injury accident,50 km/hr,144.36441,-38.07338,Off Road,GEELONG,Country,1,0,1,0,0,0,1,No
2018,August,30/8/18,09.15.00,Collision with vehicle,Thursday,No,Day,Other injury accident,100 km/hr,146.61931,-36.04532,Intersection,INDIGO,Country,3,0,2,1,1,0,0,No
2018,August,30/8/18,09.05.00,Collision with vehicle,Thursday,No,Day,Other injury accident,60 km/hr,144.92615,-37.75991,Intersection,MOONEE VALLEY,Metro,2,0,1,0,0,0,0,No
2018,August,30/8/18,11.00.00,Collision with vehicle,Wednesday,No,Day,Serious injury accident,40 km/hr,142.91578,-38.24168,Non-Intersection,CORANGAMITE,Country,2,0,1,1,0,1,0,No
2018,August,30/8/18,07.15.00,Collision with vehicle,Thursday,No,Day,Other injury accident,80 km/hr,145.15592,-37.93246,Intersection,DANDENONG,Metro,2,0,2,0,0,0,0,No
2018,August,30/8/18,13.30.00,Collision with vehicle,Thursday,No,Day,Serious injury accident,70 km/hr,144.70087,-37.8794,Non-Intersection,WYNDHAM,Metro,8,0,1,7,3,0,0,No
2018,August,30/8/18,12.23.00,Collision with vehicle,Thursday,No,Day,Serious injury accident,80 km/hr,145.16928,-37.85474,Intersection,WHITEHORSE,Metro,4,0,2,2,1,1,0,No
2018,August,30/8/18,14.15.00,Collision with object,Wednesday,No,Day,Serious injury accident,80 km/hr,142.91704,-37.26032,Non-Intersection,ARARAT,Country,2,0,2,0,1,0,0,No
2018,August,30/8/18,15.38.00,Collision with vehicle,Thursday,No,Day,Other injury accident,60 km/hr,144.56581,-37.68764,Intersection,MELTON,Metro,5,0,1,1,3,0,1,No
2018,August,30/8/18,14.43.00,Collision with vehicle,Thursday,No,Day,Other injury accident,80 km/hr,144.67668,-37.57586,Intersection,MELTON,Metro,3,0,2,1,1,0,0,No
2018,August,30/8/18,13.00.00,Collision with vehicle,Thursday,No,Day,Other injury accident,60 km/hr,144.99854,-37.88397,Non-Intersection,GLEN EIRA,Metro,3,0,2,1,1,1,1,No
2018,August,30/8/18,14.00.00,Collision with vehicle,Thursday,No,Day,Serious injury accident,60 km/hr,144.88347,-37.81282,Intersection,MARIBYRNONG,Metro,2,0,0,2,0,1,1,No
2018,August,30/8/18,17.00.00,Collision with vehicle,Thursday,No,Dusk/Dawn,Serious injury accident,80 km/hr,144.852,-37.7797,Intersection,MARIBYRNONG,Metro,2,0,2,0,0,0,0,No
2018,August,30/8/18,16.15.00,Collision with vehicle,Thursday,No,Day,Serious injury accident,60 km/hr,143.83147,-37.59617,Intersection,BALLARAT,Country,2,0,2,0,0,1,1,No
2018,August,30/8/18,14.42.00,Collision with vehicle,Thursday,No,Day,Serious injury accident,60 km/hr,145.07508,-37.73712,Intersection,BANYULE,Metro,2,0,1,1,0,0,0,No
2018,August,30/8/18,15.58.00,Collision with vehicle,Thursday,No,Day,Other injury accident,60 km/hr,144.92036,-37.57685,Intersection,HUME,Metro,2,0,0,2,0,0,0,No
2018,August,30/8/18,17.20.00,Collision with vehicle,Thursday,Not known,Dusk/Dawn,Other injury accident,60 km/hr,145.01653,-37.81998,Intersection,BOROONDARA,Metro,2,0,1,0,0,0,0,No
2018,August,30/8/18,15.36.00,Collision with vehicle,Thursday,No,Day,Serious injury accident,70 km/hr,144.34064,-38.20495,Intersection,GEELONG,Country,6,0,0,4,4,1,0,No
2018,August,30/8/18,16.31.00,Struck pedestrian,Wednesday,No,Day,Other injury accident,60 km/hr,144.96983,-37.74166,Non-Intersection,MORELAND,Metro,3,0,3,0,1,0,1,No
2018,August,30/8/18,20.41.00,Collision with vehicle,Thursday,No,Dark,Other injury accident,60 km/hr,144.9346,-37.77334,Non-Intersection,MOONEE VALLEY,Metro,2,0,2,0,0,0,0,No