year,month,date,time,accident_type,day,hit_run,light_condition,severity,speed_zone,longitude,latitude,node_type,lga,state_div,total_persons,fatality,males,females,passengers,old_driver,young_driver,alcohol
2018,August,30/8/18,22.26.00,Collision with vehicle,Thursday,No,Dark,Other injury accident,80 km/hr,144.86032,-37.82459,Non-Intersection,HOBSONS BAY,Metro,6,0,1,4,0,0,1,No
2018,August,30/8/18,17.39.00,Collision with object,Thursday,No,Day,Serious injury accident,80 km/hr,144.70634,-37.95511,Non-Intersection,WYNDHAM,Metro,2,0,1,1,1,0,0,No
2018,August,30/8/18,21.10.00,Collision with vehicle,Wednesday,No,Dark,Other injury accident,50 km/hr,144.10504,-37.62891,Non-Intersection,MOORABOOL,Country,1,0,1,0,0,0,0,No
2018,August,30/8/18,11.19.00,Collision with vehicle,Thursday,No,Day,Other injury accident,40 km/hr,144.9825,-37.80632,Non-Intersection,YARRA RANGES,Metro,2,0,2,0,0,0,0,No
2018,August,30/8/18,21.25.00,Fall from or in moving vehicle,Thursday,No,Dark,Serious injury accident,50 km/hr,142.92239,-38.23889,Off Road,CORANGAMITE,Country,2,0,2,0,0,0,0,No
2018,August,30/8/18,15.30.00,No collision and no object struck,Thursday,No,Day,Other injury accident,50 km/hr,146.2595,-38.17293,Intersection,LATROBE,Country,1,0,1,0,0,0,0,No
2018,August,30/8/18,18.25.00,Collision with vehicle,Wednesday,No,Dusk/Dawn,Other injury accident,80 km/hr,145.05917,-37.85972,Non-Intersection,STONNINGTON,Metro,2,0,0,2,0,0,1,No
2018,August,31/8/18,16.00.00,Collision with vehicle,Friday,No,Day,Other injury accident,80 km/hr,144.95236,-37.65107,Intersection,HUME,Metro,2,0,2,0,0,0,0,No
2018,August,31/8/18,15.30.00,Collision with vehicle,Friday,No,Day,Serious injury accident,80 km/hr,145.25523,-38.04708,Intersection,CASEY,Metro,2,0,1,1,0,0,0,No
2018,August,31/8/18,19.00.00,Collision with vehicle,Friday,Yes,Dark,Other injury accident,60 km/hr,143.54416,-35.34031,Intersection,SWAN HILL,Country,6,0,5,1,4,0,1,No
2018,August,31/8/18,18.50.00,Struck pedestrian,Friday,No,Dark,Other injury accident,60 km/hr,145.23103,-37.81464,Intersection,MAROONDAH,Metro,3,0,2,1,0,0,0,No
2018,August,31/8/18,19.30.00,Collision with vehicle,Friday,No,Dark,Other injury accident,80 km/hr,145.22875,-37.84791,Intersection,KNOX,Metro,3,0,3,0,0,0,1,No
2018,August,31/8/18,16.30.00,Collision with vehicle,Friday,No,Dusk/Dawn,Other injury accident,70 km/hr,145.13836,-37.90081,Intersection,MONASH,Metro,2,0,2,0,0,0,1,No
2018,August,31/8/18,18.15.00,Struck pedestrian,Friday,No,Dark,Serious injury accident,60 km/hr,145.01833,-37.86874,Intersection,GLEN EIRA,Metro,2,0,2,0,0,0,0,No
2018,August,31/8/18,16.53.00,Collision with vehicle,Friday,No,Dusk/Dawn,Other injury accident,50 km/hr,145.28963,-38.10243,Intersection,CASEY,Metro,2,0,1,1,0,0,1,No
2018,August,31/8/18,16.51.00,Collision with vehicle,Thursday,No,Day,Other injury accident,80 km/hr,145.28116,-38.09282,Intersection,CASEY,Metro,4,0,2,2,2,0,2,No
2018,August,31/8/18,23.38.00,Collision with vehicle,Friday,No,Dark,Other injury accident,60 km/hr,144.6889,-37.84469,Intersection,WYNDHAM,Metro,6,0,2,4,4,0,2,Yes
2018,August,31/8/18,19.20.00,Collision with vehicle,Friday,No,Dark,Other injury accident,60 km/hr,144.9606,-37.77612,Intersection,MORELAND,Metro,2,0,1,1,0,0,0,No
2018,August,31/8/18,23.38.00,Collision with vehicle,Friday,No,Dark,Other injury accident,60 km/hr,145.20362,-37.97527,Intersection,DANDENONG,Metro,3,0,1,2,1,0,1,Yes
2018,August,31/8/18,18.18.00,Collision with vehicle,Friday,No,Dark,Other injury accident,70 km/hr,144.95864,-37.69378,Non-Intersection,MORELAND,Metro,8,0,2,5,4,0,2,No
2018,August,31/8/18,11.00.00,Collision with object,Friday,No,Day,Other injury accident,60 km/hr,145.16246,-37.661,Non-Intersection,NILLUMBIK,Metro,1,0,1,0,0,0,1,No
2018,August,31/8/18,17.05.00,Collision with vehicle,Friday,No,Day,Other injury accident,60 km/hr,144.60342,-37.68995,Intersection,MELTON,Metro,2,0,1,1,0,0,1,No
2018,August,31/8/18,15.40.00,Collision with vehicle,Thursday,No,Day,Other injury accident,60 km/hr,144.56693,-37.69083,Non-Intersection,MELTON,Metro,4,0,0,4,0,0,1,No
2018,August,31/8/18,10.10.00,Collision with vehicle,Friday,No,Day,Serious injury accident,70 km/hr,145.28759,-37.826,Intersection,MAROONDAH,Metro,2,0,2,0,0,0,0,No
2018,August,31/8/18,17.20.00,Collision with vehicle,Friday,No,Dark,Other injury accident,60 km/hr,144.32907,-38.14461,Intersection,GEELONG,Country,3,0,2,1,0,0,0,No
2018,August,31/8/18,04.25.00,Collision with object,Friday,No,Dark,Other injury accident,70 km/hr,145.26228,-38.05963,Non-Intersection,CASEY,Metro,1,0,1,0,0,0,0,Yes
2018,August,31/8/18,08.00.00,Collision with vehicle,Friday,No,Day,Other injury accident,80 km/hr,145.08554,-37.68989,Non-Intersection,NILLUMBIK,Metro,5,0,4,1,1,0,1,No
2018,August,31/8/18,09.20.00,Collision with vehicle,Friday,No,Day,Other injury accident,80 km/hr,144.57636,-37.73222,Intersection,MELTON,Metro,6,0,1,2,0,0,1,No
2018,August,31/8/18,09.50.00,Collision with vehicle,Friday,No,Day,Other injury accident,60 km/hr,144.97035,-37.79247,Non-Intersection,MELBOURNE,Metro,2,0,2,0,0,0,0,No
2018,August,31/8/18,11.23.00,Collision with vehicle,Friday,No,Day,Other injury accident,60 km/hr,144.95938,-37.84248,Non-Intersection,PORT PHILLIP,Metro,2,0,1,1,0,0,1,No
2018,August,31/8/18,12.05.00,Collision with vehicle,Thursday,No,Day,Other injury accident,60 km/hr,144.78013,-37.70117,Non-Intersection,BRIMBANK,Metro,3,0,2,1,0,0,0,No
2018,August,31/8/18,09.30.00,Collision with vehicle,Thursday,No,Day,Serious injury accident,60 km/hr,145.24245,-38.06289,Intersection,CASEY,Metro,2,0,1,1,0,0,1,No
2018,August,31/8/18,10.12.00,Collision with vehicle,Friday,No,Day,Other injury accident,80 km/hr,145.30419,-38.04155,Intersection,CASEY,Metro,2,0,2,0,0,0,0,No
2018,August,31/8/18,12.04.00,Collision with vehicle,Friday,No,Day,Serious injury accident,60 km/hr,145.16604,-37.97711,Intersection,DANDENONG,Metro,5,0,1,2,3,0,0,No
2018,August,31/8/18,13.50.00,Collision with object,Friday,No,Day,Other injury accident,50 km/hr,145.15525,-37.84882,Non-Intersection,WHITEHORSE,Metro,1,0,1,0,0,0,0,No
2018,August,31/8/18,15.02.00,Collision with vehicle,Friday,No,Day,Other injury accident,80 km/hr,144.66124,-37.68313,Intersection,MELTON,Metro,4,0,3,1,2,0,1,No
2018,August,31/8/18,12.05.00,Collision with vehicle,Friday,No,Day,Other injury accident,60 km/hr,145.09381,-37.85022,Intersection,BOROONDARA,Metro,2,0,2,0,0,0,0,No
2018,August,31/8/18,16.00.00,Struck pedestrian,Friday,No,Day,Other injury accident,60 km/hr,144.96534,-37.73399,Intersection,MORELAND,Metro,3,0,1,2,0,0,1,No
2018,August,31/8/18,15.00.00,Collision with vehicle,Thursday,No,Day,Other injury accident,60 km/hr,145.02197,-37.8869,Intersection,GLEN EIRA,Metro,2,0,1,1,0,0,0,No
2018,September,1/9/18,08.48.00,Collision with vehicle,Friday,No,Day,Other injury accident,70 km/hr,144.74735,-37.83946,Non-Intersection,WYNDHAM,Metro,3,0,1,1,0,0,0,No
2018,September,1/9/18,00.30.00,Collision with vehicle,Saturday,No,Dark,Other injury accident,70 km/hr,145.14373,-37.78701,Intersection,MANNINGHAM,Metro,4,0,3,1,2,0,2,No
2018,September,1/9/18,09.27.00,Collision with vehicle,Saturday,No,Day,Other injury accident,50 km/hr,145.01059,-37.94498,Intersection,BAYSIDE,Metro,2,0,2,0,0,0,0,No
2018,September,1/9/18,10.30.00,Collision with vehicle,Saturday,No,Day,Other injury accident,80 km/hr,144.31833,-38.02546,Non-Intersection,GEELONG,Country,2,0,1,1,0,0,0,No
2018,September,1/9/18,10.49.00,Collision with vehicle,Saturday,No,Day,Other injury accident,60 km/hr,144.98916,-37.74381,Intersection,DAREBIN,Metro,4,0,3,1,2,0,1,No
2018,September,1/9/18,11.30.00,Collision with vehicle,Saturday,No,Day,Other injury accident,60 km/hr,144.37442,-38.08609,Intersection,GEELONG,Country,2,0,1,1,0,0,0,No
2018,September,1/9/18,11.05.00,Collision with vehicle,Saturday,No,Day,Other injury accident,70 km/hr,144.85662,-37.78007,Non-Intersection,MARIBYRNONG,Metro,6,0,2,3,3,1,0,No
2018,September,1/9/18,13.13.00,No collision and no object struck,Saturday,No,Day,Other injury accident,40 km/hr,144.96203,-37.81791,Intersection,MELBOURNE,Metro,1,0,0,1,0,0,0,No
2018,September,1/9/18,12.50.00,Collision with vehicle,Friday,No,Day,Other injury accident,60 km/hr,144.94623,-37.749,Non-Intersection,MORELAND,Metro,2,0,1,1,0,0,0,No
2018,September,1/9/18,13.45.00,Collision with object,Saturday,No,Day,Other injury accident,60 km/hr,145.07621,-37.80258,Intersection,BOROONDARA,Metro,4,0,3,1,3,0,0,No
2018,September,1/9/18,14.39.00,Collision with vehicle,Friday,No,Day,Other injury accident,100 km/hr,144.96572,-37.69138,Non-Intersection,HUME,Metro,3,0,1,2,1,0,0,No
2018,September,1/9/18,12.55.00,Collision with vehicle,Saturday,No,Day,Other injury accident,60 km/hr,145.11849,-37.75809,Non-Intersection,MANNINGHAM,Metro,1,0,0,1,0,0,1,No
2018,September,1/9/18,14.00.00,Collision with vehicle,Saturday,No,Day,Other injury accident,60 km/hr,144.90526,-37.59302,Intersection,HUME,Metro,5,0,2,3,3,0,0,No
2018,September,1/9/18,10.27.00,Collision with vehicle,Saturday,Yes,Day,Other injury accident,40 km/hr,144.9629,-37.80666,Intersection,MELBOURNE,Metro,2,0,1,0,0,0,0,No
2018,September,1/9/18,15.00.00,No collision and no object struck,Friday,No,Day,Other injury accident,100 km/hr,145.03182,-36.05257,Intersection,MOIRA,Country,2,0,1,0,0,0,0,No
2018,September,1/9/18,15.30.00,Collision with vehicle,Saturday,No,Day,Serious injury accident,100 km/hr,142.38029,-38.32813,Non-Intersection,MOYNE,Country,3,0,2,1,1,0,1,No
2018,September,1/9/18,14.15.00,Collision with vehicle,Saturday,No,Day,Other injury accident,70 km/hr,145.16626,-38.11377,Non-Intersection,FRANKSTON,Metro,3,0,2,1,1,0,1,No
2018,September,1/9/18,16.15.00,Collision with vehicle,Friday,No,Day,Other injury accident,60 km/hr,145.09922,-37.85063,Intersection,WHITEHORSE,Metro,2,0,0,2,0,0,1,No
2018,September,1/9/18,16.50.00,Struck pedestrian,Friday,No,Day,Other injury accident,70 km/hr,145.16537,-37.83389,Intersection,WHITEHORSE,Metro,2,0,1,1,0,0,1,No
2018,September,1/9/18,16.30.00,Collision with object,Friday,No,Day,Serious injury accident,100 km/hr,146.69378,-36.32787,Non-Intersection,INDIGO,Country,2,0,1,1,1,0,0,No
2018,September,1/9/18,17.57.00,Collision with vehicle,Saturday,No,Day,Other injury accident,80 km/hr,145.28759,-37.826,Intersection,MAROONDAH,Metro,3,0,2,1,1,0,0,No
2018,September,1/9/18,16.11.00,Collision with object,Saturday,No,Day,Serious injury accident,60 km/hr,145.27672,-37.78904,Non-Intersection,MAROONDAH,Metro,1,0,1,0,0,0,0,Yes
2018,September,1/9/18,18.30.00,Collision with vehicle,Saturday,No,Dark,Other injury accident,70 km/hr,144.34359,-38.18858,Intersection,GEELONG,Country,3,0,1,2,1,0,0,No
2018,September,1/9/18,19.27.00,Struck pedestrian,Saturday,No,Dark,Serious injury accident,60 km/hr,144.998,-37.87692,Intersection,GLEN EIRA,Metro,2,0,1,1,0,0,1,No
2018,September,1/9/18,19.01.00,Collision with vehicle,Saturday,No,Dark,Other injury accident,50 km/hr,144.95716,-37.72188,Non-Intersection,MORELAND,Metro,1,0,1,0,0,0,0,Yes
2018,September,1/9/18,15.15.00,Collision with object,Saturday,No,Day,Serious injury accident,100 km/hr,147.26702,-37.49609,Non-Intersection,WELLINGTON,Country,1,0,1,0,0,0,0,No
2018,September,1/9/18,21.40.00,Struck pedestrian,Saturday,No,Dark,Other injury accident,60 km/hr,145.02529,-37.8696,Intersection,GLEN EIRA,Metro,2,0,1,1,0,0,0,No
2018,September,1/9/18,02.45.00,Collision with vehicle,Saturday,No,Dark,Serious injury accident,100 km/hr,145.22036,-37.95616,Non-Intersection,DANDENONG,Metro,3,0,3,0,1,0,0,No
2018,September,1/9/18,15.45.00,Collision with vehicle,Friday,No,Day,Other injury accident,60 km/hr,145.03852,-37.7142,Non-Intersection,DAREBIN,Metro,1,0,1,0,0,0,1,No
2018,September,1/9/18,07.05.00,Collision with vehicle,Friday,No,Day,Other injury accident,60 km/hr,145.44993,-37.92578,Non-Intersection,CARDINIA,Metro,2,0,2,0,0,0,0,No
2018,September,1/9/18,10.20.00,Collision with vehicle,Saturday,No,Day,Other injury accident,100 km/hr,144.89568,-38.39824,Non-Intersection,MORNINGTON PENINSULA,Metro,2,0,2,0,0,0,0,No
2018,September,1/9/18,12.20.00,Collision with vehicle,Friday,No,Day,Other injury accident,50 km/hr,144.97987,-37.87418,Intersection,PORT PHILLIP,Metro,2,0,1,1,0,0,0,No
2018,September,2/9/18,01.00.00,Collision with vehicle,Sunday,No,Dark,Other injury accident,60 km/hr,144.71011,-37.57846,Intersection,HUME,Metro,9,0,7,2,7,0,0,No
2018,September,2/9/18,03.50.00,Collision with vehicle,Sunday,Yes,Dark,Other injury accident,50 km/hr,145.29126,-37.78934,Non-Intersection,MAROONDAH,Metro,1,0,1,0,0,0,0,Yes
2018,September,2/9/18,04.41.00,Collision with object,,No,Dark,Other injury accident,100 km/hr,142.29,-37.90039,Non-Intersection,SOUTHERN GRAMPIANS,Country,2,0,1,0,0,0,0,No
2018,September,2/9/18,07.30.00,Collision with object,Sunday,No,Day,Serious injury accident,100 km/hr,143.95603,-36.39871,Non-Intersection,LODDON,Country,1,0,1,0,0,0,1,Yes
2018,September,2/9/18,10.22.00,Struck pedestrian,Sunday,No,Day,Serious injury accident,60 km/hr,144.85186,-37.839,Non-Intersection,HOBSONS BAY,Metro,2,0,1,1,0,1,0,No
2018,September,2/9/18,06.00.00,Collision with vehicle,Sunday,No,Dark,Other injury accident,50 km/hr,144.93806,-37.66426,Non-Intersection,HUME,Metro,1,0,1,0,0,0,1,No
2018,September,2/9/18,08.10.00,Collision with vehicle,Sunday,No,Day,Other injury accident,60 km/hr,144.87039,-37.78175,Intersection,MARIBYRNONG,Metro,2,0,1,1,0,0,0,No
2018,September,2/9/18,10.30.00,Collision with object,Sunday,No,Day,Serious injury accident,100 km/hr,145.46652,-36.84634,Non-Intersection,STRATHBOGIE,Country,1,0,0,1,0,0,1,No
2018,September,2/9/18,12.16.00,Struck pedestrian,Sunday,No,Day,Serious injury accident,50 km/hr,144.33174,-38.13085,Intersection,GEELONG,Country,2,0,1,1,0,0,0,No
2018,September,2/9/18,11.40.00,Collision with vehicle,,No,Day,Other injury accident,60 km/hr,145.27595,-38.02942,Intersection,CASEY,Metro,3,0,1,2,1,0,1,No
2018,September,2/9/18,10.55.00,Collision with object,Sunday,No,Day,Other injury accident,50 km/hr,144.93092,-37.63832,Intersection,HUME,Metro,1,0,0,1,0,0,1,No
2018,September,2/9/18,12.28.00,Collision with vehicle,,No,Day,Other injury accident,70 km/hr,144.35119,-38.15585,Non-Intersection,GEELONG,Country,2,0,1,1,0,0,1,No
2018,September,2/9/18,13.15.00,Collision with vehicle,Sunday,No,Day,Other injury accident,100 km/hr,145.88543,-38.18604,Intersection,BAW BAW,Country,3,0,1,2,0,0,0,No
2018,September,2/9/18,10.45.00,Collision with vehicle,,No,Day,Other injury accident,50 km/hr,145.03298,-37.63712,Non-Intersection,WHITTLESEA,Metro,2,0,0,2,0,0,1,No
2018,September,2/9/18,16.50.00,Collision with vehicle,,No,Day,Other injury accident,80 km/hr,145.23698,-37.81096,Non-Intersection,MAROONDAH,Metro,8,0,4,3,4,0,0,No
2018,September,2/9/18,13.45.00,Collision with vehicle,Sunday,No,Day,Other injury accident,60 km/hr,144.29225,-36.76682,Intersection,BENDIGO,Country,2,0,2,0,0,1,0,No
2018,September,2/9/18,15.22.00,Collision with object,Sunday,No,Day,Serious injury accident,100 km/hr,143.88544,-35.71644,Non-Intersection,GANNAWARRA,Country,1,0,1,0,0,0,0,No
2018,September,2/9/18,18.50.00,Collision with vehicle,Sunday,No,Dark,Other injury accident,50 km/hr,144.33828,-38.17223,Non-Intersection,GEELONG,Country,1,0,1,0,0,1,0,No
2018,September,2/9/18,19.45.00,Collision with vehicle,Sunday,No,Dark,Other injury accident,60 km/hr,144.89946,-37.80402,Intersection,MARIBYRNONG,Metro,2,0,2,0,0,0,0,No
2018,September,2/9/18,19.08.00,Collision with vehicle,Sunday,No,Dark,Other injury accident,60 km/hr,144.97949,-37.86189,Non-Intersection,PORT PHILLIP,Metro,1,0,1,0,0,0,0,Yes
2018,September,2/9/18,21.30.00,Vehicle overturned,Sunday,No,Dark,Other injury accident,50 km/hr,144.8426,-37.76612,Non-Intersection,BRIMBANK,Metro,1,0,1,0,0,0,0,No
2018,September,2/9/18,20.12.00,Collision with object,Sunday,No,Dark,Serious injury accident,60 km/hr,144.90006,-37.80732,Non-Intersection,MARIBYRNONG,Metro,1,0,1,0,0,0,0,Yes
2018,September,2/9/18,18.40.00,Struck pedestrian,Sunday,No,Dark,Serious injury accident,60 km/hr,144.97022,-37.76631,Non-Intersection,MORELAND,Metro,3,0,2,1,0,0,1,No
2018,September,2/9/18,17.50.00,Collision with vehicle,Sunday,No,Day,Other injury accident,60 km/hr,144.65656,-37.90529,Intersection,WYNDHAM,Metro,3,0,2,1,1,0,0,No
2018,September,2/9/18,12.55.00,Collision with object,Sunday,No,Day,Other injury accident,60 km/hr,145.21054,-37.96952,Non-Intersection,DANDENONG,Metro,1,0,1,0,0,0,0,No
2018,September,2/9/18,15.30.00,Collision with vehicle,,No,Day,Serious injury accident,100 km/hr,144.24972,-38.35479,Non-Intersection,SURF COAST,Country,3,0,1,1,0,0,0,No
2018,September,2/9/18,07.37.00,Collision with object,Sunday,No,Day,Serious injury accident,50 km/hr,145.16317,-37.97533,Non-Intersection,DANDENONG,Metro,1,0,1,0,0,0,1,Yes
2018,September,2/9/18,19.36.00,Collision with vehicle,Sunday,No,Dark,Other injury accident,80 km/hr,144.69827,-37.78989,Non-Intersection,MELTON,Metro,2,0,1,1,0,0,1,No
2018,September,2/9/18,02.43.00,Struck pedestrian,Sunday,Yes,Dark,Serious injury accident,50 km/hr,144.9854,-37.7954,Non-Intersection,YARRA RANGES,Metro,5,0,5,0,1,0,1,No
2018,September,2/9/18,11.30.00,Vehicle overturned,,No,Day,Other injury accident,60 km/hr,146.68852,-36.34771,Non-Intersection,INDIGO,Country,1,0,1,0,0,0,0,No
2018,September,3/9/18,00.01.00,Collision with object,Monday,No,Dark,Other injury accident,60 km/hr,144.22948,-36.78192,Non-Intersection,BENDIGO,Country,1,0,1,0,0,0,0,No
2018,September,3/9/18,05.48.00,Collision with vehicle,Monday,No,Dark,Other injury accident,40 km/hr,145.03242,-37.63825,Intersection,WHITTLESEA,Metro,2,0,2,0,0,0,0,No
2018,September,3/9/18,08.50.00,Collision with vehicle,Monday,No,Day,Other injury accident,60 km/hr,142.4652,-38.36005,Non-Intersection,WARRNAMBOOL,Country,2,0,2,0,0,0,1,No
2018,September,3/9/18,08.18.00,Collision with vehicle,Monday,No,Day,Serious injury accident,80 km/hr,144.40442,-38.26569,Intersection,GEELONG,Country,2,0,0,2,0,0,0,No
2018,September,3/9/18,09.00.00,Collision with object,Sunday,No,Day,Other injury accident,60 km/hr,145.05838,-37.74439,Non-Intersection,BANYULE,Metro,1,0,1,0,0,0,1,No
2018,September,3/9/18,09.25.00,Collision with vehicle,Monday,No,Day,Other injury accident,60 km/hr,145.06069,-37.81037,Intersection,BOROONDARA,Metro,2,0,1,1,0,1,0,No
2018,September,3/9/18,08.58.00,Collision with vehicle,Sunday,No,Day,Other injury accident,50 km/hr,144.8532,-37.67064,Intersection,HUME,Metro,3,0,2,1,1,0,2,No
2018,September,3/9/18,11.54.00,Collision with vehicle,Monday,No,Day,Other injury accident,80 km/hr,145.02655,-37.92474,Intersection,GLEN EIRA,Metro,3,0,2,1,0,0,0,No
2018,September,3/9/18,11.00.00,Collision with vehicle,Monday,No,Day,Other injury accident,50 km/hr,147.63139,-37.82423,Non-Intersection,EAST GIPPSLAND,Country,2,0,2,0,0,2,0,No
2018,September,3/9/18,12.26.00,Struck pedestrian,Monday,No,Day,Fatal accident,50 km/hr,146.25119,-38.17898,Non-Intersection,LATROBE,Country,2,1,2,0,0,0,0,No
2018,September,3/9/18,15.05.00,Struck pedestrian,Monday,No,Day,Other injury accident,40 km/hr,144.94981,-37.82032,Non-Intersection,MELBOURNE,Metro,2,0,1,0,0,0,0,No
2018,September,3/9/18,10.10.00,Collision with object,Monday,No,Day,Other injury accident,80 km/hr,143.72087,-38.67251,Non-Intersection,COLAC OTWAY,Country,13,0,12,0,12,0,0,No
2018,September,3/9/18,15.10.00,Collision with object,Monday,No,Day,Other injury accident,60 km/hr,144.32396,-36.69005,Non-Intersection,BENDIGO,Country,1,0,0,1,0,0,1,No
2018,September,3/9/18,13.15.00,Collision with vehicle,Monday,No,Day,Other injury accident,60 km/hr,145.49286,-38.07081,Intersection,CARDINIA,Metro,2,0,0,2,0,1,0,No
2018,September,3/9/18,16.10.00,Collision with vehicle,Monday,No,Day,Other injury accident,100 km/hr,144.36751,-36.77296,Intersection,BENDIGO,Country,2,0,1,1,0,0,0,No
2018,September,3/9/18,18.20.00,Collision with vehicle,Monday,No,Dusk/Dawn,Other injury accident,60 km/hr,144.29191,-36.7573,Intersection,BENDIGO,Country,3,0,1,2,1,0,1,No
2018,September,3/9/18,17.21.00,Collision with vehicle,Monday,No,Day,Other injury accident,110 km/hr,144.22999,-37.5898,Non-Intersection,MOORABOOL,Country,3,0,1,2,1,0,1,No
2018,September,3/9/18,15.20.00,Collision with object,Monday,No,Day,Serious injury accident,40 km/hr,145.08651,-37.765,Non-Intersection,MANNINGHAM,Metro,1,0,1,0,0,0,0,No
2018,September,3/9/18,13.55.00,Collision with vehicle,Monday,No,Day,Serious injury accident,100 km/hr,143.10393,-36.05603,Intersection,BULOKE,Country,4,0,2,2,2,0,0,No
2018,September,3/9/18,17.30.00,Collision with vehicle,Monday,No,Day,Other injury accident,50 km/hr,142.16076,-34.18645,Intersection,MILDURA,Country,4,0,3,1,2,0,0,No
2018,September,3/9/18,19.49.00,Collision with vehicle,Monday,No,Dark,Other injury accident,80 km/hr,144.83125,-37.71255,Non-Intersection,BRIMBANK,Metro,3,0,2,1,0,0,0,No
2018,September,3/9/18,20.14.00,Collision with vehicle,Monday,No,Dark,Other injury accident,60 km/hr,144.88096,-37.82599,Intersection,HOBSONS BAY,Metro,2,0,1,1,0,0,0,No
2018,September,3/9/18,04.20.00,Collision with vehicle,Monday,No,Dark,Other injury accident,60 km/hr,144.71011,-37.57846,Intersection,HUME,Metro,3,0,2,1,1,0,0,No
2018,September,3/9/18,03.30.00,Struck animal,Monday,No,Dark,Other injury accident,100 km/hr,142.42176,-38.34395,Non-Intersection,MOYNE,Country,1,0,1,0,0,0,0,No
2018,September,3/9/18,17.10.00,Collision with vehicle,Monday,No,Day,Other injury accident,80 km/hr,144.99466,-37.64878,Intersection,WHITTLESEA,Metro,2,0,0,2,0,0,0,No
2018,September,3/9/18,19.41.00,Collision with vehicle,Sunday,No,Dark,Other injury accident,80 km/hr,144.74198,-37.75714,Non-Intersection,MELTON,Metro,2,0,0,2,0,0,0,No
2018,September,3/9/18,06.50.00,Collision with vehicle,Monday,No,Day,Other injury accident,70 km/hr,145.06176,-37.90667,Intersection,GLEN EIRA,Metro,3,0,1,2,0,0,0,No
2018,September,3/9/18,17.00.00,No collision and no object struck,Monday,No,Day,Other injury accident,40 km/hr,144.96537,-37.78262,Intersection,YARRA RANGES,Metro,1,0,1,0,0,0,0,No
2018,September,3/9/18,16.00.00,No collision and no object struck,Monday,No,Day,Other injury accident,50 km/hr,145.08381,-38.2104,Intersection,MORNINGTON PENINSULA,Metro,1,0,1,0,0,0,0,No
2018,September,4/9/18,08.06.00,Collision with object,Monday,No,Day,Other injury accident,80 km/hr,144.84295,-37.82506,Non-Intersection,HOBSONS BAY,Metro,1,0,1,0,0,0,0,No
2018,September,4/9/18,08.54.00,Collision with vehicle,Tuesday,No,Day,Other injury accident,50 km/hr,144.753,-36.13733,Non-Intersection,CAMPASPE,Country,1,0,0,1,0,0,0,No
2018,September,4/9/18,08.30.00,Struck pedestrian,Tuesday,No,Day,Serious injury accident,80 km/hr,145.13044,-37.9149,Non-Intersection,MONASH,Metro,3,0,1,0,0,0,0,No
2018,September,4/9/18,05.50.00,Collision with object,Tuesday,No,Dark,Fatal accident,80 km/hr,144.74051,-37.32339,Non-Intersection,MACEDON RANGES,Country,1,1,1,0,0,0,0,No
2018,September,4/9/18,10.10.00,Collision with vehicle,Tuesday,No,Day,Other injury accident,50 km/hr,145.06948,-37.93314,Intersection,GLEN EIRA,Metro,2,0,1,1,0,0,0,No
2018,September,4/9/18,10.10.00,Struck pedestrian,Tuesday,No,Day,Serious injury accident,60 km/hr,145.28347,-38.10949,Intersection,CASEY,Metro,2,0,2,0,0,1,0,No
2018,September,4/9/18,08.00.00,Collision with vehicle,Tuesday,No,Day,Other injury accident,60 km/hr,145.19531,-37.83582,Non-Intersection,WHITEHORSE,Metro,2,0,2,0,0,0,0,No
2018,September,4/9/18,11.00.00,Collision with vehicle,Tuesday,No,Day,Other injury accident,60 km/hr,144.3339,-38.09849,Intersection,GEELONG,Country,3,0,0,3,1,1,0,No
2018,September,4/9/18,11.45.00,Collision with vehicle,Tuesday,No,Day,Other injury accident,60 km/hr,145.13745,-37.73311,Intersection,BANYULE,Metro,2,0,1,1,0,0,0,No
2018,September,4/9/18,07.00.00,Collision with vehicle,Tuesday,No,Dusk/Dawn,Serious injury accident,50 km/hr,145.15796,-37.95475,Intersection,DANDENONG,Metro,2,0,1,1,0,0,1,No
2018,September,4/9/18,12.45.00,Collision with vehicle,Monday,No,Day,Other injury accident,80 km/hr,145.31623,-37.75845,Intersection,YARRA RANGES,Metro,3,0,2,1,1,0,0,No
2018,September,4/9/18,14.15.00,Collision with vehicle,Tuesday,No,Day,Other injury accident,60 km/hr,145.28173,-37.86221,Non-Intersection,KNOX,Metro,3,0,2,1,0,0,0,No
2018,September,4/9/18,15.20.00,Struck pedestrian,Tuesday,No,Day,Serious injury accident,60 km/hr,144.97585,-37.7355,Non-Intersection,MORELAND,Metro,3,0,3,0,0,0,0,No
2018,September,4/9/18,11.15.00,Collision with object,Tuesday,No,Day,Fatal accident,100 km/hr,146.60323,-36.38146,Non-Intersection,WANGARATTA,Country,2,1,1,1,1,1,0,No
2018,September,4/9/18,15.15.00,Collision with vehicle,Tuesday,No,Day,Other injury accident,80 km/hr,145.24222,-37.87111,Non-Intersection,KNOX,Metro,4,0,2,2,0,0,0,No