year,month,date,time,accident_type,day,hit_run,light_condition,severity,speed_zone,longitude,latitude,node_type,lga,state_div,total_persons,fatality,males,females,passengers,old_driver,young_driver,alcohol
2018,September,4/9/18,17.30.00,Collision with vehicle,Tuesday,No,Dusk/Dawn,Other injury accident,60 km/hr,144.94672,-37.64286,Intersection,HUME,Metro,2,0,2,0,0,0,0,No
2018,September,4/9/18,15.30.00,Collision with vehicle,Tuesday,No,Day,Other injury accident,60 km/hr,145.02737,-37.68953,Intersection,WHITTLESEA,Metro,2,0,2,0,0,0,0,No
2018,September,4/9/18,17.30.00,Struck pedestrian,Tuesday,No,Day,Other injury accident,40 km/hr,144.90618,-37.74293,Non-Intersection,MOONEE VALLEY,Metro,3,0,2,0,0,0,0,No
2018,September,4/9/18,15.30.00,Collision with vehicle,Tuesday,No,Day,Other injury accident,50 km/hr,143.34644,-36.26125,Non-Intersection,BULOKE,Country,1,0,1,0,0,1,0,No
2018,September,4/9/18,17.25.00,Collision with vehicle,Tuesday,No,Day,Serious injury accident,60 km/hr,144.34877,-38.08302,Intersection,GEELONG,Country,6,0,1,5,3,0,1,No
2018,September,4/9/18,19.20.00,No collision and no object struck,Tuesday,No,Dark,Serious injury accident,60 km/hr,145.08705,-37.70285,Non-Intersection,BANYULE,Metro,1,0,1,0,0,0,0,No
2018,September,4/9/18,17.30.00,Struck pedestrian,Tuesday,No,Day,Serious injury accident,60 km/hr,145.11068,-37.87351,Intersection,MONASH,Metro,2,0,2,0,0,0,0,No
2018,September,4/9/18,14.05.00,Collision with vehicle,Tuesday,No,Day,Serious injury accident,60 km/hr,145.11946,-38.06291,Non-Intersection,KINGSTON,Metro,2,0,1,1,0,0,1,No
2018,September,4/9/18,20.23.00,Collision with vehicle,Tuesday,No,Dark,Other injury accident,60 km/hr,144.99921,-37.78587,Intersection,YARRA RANGES,Metro,3,0,1,2,1,0,1,No
2018,September,4/9/18,16.10.00,Collision with vehicle,Monday,No,Day,Other injury accident,80 km/hr,145.30123,-38.17854,Non-Intersection,CASEY,Metro,2,0,2,0,0,0,0,No
2018,September,4/9/18,12.00.00,Collision with vehicle,Tuesday,No,Day,Other injury accident,50 km/hr,147.61744,-37.8234,Non-Intersection,EAST GIPPSLAND,Country,2,0,1,1,0,0,0,No
2018,September,4/9/18,17.30.00,Collision with vehicle,Monday,No,Day,Other injury accident,50 km/hr,144.96452,-37.80595,Intersection,MELBOURNE,Metro,2,0,2,0,0,0,0,No
2018,September,5/9/18,00.32.00,No collision and no object struck,Wednesday,No,Dark,Other injury accident,40 km/hr,144.28156,-36.75033,Non-Intersection,BENDIGO,Country,1,0,1,0,0,0,0,No
2018,September,5/9/18,09.10.00,Collision with vehicle,Tuesday,No,Day,Other injury accident,60 km/hr,145.10131,-37.98565,Non-Intersection,KINGSTON,Metro,3,0,2,1,0,0,0,No
2018,September,5/9/18,16.00.00,Collision with vehicle,Wednesday,No,Day,Other injury accident,40 km/hr,145.07077,-37.79513,Non-Intersection,BOROONDARA,Metro,3,0,2,1,1,0,0,No
2018,September,5/9/18,08.20.00,Collision with vehicle,Tuesday,No,Day,Other injury accident,80 km/hr,145.23263,-38.01595,Non-Intersection,DANDENONG,Metro,8,0,3,5,2,0,1,No
2018,September,5/9/18,07.15.00,Collision with object,Wednesday,No,Day,Serious injury accident,100 km/hr,145.54756,-38.27175,Non-Intersection,CARDINIA,Metro,1,0,1,0,0,0,0,No
2018,September,5/9/18,07.56.00,Collision with vehicle,Wednesday,No,Day,Serious injury accident,70 km/hr,145.16196,-37.78916,Intersection,MANNINGHAM,Metro,3,0,2,1,0,0,1,No
2018,September,5/9/18,09.00.00,Struck pedestrian,Wednesday,No,Day,Other injury accident,50 km/hr,143.73907,-37.04584,Intersection,CENTRAL GOLDFIELDS,Country,2,0,1,1,0,0,0,No
2018,September,5/9/18,08.30.00,Collision with vehicle,Tuesday,No,Day,Other injury accident,90 km/hr,145.24355,-38.05584,Non-Intersection,DANDENONG,Metro,3,0,0,3,1,0,0,No
2018,September,5/9/18,12.20.00,Struck pedestrian,Tuesday,No,Day,Other injury accident,60 km/hr,145.07857,-37.94457,Intersection,KINGSTON,Metro,2,0,1,1,0,0,0,No
2018,September,5/9/18,10.06.00,Fall from or in moving vehicle,Wednesday,No,Day,Other injury accident,50 km/hr,144.37075,-38.15612,Non-Intersection,GEELONG,Country,2,0,0,2,1,0,0,No
2018,September,5/9/18,11.40.00,Collision with vehicle,Wednesday,No,Day,Other injury accident,60 km/hr,144.91607,-37.75278,Intersection,MOONEE VALLEY,Metro,2,0,0,2,0,0,0,No
2018,September,5/9/18,10.55.00,Struck pedestrian,Wednesday,No,Day,Serious injury accident,60 km/hr,145.04246,-37.94881,Intersection,KINGSTON,Metro,2,0,2,0,0,0,0,No
2018,September,5/9/18,12.30.00,Collision with vehicle,Wednesday,No,Day,Other injury accident,80 km/hr,145.33845,-38.05993,Intersection,CASEY,Metro,2,0,1,1,0,0,0,No
2018,September,5/9/18,06.43.00,Collision with vehicle,Wednesday,No,Day,Other injury accident,60 km/hr,145.02344,-37.91537,Non-Intersection,BAYSIDE,Metro,1,0,1,0,0,0,1,No
2018,September,5/9/18,12.00.00,Collision with object,Wednesday,No,Day,Other injury accident,60 km/hr,145.18214,-37.99309,Non-Intersection,DANDENONG,Metro,1,0,0,1,0,0,0,No
2018,September,5/9/18,13.00.00,Vehicle overturned,Wednesday,No,Day,Serious injury accident,100 km/hr,144.61967,-37.24966,Non-Intersection,MACEDON RANGES,Country,1,0,1,0,0,0,0,No
2018,September,5/9/18,07.20.00,Collision with vehicle,Tuesday,No,Day,Other injury accident,100 km/hr,144.9918,-37.64293,Non-Intersection,WHITTLESEA,Metro,3,0,2,1,0,0,0,No
2018,September,5/9/18,16.30.00,Collision with vehicle,Wednesday,No,Day,Other injury accident,60 km/hr,141.74275,-37.95519,Non-Intersection,GLENELG,Country,7,0,0,7,5,0,0,No
2018,September,5/9/18,17.40.00,Collision with vehicle,Wednesday,No,Day,Other injury accident,70 km/hr,144.81289,-37.72946,Non-Intersection,BRIMBANK,Metro,3,0,3,0,1,0,0,No
2018,September,5/9/18,14.45.00,Collision with vehicle,Wednesday,No,Day,Serious injury accident,60 km/hr,144.99921,-37.78587,Intersection,YARRA RANGES,Metro,3,0,3,0,1,1,1,No
2018,September,5/9/18,17.00.00,Struck pedestrian,Tuesday,No,Day,Other injury accident,40 km/hr,144.96002,-37.81961,Intersection,MELBOURNE,Metro,2,0,1,1,0,0,0,No
2018,September,5/9/18,18.00.00,Struck pedestrian,Wednesday,No,Dusk/Dawn,Serious injury accident,60 km/hr,144.33547,-38.14538,Intersection,GEELONG,Country,5,0,0,2,3,0,0,No
2018,September,5/9/18,19.15.00,Struck pedestrian,Wednesday,No,Dark,Other injury accident,60 km/hr,144.90911,-38.35425,Intersection,MORNINGTON PENINSULA,Metro,2,0,1,1,0,1,0,No
2018,September,5/9/18,10.15.00,Collision with vehicle,Tuesday,No,Day,Other injury accident,60 km/hr,144.81571,-37.7608,Non-Intersection,BRIMBANK,Metro,2,0,1,0,0,0,0,No
2018,September,5/9/18,17.45.00,Collision with vehicle,Wednesday,No,Dusk/Dawn,Other injury accident,60 km/hr,144.97997,-37.76895,Intersection,MORELAND,Metro,2,0,0,2,0,0,0,No
2018,September,5/9/18,21.20.00,Struck pedestrian,Tuesday,Yes,Dark,Other injury accident,50 km/hr,144.75167,-37.70345,Intersection,MELTON,Metro,2,0,2,0,0,0,1,No
2018,September,5/9/18,14.43.00,Collision with vehicle,Tuesday,No,Day,Other injury accident,60 km/hr,145.15786,-37.95532,Non-Intersection,DANDENONG,Metro,1,0,1,0,0,0,1,No
2018,September,5/9/18,22.28.00,Collision with object,Tuesday,No,Dark,Other injury accident,60 km/hr,144.91624,-37.68473,Non-Intersection,HUME,Metro,1,0,0,1,0,0,0,No
2018,September,5/9/18,06.30.00,Collision with vehicle,Wednesday,No,Day,Other injury accident,80 km/hr,145.27134,-38.07413,Intersection,CASEY,Metro,2,0,2,0,0,0,0,No
2018,September,5/9/18,17.35.00,Collision with vehicle,Wednesday,No,Day,Other injury accident,80 km/hr,145.11851,-37.90894,Non-Intersection,MONASH,Metro,3,0,0,3,1,0,2,No
2018,September,5/9/18,10.02.00,Collision with vehicle,Wednesday,No,Day,Other injury accident,70 km/hr,144.677,-37.83258,Non-Intersection,WYNDHAM,Metro,2,0,2,0,0,0,1,No
2018,September,6/9/18,18.15.00,Struck pedestrian,Thursday,No,Dark,Other injury accident,60 km/hr,145.08926,-38.18371,Intersection,MORNINGTON PENINSULA,Metro,2,0,1,1,0,0,1,No
2018,September,6/9/18,16.31.00,Collision with vehicle,Thursday,No,Day,Other injury accident,60 km/hr,145.03451,-37.80545,Intersection,BOROONDARA,Metro,2,0,1,0,0,0,0,No
2018,September,6/9/18,13.30.00,Collision with vehicle,Wednesday,No,Day,Serious injury accident,100 km/hr,145.20604,-38.05837,Intersection,DANDENONG,Metro,5,0,3,2,3,0,1,No
2018,September,6/9/18,19.12.00,Collision with vehicle,Thursday,No,Dark,Other injury accident,60 km/hr,144.9559,-37.74026,Intersection,MORELAND,Metro,4,0,4,0,0,0,1,No
2018,September,6/9/18,21.15.00,Collision with vehicle,Thursday,No,Dark,Other injury accident,60 km/hr,145.02584,-37.64852,Intersection,WHITTLESEA,Metro,3,0,2,1,1,0,0,No
2018,September,6/9/18,18.47.00,Collision with vehicle,Thursday,Yes,Dark,Serious injury accident,80 km/hr,145.14849,-37.97103,Intersection,DANDENONG,Metro,3,0,1,1,1,1,0,No
2018,September,6/9/18,16.50.00,Collision with vehicle,Thursday,No,Unk.,Other injury accident,60 km/hr,145.04677,-37.77147,Non-Intersection,BANYULE,Metro,2,0,1,1,0,0,0,No
2018,September,6/9/18,21.04.00,Collision with vehicle,Thursday,No,Dark,Other injury accident,40 km/hr,144.95445,-37.77276,Non-Intersection,MORELAND,Metro,3,0,2,1,1,0,1,No
2018,September,6/9/18,19.28.00,Collision with object,Thursday,No,Dark,Serious injury accident,50 km/hr,144.86047,-37.7785,Intersection,MARIBYRNONG,Metro,1,0,1,0,0,0,1,No
2018,September,6/9/18,06.15.00,Struck pedestrian,Thursday,No,Dusk/Dawn,Other injury accident,60 km/hr,145.03421,-37.82874,Intersection,BOROONDARA,Metro,2,0,1,1,0,0,0,No
2018,September,6/9/18,16.00.00,Collision with vehicle,Thursday,No,Day,Other injury accident,60 km/hr,144.89157,-37.74216,Intersection,MOONEE VALLEY,Metro,2,0,1,1,0,1,0,No
2018,September,6/9/18,23.20.00,Collision with object,Thursday,No,Dark,Other injury accident,100 km/hr,145.09427,-37.77963,Non-Intersection,BOROONDARA,Metro,1,0,1,0,0,0,0,No
2018,September,6/9/18,22.40.00,Collision with vehicle,Thursday,No,Dark,Other injury accident,80 km/hr,145.15201,-37.85252,Intersection,WHITEHORSE,Metro,4,0,0,4,2,0,1,No
2018,September,6/9/18,19.35.00,Collision with vehicle,Thursday,No,Dark,Other injury accident,80 km/hr,145.30664,-38.02619,Intersection,CASEY,Metro,4,0,4,0,2,0,1,No
2018,September,6/9/18,17.10.00,Collision with vehicle,Thursday,Yes,Day,Serious injury accident,70 km/hr,144.78873,-37.84486,Intersection,HOBSONS BAY,Metro,2,0,1,0,0,0,0,No
2018,September,6/9/18,16.05.00,Collision with vehicle,Thursday,No,Day,Serious injury accident,60 km/hr,145.15641,-37.96292,Intersection,DANDENONG,Metro,6,0,4,1,4,0,2,No
2018,September,6/9/18,15.15.00,Collision with vehicle,Thursday,No,Day,Serious injury accident,50 km/hr,145.06948,-37.89003,Non-Intersection,GLEN EIRA,Metro,1,0,1,0,0,1,0,No
2018,September,6/9/18,08.40.00,Collision with vehicle,Thursday,No,Day,Other injury accident,100 km/hr,145.17076,-38.15107,Non-Intersection,FRANKSTON,Metro,3,0,2,1,0,0,0,No
2018,September,6/9/18,09.10.00,Collision with vehicle,Wednesday,No,Day,Other injury accident,60 km/hr,144.34511,-38.18127,Intersection,GEELONG,Country,5,0,2,3,2,0,1,No
2018,September,6/9/18,08.47.00,Collision with vehicle,Thursday,No,Day,Other injury accident,50 km/hr,145.12881,-37.6169,Intersection,WHITTLESEA,Metro,8,0,5,3,6,0,0,No
2018,September,6/9/18,10.20.00,Collision with vehicle,Thursday,No,Day,Other injury accident,70 km/hr,144.36739,-38.08523,Intersection,GEELONG,Country,2,0,2,0,0,0,0,No
2018,September,6/9/18,10.05.00,Collision with object,Wednesday,No,Day,Other injury accident,100 km/hr,144.31973,-37.5999,Non-Intersection,MOORABOOL,Country,2,0,0,2,1,0,0,No
2018,September,6/9/18,07.23.00,Collision with vehicle,Thursday,No,Day,Other injury accident,80 km/hr,145.17442,-37.99906,Intersection,DANDENONG,Metro,2,0,1,1,0,0,1,No
2018,September,6/9/18,08.40.00,Collision with vehicle,Thursday,No,Day,Serious injury accident,60 km/hr,145.08524,-37.90951,Intersection,MONASH,Metro,4,0,1,3,0,0,0,No
2018,September,6/9/18,10.27.00,Collision with vehicle,Thursday,Yes,Day,Serious injury accident,40 km/hr,144.9919,-37.77863,Non-Intersection,DAREBIN,Metro,5,0,2,1,1,0,0,No
2018,September,6/9/18,10.51.00,Collision with object,Thursday,No,Day,Other injury accident,100 km/hr,145.20559,-37.94366,Non-Intersection,DANDENONG,Metro,1,0,1,0,0,0,0,No
2018,September,6/9/18,07.20.00,Struck pedestrian,Thursday,No,Day,Fatal accident,50 km/hr,145.20581,-37.79319,Intersection,MANNINGHAM,Metro,2,1,1,1,1,0,0,No
2018,September,6/9/18,09.20.00,Collision with object,Thursday,No,Day,Other injury accident,50 km/hr,144.98382,-37.87592,Intersection,PORT PHILLIP,Metro,1,0,1,0,0,0,0,No
2018,September,6/9/18,15.57.00,Collision with vehicle,Wednesday,No,Day,Other injury accident,50 km/hr,145.40354,-36.38065,Non-Intersection,SHEPPARTON,Country,2,0,1,1,0,0,0,No
2018,September,6/9/18,16.00.00,Collision with vehicle,Thursday,No,Day,Other injury accident,80 km/hr,143.73231,-37.58132,Intersection,BALLARAT,Country,4,0,2,2,2,0,0,No
2018,September,6/9/18,15.00.00,Collision with vehicle,Thursday,No,Day,Other injury accident,70 km/hr,144.99603,-37.74941,Non-Intersection,DAREBIN,Metro,2,0,2,0,0,0,1,No
2018,September,6/9/18,17.15.00,Struck pedestrian,Thursday,No,Day,Other injury accident,60 km/hr,144.2921,-36.76912,Intersection,BENDIGO,Country,2,0,0,2,0,0,1,No
2018,September,6/9/18,18.50.00,Collision with vehicle,Thursday,No,Dark,Other injury accident,50 km/hr,144.95165,-37.307,Intersection,MITCHELL,Country,2,0,1,1,0,0,0,No
2018,September,6/9/18,17.50.00,Collision with vehicle,Thursday,Yes,Dark,Other injury accident,60 km/hr,144.9559,-37.74026,Intersection,MORELAND,Metro,2,0,2,0,0,0,0,No
2018,September,7/9/18,09.00.00,Struck pedestrian,Thursday,No,Day,Other injury accident,50 km/hr,144.32063,-38.17277,Intersection,GEELONG,Country,2,0,0,2,0,0,0,No
2018,September,7/9/18,11.20.00,Collision with vehicle,Friday,No,Day,Other injury accident,50 km/hr,144.93077,-37.57405,Intersection,HUME,Metro,3,0,1,2,1,0,1,No
2018,September,7/9/18,09.00.00,Collision with vehicle,Friday,No,Day,Other injury accident,60 km/hr,145.02239,-37.69611,Intersection,DAREBIN,Metro,2,0,1,1,0,0,0,No
2018,September,7/9/18,06.30.00,Struck pedestrian,Friday,No,Dusk/Dawn,Other injury accident,60 km/hr,144.93966,-37.81407,Intersection,MELBOURNE,Metro,2,0,1,1,0,0,0,No
2018,September,7/9/18,11.05.00,No collision and no object struck,Friday,No,Day,Serious injury accident,100 km/hr,149.19845,-37.417,Non-Intersection,EAST GIPPSLAND,Country,1,0,1,0,0,0,0,No
2018,September,7/9/18,12.45.00,Collision with vehicle,Friday,No,Day,Serious injury accident,80 km/hr,145.21243,-37.86163,Intersection,KNOX,Metro,2,0,2,0,0,1,0,No
2018,September,7/9/18,16.00.00,Collision with vehicle,Friday,No,Day,Other injury accident,60 km/hr,144.80584,-37.75207,Intersection,BRIMBANK,Metro,5,0,2,2,3,0,1,No
2018,September,7/9/18,14.55.00,Struck pedestrian,Friday,No,Day,Serious injury accident,50 km/hr,144.24421,-36.79567,Non-Intersection,BENDIGO,Country,2,0,1,1,0,0,0,No
2018,September,7/9/18,15.00.00,Collision with object,Thursday,No,Day,Other injury accident,60 km/hr,145.2469,-38.02626,Non-Intersection,CASEY,Metro,2,0,1,1,1,0,0,No
2018,September,7/9/18,17.40.00,Collision with vehicle,Thursday,No,Day,Other injury accident,60 km/hr,144.99146,-37.78842,Non-Intersection,YARRA RANGES,Metro,2,0,1,1,0,0,1,No
2018,September,7/9/18,19.45.00,Collision with vehicle,Friday,Yes,Dark,Serious injury accident,70 km/hr,145.01054,-37.8601,Intersection,STONNINGTON,Metro,3,0,2,1,0,1,0,Yes
2018,September,7/9/18,17.13.00,Collision with vehicle,Friday,No,Day,Other injury accident,110 km/hr,145.77066,-38.08622,Non-Intersection,BAW BAW,Country,3,0,2,1,1,0,1,No
2018,September,7/9/18,20.50.00,Collision with vehicle,Friday,No,Dark,Other injury accident,60 km/hr,145.29233,-38.10047,Intersection,CASEY,Metro,2,0,0,2,0,0,1,No
2018,September,7/9/18,18.32.00,Collision with vehicle,Friday,No,Dark,Other injury accident,60 km/hr,145.11347,-37.6895,Intersection,NILLUMBIK,Metro,2,0,2,0,0,0,1,No
2018,September,7/9/18,20.00.00,Collision with vehicle,Friday,No,Dark,Other injury accident,60 km/hr,145.11738,-37.80402,Intersection,WHITEHORSE,Metro,3,0,2,1,0,0,1,No
2018,September,7/9/18,23.00.00,Collision with vehicle,Friday,No,Dark,Serious injury accident,60 km/hr,145.18173,-37.99507,Intersection,DANDENONG,Metro,2,0,2,0,0,0,1,No
2018,September,7/9/18,15.50.00,Collision with vehicle,Thursday,No,Day,Other injury accident,100 km/hr,144.57536,-36.80403,Non-Intersection,BENDIGO,Country,2,0,0,2,0,1,0,No
2018,September,7/9/18,12.45.00,Collision with vehicle,Friday,No,Day,Other injury accident,60 km/hr,145.11018,-37.87619,Non-Intersection,MONASH,Metro,2,0,1,1,0,0,1,No
2018,September,7/9/18,15.00.00,Collision with vehicle,Friday,Yes,Day,Serious injury accident,60 km/hr,144.11582,-36.74089,Non-Intersection,BENDIGO,Country,2,0,1,0,0,0,0,No
2018,September,7/9/18,15.20.00,Collision with vehicle,Friday,No,Day,Other injury accident,40 km/hr,144.16048,-37.081,Intersection,MOUNT ALEXANDER,Country,2,0,1,1,0,0,1,No
2018,September,8/9/18,00.37.00,Fall from or in moving vehicle,Saturday,No,Dark,Serious injury accident,50 km/hr,145.02178,-37.65592,Non-Intersection,WHITTLESEA,Metro,1,0,1,0,0,0,0,No
2018,September,8/9/18,01.45.00,Collision with object,Saturday,No,Dark,Serious injury accident,50 km/hr,144.85951,-37.73376,Intersection,MOONEE VALLEY,Metro,2,0,1,1,1,0,0,No
2018,September,8/9/18,06.48.00,Collision with object,Saturday,No,Day,Serious injury accident,60 km/hr,144.81198,-37.74568,Non-Intersection,BRIMBANK,Metro,2,0,1,1,1,0,0,No
2018,September,8/9/18,09.13.00,Collision with vehicle,Saturday,No,Day,Other injury accident,60 km/hr,144.91075,-37.58979,Non-Intersection,HUME,Metro,2,0,2,0,0,0,0,No
2018,September,8/9/18,08.00.00,Collision with vehicle,Saturday,Yes,Day,Other injury accident,60 km/hr,144.13143,-37.33869,Non-Intersection,HEPBURN,Country,2,0,0,1,0,0,0,No
2018,September,8/9/18,15.00.00,No collision and no object struck,Saturday,No,Day,Other injury accident,70 km/hr,144.30633,-38.20244,Intersection,GEELONG,Country,1,0,0,0,0,0,0,No
2018,September,8/9/18,11.52.00,Collision with vehicle,Saturday,No,Day,Other injury accident,70 km/hr,145.19364,-37.93234,Intersection,MONASH,Metro,6,0,1,1,0,0,0,No
2018,September,8/9/18,13.25.00,Collision with vehicle,Saturday,No,Day,Other injury accident,50 km/hr,144.80728,-37.79665,Non-Intersection,BRIMBANK,Metro,3,0,2,1,1,0,0,No
2018,September,8/9/18,10.50.00,Collision with object,Friday,No,Day,Serious injury accident,100 km/hr,146.60778,-36.10374,Non-Intersection,INDIGO,Country,1,0,1,0,0,0,1,No
2018,September,8/9/18,14.07.00,Collision with vehicle,Saturday,No,Day,Serious injury accident,60 km/hr,144.95219,-37.82185,Intersection,MELBOURNE,Metro,2,0,2,0,0,0,0,No
2018,September,8/9/18,15.10.00,Collision with vehicle,Saturday,No,Day,Other injury accident,80 km/hr,145.16967,-37.8527,Non-Intersection,WHITEHORSE,Metro,2,0,0,2,0,1,1,No
2018,September,8/9/18,15.09.00,Collision with vehicle,Saturday,No,Day,Other injury accident,100 km/hr,145.35919,-37.66522,Non-Intersection,YARRA RANGES,Metro,2,0,2,0,0,0,0,No
2018,September,8/9/18,14.25.00,Collision with vehicle,Saturday,No,Day,Serious injury accident,100 km/hr,145.0258,-38.31192,Non-Intersection,MORNINGTON PENINSULA,Metro,9,0,2,6,7,0,0,No
2018,September,8/9/18,05.45.00,Collision with vehicle,Saturday,No,Day,Other injury accident,70 km/hr,144.33233,-38.24865,Intersection,GEELONG,Country,2,0,2,0,0,0,0,No
2018,September,8/9/18,13.40.00,Struck pedestrian,Saturday,No,Day,Other injury accident,40 km/hr,145.02646,-37.86213,Non-Intersection,STONNINGTON,Metro,2,0,0,1,0,0,0,No
2018,September,8/9/18,18.28.00,Struck pedestrian,Saturday,No,Dark,Other injury accident,60 km/hr,147.06828,-38.10693,Non-Intersection,WELLINGTON,Country,3,0,3,0,1,0,1,Yes
2018,September,8/9/18,17.41.00,Collision with object,Saturday,No,Day,Serious injury accident,80 km/hr,145.18595,-38.0448,Non-Intersection,DANDENONG,Metro,1,0,0,1,0,0,0,No
2018,September,8/9/18,20.10.00,Struck pedestrian,Saturday,No,Dark,Other injury accident,40 km/hr,145.01075,-37.84131,Intersection,STONNINGTON,Metro,2,0,1,1,0,0,1,No
2018,September,8/9/18,21.34.00,Collision with vehicle,Saturday,No,Dark,Other injury accident,60 km/hr,143.83421,-37.58611,Intersection,BALLARAT,Country,3,0,1,2,1,0,1,No
2018,September,8/9/18,21.35.00,Collision with vehicle,Saturday,No,Dark,Serious injury accident,60 km/hr,145.2062,-37.93875,Intersection,DANDENONG,Metro,2,0,0,2,0,0,0,No
2018,September,8/9/18,11.30.00,Struck pedestrian,Saturday,Yes,Day,Other injury accident,50 km/hr,144.66204,-37.90095,Intersection,WYNDHAM,Metro,2,0,0,1,0,0,0,No
2018,September,8/9/18,06.00.00,Collision with object,Friday,No,Dusk/Dawn,Serious injury accident,100 km/hr,144.05933,-35.61599,Non-Intersection,GANNAWARRA,Country,1,0,0,1,0,0,0,No
2018,September,8/9/18,21.29.00,Collision with vehicle,Saturday,No,Dark,Other injury accident,60 km/hr,144.76393,-37.72555,Non-Intersection,MELTON,Metro,6,0,1,2,4,0,0,No
2018,September,8/9/18,17.00.00,Collision with vehicle,Friday,No,Day,Other injury accident,60 km/hr,145.02633,-37.64443,Non-Intersection,WHITTLESEA,Metro,2,0,1,1,0,0,0,No
2018,September,9/9/18,04.04.00,Collision with object,Sunday,No,Dark,Serious injury accident,100 km/hr,144.9936,-37.79603,Non-Intersection,YARRA RANGES,Metro,2,0,2,0,0,0,1,Yes
2018,September,9/9/18,10.50.00,Collision with object,,No,Day,Other injury accident,100 km/hr,144.50456,-37.99645,Non-Intersection,GEELONG,Country,1,0,0,1,0,0,0,No
2018,September,9/9/18,11.30.00,No collision and no object struck,,No,Day,Other injury accident,60 km/hr,145.52482,-37.63874,Non-Intersection,YARRA RANGES,Metro,1,0,1,0,0,0,0,No
2018,September,9/9/18,09.45.00,Collision with vehicle,Sunday,No,Day,Other injury accident,60 km/hr,145.16565,-37.88055,Intersection,MONASH,Metro,3,0,0,3,1,0,1,No
2018,September,9/9/18,12.15.00,No collision and no object struck,Sunday,No,Day,Serious injury accident,50 km/hr,143.97533,-38.53466,Intersection,SURF COAST,Country,1,0,1,0,0,0,0,No
2018,September,9/9/18,07.09.00,Collision with vehicle,Sunday,No,Day,Other injury accident,50 km/hr,145.02206,-37.71529,Non-Intersection,DAREBIN,Metro,2,0,1,1,0,0,0,No
2018,September,9/9/18,13.05.00,No collision and no object struck,Sunday,No,Day,Other injury accident,60 km/hr,144.36663,-38.1857,Non-Intersection,GEELONG,Country,1,0,0,1,0,0,0,No
2018,September,9/9/18,12.20.00,Collision with vehicle,Sunday,No,Day,Other injury accident,60 km/hr,145.17545,-38.09982,Non-Intersection,FRANKSTON,Metro,6,0,3,3,2,0,2,No
2018,September,9/9/18,15.11.00,Collision with object,,No,Day,Serious injury accident,60 km/hr,145.15517,-37.98322,Non-Intersection,DANDENONG,Metro,1,0,0,1,0,0,0,No
2018,September,9/9/18,15.10.00,Collision with object,,No,Day,Other injury accident,90 km/hr,144.56926,-37.44445,Non-Intersection,MACEDON RANGES,Country,2,0,1,1,1,0,0,No
2018,September,9/9/18,14.34.00,Collision with vehicle,Sunday,No,Day,Other injury accident,40 km/hr,144.35888,-38.14211,Non-Intersection,GEELONG,Country,2,0,0,2,0,0,0,No
2018,September,9/9/18,19.10.00,Collision with vehicle,Sunday,No,Dark,Other injury accident,60 km/hr,145.11812,-37.79989,Intersection,WHITEHORSE,Metro,6,0,1,5,2,0,0,No
2018,September,9/9/18,20.50.00,Struck pedestrian,Sunday,Yes,Dark,Serious injury accident,60 km/hr,144.77517,-37.86353,Non-Intersection,HOBSONS BAY,Metro,2,0,2,0,0,0,1,No
2018,September,9/9/18,22.00.00,Collision with vehicle,Sunday,No,Dark,Other injury accident,50 km/hr,144.96955,-37.77245,Intersection,MORELAND,Metro,2,0,2,0,0,0,1,No
2018,September,9/9/18,02.49.00,Collision with object,,No,Dark,Other injury accident,70 km/hr,145.17627,-37.81676,Non-Intersection,WHITEHORSE,Metro,1,0,1,0,0,0,0,No
2018,September,10/9/18,07.53.00,Collision with vehicle,Monday,No,Day,Other injury accident,100 km/hr,144.87639,-37.71516,Non-Intersection,BRIMBANK,Metro,2,0,1,1,0,0,0,No
2018,September,10/9/18,09.10.00,Collision with object,Monday,No,Day,Other injury accident,40 km/hr,145.05761,-37.92547,Non-Intersection,GLEN EIRA,Metro,1,0,0,1,0,1,0,No
2018,September,10/9/18,08.55.00,Collision with object,Monday,No,Day,Other injury accident,60 km/hr,144.26183,-36.75491,Intersection,BENDIGO,Country,1,0,1,0,0,0,0,No
2018,September,10/9/18,09.10.00,Collision with vehicle,Monday,No,Day,Other injury accident,80 km/hr,144.47649,-38.17659,Intersection,GEELONG,Country,3,0,2,1,0,0,0,No
2018,September,10/9/18,08.45.00,Collision with vehicle,Monday,No,Day,Other injury accident,60 km/hr,147.65157,-37.81897,Non-Intersection,EAST GIPPSLAND,Country,6,0,3,3,3,0,0,No
2018,September,10/9/18,07.55.00,Collision with vehicle,Sunday,No,Day,Serious injury accident,80 km/hr,145.19603,-37.9077,Non-Intersection,MONASH,Metro,3,0,1,2,1,0,1,No
2018,September,10/9/18,13.13.00,Collision with vehicle,Monday,No,Day,Other injury accident,50 km/hr,143.74091,-37.04712,Intersection,CENTRAL GOLDFIELDS,Country,2,0,1,1,0,0,1,No