year,month,date,time,accident_type,day,hit_run,light_condition,severity,speed_zone,longitude,latitude,node_type,lga,state_div,total_persons,fatality,males,females,passengers,old_driver,young_driver,alcohol
2018,September,10/9/18,09.55.00,Collision with vehicle,Monday,No,Day,Other injury accident,60 km/hr,145.08328,-37.70746,Intersection,BANYULE,Metro,2,0,1,1,0,1,0,No
2018,September,10/9/18,14.05.00,Collision with vehicle,Monday,No,Day,Serious injury accident,60 km/hr,147.0684,-38.10935,Intersection,WELLINGTON,Country,2,0,1,1,0,1,0,No
2018,September,10/9/18,14.10.00,Collision with vehicle,Sunday,No,Day,Other injury accident,50 km/hr,145.06779,-37.97225,Non-Intersection,KINGSTON,Metro,2,0,0,2,0,0,0,No
2018,September,10/9/18,11.55.00,Collision with vehicle,Sunday,No,Day,Other injury accident,60 km/hr,144.94571,-37.73919,Intersection,MORELAND,Metro,4,0,4,0,2,0,0,No
2018,September,10/9/18,15.46.00,Collision with vehicle,Monday,No,Day,Serious injury accident,40 km/hr,145.38885,-36.4664,Non-Intersection,SHEPPARTON,Country,6,0,2,4,3,0,1,No
2018,September,10/9/18,17.21.00,Collision with vehicle,Monday,No,Day,Serious injury accident,100 km/hr,145.06256,-37.68637,Non-Intersection,WHITTLESEA,Metro,2,0,1,1,0,0,0,No
2018,September,10/9/18,13.00.00,Collision with vehicle,Monday,No,Day,Other injury accident,70 km/hr,144.33062,-38.18645,Intersection,GEELONG,Country,2,0,2,0,0,0,1,No
2018,September,10/9/18,17.26.00,Collision with vehicle,Sunday,No,Day,Serious injury accident,70 km/hr,144.32472,-38.10954,Non-Intersection,GEELONG,Country,4,0,1,2,0,0,1,No
2018,September,10/9/18,16.15.00,Collision with vehicle,Monday,No,Day,Other injury accident,70 km/hr,145.08327,-37.76212,Intersection,MANNINGHAM,Metro,3,0,2,1,1,0,0,No
2018,September,10/9/18,18.33.00,Struck pedestrian,Monday,No,Day,Other injury accident,60 km/hr,145.04913,-37.73446,Intersection,BANYULE,Metro,3,0,2,1,0,0,0,No
2018,September,10/9/18,18.00.00,Collision with vehicle,Sunday,No,Dusk/Dawn,Serious injury accident,100 km/hr,143.18896,-38.25406,Non-Intersection,CORANGAMITE,Country,2,0,1,1,0,0,0,No
2018,September,10/9/18,21.30.00,Collision with vehicle,Monday,No,Dark,Serious injury accident,70 km/hr,145.16506,-37.77181,Non-Intersection,MANNINGHAM,Metro,3,0,3,0,0,0,2,No
2018,September,10/9/18,18.20.00,Collision with vehicle,Monday,No,Dusk/Dawn,Fatal accident,80 km/hr,144.80549,-37.55134,Non-Intersection,HUME,Metro,3,1,3,0,1,0,1,No
2018,September,10/9/18,22.20.00,Collision with vehicle,Monday,No,Dark,Serious injury accident,70 km/hr,144.35018,-38.1604,Intersection,GEELONG,Country,3,0,1,2,1,0,1,No
2018,September,10/9/18,15.30.00,Collision with vehicle,Monday,No,Day,Other injury accident,80 km/hr,144.70116,-37.74099,Intersection,MELTON,Metro,2,0,2,0,0,0,1,No
2018,September,10/9/18,20.23.00,Struck pedestrian,Sunday,No,Dark,Serious injury accident,50 km/hr,145.22148,-37.961,Non-Intersection,DANDENONG,Metro,3,0,2,1,1,0,1,No
2018,September,10/9/18,13.00.00,Collision with vehicle,Monday,No,Day,Serious injury accident,100 km/hr,145.55942,-36.15996,Intersection,MOIRA,Country,2,0,2,0,0,0,0,No
2018,September,10/9/18,12.35.00,Collision with vehicle,Sunday,No,Day,Other injury accident,60 km/hr,145.09438,-37.79161,Non-Intersection,BOROONDARA,Metro,2,0,1,1,0,0,0,No
2018,September,10/9/18,15.50.00,Collision with vehicle,Monday,No,Day,Serious injury accident,50 km/hr,146.97943,-37.96879,Intersection,WELLINGTON,Country,2,0,2,0,0,0,0,No
2018,September,11/9/18,02.00.00,Collision with object,Tuesday,No,Dark,Other injury accident,50 km/hr,143.81525,-37.52883,Non-Intersection,BALLARAT,Country,1,0,1,0,0,0,1,No
2018,September,11/9/18,08.00.00,Collision with vehicle,Tuesday,No,Day,Other injury accident,50 km/hr,145.01847,-37.77893,Non-Intersection,DAREBIN,Metro,4,0,2,2,1,0,0,No
2018,September,11/9/18,08.35.00,Vehicle overturned,Tuesday,No,Day,Serious injury accident,100 km/hr,143.99423,-37.99198,Non-Intersection,GOLDEN PLAINS,Country,1,0,1,0,0,0,0,No
2018,September,11/9/18,10.46.00,Collision with vehicle,Tuesday,No,Day,Fatal accident,60 km/hr,145.11733,-37.9375,Non-Intersection,KINGSTON,Metro,4,1,3,1,2,0,0,No
2018,September,11/9/18,06.45.00,Collision with vehicle,Tuesday,No,Day,Other injury accident,60 km/hr,145.08624,-37.98382,Non-Intersection,KINGSTON,Metro,2,0,1,1,0,0,1,No
2018,September,11/9/18,07.35.00,Collision with vehicle,Tuesday,No,Day,Other injury accident,80 km/hr,145.23194,-38.00125,Non-Intersection,CASEY,Metro,2,0,1,1,0,0,0,No
2018,September,11/9/18,13.04.00,Collision with vehicle,Tuesday,No,Day,Other injury accident,60 km/hr,144.95958,-37.78173,Intersection,MELBOURNE,Metro,5,0,2,3,3,0,1,No
2018,September,11/9/18,13.56.00,Collision with vehicle,Monday,No,Day,Other injury accident,60 km/hr,145.06953,-37.75709,Non-Intersection,BANYULE,Metro,3,0,0,3,0,0,0,No
2018,September,11/9/18,11.55.00,Collision with vehicle,Monday,No,Day,Other injury accident,40 km/hr,144.91554,-37.70367,Non-Intersection,MORELAND,Metro,3,0,2,1,1,0,1,No
2018,September,11/9/18,17.49.00,Collision with vehicle,Tuesday,No,Day,Other injury accident,50 km/hr,142.15185,-34.2023,Intersection,MILDURA,Country,3,0,1,2,1,0,0,No
2018,September,11/9/18,15.40.00,Struck pedestrian,Tuesday,No,Day,Serious injury accident,60 km/hr,144.97766,-37.78264,Intersection,YARRA RANGES,Metro,3,0,2,1,0,0,0,No
2018,September,11/9/18,18.45.00,Collision with object,Tuesday,No,Dark,Serious injury accident,60 km/hr,145.86799,-38.14726,Non-Intersection,BAW BAW,Country,1,0,0,1,0,0,1,No
2018,September,11/9/18,18.51.00,Collision with vehicle,Tuesday,No,Dark,Other injury accident,80 km/hr,145.21971,-37.90074,Intersection,KNOX,Metro,2,0,2,0,0,0,2,No
2018,September,11/9/18,15.40.00,Struck pedestrian,Monday,Yes,Day,Other injury accident,40 km/hr,145.15284,-37.94941,Intersection,DANDENONG,Metro,3,0,2,1,0,0,0,No
2018,September,11/9/18,19.35.00,Collision with object,Tuesday,Yes,Dark,Serious injury accident,80 km/hr,146.29596,-36.36786,Non-Intersection,WANGARATTA,Country,1,0,1,0,0,0,0,No
2018,September,11/9/18,10.40.00,Collision with vehicle,Tuesday,No,Unk.,Other injury accident,80 km/hr,145.16484,-37.91946,Intersection,MONASH,Metro,2,0,1,1,0,0,0,No
2018,September,11/9/18,18.56.00,Collision with vehicle,Monday,No,Dark,Other injury accident,100 km/hr,144.77727,-37.86059,Non-Intersection,HOBSONS BAY,Metro,5,0,2,3,1,0,0,No
2018,September,11/9/18,20.40.00,Collision with vehicle,Tuesday,No,Dark,Other injury accident,70 km/hr,144.71951,-37.83712,Intersection,WYNDHAM,Metro,3,0,1,0,1,0,0,No
2018,September,11/9/18,17.20.00,Collision with vehicle,Tuesday,No,Day,Other injury accident,50 km/hr,144.83823,-37.87031,Intersection,HOBSONS BAY,Metro,2,0,1,1,0,0,0,No
2018,September,11/9/18,19.00.00,Collision with object,Tuesday,No,Dark,Other injury accident,40 km/hr,144.36784,-38.14704,Non-Intersection,GEELONG,Country,1,0,1,0,0,0,1,Yes
2018,September,11/9/18,15.00.00,Collision with vehicle,Tuesday,No,Day,Serious injury accident,100 km/hr,145.78413,-35.99088,Non-Intersection,MOIRA,Country,2,0,2,0,0,0,1,No
2018,September,11/9/18,10.30.00,Collision with vehicle,Tuesday,No,Day,Other injury accident,60 km/hr,145.18906,-37.90689,Intersection,MONASH,Metro,3,0,0,3,1,0,0,No
2018,September,11/9/18,17.35.00,Collision with vehicle,Tuesday,No,Dusk/Dawn,Other injury accident,50 km/hr,145.24546,-37.97928,Intersection,CASEY,Metro,2,0,1,1,0,0,0,No
2018,September,11/9/18,17.30.00,Collision with vehicle,Monday,No,Dusk/Dawn,Other injury accident,60 km/hr,144.89268,-37.63638,Non-Intersection,HUME,Metro,2,0,1,1,0,0,0,No
2018,September,11/9/18,10.00.00,Collision with vehicle,Monday,No,Day,Other injury accident,50 km/hr,145.18818,-37.94445,Intersection,DANDENONG,Metro,2,0,1,1,0,0,0,No
2018,September,11/9/18,07.40.00,Collision with vehicle,Tuesday,No,Day,Other injury accident,40 km/hr,144.96482,-37.81175,Non-Intersection,MELBOURNE,Metro,2,0,2,0,0,0,0,No
2018,September,11/9/18,08.40.00,Collision with vehicle,Tuesday,No,Day,Other injury accident,80 km/hr,145.1364,-37.74433,Non-Intersection,MANNINGHAM,Metro,2,0,1,1,0,0,0,No
2018,September,12/9/18,19.00.00,Collision with vehicle,Tuesday,No,Unk.,Other injury accident,60 km/hr,144.97209,-37.78833,Non-Intersection,YARRA RANGES,Metro,2,0,2,0,0,0,0,No
2018,September,12/9/18,14.30.00,Collision with vehicle,Wednesday,No,Day,Serious injury accident,50 km/hr,145.05666,-37.91342,Non-Intersection,GLEN EIRA,Metro,2,0,1,1,0,0,0,No
2018,September,12/9/18,08.10.00,Collision with vehicle,Wednesday,No,Day,Other injury accident,60 km/hr,144.9941,-37.75617,Intersection,DAREBIN,Metro,2,0,1,1,0,0,1,No
2018,September,12/9/18,09.00.00,No collision and no object struck,Wednesday,No,Day,Other injury accident,100 km/hr,142.35831,-38.33264,Non-Intersection,MOYNE,Country,1,0,0,1,0,0,1,No
2018,September,12/9/18,09.24.00,Collision with vehicle,Wednesday,No,Day,Other injury accident,110 km/hr,145.27825,-36.66173,Non-Intersection,STRATHBOGIE,Country,2,0,2,0,0,0,0,No
2018,September,12/9/18,12.13.00,Struck pedestrian,Tuesday,No,Day,Other injury accident,30km/hr,144.97936,-37.86816,Intersection,PORT PHILLIP,Metro,2,0,1,1,0,1,0,No
2018,September,12/9/18,08.15.00,Collision with vehicle,Wednesday,No,Day,Serious injury accident,60 km/hr,144.91032,-37.74155,Intersection,MOONEE VALLEY,Metro,2,0,1,1,0,0,0,No
2018,September,12/9/18,08.00.00,Collision with vehicle,Tuesday,No,Day,Other injury accident,50 km/hr,144.86932,-37.84101,Non-Intersection,HOBSONS BAY,Metro,4,0,1,3,1,0,0,No
2018,September,12/9/18,10.30.00,Collision with vehicle,Wednesday,No,Day,Other injury accident,60 km/hr,144.8341,-37.80737,Non-Intersection,BRIMBANK,Metro,2,0,2,0,0,0,0,No
2018,September,12/9/18,18.09.00,Vehicle overturned,Wednesday,No,Dusk/Dawn,Other injury accident,70 km/hr,145.37774,-38.02893,Intersection,CARDINIA,Metro,1,0,1,0,0,0,0,No
2018,September,12/9/18,17.55.00,Collision with vehicle,Wednesday,No,Dusk/Dawn,Other injury accident,60 km/hr,143.54041,-35.33982,Intersection,SWAN HILL,Country,3,0,3,0,0,0,1,No
2018,September,12/9/18,19.30.00,Collision with vehicle,Wednesday,No,Dark,Other injury accident,100 km/hr,144.80183,-37.76717,Non-Intersection,BRIMBANK,Metro,2,0,1,0,0,0,0,No
2018,September,12/9/18,19.13.00,Struck pedestrian,Tuesday,Yes,Dark,Serious injury accident,50 km/hr,147.08063,-38.09249,Non-Intersection,WELLINGTON,Country,2,0,2,0,0,0,0,No
2018,September,12/9/18,20.57.00,Struck animal,Wednesday,No,Dark,Other injury accident,80 km/hr,144.58434,-37.65283,Non-Intersection,MELTON,Metro,2,0,2,0,1,0,1,No
2018,September,12/9/18,20.28.00,Struck pedestrian,Tuesday,No,Dark,Serious injury accident,80 km/hr,145.06517,-37.97488,Intersection,KINGSTON,Metro,2,0,2,0,0,0,0,No
2018,September,12/9/18,17.40.00,Collision with object,Tuesday,No,Day,Other injury accident,50 km/hr,144.90103,-37.65423,Non-Intersection,HUME,Metro,1,0,0,1,0,0,0,No
2018,September,12/9/18,17.00.00,No collision and no object struck,Wednesday,No,Day,Serious injury accident,50 km/hr,144.96821,-37.69949,Intersection,MORELAND,Metro,1,0,1,0,0,0,0,No
2018,September,12/9/18,11.15.00,Collision with vehicle,Tuesday,No,Day,Other injury accident,80 km/hr,145.07135,-37.98217,Intersection,KINGSTON,Metro,2,0,0,2,0,0,1,No
2018,September,12/9/18,14.20.00,Collision with vehicle,Wednesday,No,Unk.,Other injury accident,60 km/hr,144.97467,-37.75784,Non-Intersection,MORELAND,Metro,2,0,2,0,0,0,0,No
2018,September,12/9/18,12.30.00,Collision with vehicle,Tuesday,No,Day,Other injury accident,60 km/hr,144.33037,-38.20745,Intersection,GEELONG,Country,2,0,1,1,0,0,1,No
2018,September,13/9/18,17.05.00,Collision with vehicle,Thursday,No,Day,Other injury accident,60 km/hr,145.03737,-37.93345,Intersection,KINGSTON,Metro,2,0,2,0,0,0,1,No
2018,September,13/9/18,05.55.00,Collision with vehicle,Wednesday,No,Dusk/Dawn,Other injury accident,100 km/hr,144.74418,-37.76756,Non-Intersection,MELTON,Metro,2,0,1,1,0,0,0,No
2018,September,13/9/18,17.22.00,Collision with vehicle,Wednesday,No,Day,Other injury accident,70 km/hr,144.3509,-38.15744,Intersection,GEELONG,Country,4,0,2,2,1,0,1,No
2018,September,13/9/18,12.00.00,No collision and no object struck,Thursday,No,Day,Other injury accident,100 km/hr,146.78361,-37.42,Intersection,WELLINGTON,Country,1,0,1,0,0,0,0,No
2018,September,13/9/18,19.30.00,Collision with vehicle,Wednesday,No,Dark,Serious injury accident,60 km/hr,145.01335,-37.8441,Non-Intersection,STONNINGTON,Metro,1,0,0,1,0,0,0,No
2018,September,13/9/18,06.00.00,Collision with vehicle,Thursday,No,Dusk/Dawn,Other injury accident,60 km/hr,145.07198,-37.74405,Intersection,BANYULE,Metro,4,0,4,0,0,0,1,No
2018,September,13/9/18,07.45.00,Collision with vehicle,Thursday,No,Day,Other injury accident,80 km/hr,145.08994,-37.70294,Non-Intersection,BANYULE,Metro,2,0,1,1,0,0,1,No
2018,September,13/9/18,07.23.00,Collision with vehicle,Thursday,No,Day,Other injury accident,60 km/hr,145.01833,-37.86874,Intersection,GLEN EIRA,Metro,2,0,1,1,0,1,0,No
2018,September,13/9/18,08.53.00,Collision with vehicle,Wednesday,No,Day,Other injury accident,60 km/hr,145.07875,-37.73406,Non-Intersection,BANYULE,Metro,5,0,2,0,3,0,0,No
2018,September,13/9/18,09.51.00,Collision with vehicle,Thursday,No,Day,Other injury accident,40 km/hr,145.16318,-37.78251,Intersection,MANNINGHAM,Metro,4,0,2,2,1,0,0,No
2018,September,13/9/18,09.11.00,Collision with vehicle,Thursday,No,Day,Other injury accident,60 km/hr,145.0261,-37.64736,Intersection,WHITTLESEA,Metro,2,0,2,0,0,0,0,No
2018,September,13/9/18,08.37.00,Struck pedestrian,Thursday,No,Day,Other injury accident,60 km/hr,144.93222,-37.80371,Intersection,MELBOURNE,Metro,2,0,2,0,0,0,0,No
2018,September,13/9/18,12.15.00,Collision with vehicle,Thursday,No,Day,Other injury accident,70 km/hr,145.17916,-37.79648,Intersection,MANNINGHAM,Metro,6,0,3,3,1,1,0,No
2018,September,13/9/18,07.45.00,Collision with vehicle,Thursday,No,Unk.,Serious injury accident,50 km/hr,144.97719,-37.84139,Intersection,PORT PHILLIP,Metro,2,0,2,0,0,0,0,No
2018,September,13/9/18,14.15.00,Collision with vehicle,Thursday,No,Day,Serious injury accident,60 km/hr,144.28742,-36.75834,Intersection,BENDIGO,Country,3,0,2,1,0,0,2,No
2018,September,13/9/18,10.20.00,Collision with object,Wednesday,No,Unk.,Fatal accident,100 km/hr,145.79411,-38.2999,Off Road,SOUTH GIPPSLAND,Country,1,1,0,1,0,0,0,No
2018,September,13/9/18,14.30.00,Collision with object,Thursday,No,Day,Other injury accident,100 km/hr,145.38031,-37.12209,Non-Intersection,MURRINDINDI,Country,2,0,1,1,0,0,0,No
2018,September,13/9/18,21.00.00,Struck pedestrian,Thursday,Yes,Dark,Other injury accident,50 km/hr,143.82956,-37.58387,Non-Intersection,BALLARAT,Country,2,0,1,0,0,0,0,No
2018,September,13/9/18,14.05.00,Collision with object,Thursday,No,Day,Other injury accident,70 km/hr,145.11536,-37.84995,Non-Intersection,WHITEHORSE,Metro,2,0,2,0,1,0,0,No
2018,September,13/9/18,13.00.00,Struck pedestrian,Thursday,Yes,Day,Other injury accident,50 km/hr,144.99931,-37.68973,Non-Intersection,WHITTLESEA,Metro,2,0,1,1,0,0,0,No
2018,September,13/9/18,09.00.00,Collision with vehicle,Thursday,No,Day,Serious injury accident,60 km/hr,144.75558,-37.69761,Intersection,BRIMBANK,Metro,4,0,0,2,2,0,0,No
2018,September,13/9/18,15.45.00,Collision with vehicle,Wednesday,No,Day,Other injury accident,60 km/hr,146.26827,-38.17787,Non-Intersection,LATROBE,Country,2,0,0,2,0,0,1,No
2018,September,13/9/18,15.45.00,Collision with vehicle,Thursday,No,Day,Serious injury accident,60 km/hr,144.58378,-37.46761,Non-Intersection,MACEDON RANGES,Country,4,0,2,2,1,0,0,No
2018,September,13/9/18,16.20.00,Collision with vehicle,Thursday,No,Day,Serious injury accident,80 km/hr,145.32812,-38.11404,Intersection,CASEY,Metro,3,0,2,1,1,0,0,No
2018,September,13/9/18,16.24.00,Collision with vehicle,Thursday,No,Day,Other injury accident,60 km/hr,145.18679,-38.03499,Intersection,DANDENONG,Metro,2,0,0,2,0,0,1,No
2018,September,13/9/18,16.15.00,Collision with vehicle,Wednesday,No,Day,Other injury accident,40 km/hr,144.66807,-37.85479,Intersection,WYNDHAM,Metro,2,0,1,1,0,0,0,No
2018,September,13/9/18,15.39.00,Collision with vehicle,Thursday,No,Day,Other injury accident,80 km/hr,144.77133,-37.76978,Intersection,BRIMBANK,Metro,3,0,1,2,1,0,1,No
2018,September,13/9/18,19.15.00,Collision with vehicle,Thursday,No,Dark,Other injury accident,70 km/hr,144.76386,-37.67715,Non-Intersection,BRIMBANK,Metro,3,0,2,1,1,0,1,No
2018,September,13/9/18,20.14.00,Collision with vehicle,Thursday,No,Dark,Other injury accident,60 km/hr,145.0803,-37.81832,Intersection,BOROONDARA,Metro,3,0,2,0,1,0,1,No
2018,September,13/9/18,16.05.00,Collision with vehicle,Thursday,No,Day,Other injury accident,60 km/hr,145.06412,-37.79278,Non-Intersection,BOROONDARA,Metro,3,0,0,3,1,0,0,No
2018,September,13/9/18,04.51.00,Collision with object,Thursday,No,Dark,Other injury accident,60 km/hr,145.02703,-37.60807,Non-Intersection,WHITTLESEA,Metro,1,0,1,0,0,0,0,No
2018,September,13/9/18,19.55.00,Collision with vehicle,Thursday,No,Dark,Serious injury accident,70 km/hr,145.36714,-38.04344,Non-Intersection,CARDINIA,Metro,3,0,0,2,1,0,0,No
2018,September,13/9/18,05.00.00,Collision with vehicle,Thursday,No,Dark,Other injury accident,80 km/hr,145.19584,-37.90752,Intersection,MONASH,Metro,4,0,2,2,2,0,0,No
2018,September,14/9/18,12.40.00,Collision with object,Friday,No,Day,Fatal accident,100 km/hr,145.41631,-37.09375,Non-Intersection,MURRINDINDI,Country,1,1,1,0,0,0,0,No
2018,September,14/9/18,16.40.00,Collision with vehicle,Friday,No,Day,Other injury accident,60 km/hr,145.02227,-37.74448,Intersection,DAREBIN,Metro,3,0,2,1,1,1,0,No
2018,September,14/9/18,15.05.00,Collision with vehicle,Thursday,No,Day,Other injury accident,100 km/hr,145.33707,-38.04288,Non-Intersection,CASEY,Metro,4,0,3,1,0,0,1,No
2018,September,14/9/18,14.37.00,Collision with vehicle,Friday,No,Day,Other injury accident,60 km/hr,144.95625,-37.80379,Intersection,MELBOURNE,Metro,2,0,1,1,0,0,0,No
2018,September,14/9/18,15.30.00,Struck pedestrian,Thursday,No,Day,Other injury accident,40 km/hr,143.84088,-37.58516,Intersection,BALLARAT,Country,2,0,1,1,0,0,0,No
2018,September,14/9/18,18.25.00,Collision with vehicle,Friday,No,Dark,Other injury accident,80 km/hr,145.30474,-38.03874,Intersection,CASEY,Metro,7,0,4,3,4,0,2,No
2018,September,14/9/18,20.18.00,Struck pedestrian,Thursday,No,Dark,Serious injury accident,40 km/hr,144.89665,-37.85877,Intersection,HOBSONS BAY,Metro,2,0,1,1,0,0,0,No
2018,September,14/9/18,14.20.00,Collision with vehicle,Friday,No,Day,Fatal accident,100 km/hr,148.60193,-37.70007,Non-Intersection,EAST GIPPSLAND,Country,3,1,3,0,1,0,1,Yes
2018,September,14/9/18,21.10.00,Collision with object,Friday,No,Dark,Serious injury accident,100 km/hr,144.68068,-37.20889,Non-Intersection,MACEDON RANGES,Country,1,0,1,0,0,0,0,No
2018,September,14/9/18,22.57.00,No collision and no object struck,Friday,No,Dark,Other injury accident,80 km/hr,145.49276,-37.94016,Non-Intersection,CARDINIA,Metro,1,0,1,0,0,0,0,Yes
2018,September,14/9/18,19.37.00,Collision with vehicle,Friday,No,Dark,Other injury accident,100 km/hr,148.60486,-37.70101,Non-Intersection,EAST GIPPSLAND,Country,2,0,2,0,0,0,0,No
2018,September,14/9/18,08.35.00,Collision with vehicle,Thursday,No,Day,Other injury accident,60 km/hr,144.97661,-37.83972,Non-Intersection,PORT PHILLIP,Metro,2,0,1,0,0,0,0,No
2018,September,14/9/18,15.00.00,Collision with vehicle,Thursday,Yes,Day,Other injury accident,100 km/hr,144.75899,-37.5972,Intersection,HUME,Metro,2,0,2,0,0,0,0,No
2018,September,14/9/18,08.00.00,Collision with vehicle,Thursday,No,Day,Other injury accident,60 km/hr,145.05929,-37.77282,Non-Intersection,BANYULE,Metro,2,0,1,1,0,0,0,No
2018,September,14/9/18,19.45.00,Collision with vehicle,Friday,No,Dark,Other injury accident,40 km/hr,144.27835,-36.75947,Intersection,BENDIGO,Country,2,0,0,2,0,0,0,No
2018,September,14/9/18,07.45.00,Collision with vehicle,Thursday,No,Day,Other injury accident,50 km/hr,145.07021,-37.86507,Intersection,BOROONDARA,Metro,2,0,1,1,0,0,0,No
2018,September,14/9/18,17.20.00,Collision with vehicle,Thursday,No,Day,Other injury accident,80 km/hr,145.18617,-37.95957,Non-Intersection,DANDENONG,Metro,3,0,1,2,0,0,1,No
2018,September,14/9/18,09.00.00,Collision with vehicle,Friday,No,Day,Other injury accident,60 km/hr,144.81792,-37.74639,Non-Intersection,BRIMBANK,Metro,2,0,1,1,0,0,0,No
2018,September,14/9/18,08.08.00,Collision with vehicle,Thursday,No,Day,Serious injury accident,80 km/hr,145.38871,-38.05631,Non-Intersection,CARDINIA,Metro,2,0,2,0,0,0,0,No
2018,September,14/9/18,08.45.00,Collision with vehicle,Thursday,No,Day,Serious injury accident,50 km/hr,145.15296,-37.78628,Intersection,MANNINGHAM,Metro,6,0,3,3,4,0,0,No
2018,September,14/9/18,11.30.00,Struck pedestrian,Friday,No,Day,Serious injury accident,60 km/hr,145.26733,-38.03485,Non-Intersection,CASEY,Metro,2,0,0,2,0,0,1,No
2018,September,14/9/18,09.09.00,Collision with vehicle,Friday,No,Day,Other injury accident,50 km/hr,145.04149,-37.71601,Non-Intersection,DAREBIN,Metro,2,0,1,1,0,0,1,No
2018,September,14/9/18,10.25.00,Collision with vehicle,Friday,No,Day,Serious injury accident,50 km/hr,145.26962,-37.78304,Intersection,MAROONDAH,Metro,2,0,2,0,0,1,0,No
2018,September,14/9/18,07.00.00,Collision with object,Friday,No,Unk.,Fatal accident,100 km/hr,146.50272,-38.67726,Non-Intersection,SOUTH GIPPSLAND,Country,1,1,1,0,0,0,0,No
2018,September,14/9/18,13.12.00,Collision with vehicle,Friday,No,Day,Fatal accident,80 km/hr,146.09905,-37.04456,Intersection,MANSFIELD,Country,2,1,1,1,0,1,1,No
2018,September,14/9/18,13.05.00,Collision with vehicle,Thursday,No,Day,Other injury accident,50 km/hr,144.14367,-37.34108,Non-Intersection,HEPBURN,Country,2,0,2,0,0,0,0,No
2018,September,14/9/18,07.27.00,Collision with vehicle,Friday,No,Day,Serious injury accident,60 km/hr,144.71022,-37.55975,Intersection,HUME,Metro,2,0,1,1,0,0,1,No
2018,September,14/9/18,15.30.00,Collision with vehicle,Thursday,No,Day,Other injury accident,40 km/hr,144.94501,-37.81499,Intersection,MELBOURNE,Metro,2,0,0,2,0,0,1,No
2018,September,14/9/18,21.30.00,No collision and no object struck,Friday,No,Dark,Other injury accident,70 km/hr,144.77549,-37.69407,Non-Intersection,BRIMBANK,Metro,2,0,1,1,1,0,0,No
2018,September,15/9/18,01.05.00,Collision with vehicle,Saturday,No,Dark,Serious injury accident,60 km/hr,144.85943,-37.67809,Intersection,HUME,Metro,4,0,3,1,2,0,0,No
2018,September,15/9/18,08.45.00,Collision with vehicle,Saturday,No,Day,Other injury accident,100 km/hr,144.64226,-37.71728,Non-Intersection,MELTON,Metro,2,0,1,1,0,0,0,No
2018,September,15/9/18,09.00.00,No collision and no object struck,Friday,No,Day,Other injury accident,100 km/hr,145.82313,-38.05358,Non-Intersection,BAW BAW,Country,1,0,1,0,0,0,0,No
2018,September,15/9/18,09.50.00,Collision with object,Saturday,No,Day,Other injury accident,60 km/hr,145.44072,-37.89557,Non-Intersection,YARRA RANGES,Metro,2,0,2,0,1,0,0,No
2018,September,15/9/18,08.25.00,Collision with object,Friday,No,Day,Other injury accident,50 km/hr,145.33941,-38.0633,Non-Intersection,CASEY,Metro,1,0,0,1,0,0,0,No
2018,September,15/9/18,10.18.00,Collision with vehicle,Saturday,No,Day,Other injury accident,50 km/hr,145.34789,-38.03131,Intersection,CASEY,Metro,4,0,2,2,1,1,0,No
2018,September,15/9/18,11.57.00,Collision with vehicle,Friday,No,Day,Other injury accident,60 km/hr,144.94387,-37.76423,Non-Intersection,MORELAND,Metro,2,0,1,1,0,1,0,No
2018,September,15/9/18,11.00.00,Collision with vehicle,Saturday,No,Day,Other injury accident,80 km/hr,145.33028,-38.10307,Non-Intersection,CASEY,Metro,3,0,2,1,1,0,0,No
2018,September,15/9/18,10.46.00,Collision with vehicle,Saturday,No,Day,Other injury accident,60 km/hr,145.44307,-37.92263,Non-Intersection,CARDINIA,Metro,6,0,5,1,2,0,0,No
2018,September,15/9/18,13.45.00,Collision with vehicle,Saturday,No,Day,Other injury accident,50 km/hr,144.2537,-36.71865,Intersection,BENDIGO,Country,5,0,2,3,3,0,1,No
2018,September,15/9/18,11.30.00,Collision with object,Saturday,No,Day,Serious injury accident,80 km/hr,146.74759,-38.41591,Non-Intersection,WELLINGTON,Country,1,0,1,0,0,0,0,No
2018,September,15/9/18,14.44.00,Collision with vehicle,Saturday,No,Day,Serious injury accident,60 km/hr,144.90703,-37.77248,Intersection,MOONEE VALLEY,Metro,2,0,1,1,0,1,0,No
2018,September,15/9/18,14.55.00,Struck pedestrian,Saturday,No,Day,Serious injury accident,40 km/hr,144.34829,-38.14078,Intersection,GEELONG,Country,2,0,0,2,0,1,0,No
2018,September,15/9/18,15.15.00,Struck pedestrian,Friday,No,Day,Serious injury accident,60 km/hr,145.11867,-37.93008,Non-Intersection,KINGSTON,Metro,2,0,1,1,0,0,1,No