year,month,date,time,accident_type,day,hit_run,light_condition,severity,speed_zone,longitude,latitude,node_type,lga,state_div,total_persons,fatality,males,females,passengers,old_driver,young_driver,alcohol
2018,September,15/9/18,14.40.00,Collision with vehicle,Saturday,No,Day,Serious injury accident,60 km/hr,145.06279,-37.78404,Intersection,BOROONDARA,Metro,4,0,2,2,2,0,1,No
2018,September,15/9/18,18.55.00,Collision with object,Friday,No,Dark,Other injury accident,80 km/hr,145.27078,-38.00568,Non-Intersection,CASEY,Metro,1,0,0,1,0,0,0,No
2018,September,15/9/18,19.30.00,Vehicle overturned,Saturday,No,Dark,Other injury accident,40 km/hr,144.96158,-37.81693,Intersection,MELBOURNE,Metro,1,0,0,1,0,0,0,No
2018,September,15/9/18,20.00.00,Collision with vehicle,Saturday,No,Dark,Other injury accident,80 km/hr,145.15183,-37.99166,Non-Intersection,DANDENONG,Metro,13,0,6,5,10,0,0,No
2018,September,15/9/18,19.15.00,Collision with vehicle,Friday,No,Dark,Other injury accident,60 km/hr,145.38503,-37.78744,Intersection,YARRA RANGES,Metro,3,0,0,3,1,0,0,No
2018,September,15/9/18,16.50.00,Collision with vehicle,Friday,No,Day,Other injury accident,80 km/hr,145.00632,-37.89928,Intersection,GLEN EIRA,Metro,2,0,2,0,0,0,0,No
2018,September,15/9/18,06.15.00,Collision with object,Saturday,No,Dusk/Dawn,Other injury accident,80 km/hr,145.18298,-38.32554,Non-Intersection,MORNINGTON PENINSULA,Metro,1,0,0,1,0,0,1,Yes
2018,September,15/9/18,21.20.00,Collision with vehicle,Saturday,No,Dark,Other injury accident,50 km/hr,142.0124,-37.73613,Non-Intersection,SOUTHERN GRAMPIANS,Country,1,0,0,1,0,0,1,No
2018,September,15/9/18,23.22.00,Collision with vehicle,Saturday,No,Dark,Serious injury accident,60 km/hr,145.0264,-37.64314,Non-Intersection,WHITTLESEA,Metro,4,0,2,2,2,0,0,Yes
2018,September,15/9/18,19.00.00,No collision and no object struck,Saturday,No,Unk.,Other injury accident,110 km/hr,145.17907,-36.75419,Off Road,STRATHBOGIE,Country,1,0,1,0,0,0,0,No
2018,September,15/9/18,01.16.00,Collision with vehicle,Friday,No,Dark,Other injury accident,60 km/hr,144.92853,-37.64052,Non-Intersection,HUME,Metro,2,0,1,1,0,0,0,No
2018,September,15/9/18,16.39.00,Collision with vehicle,Saturday,No,Day,Other injury accident,50 km/hr,142.7652,-37.06392,Non-Intersection,NORTHERN GRAMPIANS,Country,2,0,1,1,0,0,0,No
2018,September,15/9/18,12.00.00,No collision and no object struck,Saturday,No,Day,Other injury accident,100 km/hr,149.66572,-37.49563,Non-Intersection,EAST GIPPSLAND,Country,1,0,1,0,0,0,0,No
2018,September,16/9/18,00.04.00,Collision with object,Sunday,No,Dark,Other injury accident,60 km/hr,144.50299,-38.27656,Non-Intersection,GEELONG,Country,1,0,1,0,0,0,1,Yes
2018,September,16/9/18,00.36.00,Collision with object,Sunday,No,Dark,Serious injury accident,100 km/hr,146.58713,-38.28939,Intersection,LATROBE,Country,1,0,1,0,0,0,1,Yes
2018,September,16/9/18,03.42.00,Vehicle overturned,Sunday,No,Dark,Other injury accident,50 km/hr,145.01644,-37.62181,Off Road,WHITTLESEA,Metro,2,0,2,0,1,0,0,Yes
2018,September,16/9/18,09.50.00,Collision with vehicle,Sunday,No,Day,Other injury accident,60 km/hr,145.12523,-37.78933,Non-Intersection,MANNINGHAM,Metro,4,0,0,4,2,0,0,No
2018,September,16/9/18,10.05.00,Collision with vehicle,,No,Day,Other injury accident,60 km/hr,145.02819,-38.22699,Intersection,MORNINGTON PENINSULA,Metro,2,0,1,1,0,0,0,No
2018,September,16/9/18,11.10.00,Collision with vehicle,Sunday,No,Day,Other injury accident,40 km/hr,144.99982,-37.76326,Intersection,DAREBIN,Metro,2,0,2,0,0,0,1,No
2018,September,16/9/18,07.53.00,Other accident,Sunday,No,Day,Serious injury accident,60 km/hr,145.21594,-37.97749,Non-Intersection,DANDENONG,Metro,3,0,2,1,1,0,0,No
2018,September,16/9/18,11.00.00,Collision with object,Sunday,No,Day,Other injury accident,100 km/hr,146.73179,-36.45532,Non-Intersection,INDIGO,Country,1,0,1,0,0,0,0,No
2018,September,16/9/18,10.00.00,Collision with vehicle,Sunday,No,Day,Other injury accident,60 km/hr,145.41481,-37.86182,Intersection,YARRA RANGES,Metro,5,0,3,2,2,0,1,No
2018,September,16/9/18,11.20.00,Vehicle overturned,Sunday,No,Day,Other injury accident,50 km/hr,144.71016,-36.92402,Non-Intersection,BENDIGO,Country,2,0,1,1,0,0,0,No
2018,September,16/9/18,08.40.00,Collision with vehicle,Sunday,No,Day,Serious injury accident,60 km/hr,145.26776,-37.84009,Intersection,KNOX,Metro,5,0,5,0,0,0,0,No
2018,September,16/9/18,14.50.00,Collision with vehicle,Sunday,No,Day,Other injury accident,80 km/hr,145.22715,-37.84891,Intersection,KNOX,Metro,8,0,6,2,5,0,0,No
2018,September,16/9/18,15.41.00,Collision with vehicle,Sunday,No,Day,Other injury accident,80 km/hr,144.93019,-37.64599,Non-Intersection,HUME,Metro,4,0,4,0,1,0,1,No
2018,September,16/9/18,16.10.00,No collision and no object struck,Sunday,No,Day,Other injury accident,60 km/hr,145.22735,-37.84248,Intersection,KNOX,Metro,2,0,1,1,0,0,1,No
2018,September,16/9/18,15.20.00,Collision with vehicle,Sunday,No,Day,Other injury accident,40 km/hr,145.05844,-37.82219,Intersection,BOROONDARA,Metro,2,0,2,0,0,0,0,No
2018,September,16/9/18,14.45.00,Collision with vehicle,Sunday,No,Day,Other injury accident,100 km/hr,142.18031,-34.26063,Intersection,MILDURA,Country,2,0,1,1,0,0,1,No
2018,September,16/9/18,13.55.00,Collision with vehicle,Sunday,No,Day,Serious injury accident,80 km/hr,145.14268,-37.97991,Intersection,KINGSTON,Metro,5,0,3,2,3,0,0,No
2018,September,16/9/18,15.22.00,Collision with vehicle,Sunday,No,Day,Serious injury accident,60 km/hr,145.10969,-38.15414,Intersection,FRANKSTON,Metro,3,0,2,1,1,0,1,No
2018,September,16/9/18,20.20.00,Collision with vehicle,Sunday,No,Dark,Serious injury accident,50 km/hr,144.93486,-37.79498,Intersection,MELBOURNE,Metro,2,0,1,1,0,0,0,No
2018,September,16/9/18,19.01.00,Collision with vehicle,Sunday,No,Dark,Serious injury accident,60 km/hr,145.16778,-37.8342,Non-Intersection,WHITEHORSE,Metro,2,0,1,1,1,1,0,No
2018,September,16/9/18,19.53.00,Collision with object,Sunday,No,Dark,Serious injury accident,50 km/hr,144.86247,-37.81564,Non-Intersection,MARIBYRNONG,Metro,1,0,1,0,0,0,0,No
2018,September,16/9/18,18.50.00,Collision with vehicle,Sunday,No,Dark,Serious injury accident,60 km/hr,144.99122,-37.76839,Intersection,DAREBIN,Metro,3,0,3,0,1,0,0,No
2018,September,16/9/18,21.32.00,Collision with vehicle,Sunday,No,Dark,Other injury accident,60 km/hr,144.80829,-37.85338,Non-Intersection,HOBSONS BAY,Metro,1,0,1,0,0,0,0,No
2018,September,16/9/18,17.15.00,Collision with vehicle,Sunday,No,Day,Other injury accident,50 km/hr,145.12764,-38.11762,Non-Intersection,FRANKSTON,Metro,3,0,0,3,2,0,0,No
2018,September,16/9/18,18.55.00,Collision with vehicle,,No,Dark,Other injury accident,50 km/hr,145.10091,-38.02384,Non-Intersection,KINGSTON,Metro,2,0,0,2,1,0,0,No
2018,September,16/9/18,00.40.00,Collision with object,Sunday,No,Dark,Other injury accident,60 km/hr,144.32296,-38.14,Intersection,GEELONG,Country,1,0,0,1,0,0,0,No
2018,September,16/9/18,16.28.00,Collision with vehicle,Sunday,No,Day,Serious injury accident,100 km/hr,146.50243,-38.20715,Intersection,LATROBE,Country,3,0,0,3,1,0,1,No
2018,September,16/9/18,17.05.00,Collision with object,Sunday,No,Day,Other injury accident,70 km/hr,144.83773,-37.77815,Non-Intersection,BRIMBANK,Metro,3,0,0,2,1,0,0,No
2018,September,16/9/18,13.25.00,Collision with vehicle,,No,Day,Other injury accident,60 km/hr,144.81505,-37.74605,Intersection,BRIMBANK,Metro,3,0,2,1,1,0,1,No
2018,September,16/9/18,10.15.00,Collision with vehicle,Sunday,No,Day,Other injury accident,100 km/hr,145.45154,-38.53223,Non-Intersection,BASS COAST,Country,2,0,0,2,0,0,0,No
2018,September,17/9/18,02.36.00,Vehicle overturned,Sunday,No,Dark,Other injury accident,60 km/hr,144.88213,-37.82027,Intersection,MARIBYRNONG,Metro,1,0,1,0,0,0,0,Yes
2018,September,17/9/18,06.30.00,Collision with vehicle,Monday,No,Day,Other injury accident,60 km/hr,145.2009,-38.03802,Non-Intersection,DANDENONG,Metro,2,0,1,1,0,0,0,No
2018,September,17/9/18,06.08.00,Collision with vehicle,Monday,No,Day,Other injury accident,100 km/hr,145.31738,-38.025,Non-Intersection,CASEY,Metro,3,0,3,0,0,0,0,No
2018,September,17/9/18,06.00.00,No collision and no object struck,Monday,No,Day,Serious injury accident,80 km/hr,144.66626,-37.6985,Non-Intersection,MELTON,Metro,1,0,0,1,0,0,1,No
2018,September,17/9/18,08.45.00,Collision with vehicle,Monday,No,Day,Serious injury accident,80 km/hr,145.10565,-38.23264,Non-Intersection,MORNINGTON PENINSULA,Metro,5,0,1,4,0,0,0,No
2018,September,17/9/18,09.35.00,Collision with vehicle,Monday,No,Day,Other injury accident,80 km/hr,145.24795,-37.87297,Intersection,KNOX,Metro,2,0,0,2,0,0,1,No
2018,September,17/9/18,08.20.00,Collision with vehicle,Monday,No,Day,Other injury accident,80 km/hr,145.48507,-38.07195,Intersection,CARDINIA,Metro,4,0,2,2,2,0,0,No
2018,September,17/9/18,08.20.00,Collision with vehicle,Monday,No,Day,Serious injury accident,100 km/hr,146.11542,-36.86179,Non-Intersection,BENALLA,Country,2,0,2,0,0,0,0,No
2018,September,17/9/18,08.00.00,Collision with vehicle,Monday,No,Day,Serious injury accident,80 km/hr,145.05887,-37.85867,Non-Intersection,STONNINGTON,Metro,3,0,2,1,0,0,0,No
2018,September,17/9/18,08.45.00,Vehicle overturned,Monday,Not known,Day,Serious injury accident,60 km/hr,144.23938,-36.79623,Intersection,BENDIGO,Country,1,0,1,0,0,0,0,No
2018,September,17/9/18,05.30.00,Vehicle overturned,Monday,No,Dusk/Dawn,Serious injury accident,100 km/hr,142.97548,-36.65272,Intersection,NORTHERN GRAMPIANS,Country,1,0,1,0,0,0,0,No
2018,September,17/9/18,14.05.00,Collision with vehicle,Monday,Yes,Day,Serious injury accident,60 km/hr,142.47404,-38.37205,Intersection,WARRNAMBOOL,Country,3,0,2,1,1,0,0,No
2018,September,17/9/18,09.45.00,Vehicle overturned,Monday,No,Day,Other injury accident,50 km/hr,145.16401,-37.77768,Intersection,MANNINGHAM,Metro,1,0,1,0,0,0,1,No
2018,September,17/9/18,14.10.00,Collision with vehicle,Monday,No,Day,Other injury accident,80 km/hr,145.27858,-38.08709,Intersection,CASEY,Metro,2,0,1,1,0,0,0,No
2018,September,17/9/18,13.50.00,Collision with vehicle,Sunday,No,Day,Serious injury accident,60 km/hr,144.30766,-38.14248,Intersection,GEELONG,Country,2,0,2,0,0,0,0,No
2018,September,17/9/18,09.20.00,No collision and no object struck,Monday,No,Day,Other injury accident,40 km/hr,144.99704,-37.77911,Intersection,DAREBIN,Metro,1,0,0,1,0,0,0,No
2018,September,17/9/18,17.41.00,Struck pedestrian,Monday,No,Day,Serious injury accident,60 km/hr,145.11043,-37.84157,Intersection,WHITEHORSE,Metro,2,0,2,0,0,0,0,No
2018,September,17/9/18,17.23.00,Collision with vehicle,Sunday,No,Day,Serious injury accident,60 km/hr,145.12645,-37.67197,Non-Intersection,NILLUMBIK,Metro,6,0,2,4,4,0,1,No
2018,September,17/9/18,16.30.00,Collision with vehicle,Sunday,No,Day,Other injury accident,60 km/hr,144.85409,-38.36886,Intersection,MORNINGTON PENINSULA,Metro,2,0,1,1,0,0,1,Yes
2018,September,17/9/18,18.32.00,Collision with vehicle,Monday,No,Dark,Other injury accident,80 km/hr,145.17068,-38.15634,Intersection,FRANKSTON,Metro,4,0,2,2,2,0,0,No
2018,September,17/9/18,15.15.00,Collision with vehicle,Monday,No,Day,Other injury accident,80 km/hr,142.1205,-34.2282,Intersection,MILDURA,Country,3,0,2,1,1,1,0,No
2018,September,17/9/18,14.40.00,Collision with vehicle,Monday,No,Day,Other injury accident,50 km/hr,142.15986,-34.18388,Non-Intersection,MILDURA,Country,2,0,1,1,0,0,0,No
2018,September,17/9/18,22.57.00,Collision with vehicle,Sunday,No,Dark,Other injury accident,100 km/hr,144.76724,-37.86839,Non-Intersection,HOBSONS BAY,Metro,2,0,1,1,0,0,0,No
2018,September,17/9/18,19.15.00,Collision with object,Monday,No,Dark,Other injury accident,80 km/hr,146.11781,-37.05858,Non-Intersection,MANSFIELD,Country,2,0,2,0,1,0,0,No
2018,September,17/9/18,15.30.00,Struck pedestrian,Sunday,No,Day,Other injury accident,60 km/hr,145.01384,-37.84167,Intersection,STONNINGTON,Metro,2,0,1,1,0,0,1,No
2018,September,17/9/18,14.15.00,Collision with vehicle,Sunday,No,Day,Other injury accident,80 km/hr,145.23479,-37.91876,Non-Intersection,KNOX,Metro,3,0,3,0,1,0,0,No
2018,September,17/9/18,08.50.00,Collision with vehicle,Monday,No,Day,Other injury accident,70 km/hr,144.7165,-37.83687,Intersection,WYNDHAM,Metro,2,0,1,1,0,0,1,No
2018,September,18/9/18,17.15.00,Collision with vehicle,Tuesday,No,Day,Other injury accident,60 km/hr,145.24248,-38.07244,Non-Intersection,CASEY,Metro,4,0,2,0,2,0,0,No
2018,September,18/9/18,18.15.00,Collision with vehicle,Monday,No,Dusk/Dawn,Other injury accident,60 km/hr,144.7589,-37.85506,Non-Intersection,WYNDHAM,Metro,3,0,3,0,1,0,0,No
2018,September,18/9/18,13.12.00,Collision with vehicle,Tuesday,No,Day,Fatal accident,80 km/hr,145.1587,-37.91848,Intersection,MONASH,Metro,4,1,3,1,1,1,1,No
2018,September,18/9/18,06.00.00,Collision with vehicle,Tuesday,No,Day,Serious injury accident,80 km/hr,145.29521,-38.1328,Intersection,CASEY,Metro,2,0,2,0,0,0,0,No
2018,September,18/9/18,06.10.00,Collision with vehicle,Monday,Yes,Day,Serious injury accident,50 km/hr,145.02175,-37.81489,Intersection,BOROONDARA,Metro,2,0,0,1,0,0,0,No
2018,September,18/9/18,07.55.00,Struck pedestrian,Tuesday,No,Day,Serious injury accident,60 km/hr,144.8124,-37.8641,Non-Intersection,HOBSONS BAY,Metro,2,0,0,2,0,0,0,No
2018,September,18/9/18,07.45.00,Collision with object,Monday,No,Day,Other injury accident,50 km/hr,145.52653,-37.92363,Non-Intersection,CARDINIA,Metro,1,0,0,1,0,0,0,No
2018,September,18/9/18,08.50.00,Collision with vehicle,Tuesday,No,Day,Serious injury accident,50 km/hr,144.88445,-37.80772,Non-Intersection,MARIBYRNONG,Metro,2,0,2,0,0,0,1,No
2018,September,18/9/18,07.08.00,Collision with vehicle,Tuesday,No,Dusk/Dawn,Other injury accident,60 km/hr,143.26473,-36.62254,Intersection,NORTHERN GRAMPIANS,Country,3,0,3,0,0,0,1,No
2018,September,18/9/18,11.00.00,Collision with vehicle,Tuesday,No,Day,Serious injury accident,60 km/hr,145.3271,-37.7987,Intersection,YARRA RANGES,Metro,3,0,2,1,1,0,0,No
2018,September,18/9/18,11.23.00,Collision with vehicle,Tuesday,No,Day,Other injury accident,70 km/hr,145.15719,-37.90313,Non-Intersection,MONASH,Metro,5,0,3,2,3,0,0,No
2018,September,18/9/18,07.19.00,Collision with vehicle,Tuesday,No,Day,Fatal accident,100 km/hr,144.80247,-37.76715,Non-Intersection,BRIMBANK,Metro,4,1,4,0,0,0,1,No
2018,September,18/9/18,11.50.00,Collision with vehicle,Tuesday,No,Day,Other injury accident,60 km/hr,143.88115,-37.41794,Non-Intersection,HEPBURN,Country,2,0,1,1,0,0,0,No
2018,September,18/9/18,10.20.00,Collision with object,Tuesday,No,Day,Other injury accident,80 km/hr,144.89097,-37.79989,Non-Intersection,MARIBYRNONG,Metro,1,0,1,0,0,0,0,No
2018,September,18/9/18,11.10.00,Vehicle overturned,Tuesday,No,Day,Other injury accident,100 km/hr,146.47151,-36.72412,Non-Intersection,WANGARATTA,Country,2,0,2,0,1,1,0,No
2018,September,18/9/18,08.57.00,Collision with vehicle,Monday,No,Day,Serious injury accident,60 km/hr,144.53791,-38.25769,Non-Intersection,GEELONG,Country,3,0,2,1,1,0,2,No
2018,September,18/9/18,17.16.00,Collision with vehicle,Tuesday,Yes,Day,Other injury accident,60 km/hr,144.97153,-37.85988,Non-Intersection,PORT PHILLIP,Metro,5,0,1,3,0,0,1,No
2018,September,18/9/18,17.50.00,Collision with object,Tuesday,No,Dusk/Dawn,Other injury accident,80 km/hr,145.15707,-37.61052,Non-Intersection,NILLUMBIK,Metro,2,0,1,1,1,0,1,No
2018,September,18/9/18,17.00.00,No collision and no object struck,Monday,No,Day,Other injury accident,100 km/hr,141.36125,-36.99352,Non-Intersection,WEST WIMMERA,Country,1,0,0,1,0,0,1,No
2018,September,18/9/18,21.30.00,Collision with vehicle,Tuesday,No,Dark,Serious injury accident,60 km/hr,144.95775,-37.80247,Non-Intersection,MELBOURNE,Metro,2,0,2,0,0,0,1,No
2018,September,18/9/18,15.39.00,Collision with vehicle,Tuesday,No,Day,Serious injury accident,70 km/hr,145.07705,-37.95178,Non-Intersection,KINGSTON,Metro,2,0,1,1,0,0,0,No
2018,September,18/9/18,15.05.00,Collision with object,Tuesday,No,Day,Fatal accident,100 km/hr,143.0664,-38.45566,Non-Intersection,CORANGAMITE,Country,3,1,0,2,2,0,1,No
2018,September,18/9/18,19.47.00,Collision with vehicle,Tuesday,No,Dark,Serious injury accident,40 km/hr,144.98039,-37.85798,Intersection,PORT PHILLIP,Metro,2,0,2,0,0,0,1,No
2018,September,18/9/18,21.55.00,Collision with vehicle,Monday,No,Dark,Other injury accident,60 km/hr,143.84116,-37.59874,Intersection,BALLARAT,Country,2,0,0,2,0,0,0,No
2018,September,18/9/18,20.30.00,Struck pedestrian,Tuesday,No,Dark,Other injury accident,50 km/hr,144.68596,-37.86021,Intersection,WYNDHAM,Metro,2,0,2,0,0,0,0,No
2018,September,18/9/18,15.00.00,Collision with vehicle,Tuesday,No,Day,Other injury accident,80 km/hr,144.8557,-37.72646,Non-Intersection,BRIMBANK,Metro,2,0,1,1,0,0,0,No
2018,September,19/9/18,01.45.00,Collision with object,Wednesday,No,Dark,Serious injury accident,60 km/hr,144.39765,-38.17872,Non-Intersection,GEELONG,Country,2,0,1,0,0,0,1,No
2018,September,19/9/18,02.52.00,Collision with vehicle,Wednesday,No,Dark,Other injury accident,80 km/hr,144.99911,-37.64926,Intersection,WHITTLESEA,Metro,2,0,2,0,0,0,1,No
2018,September,19/9/18,07.30.00,Collision with vehicle,Tuesday,No,Day,Other injury accident,80 km/hr,145.30127,-38.05492,Intersection,CASEY,Metro,2,0,1,1,0,0,1,No
2018,September,19/9/18,09.18.00,Collision with vehicle,Wednesday,No,Day,Other injury accident,60 km/hr,144.86447,-37.73633,Intersection,MOONEE VALLEY,Metro,2,0,1,1,0,0,0,No
2018,September,19/9/18,10.20.00,Collision with vehicle,Wednesday,No,Day,Other injury accident,60 km/hr,145.28523,-38.50475,Non-Intersection,BASS COAST,Country,4,0,0,2,2,0,0,No
2018,September,19/9/18,08.00.00,Collision with vehicle,Tuesday,No,Day,Serious injury accident,100 km/hr,145.3797,-38.14043,Intersection,CASEY,Metro,4,0,3,1,0,0,1,No
2018,September,19/9/18,11.45.00,Collision with vehicle,Wednesday,No,Day,Serious injury accident,100 km/hr,145.8121,-36.44171,Intersection,BENALLA,Country,6,0,1,4,4,0,0,No
2018,September,19/9/18,07.50.00,Collision with vehicle,Wednesday,No,Day,Other injury accident,60 km/hr,145.1152,-37.82799,Intersection,WHITEHORSE,Metro,2,0,1,1,0,0,1,No
2018,September,19/9/18,09.15.00,Struck pedestrian,Wednesday,No,Day,Other injury accident,40 km/hr,144.34472,-38.15465,Non-Intersection,GEELONG,Country,2,0,0,2,0,0,0,No
2018,September,19/9/18,12.25.00,Collision with vehicle,Wednesday,No,Day,Serious injury accident,80 km/hr,145.05681,-38.2204,Intersection,MORNINGTON PENINSULA,Metro,2,0,0,1,0,1,0,No
2018,September,19/9/18,10.30.00,Collision with vehicle,Wednesday,No,Day,Other injury accident,80 km/hr,144.71048,-37.61148,Intersection,HUME,Metro,3,0,2,1,1,0,1,No
2018,September,19/9/18,12.55.00,Collision with vehicle,Wednesday,No,Day,Other injury accident,100 km/hr,144.43636,-37.77675,Intersection,MOORABOOL,Country,2,0,2,0,0,0,0,No
2018,September,19/9/18,09.26.00,Collision with vehicle,Wednesday,No,Day,Other injury accident,50 km/hr,144.94901,-37.7673,Intersection,MORELAND,Metro,2,0,0,2,0,0,0,No
2018,September,19/9/18,15.15.00,No collision and no object struck,Wednesday,No,Day,Other injury accident,50 km/hr,144.65293,-38.12083,Intersection,GEELONG,Country,2,0,1,1,0,0,0,No
2018,September,19/9/18,15.50.00,Collision with vehicle,Wednesday,No,Day,Other injury accident,50 km/hr,144.81514,-37.74228,Intersection,BRIMBANK,Metro,9,0,4,5,6,0,0,No
2018,September,19/9/18,15.10.00,Struck pedestrian,Tuesday,No,Day,Other injury accident,60 km/hr,145.01341,-37.81185,Non-Intersection,YARRA RANGES,Metro,2,0,0,2,0,0,0,No
2018,September,19/9/18,00.00.00,Other accident,Wednesday,Not known,Unk.,Serious injury accident,50 km/hr,145.30735,-38.02865,Non-Intersection,CASEY,Metro,1,0,0,1,0,0,0,No
2018,September,19/9/18,17.15.00,Struck pedestrian,Tuesday,No,Day,Other injury accident,70 km/hr,144.31754,-38.19737,Non-Intersection,GEELONG,Country,2,0,2,0,0,0,0,No
2018,September,19/9/18,17.10.00,Collision with vehicle,Wednesday,No,Day,Other injury accident,60 km/hr,144.35445,-38.15476,Intersection,GEELONG,Country,3,0,1,2,1,0,2,No
2018,September,19/9/18,18.00.00,Collision with object,Wednesday,No,Day,Serious injury accident,100 km/hr,144.62321,-37.45851,Intersection,MACEDON RANGES,Country,1,0,1,0,0,0,1,No
2018,September,19/9/18,20.05.00,Collision with vehicle,Tuesday,Yes,Dark,Other injury accident,60 km/hr,144.96839,-37.79226,Intersection,MELBOURNE,Metro,3,0,3,0,0,0,1,No
2018,September,19/9/18,21.10.00,Collision with vehicle,Tuesday,Yes,Dark,Other injury accident,70 km/hr,145.01534,-37.67236,Non-Intersection,WHITTLESEA,Metro,2,0,1,0,0,0,0,No
2018,September,19/9/18,17.30.00,Collision with object,Tuesday,No,Day,Other injury accident,100 km/hr,144.99777,-37.15637,Non-Intersection,MITCHELL,Country,1,0,1,0,0,0,1,No
2018,September,19/9/18,22.05.00,Collision with vehicle,Wednesday,Yes,Dark,Other injury accident,60 km/hr,144.92393,-37.77256,Intersection,MOONEE VALLEY,Metro,3,0,2,0,1,0,0,No
2018,September,19/9/18,21.06.00,Struck pedestrian,Wednesday,No,Dark,Serious injury accident,60 km/hr,144.86238,-37.79767,Intersection,MARIBYRNONG,Metro,3,0,2,1,1,0,1,No
2018,September,19/9/18,18.30.00,Collision with vehicle,Tuesday,No,Dark,Other injury accident,100 km/hr,144.40783,-38.04359,Non-Intersection,GEELONG,Country,4,0,3,0,1,0,1,No
2018,September,19/9/18,15.30.00,Struck pedestrian,Tuesday,No,Day,Other injury accident,100 km/hr,144.43636,-37.77675,Intersection,MOORABOOL,Country,2,0,1,0,0,0,0,No
2018,September,19/9/18,11.45.00,Collision with vehicle,Wednesday,No,Day,Serious injury accident,40 km/hr,145.06962,-37.85054,Non-Intersection,BOROONDARA,Metro,2,0,1,0,0,0,0,No
2018,September,19/9/18,07.30.00,Collision with vehicle,Tuesday,No,Day,Other injury accident,60 km/hr,145.35941,-37.79695,Intersection,YARRA RANGES,Metro,2,0,1,1,0,0,0,No
2018,September,20/9/18,19.45.00,Collision with vehicle,Thursday,No,Dark,Other injury accident,60 km/hr,145.0317,-37.67024,Non-Intersection,WHITTLESEA,Metro,2,0,2,0,0,0,0,No
2018,September,20/9/18,19.16.00,Vehicle overturned,Thursday,No,Dark,Other injury accident,50 km/hr,145.10027,-37.70725,Non-Intersection,BANYULE,Metro,1,0,1,0,0,0,0,No
2018,September,20/9/18,19.20.00,Collision with vehicle,Thursday,Yes,Dark,Other injury accident,70 km/hr,145.0782,-37.88703,Intersection,STONNINGTON,Metro,2,0,1,0,0,0,0,No
2018,September,20/9/18,01.15.00,Collision with vehicle,Thursday,No,Dark,Other injury accident,60 km/hr,144.96232,-37.77731,Non-Intersection,MORELAND,Metro,1,0,0,0,0,0,0,No
2018,September,20/9/18,00.09.00,Collision with object,Wednesday,No,Dark,Other injury accident,110 km/hr,146.01122,-36.56414,Non-Intersection,BENALLA,Country,1,0,1,0,0,0,0,No
2018,September,20/9/18,06.40.00,Collision with vehicle,Wednesday,No,Day,Other injury accident,110 km/hr,144.63157,-37.70962,Non-Intersection,MELTON,Metro,4,0,3,1,0,0,2,No
2018,September,20/9/18,09.00.00,Collision with vehicle,Thursday,No,Day,Other injury accident,60 km/hr,143.80915,-37.52509,Non-Intersection,BALLARAT,Country,3,0,0,3,0,0,0,No
2018,September,20/9/18,08.15.00,Collision with vehicle,Thursday,No,Day,Other injury accident,60 km/hr,145.02778,-37.98827,Non-Intersection,BAYSIDE,Metro,2,0,1,1,0,0,1,No
2018,September,20/9/18,09.00.00,Struck pedestrian,Thursday,No,Day,Other injury accident,40 km/hr,144.73523,-37.88405,Non-Intersection,WYNDHAM,Metro,2,0,0,2,0,0,1,No
2018,September,20/9/18,09.00.00,Collision with vehicle,Thursday,No,Day,Other injury accident,60 km/hr,145.24618,-36.67637,Non-Intersection,STRATHBOGIE,Country,2,0,2,0,0,0,0,No
2018,September,20/9/18,08.31.00,Collision with vehicle,Thursday,No,Day,Other injury accident,80 km/hr,144.66124,-37.68313,Intersection,MELTON,Metro,2,0,0,2,0,0,1,No
2018,September,20/9/18,09.30.00,Collision with object,Wednesday,No,Day,Serious injury accident,60 km/hr,145.38491,-37.87146,Non-Intersection,YARRA RANGES,Metro,1,0,1,0,0,0,0,No
2018,September,20/9/18,08.45.00,Struck pedestrian,Thursday,Not known,Day,Other injury accident,50 km/hr,144.81232,-37.73866,Non-Intersection,BRIMBANK,Metro,2,0,0,1,0,0,0,No
2018,September,20/9/18,12.00.00,Collision with vehicle,Thursday,No,Day,Other injury accident,60 km/hr,144.97541,-37.82247,Non-Intersection,MELBOURNE,Metro,5,0,2,3,2,0,0,No
2018,September,20/9/18,16.40.00,Collision with object,Wednesday,No,Day,Serious injury accident,100 km/hr,145.93437,-36.54719,Non-Intersection,BENALLA,Country,1,0,1,0,0,0,1,No
2018,September,20/9/18,17.40.00,Collision with vehicle,Wednesday,No,Dusk/Dawn,Serious injury accident,80 km/hr,144.81657,-37.73131,Non-Intersection,BRIMBANK,Metro,2,0,1,1,0,0,0,No
2018,September,20/9/18,18.46.00,Collision with vehicle,Wednesday,No,Dark,Other injury accident,60 km/hr,144.9681,-37.64589,Intersection,HUME,Metro,2,0,2,0,0,0,0,No