year,month,date,time,accident_type,day,hit_run,light_condition,severity,speed_zone,longitude,latitude,node_type,lga,state_div,total_persons,fatality,males,females,passengers,old_driver,young_driver,alcohol
2018,September,20/9/18,15.45.00,Collision with vehicle,Thursday,No,Day,Other injury accident,100 km/hr,141.27167,-37.4422,Intersection,GLENELG,Country,3,0,2,1,1,1,0,No
2018,September,20/9/18,18.29.00,No collision and no object struck,Thursday,No,Dusk/Dawn,Other injury accident,80 km/hr,145.10707,-37.99139,Non-Intersection,KINGSTON,Metro,2,0,2,0,0,0,0,No
2018,September,20/9/18,20.00.00,Collision with vehicle,Thursday,No,Dark,Other injury accident,60 km/hr,144.99669,-37.78103,Intersection,DAREBIN,Metro,2,0,1,1,0,0,0,No
2018,September,20/9/18,21.11.00,Collision with object,Thursday,No,Dark,Other injury accident,80 km/hr,147.64202,-37.84175,Non-Intersection,EAST GIPPSLAND,Country,1,0,0,1,0,0,1,No
2018,September,20/9/18,23.00.00,Struck animal,Thursday,No,Dark,Serious injury accident,60 km/hr,147.93126,-37.83399,Non-Intersection,EAST GIPPSLAND,Country,1,0,1,0,0,0,0,No
2018,September,20/9/18,20.15.00,Collision with vehicle,Thursday,No,Dark,Other injury accident,100 km/hr,145.53722,-38.24612,Intersection,CARDINIA,Metro,2,0,2,0,0,0,0,No
2018,September,20/9/18,15.20.00,Collision with vehicle,Thursday,No,Day,Serious injury accident,70 km/hr,145.26039,-37.82745,Intersection,MAROONDAH,Metro,5,0,1,2,2,0,0,No
2018,September,20/9/18,14.30.00,Collision with object,Thursday,No,Day,Other injury accident,80 km/hr,147.99374,-37.86157,Non-Intersection,EAST GIPPSLAND,Country,4,0,1,3,3,0,0,No
2018,September,20/9/18,16.00.00,Collision with vehicle,Thursday,No,Day,Serious injury accident,80 km/hr,145.2016,-37.92388,Non-Intersection,MONASH,Metro,3,0,2,1,0,0,1,No
2018,September,20/9/18,12.25.00,Collision with vehicle,Thursday,No,Day,Other injury accident,60 km/hr,144.89718,-37.81438,Intersection,MARIBYRNONG,Metro,2,0,1,1,0,0,0,No
2018,September,20/9/18,08.15.00,Collision with vehicle,Thursday,No,Day,Serious injury accident,60 km/hr,145.13794,-38.07068,Non-Intersection,KINGSTON,Metro,3,0,1,2,1,0,0,No
2018,September,20/9/18,20.30.00,Collision with vehicle,Thursday,No,Dark,Other injury accident,50 km/hr,144.4746,-38.18585,Non-Intersection,GEELONG,Country,2,0,1,0,0,0,1,No
2018,September,21/9/18,12.57.00,Collision with vehicle,Friday,No,Day,Serious injury accident,50 km/hr,145.03508,-37.8241,Intersection,BOROONDARA,Metro,3,0,2,1,1,0,1,No
2018,September,21/9/18,11.00.00,Collision with vehicle,Thursday,No,Day,Serious injury accident,100 km/hr,145.4599,-37.27188,Non-Intersection,MURRINDINDI,Country,3,0,2,1,1,0,0,No
2018,September,21/9/18,15.15.00,Collision with vehicle,Friday,No,Day,Other injury accident,60 km/hr,145.21656,-36.60678,Intersection,SHEPPARTON,Country,3,0,2,1,0,0,1,No
2018,September,21/9/18,15.50.00,Collision with object,Friday,No,Day,Other injury accident,100 km/hr,144.3468,-36.91744,Non-Intersection,BENDIGO,Country,1,0,0,1,0,0,0,No
2018,September,21/9/18,16.20.00,Collision with vehicle,Friday,No,Day,Other injury accident,50 km/hr,144.80688,-37.74132,Intersection,BRIMBANK,Metro,2,0,2,0,0,0,0,No
2018,September,21/9/18,01.00.00,Collision with vehicle,Friday,No,Dark,Serious injury accident,50 km/hr,145.14344,-37.95639,Non-Intersection,DANDENONG,Metro,3,0,3,0,2,0,1,No
2018,September,21/9/18,16.20.00,Collision with vehicle,Friday,No,Day,Other injury accident,40 km/hr,145.04386,-37.76761,Non-Intersection,BANYULE,Metro,2,0,2,0,0,0,1,No
2018,September,21/9/18,14.40.00,Collision with vehicle,Thursday,No,Day,Other injury accident,80 km/hr,145.31032,-38.00832,Non-Intersection,CASEY,Metro,2,0,1,1,0,0,0,No
2018,September,21/9/18,17.40.00,Collision with vehicle,Friday,No,Day,Other injury accident,50 km/hr,143.67023,-38.75815,Non-Intersection,COLAC OTWAY,Country,3,0,1,2,1,0,1,No
2018,September,21/9/18,14.54.00,Struck pedestrian,Thursday,No,Day,Serious injury accident,50 km/hr,145.06348,-37.98583,Non-Intersection,KINGSTON,Metro,2,0,0,2,0,0,0,No
2018,September,21/9/18,14.37.00,Collision with vehicle,Friday,No,Day,Other injury accident,60 km/hr,144.9779,-37.79296,Non-Intersection,YARRA RANGES,Metro,2,0,2,0,0,0,0,No
2018,September,21/9/18,18.40.00,Struck pedestrian,Thursday,No,Dusk/Dawn,Serious injury accident,40 km/hr,144.89778,-37.80195,Intersection,MARIBYRNONG,Metro,3,0,1,2,0,0,0,No
2018,September,21/9/18,16.55.00,Vehicle overturned,Friday,No,Day,Serious injury accident,80 km/hr,143.31304,-37.40976,Non-Intersection,PYRENEES,Country,1,0,1,0,0,0,0,No
2018,September,21/9/18,14.58.00,Collision with vehicle,Friday,No,Day,Serious injury accident,70 km/hr,144.81497,-37.72907,Intersection,BRIMBANK,Metro,8,0,4,4,3,1,0,No
2018,September,21/9/18,20.20.00,Collision with vehicle,Friday,No,Dark,Serious injury accident,80 km/hr,145.13658,-37.9605,Intersection,DANDENONG,Metro,3,0,2,1,1,0,0,No
2018,September,21/9/18,17.20.00,Struck pedestrian,Thursday,No,Day,Other injury accident,50 km/hr,143.82932,-37.56309,Non-Intersection,BALLARAT,Country,2,0,1,0,0,0,0,No
2018,September,21/9/18,14.51.00,Collision with vehicle,Friday,No,Day,Other injury accident,50 km/hr,146.24696,-38.18113,Intersection,LATROBE,Country,2,0,1,1,0,0,0,No
2018,September,21/9/18,23.00.00,Collision with vehicle,Friday,Not known,Dark,Other injury accident,40 km/hr,144.9114,-37.65358,Non-Intersection,HUME,Metro,4,0,3,0,0,0,1,No
2018,September,21/9/18,05.45.00,Collision with vehicle,Thursday,No,Dusk/Dawn,Serious injury accident,70 km/hr,145.17764,-38.21647,Non-Intersection,MORNINGTON PENINSULA,Metro,3,0,2,1,0,0,1,No
2018,September,21/9/18,11.08.00,Collision with vehicle,Friday,No,Day,Other injury accident,60 km/hr,143.8503,-37.57912,Non-Intersection,BALLARAT,Country,2,0,2,0,0,0,0,No
2018,September,21/9/18,01.17.00,Collision with object,Friday,No,Dark,Other injury accident,60 km/hr,145.0468,-37.74759,Non-Intersection,BANYULE,Metro,1,0,1,0,0,0,1,No
2018,September,21/9/18,05.30.00,Struck pedestrian,Thursday,No,Dusk/Dawn,Other injury accident,50 km/hr,145.0315,-37.61211,Non-Intersection,WHITTLESEA,Metro,2,0,0,2,0,0,0,No
2018,September,21/9/18,09.10.00,Collision with vehicle,Friday,No,Day,Other injury accident,50 km/hr,143.8445,-37.56027,Intersection,BALLARAT,Country,2,0,1,1,0,0,0,No
2018,September,21/9/18,10.35.00,Struck pedestrian,Friday,No,Day,Other injury accident,60 km/hr,145.13594,-37.93065,Intersection,KINGSTON,Metro,2,0,1,1,0,0,0,No
2018,September,21/9/18,09.40.00,Collision with vehicle,Friday,No,Day,Other injury accident,60 km/hr,145.9468,-38.47593,Intersection,SOUTH GIPPSLAND,Country,3,0,1,2,1,1,0,No
2018,September,21/9/18,13.30.00,Collision with vehicle,Friday,Yes,Day,Other injury accident,40 km/hr,145.22251,-37.73636,Non-Intersection,MANNINGHAM,Metro,2,0,1,0,0,0,0,No
2018,September,21/9/18,17.45.00,No collision and no object struck,Thursday,No,Day,Other injury accident,100 km/hr,143.78702,-38.31742,Non-Intersection,COLAC OTWAY,Country,3,0,0,1,1,0,0,No
2018,September,21/9/18,13.26.00,Collision with object,Friday,Yes,Day,Other injury accident,100 km/hr,144.93418,-37.23638,Intersection,MITCHELL,Country,2,0,1,0,0,0,0,No
2018,September,21/9/18,16.00.00,Collision with vehicle,Friday,No,Day,Other injury accident,60 km/hr,144.73247,-37.57777,Intersection,HUME,Metro,2,0,0,2,0,0,1,No
2018,September,22/9/18,03.46.00,Collision with vehicle,Saturday,No,Dark,Serious injury accident,60 km/hr,145.14865,-37.81747,Non-Intersection,WHITEHORSE,Metro,1,0,1,0,0,0,0,Yes
2018,September,22/9/18,03.00.00,Collision with vehicle,Saturday,No,Dark,Serious injury accident,80 km/hr,144.92396,-37.66098,Non-Intersection,HUME,Metro,3,0,1,2,1,0,0,Yes
2018,September,22/9/18,10.40.00,Collision with vehicle,Saturday,No,Day,Other injury accident,60 km/hr,144.34457,-38.10464,Intersection,GEELONG,Country,2,0,1,1,0,0,0,No
2018,September,22/9/18,02.00.00,Vehicle overturned,Friday,No,Dark,Serious injury accident,100 km/hr,147.20825,-36.05778,Non-Intersection,TOWONG,Country,1,0,1,0,0,0,0,No
2018,September,22/9/18,13.22.00,Collision with vehicle,Friday,No,Day,Other injury accident,70 km/hr,145.13581,-37.61976,Intersection,NILLUMBIK,Metro,4,0,1,3,1,0,0,No
2018,September,22/9/18,13.45.00,Collision with vehicle,Saturday,No,Day,Other injury accident,60 km/hr,144.75489,-37.76118,Non-Intersection,MELTON,Metro,3,0,3,0,1,0,1,No
2018,September,22/9/18,15.16.00,Collision with object,Saturday,No,Day,Other injury accident,50 km/hr,144.27521,-36.75665,Non-Intersection,BENDIGO,Country,1,0,1,0,0,0,0,No
2018,September,22/9/18,17.10.00,Collision with vehicle,Saturday,No,Day,Other injury accident,50 km/hr,144.92327,-37.68569,Intersection,HUME,Metro,5,0,4,1,3,0,1,No
2018,September,22/9/18,16.40.00,Collision with vehicle,Saturday,No,Day,Other injury accident,60 km/hr,144.70128,-37.87943,Intersection,WYNDHAM,Metro,5,0,1,4,3,0,0,No
2018,September,22/9/18,18.27.00,Collision with object,Saturday,No,Day,Other injury accident,50 km/hr,145.08886,-37.66143,Non-Intersection,WHITTLESEA,Metro,1,0,1,0,0,0,0,Yes
2018,September,22/9/18,17.50.00,Collision with object,Friday,No,Day,Other injury accident,100 km/hr,147.08808,-36.13574,Non-Intersection,TOWONG,Country,1,0,0,1,0,0,0,No
2018,September,22/9/18,15.15.00,Collision with vehicle,Friday,No,Day,Other injury accident,60 km/hr,144.95863,-37.82719,Non-Intersection,MELBOURNE,Metro,3,0,1,2,1,0,1,No
2018,September,22/9/18,20.25.00,Struck animal,Friday,No,Dark,Other injury accident,80 km/hr,145.10372,-37.58388,Non-Intersection,WHITTLESEA,Metro,1,0,1,0,0,0,0,No
2018,September,22/9/18,07.55.00,Collision with vehicle,Friday,No,Day,Other injury accident,100 km/hr,145.8776,-35.99517,Intersection,MOIRA,Country,1,0,1,0,0,0,0,No
2018,September,22/9/18,17.25.00,Collision with object,Saturday,No,Day,Serious injury accident,50 km/hr,145.5495,-36.74351,Non-Intersection,STRATHBOGIE,Country,2,0,2,0,1,0,0,No
2018,September,22/9/18,22.30.00,Collision with object,Saturday,Yes,Dark,Serious injury accident,60 km/hr,145.11424,-37.74484,Non-Intersection,BANYULE,Metro,3,0,3,0,2,0,0,No
2018,September,22/9/18,18.35.00,Collision with vehicle,Saturday,No,Dusk/Dawn,Other injury accident,50 km/hr,145.04626,-37.76543,Intersection,BANYULE,Metro,3,0,2,1,1,0,0,No
2018,September,22/9/18,11.30.00,Collision with object,Friday,No,Day,Serious injury accident,80 km/hr,145.17459,-37.24499,Non-Intersection,MURRINDINDI,Country,1,0,1,0,0,0,0,No
2018,September,22/9/18,23.40.00,Collision with vehicle,Saturday,No,Dark,Other injury accident,60 km/hr,144.99671,-37.80543,Intersection,YARRA RANGES,Metro,2,0,2,0,0,0,0,No
2018,September,22/9/18,23.45.00,Collision with vehicle,Saturday,Yes,Dark,Other injury accident,80 km/hr,144.83519,-37.82572,Non-Intersection,HOBSONS BAY,Metro,3,0,3,0,1,0,0,No
2018,September,22/9/18,15.15.00,Collision with object,Saturday,No,Day,Serious injury accident,80 km/hr,145.1725,-38.09944,Intersection,FRANKSTON,Metro,1,0,0,1,0,1,0,No
2018,September,22/9/18,17.40.00,No collision and no object struck,Saturday,No,Day,Other injury accident,60 km/hr,146.26491,-38.17674,Intersection,LATROBE,Country,1,0,1,0,0,0,0,No
2018,September,23/9/18,01.15.00,Vehicle overturned,,No,Dark,Serious injury accident,60 km/hr,144.03318,-38.48034,Non-Intersection,SURF COAST,Country,1,0,0,1,0,0,1,No
2018,September,23/9/18,07.15.00,Collision with vehicle,Sunday,No,Day,Other injury accident,50 km/hr,146.88806,-36.12454,Intersection,WODONGA,Country,2,0,1,1,0,1,0,No
2018,September,23/9/18,07.20.00,Collision with object,Sunday,No,Day,Other injury accident,60 km/hr,147.0851,-37.96436,Non-Intersection,WELLINGTON,Country,2,0,0,2,1,0,0,No
2018,September,23/9/18,09.30.00,Collision with vehicle,Sunday,No,Day,Other injury accident,70 km/hr,145.27401,-37.80096,Intersection,MAROONDAH,Metro,2,0,1,1,0,0,0,No
2018,September,23/9/18,11.50.00,Collision with vehicle,Sunday,Yes,Day,Other injury accident,60 km/hr,144.76007,-37.87051,Intersection,HOBSONS BAY,Metro,2,0,1,0,0,0,0,No
2018,September,23/9/18,12.43.00,Collision with vehicle,Sunday,No,Day,Other injury accident,60 km/hr,144.87693,-37.84183,Intersection,HOBSONS BAY,Metro,3,0,2,1,1,0,0,No
2018,September,23/9/18,16.49.00,Collision with vehicle,Sunday,No,Day,Other injury accident,50 km/hr,145.27156,-38.00138,Intersection,CASEY,Metro,6,0,2,1,4,0,0,No
2018,September,23/9/18,05.00.00,Collision with vehicle,Sunday,No,Dark,Other injury accident,60 km/hr,144.73653,-37.741,Intersection,MELTON,Metro,2,0,0,2,0,0,2,Yes
2018,September,23/9/18,23.08.00,Collision with object,Sunday,No,Dark,Serious injury accident,60 km/hr,145.03478,-37.87142,Non-Intersection,GLEN EIRA,Metro,2,0,1,1,1,0,0,No
2018,September,23/9/18,09.00.00,No collision and no object struck,Sunday,No,Day,Other injury accident,60 km/hr,145.45008,-37.61539,Non-Intersection,YARRA RANGES,Metro,1,0,1,0,0,0,0,No
2018,September,23/9/18,14.30.00,Collision with vehicle,Sunday,No,Day,Other injury accident,80 km/hr,145.24921,-38.0033,Intersection,CASEY,Metro,2,0,1,1,0,0,0,No
2018,September,24/9/18,05.45.00,No collision and no object struck,Monday,No,Dusk/Dawn,Serious injury accident,60 km/hr,145.24363,-38.05358,Non-Intersection,DANDENONG,Metro,1,0,1,0,0,0,0,No
2018,September,24/9/18,07.07.00,Struck pedestrian,Monday,No,Day,Other injury accident,60 km/hr,145.06511,-37.89712,Intersection,GLEN EIRA,Metro,2,0,1,1,0,0,0,No
2018,September,24/9/18,05.00.00,Collision with object,Monday,No,Dark,Other injury accident,80 km/hr,145.8512,-37.02742,Non-Intersection,MANSFIELD,Country,1,0,1,0,0,0,1,No
2018,September,24/9/18,08.20.00,Collision with vehicle,Sunday,No,Day,Other injury accident,100 km/hr,144.81786,-37.82733,Non-Intersection,WYNDHAM,Metro,2,0,1,1,0,0,0,No
2018,September,24/9/18,11.06.00,Collision with vehicle,Monday,No,Day,Other injury accident,50 km/hr,142.16122,-34.1898,Intersection,MILDURA,Country,3,0,1,1,1,0,0,No
2018,September,24/9/18,17.30.00,No collision and no object struck,Monday,No,Day,Serious injury accident,50 km/hr,145.00516,-37.77281,Intersection,DAREBIN,Metro,1,0,1,0,0,0,0,No
2018,September,24/9/18,16.00.00,Collision with vehicle,Monday,No,Day,Other injury accident,70 km/hr,145.046,-37.71295,Intersection,DAREBIN,Metro,2,0,1,1,0,0,1,No
2018,September,24/9/18,14.00.00,Collision with vehicle,Monday,No,Day,Other injury accident,60 km/hr,145.0068,-37.91496,Intersection,BAYSIDE,Metro,2,0,0,2,0,0,0,No
2018,September,24/9/18,17.10.00,Collision with vehicle,Sunday,No,Day,Other injury accident,60 km/hr,145.11446,-37.92799,Intersection,KINGSTON,Metro,2,0,0,2,0,0,0,No
2018,September,24/9/18,17.45.00,Collision with vehicle,Monday,Yes,Day,Other injury accident,40 km/hr,144.95683,-37.82489,Non-Intersection,MELBOURNE,Metro,2,0,1,0,0,0,0,No
2018,September,24/9/18,17.10.00,Collision with vehicle,Monday,No,Day,Other injury accident,60 km/hr,144.87731,-37.80126,Non-Intersection,MARIBYRNONG,Metro,2,0,1,1,0,0,0,No
2018,September,24/9/18,19.45.00,Vehicle overturned,Monday,No,Dark,Other injury accident,100 km/hr,144.78917,-37.05206,Non-Intersection,MITCHELL,Country,2,0,1,1,1,0,1,No
2018,September,24/9/18,15.23.00,Collision with vehicle,Sunday,No,Day,Other injury accident,60 km/hr,144.36985,-38.1545,Non-Intersection,GEELONG,Country,2,0,0,2,0,0,0,No
2018,September,24/9/18,22.45.00,Collision with object,Sunday,No,Dark,Other injury accident,60 km/hr,145.04598,-37.74198,Intersection,BANYULE,Metro,1,0,0,1,0,0,0,No
2018,September,24/9/18,22.00.00,Collision with vehicle,Monday,No,Dark,Fatal accident,80 km/hr,145.23986,-37.85152,Intersection,KNOX,Metro,3,1,2,1,1,0,0,No
2018,September,24/9/18,21.46.00,Collision with object,Monday,No,Dark,Serious injury accident,100 km/hr,145.23455,-38.1018,Non-Intersection,FRANKSTON,Metro,1,0,0,1,0,0,0,No
2018,September,24/9/18,10.20.00,Collision with vehicle,Sunday,No,Day,Other injury accident,80 km/hr,144.75084,-37.81099,Non-Intersection,WYNDHAM,Metro,6,0,4,0,3,0,0,No
2018,September,24/9/18,22.03.00,Struck pedestrian,Monday,No,Dark,Fatal accident,80 km/hr,145.23986,-37.85152,Intersection,KNOX,Metro,2,1,1,1,0,0,0,No
2018,September,24/9/18,18.00.00,Collision with vehicle,Monday,No,Day,Serious injury accident,60 km/hr,145.01444,-37.73188,Non-Intersection,DAREBIN,Metro,2,0,2,0,0,0,1,No
2018,September,25/9/18,17.18.00,Collision with vehicle,Tuesday,No,Day,Other injury accident,100 km/hr,145.33129,-38.03894,Non-Intersection,CASEY,Metro,2,0,1,1,0,0,0,No
2018,September,25/9/18,05.00.00,Collision with vehicle,Tuesday,No,Dark,Other injury accident,70 km/hr,144.35197,-38.15172,Intersection,GEELONG,Country,3,0,2,1,1,0,0,No
2018,September,25/9/18,08.45.00,Struck pedestrian,Monday,No,Day,Other injury accident,50 km/hr,142.17944,-36.7137,Non-Intersection,HORSHAM,Country,2,0,1,1,0,0,0,No
2018,September,25/9/18,08.45.00,Collision with vehicle,Monday,No,Day,Other injury accident,60 km/hr,145.09466,-37.88086,Non-Intersection,MONASH,Metro,2,0,2,0,0,0,0,No
2018,September,25/9/18,09.40.00,Collision with object,Monday,No,Day,Serious injury accident,80 km/hr,145.49079,-37.74825,Non-Intersection,YARRA RANGES,Metro,1,0,1,0,0,1,0,No
2018,September,25/9/18,12.45.00,Collision with vehicle,Monday,No,Day,Other injury accident,80 km/hr,144.97861,-37.42309,Intersection,MITCHELL,Country,4,0,1,3,2,0,0,No
2018,September,25/9/18,11.48.00,Collision with object,Tuesday,No,Day,Other injury accident,60 km/hr,145.13621,-38.14658,Non-Intersection,FRANKSTON,Metro,1,0,1,0,0,1,0,No
2018,September,25/9/18,15.28.00,Collision with vehicle,Tuesday,No,Day,Other injury accident,100 km/hr,144.7795,-37.85133,Non-Intersection,HOBSONS BAY,Metro,2,0,2,0,0,0,0,No
2018,September,25/9/18,15.37.00,Collision with vehicle,Tuesday,No,Day,Serious injury accident,100 km/hr,144.40442,-38.26569,Intersection,GEELONG,Country,3,0,1,2,1,0,0,No
2018,September,25/9/18,13.30.00,Collision with object,Monday,No,Day,Serious injury accident,80 km/hr,147.43139,-36.60384,Non-Intersection,TOWONG,Country,1,0,1,0,0,0,0,No
2018,September,25/9/18,15.57.00,Collision with vehicle,Tuesday,No,Day,Other injury accident,50 km/hr,144.95645,-37.81175,Intersection,MELBOURNE,Metro,2,0,1,0,0,0,0,No
2018,September,25/9/18,16.30.00,Collision with vehicle,Tuesday,No,Day,Serious injury accident,80 km/hr,145.20328,-37.92409,Non-Intersection,MONASH,Metro,3,0,3,0,1,0,0,No
2018,September,25/9/18,15.22.00,Collision with object,Monday,No,Day,Serious injury accident,50 km/hr,145.28811,-37.79662,Non-Intersection,MAROONDAH,Metro,1,0,1,0,0,0,0,No
2018,September,25/9/18,16.00.00,Collision with vehicle,Tuesday,No,Day,Other injury accident,60 km/hr,145.03681,-37.741,Intersection,BANYULE,Metro,2,0,1,1,0,0,2,No
2018,September,25/9/18,17.10.00,Fall from or in moving vehicle,Tuesday,No,Day,Other injury accident,50 km/hr,144.71963,-37.58578,Intersection,HUME,Metro,2,0,1,1,1,0,0,No
2018,September,25/9/18,18.20.00,Collision with vehicle,Tuesday,No,Dark,Other injury accident,70 km/hr,144.35336,-38.11994,Non-Intersection,GEELONG,Country,4,0,2,2,0,0,1,No
2018,September,25/9/18,16.35.00,Collision with vehicle,Tuesday,No,Day,Serious injury accident,80 km/hr,143.80298,-37.60949,Intersection,BALLARAT,Country,5,0,3,2,2,0,0,No
2018,September,25/9/18,17.59.00,Collision with vehicle,Tuesday,No,Day,Other injury accident,70 km/hr,144.3417,-38.19864,Non-Intersection,GEELONG,Country,2,0,1,1,0,0,1,No
2018,September,25/9/18,18.06.00,Collision with vehicle,Tuesday,No,Day,Serious injury accident,80 km/hr,145.35193,-37.80622,Non-Intersection,YARRA RANGES,Metro,3,0,2,1,0,0,0,No
2018,September,25/9/18,21.30.00,Vehicle overturned,Tuesday,No,Dark,Other injury accident,50 km/hr,144.94089,-37.64667,Intersection,HUME,Metro,1,0,1,0,0,0,0,No
2018,September,25/9/18,10.15.00,Collision with vehicle,Tuesday,Yes,Unk.,Serious injury accident,60 km/hr,144.33044,-38.13755,Non-Intersection,GEELONG,Country,3,0,2,1,1,0,0,No
2018,September,25/9/18,15.40.00,Collision with vehicle,Tuesday,No,Day,Other injury accident,60 km/hr,145.15026,-37.86247,Non-Intersection,MONASH,Metro,2,0,2,0,0,0,0,No
2018,September,25/9/18,18.45.00,Collision with vehicle,Monday,Yes,Dark,Other injury accident,50 km/hr,146.98172,-37.95351,Non-Intersection,WELLINGTON,Country,2,0,2,0,0,0,2,No
2018,September,25/9/18,18.45.00,Collision with vehicle,Tuesday,No,Unk.,Other injury accident,40 km/hr,144.98385,-37.78331,Intersection,YARRA RANGES,Metro,2,0,1,0,0,0,0,No
2018,September,26/9/18,15.45.00,Struck pedestrian,Tuesday,No,Day,Other injury accident,40 km/hr,144.84925,-37.6701,Non-Intersection,HUME,Metro,2,0,1,1,0,1,0,No
2018,September,26/9/18,00.13.00,Collision with vehicle,Wednesday,No,Dark,Serious injury accident,100 km/hr,144.93825,-37.78849,Non-Intersection,MOONEE VALLEY,Metro,2,0,2,0,0,0,1,Yes
2018,September,26/9/18,05.45.00,Collision with vehicle,Wednesday,No,Day,Other injury accident,80 km/hr,144.8478,-37.74138,Non-Intersection,BRIMBANK,Metro,3,0,2,1,0,0,0,No
2018,September,26/9/18,08.10.00,Struck pedestrian,Tuesday,No,Day,Other injury accident,40 km/hr,144.9911,-37.82526,Non-Intersection,YARRA RANGES,Metro,2,0,1,1,0,0,0,No
2018,September,26/9/18,07.48.00,Collision with vehicle,Wednesday,No,Day,Other injury accident,60 km/hr,145.08199,-37.84883,Intersection,BOROONDARA,Metro,2,0,1,1,0,0,0,No
2018,September,26/9/18,07.10.00,Collision with vehicle,Tuesday,No,Day,Other injury accident,50 km/hr,145.28038,-38.03729,Intersection,CASEY,Metro,2,0,2,0,0,0,0,No
2018,September,26/9/18,09.05.00,Struck pedestrian,Wednesday,No,Day,Serious injury accident,60 km/hr,145.07724,-37.84829,Intersection,BOROONDARA,Metro,4,0,2,2,0,0,0,No
2018,September,26/9/18,17.23.00,Collision with vehicle,Wednesday,No,Day,Other injury accident,40 km/hr,144.97111,-37.794,Intersection,MELBOURNE,Metro,2,0,0,2,0,0,0,No
2018,September,26/9/18,11.40.00,Collision with vehicle,Wednesday,No,Day,Serious injury accident,60 km/hr,144.36161,-38.16381,Intersection,GEELONG,Country,2,0,1,1,0,0,0,No
2018,September,26/9/18,13.13.00,Collision with vehicle,Wednesday,No,Day,Other injury accident,70 km/hr,144.35449,-38.11499,Intersection,GEELONG,Country,2,0,1,1,0,1,0,No
2018,September,26/9/18,12.16.00,Vehicle overturned,Wednesday,No,Day,Other injury accident,70 km/hr,145.19231,-37.81656,Intersection,WHITEHORSE,Metro,2,0,1,1,0,0,0,No
2018,September,26/9/18,11.50.00,Collision with vehicle,Wednesday,No,Day,Other injury accident,80 km/hr,144.74386,-37.63302,Non-Intersection,HUME,Metro,2,0,1,1,0,0,0,No
2018,September,26/9/18,07.20.00,Collision with vehicle,Wednesday,No,Day,Other injury accident,40 km/hr,144.96605,-37.74445,Non-Intersection,MORELAND,Metro,7,0,7,0,3,0,0,No
2018,September,26/9/18,12.10.00,Collision with object,Wednesday,No,Day,Other injury accident,40 km/hr,145.00582,-37.7277,Intersection,DAREBIN,Metro,1,0,1,0,0,0,0,No
2018,September,26/9/18,12.00.00,Collision with object,Wednesday,No,Day,Other injury accident,100 km/hr,145.64195,-37.07637,Non-Intersection,MURRINDINDI,Country,1,0,0,1,0,0,0,No
2018,September,26/9/18,14.07.00,Collision with vehicle,Wednesday,No,Day,Other injury accident,80 km/hr,145.06769,-37.68707,Intersection,BANYULE,Metro,3,0,1,2,0,0,0,No
2018,September,26/9/18,13.15.00,Collision with vehicle,Wednesday,No,Day,Serious injury accident,80 km/hr,145.08375,-37.99742,Non-Intersection,KINGSTON,Metro,3,0,1,2,0,1,1,No
2018,September,26/9/18,14.58.00,Collision with vehicle,Wednesday,No,Day,Serious injury accident,60 km/hr,142.99824,-38.61787,Intersection,CORANGAMITE,Country,5,0,4,1,3,0,0,No
2018,September,26/9/18,07.10.00,Collision with vehicle,Tuesday,No,Day,Other injury accident,40 km/hr,144.95169,-37.80816,Intersection,MELBOURNE,Metro,2,0,2,0,0,0,0,No
2018,September,26/9/18,15.55.00,Collision with vehicle,Wednesday,No,Day,Serious injury accident,70 km/hr,144.8036,-37.72829,Non-Intersection,BRIMBANK,Metro,2,0,0,2,0,0,0,No
2018,September,26/9/18,13.40.00,Collision with vehicle,Tuesday,No,Day,Other injury accident,60 km/hr,144.96365,-37.72659,Intersection,MORELAND,Metro,2,0,2,0,0,1,0,No
2018,September,26/9/18,16.50.00,Fall from or in moving vehicle,Wednesday,No,Day,Serious injury accident,50 km/hr,145.26653,-37.90343,Intersection,KNOX,Metro,1,0,0,1,0,0,0,No
2018,September,26/9/18,17.12.00,Collision with object,Tuesday,No,Day,Other injury accident,80 km/hr,145.4125,-37.82113,Non-Intersection,YARRA RANGES,Metro,1,0,0,1,0,0,1,No
2018,September,26/9/18,18.30.00,Struck pedestrian,Tuesday,No,Dark,Other injury accident,50 km/hr,144.26703,-36.72244,Non-Intersection,BENDIGO,Country,2,0,1,1,0,0,1,No
2018,September,26/9/18,18.30.00,Struck pedestrian,Wednesday,No,Dark,Other injury accident,70 km/hr,145.08489,-37.79468,Intersection,BOROONDARA,Metro,2,0,1,1,0,0,0,No
2018,September,26/9/18,17.37.00,Collision with vehicle,Wednesday,No,Day,Other injury accident,60 km/hr,144.94361,-37.79074,Non-Intersection,MELBOURNE,Metro,2,0,1,1,0,0,0,No