year,month,date,time,accident_type,day,hit_run,light_condition,severity,speed_zone,longitude,latitude,node_type,lga,state_div,total_persons,fatality,males,females,passengers,old_driver,young_driver,alcohol
2018,September,26/9/18,18.50.00,Collision with vehicle,Wednesday,No,Dark,Other injury accident,40 km/hr,144.99443,-37.83935,Intersection,STONNINGTON,Metro,2,0,1,1,0,0,0,Yes
2018,September,26/9/18,15.10.00,Struck pedestrian,Tuesday,Yes,Day,Other injury accident,60 km/hr,144.97505,-37.72431,Intersection,MORELAND,Metro,2,0,2,0,0,0,1,No
2018,September,26/9/18,17.25.00,Collision with vehicle,Wednesday,No,Day,Other injury accident,80 km/hr,144.89172,-37.72362,Non-Intersection,MOONEE VALLEY,Metro,9,0,5,4,4,0,1,No
2018,September,26/9/18,22.40.00,Struck pedestrian,Wednesday,Yes,Dark,Serious injury accident,70 km/hr,145.0298,-37.93236,Intersection,BAYSIDE,Metro,2,0,1,1,0,0,0,No
2018,September,26/9/18,22.25.00,Collision with vehicle,Wednesday,No,Dark,Other injury accident,50 km/hr,144.79968,-37.71774,Non-Intersection,BRIMBANK,Metro,1,0,0,1,0,0,0,Yes
2018,September,26/9/18,17.00.00,Collision with vehicle,Wednesday,No,Day,Other injury accident,30km/hr,144.83333,-37.77786,Non-Intersection,BRIMBANK,Metro,4,0,2,2,1,0,0,No
2018,September,26/9/18,18.15.00,Collision with vehicle,Wednesday,No,Dark,Serious injury accident,60 km/hr,144.98888,-37.83167,Intersection,STONNINGTON,Metro,2,0,1,1,0,0,0,No
2018,September,26/9/18,15.15.00,Collision with vehicle,Tuesday,No,Day,Other injury accident,60 km/hr,144.34678,-38.09339,Non-Intersection,GEELONG,Country,6,0,3,3,3,0,0,No
2018,September,26/9/18,12.30.00,Struck pedestrian,Wednesday,No,Day,Other injury accident,50 km/hr,144.22622,-37.60016,Non-Intersection,MOORABOOL,Country,2,0,1,0,0,0,0,No
2018,September,27/9/18,14.30.00,Collision with vehicle,Wednesday,Yes,Day,Other injury accident,60 km/hr,144.32803,-38.122,Non-Intersection,GEELONG,Country,2,0,1,0,0,0,0,No
2018,September,27/9/18,15.15.00,Collision with vehicle,Thursday,No,Day,Other injury accident,60 km/hr,145.19527,-38.11061,Intersection,FRANKSTON,Metro,2,0,0,2,0,0,2,No
2018,September,27/9/18,02.00.00,Collision with object,Thursday,No,Dark,Other injury accident,60 km/hr,147.83369,-37.70226,Non-Intersection,EAST GIPPSLAND,Country,1,0,0,1,0,0,0,No
2018,September,27/9/18,07.20.00,Collision with vehicle,Wednesday,No,Day,Other injury accident,70 km/hr,145.01742,-38.37196,Intersection,MORNINGTON PENINSULA,Metro,2,0,2,0,0,0,2,No
2018,September,27/9/18,09.20.00,Collision with vehicle,Thursday,No,Day,Other injury accident,50 km/hr,145.0838,-37.70443,Non-Intersection,BANYULE,Metro,3,0,2,1,1,0,0,No
2018,September,27/9/18,10.03.00,Collision with vehicle,Thursday,No,Day,Other injury accident,50 km/hr,145.22422,-37.97794,Non-Intersection,DANDENONG,Metro,2,0,1,1,1,0,0,No
2018,September,27/9/18,10.00.00,Struck pedestrian,Wednesday,No,Day,Other injury accident,50 km/hr,144.95135,-37.29326,Non-Intersection,MITCHELL,Country,2,0,1,1,0,0,0,No
2018,September,27/9/18,05.45.00,Collision with vehicle,Thursday,No,Dusk/Dawn,Serious injury accident,60 km/hr,145.10214,-38.02776,Intersection,KINGSTON,Metro,2,0,2,0,0,0,0,No
2018,September,27/9/18,10.37.00,Collision with vehicle,Thursday,No,Day,Other injury accident,60 km/hr,144.91778,-37.75501,Intersection,MOONEE VALLEY,Metro,2,0,1,1,0,0,1,No
2018,September,27/9/18,12.40.00,Collision with vehicle,Wednesday,No,Day,Serious injury accident,50 km/hr,144.24381,-36.80324,Intersection,BENDIGO,Country,2,0,1,1,0,0,0,No
2018,September,27/9/18,13.00.00,Collision with vehicle,Thursday,No,Day,Other injury accident,60 km/hr,145.07878,-37.88391,Intersection,STONNINGTON,Metro,1,0,1,0,0,0,0,No
2018,September,27/9/18,14.30.00,Collision with vehicle,Thursday,No,Day,Other injury accident,60 km/hr,144.95147,-37.80114,Intersection,MELBOURNE,Metro,3,0,1,2,1,0,0,No
2018,September,27/9/18,12.30.00,Collision with vehicle,Thursday,No,Day,Other injury accident,60 km/hr,145.36896,-38.52074,Intersection,BASS COAST,Country,4,0,1,3,2,1,0,No
2018,September,27/9/18,13.00.00,Collision with object,Wednesday,No,Day,Serious injury accident,40 km/hr,144.97731,-37.88052,Non-Intersection,PORT PHILLIP,Metro,3,0,1,1,2,0,0,No
2018,September,27/9/18,16.45.00,Collision with vehicle,Thursday,No,Dusk/Dawn,Other injury accident,70 km/hr,145.04601,-37.87646,Non-Intersection,STONNINGTON,Metro,7,0,2,5,5,0,1,No
2018,September,27/9/18,13.17.00,Collision with vehicle,Thursday,No,Day,Other injury accident,50 km/hr,144.73439,-38.34183,Non-Intersection,MORNINGTON PENINSULA,Metro,3,0,0,3,1,0,1,No
2018,September,27/9/18,17.28.00,Struck pedestrian,Wednesday,No,Day,Other injury accident,50 km/hr,145.22598,-37.81401,Non-Intersection,MAROONDAH,Metro,2,0,1,1,0,0,1,No
2018,September,27/9/18,17.45.00,Collision with vehicle,Thursday,No,Dusk/Dawn,Other injury accident,60 km/hr,143.84121,-37.59817,Non-Intersection,BALLARAT,Country,3,0,1,2,1,0,1,No
2018,September,27/9/18,21.45.00,Collision with vehicle,Thursday,Yes,Unk.,Other injury accident,60 km/hr,145.05907,-37.74033,Intersection,BANYULE,Metro,2,0,0,1,0,0,0,No
2018,September,27/9/18,17.03.00,Collision with vehicle,Wednesday,No,Day,Other injury accident,80 km/hr,145.2812,-38.09292,Non-Intersection,CASEY,Metro,5,0,2,3,2,0,1,No
2018,September,27/9/18,17.30.00,Struck pedestrian,Thursday,Yes,Day,Other injury accident,50 km/hr,145.03795,-37.63705,Non-Intersection,WHITTLESEA,Metro,2,0,0,1,0,0,0,No
2018,September,27/9/18,17.30.00,Collision with vehicle,Thursday,No,Dusk/Dawn,Other injury accident,100 km/hr,145.21491,-38.23865,Intersection,MORNINGTON PENINSULA,Metro,2,0,2,0,0,0,0,No
2018,September,27/9/18,19.46.00,Collision with vehicle,Thursday,No,Dark,Other injury accident,80 km/hr,145.25049,-37.92713,Non-Intersection,KNOX,Metro,2,0,2,0,0,0,0,No
2018,September,27/9/18,17.50.00,Collision with object,Thursday,No,Day,Serious injury accident,60 km/hr,145.06176,-37.90667,Intersection,GLEN EIRA,Metro,2,0,1,1,1,1,0,No
2018,September,27/9/18,20.30.00,Collision with vehicle,Thursday,No,Dark,Serious injury accident,80 km/hr,144.30613,-38.09789,Non-Intersection,GEELONG,Country,9,0,5,4,7,0,1,No
2018,September,27/9/18,22.50.00,Collision with object,Thursday,Yes,Dark,Serious injury accident,80 km/hr,144.26481,-38.32396,Non-Intersection,SURF COAST,Country,1,0,1,0,0,0,0,Yes
2018,September,27/9/18,14.50.00,No collision and no object struck,Thursday,No,Day,Other injury accident,50 km/hr,145.15224,-37.79081,Intersection,MANNINGHAM,Metro,2,0,0,2,1,1,0,No
2018,September,27/9/18,18.30.00,Struck animal,Thursday,No,Dark,Serious injury accident,100 km/hr,146.7856,-38.21483,Non-Intersection,WELLINGTON,Country,1,0,1,0,0,0,0,No
2018,September,27/9/18,22.30.00,Collision with object,Thursday,No,Dark,Serious injury accident,100 km/hr,145.72603,-36.93102,Non-Intersection,MANSFIELD,Country,1,0,1,0,0,0,0,No
2018,September,27/9/18,21.22.00,Collision with vehicle,Wednesday,No,Dark,Other injury accident,60 km/hr,144.57682,-37.69381,Non-Intersection,MELTON,Metro,4,0,3,0,0,0,1,No
2018,September,27/9/18,12.05.00,Collision with vehicle,Wednesday,No,Day,Other injury accident,60 km/hr,147.61071,-37.83403,Intersection,EAST GIPPSLAND,Country,2,0,1,1,0,0,0,No
2018,September,27/9/18,12.45.00,Collision with vehicle,Wednesday,No,Day,Other injury accident,80 km/hr,144.24191,-36.80435,Non-Intersection,BENDIGO,Country,2,0,2,0,0,0,0,No
2018,September,27/9/18,14.17.00,Collision with vehicle,Wednesday,No,Day,Other injury accident,50 km/hr,145.10907,-37.84913,Non-Intersection,WHITEHORSE,Metro,2,0,1,1,0,0,0,No
2018,September,28/9/18,01.31.00,Collision with object,Friday,No,Dark,Fatal accident,100 km/hr,146.72512,-38.27932,Non-Intersection,WELLINGTON,Country,1,1,1,0,0,0,0,No
2018,September,28/9/18,09.25.00,Collision with vehicle,Friday,No,Day,Other injury accident,60 km/hr,144.46218,-38.18852,Intersection,GEELONG,Country,3,0,2,1,0,0,0,No
2018,September,28/9/18,11.20.00,No collision and no object struck,Friday,No,Day,Other injury accident,60 km/hr,145.00402,-37.84402,Intersection,STONNINGTON,Metro,2,0,1,1,0,0,0,No
2018,September,28/9/18,11.05.00,Collision with vehicle,Thursday,No,Day,Other injury accident,100 km/hr,143.80264,-37.36133,Non-Intersection,BALLARAT,Country,2,0,0,2,0,0,2,No
2018,September,28/9/18,11.40.00,Collision with vehicle,Friday,No,Day,Other injury accident,60 km/hr,144.84224,-37.78053,Intersection,BRIMBANK,Metro,3,0,0,2,1,0,1,No
2018,September,28/9/18,11.04.00,Collision with vehicle,Thursday,No,Day,Other injury accident,50 km/hr,144.91965,-37.74437,Non-Intersection,MOONEE VALLEY,Metro,2,0,0,2,0,1,0,No
2018,September,28/9/18,12.00.00,Struck pedestrian,Friday,Yes,Day,Other injury accident,60 km/hr,145.22704,-37.81599,Non-Intersection,MAROONDAH,Metro,2,0,1,1,0,0,0,No
2018,September,28/9/18,17.16.00,Collision with object,Friday,No,Day,Serious injury accident,50 km/hr,145.07611,-37.84364,Non-Intersection,BOROONDARA,Metro,1,0,1,0,0,0,1,No
2018,September,28/9/18,18.35.00,Collision with vehicle,Thursday,No,Dark,Other injury accident,80 km/hr,145.35657,-37.64962,Non-Intersection,YARRA RANGES,Metro,2,0,1,1,0,0,0,No
2018,September,28/9/18,17.20.00,Collision with object,Friday,No,Day,Other injury accident,100 km/hr,145.21911,-37.12106,Non-Intersection,MITCHELL,Country,3,0,2,1,2,0,1,No
2018,September,28/9/18,16.26.00,No collision and no object struck,Friday,No,Day,Serious injury accident,80 km/hr,145.16414,-37.88889,Intersection,MONASH,Metro,3,0,1,0,0,0,0,No
2018,September,28/9/18,21.15.00,Collision with vehicle,Friday,No,Dark,Other injury accident,50 km/hr,145.01831,-37.61966,Non-Intersection,WHITTLESEA,Metro,3,0,1,2,1,0,1,No
2018,September,28/9/18,23.09.00,Collision with vehicle,Friday,No,Dark,Other injury accident,50 km/hr,144.2786,-36.7597,Intersection,BENDIGO,Country,4,0,2,2,1,0,0,No
2018,September,28/9/18,21.36.00,Collision with object,Thursday,No,Dark,Other injury accident,80 km/hr,145.25665,-37.97484,Non-Intersection,CASEY,Metro,1,0,1,0,0,0,1,No
2018,September,29/9/18,15.05.00,Collision with vehicle,Saturday,No,Day,Other injury accident,60 km/hr,144.92484,-37.76716,Intersection,MOONEE VALLEY,Metro,3,0,2,1,0,0,0,No
2018,September,29/9/18,15.25.00,Collision with vehicle,Saturday,No,Day,Serious injury accident,60 km/hr,145.11253,-37.83051,Intersection,WHITEHORSE,Metro,2,0,1,1,0,0,0,No
2018,September,29/9/18,17.05.00,Collision with object,Saturday,No,Day,Fatal accident,50 km/hr,145.70968,-37.19162,Intersection,MURRINDINDI,Country,1,1,1,0,0,0,0,No
2018,September,29/9/18,15.40.00,Collision with vehicle,Saturday,No,Day,Other injury accident,80 km/hr,144.65685,-37.81539,Intersection,WYNDHAM,Metro,2,0,2,0,0,0,0,No
2018,September,29/9/18,22.58.00,Collision with vehicle,Saturday,No,Dark,Serious injury accident,50 km/hr,144.33699,-38.14077,Non-Intersection,GEELONG,Country,1,0,1,0,0,0,0,Yes
2018,September,29/9/18,22.30.00,Collision with vehicle,Friday,Yes,Dark,Serious injury accident,60 km/hr,145.39275,-37.78911,Non-Intersection,YARRA RANGES,Metro,2,0,0,1,0,0,0,No
2018,September,29/9/18,22.49.00,Collision with object,Saturday,No,Dark,Fatal accident,80 km/hr,145.00753,-38.36668,Non-Intersection,MORNINGTON PENINSULA,Metro,1,1,1,0,0,0,1,No
2018,September,29/9/18,14.45.00,Collision with object,Saturday,No,Day,Serious injury accident,100 km/hr,144.81368,-36.17516,Non-Intersection,CAMPASPE,Country,1,0,1,0,0,0,0,No
2018,September,29/9/18,10.00.00,Collision with vehicle,Saturday,No,Day,Other injury accident,60 km/hr,145.09787,-37.82269,Intersection,BOROONDARA,Metro,2,0,2,0,0,0,0,No
2018,September,29/9/18,14.50.00,Collision with vehicle,Saturday,No,Day,Other injury accident,80 km/hr,145.15039,-37.90232,Intersection,MONASH,Metro,2,0,2,0,0,0,1,No
2018,September,30/9/18,01.00.00,Collision with object,,No,Dark,Other injury accident,50 km/hr,145.26436,-37.83575,Off Road,MAROONDAH,Metro,1,0,1,0,0,0,1,No
2018,September,30/9/18,00.00.00,Collision with vehicle,,No,Dark,Other injury accident,60 km/hr,144.97996,-37.78954,Non-Intersection,YARRA RANGES,Metro,1,0,1,0,0,0,0,No
2018,September,30/9/18,08.00.00,Vehicle overturned,Sunday,No,Day,Other injury accident,100 km/hr,144.34426,-37.21969,Non-Intersection,HEPBURN,Country,2,0,0,2,1,0,1,No
2018,September,30/9/18,09.50.00,Collision with object,Sunday,No,Day,Serious injury accident,70 km/hr,144.6651,-37.87182,Intersection,WYNDHAM,Metro,2,0,1,1,1,0,1,No
2018,September,30/9/18,12.05.00,Collision with vehicle,Sunday,No,Day,Serious injury accident,80 km/hr,145.59061,-35.92549,Intersection,MOIRA,Country,3,0,1,2,1,1,0,No
2018,September,30/9/18,12.15.00,Collision with vehicle,Sunday,No,Day,Other injury accident,50 km/hr,144.91795,-37.65517,Intersection,HUME,Metro,4,0,1,3,2,0,0,No
2018,September,30/9/18,14.00.00,Collision with object,Sunday,No,Day,Serious injury accident,60 km/hr,144.99064,-37.67875,Intersection,WHITTLESEA,Metro,1,0,0,1,0,0,0,No
2018,September,30/9/18,12.05.00,Collision with vehicle,Sunday,No,Day,Other injury accident,100 km/hr,143.2585,-38.7457,Non-Intersection,COLAC OTWAY,Country,4,0,1,3,2,0,0,No
2018,September,30/9/18,15.11.00,Struck pedestrian,Sunday,No,Day,Serious injury accident,70 km/hr,144.83215,-37.77751,Non-Intersection,BRIMBANK,Metro,2,0,2,0,0,0,0,No
2018,September,30/9/18,16.30.00,Collision with vehicle,Sunday,No,Day,Other injury accident,80 km/hr,144.23606,-36.95593,Intersection,MOUNT ALEXANDER,Country,3,0,2,1,1,0,1,No
2018,September,30/9/18,17.45.00,Collision with vehicle,Sunday,No,Day,Other injury accident,60 km/hr,144.96539,-37.77767,Intersection,MORELAND,Metro,2,0,1,1,0,0,0,No
2018,September,30/9/18,16.26.00,Collision with vehicle,,No,Day,Other injury accident,50 km/hr,144.92511,-37.68872,Intersection,HUME,Metro,2,0,2,0,0,0,1,No
2018,September,30/9/18,16.28.00,Collision with vehicle,Sunday,No,Day,Other injury accident,60 km/hr,143.74602,-37.04909,Intersection,CENTRAL GOLDFIELDS,Country,2,0,2,0,0,0,1,No
2018,September,30/9/18,17.46.00,Collision with vehicle,Sunday,No,Day,Other injury accident,60 km/hr,144.88317,-37.73396,Intersection,MOONEE VALLEY,Metro,4,0,2,2,2,0,0,No
2018,September,30/9/18,18.45.00,Collision with vehicle,Sunday,No,Dark,Serious injury accident,50 km/hr,145.1313,-37.80853,Non-Intersection,WHITEHORSE,Metro,1,0,0,1,0,0,0,No
2018,September,30/9/18,21.30.00,Collision with vehicle,Sunday,No,Dark,Serious injury accident,60 km/hr,144.79305,-37.74346,Non-Intersection,BRIMBANK,Metro,2,0,2,0,0,0,0,No
2018,September,30/9/18,20.40.00,Collision with object,,No,Dark,Other injury accident,60 km/hr,145.97797,-36.54676,Non-Intersection,BENALLA,Country,1,0,1,0,0,0,1,Yes
2018,September,30/9/18,23.14.00,Collision with vehicle,Sunday,No,Dark,Other injury accident,100 km/hr,145.13561,-37.56942,Non-Intersection,WHITTLESEA,Metro,4,0,3,1,1,1,0,No
2018,September,30/9/18,19.30.00,Collision with vehicle,,No,Dark,Serious injury accident,50 km/hr,145.35992,-38.04401,Intersection,CASEY,Metro,4,0,4,0,2,0,2,No
2018,October,1/10/18,08.00.00,Collision with vehicle,Monday,No,Day,Other injury accident,60 km/hr,143.82461,-37.58763,Non-Intersection,BALLARAT,Country,3,0,3,0,0,0,0,No
2018,October,1/10/18,08.10.00,Collision with object,Monday,No,Day,Serious injury accident,60 km/hr,145.167,-37.97207,Intersection,DANDENONG,Metro,1,0,1,0,0,0,0,No
2018,October,1/10/18,11.45.00,Collision with vehicle,Sunday,No,Day,Other injury accident,50 km/hr,144.98957,-37.74124,Intersection,DAREBIN,Metro,2,0,1,1,0,0,0,No
2018,October,1/10/18,11.20.00,Vehicle overturned,Monday,No,Day,Other injury accident,60 km/hr,144.89351,-37.73778,Intersection,MOONEE VALLEY,Metro,1,0,1,0,0,0,0,No
2018,October,1/10/18,04.45.00,Struck animal,Monday,No,Dark,Serious injury accident,100 km/hr,146.81661,-38.41426,Non-Intersection,WELLINGTON,Country,1,0,0,1,0,0,1,No
2018,October,1/10/18,11.00.00,Vehicle overturned,Sunday,No,Day,Other injury accident,100 km/hr,144.19853,-36.67351,Non-Intersection,BENDIGO,Country,1,0,1,0,0,0,0,No
2018,October,1/10/18,13.15.00,Collision with vehicle,Monday,No,Day,Other injury accident,50 km/hr,144.88297,-37.64035,Intersection,HUME,Metro,2,0,2,0,0,0,1,No
2018,October,1/10/18,12.38.00,Collision with vehicle,Monday,No,Day,Other injury accident,100 km/hr,145.29524,-36.4401,Intersection,SHEPPARTON,Country,2,0,1,1,0,0,1,No
2018,October,1/10/18,11.40.00,Collision with vehicle,Monday,No,Day,Other injury accident,50 km/hr,145.94398,-38.16286,Intersection,BAW BAW,Country,2,0,1,1,0,0,1,No
2018,October,1/10/18,14.10.00,Collision with vehicle,Sunday,No,Day,Serious injury accident,80 km/hr,145.08364,-38.24422,Intersection,MORNINGTON PENINSULA,Metro,2,0,1,1,0,0,0,No
2018,October,1/10/18,13.36.00,Collision with vehicle,Monday,No,Day,Serious injury accident,80 km/hr,145.11861,-38.01927,Intersection,KINGSTON,Metro,2,0,1,1,0,0,0,No
2018,October,1/10/18,08.20.00,Collision with vehicle,Sunday,No,Day,Other injury accident,80 km/hr,141.56949,-38.37907,Non-Intersection,GLENELG,Country,2,0,2,0,0,0,0,No
2018,October,1/10/18,14.45.00,Collision with vehicle,Monday,No,Day,Other injury accident,60 km/hr,145.08575,-37.9542,Non-Intersection,KINGSTON,Metro,2,0,1,1,0,0,0,No
2018,October,1/10/18,08.04.00,Collision with vehicle,Monday,No,Day,Other injury accident,60 km/hr,145.02063,-37.82646,Non-Intersection,YARRA RANGES,Metro,2,0,0,2,0,0,0,No
2018,October,1/10/18,15.30.00,Struck pedestrian,Sunday,No,Day,Other injury accident,60 km/hr,144.99956,-37.73595,Non-Intersection,DAREBIN,Metro,2,0,2,0,0,0,0,No
2018,October,1/10/18,16.20.00,Collision with vehicle,Sunday,No,Day,Other injury accident,80 km/hr,145.15025,-37.99148,Non-Intersection,DANDENONG,Metro,2,0,1,1,0,0,0,No
2018,October,1/10/18,15.33.00,Collision with vehicle,Sunday,No,Day,Serious injury accident,100 km/hr,141.66294,-38.26762,Non-Intersection,GLENELG,Country,2,0,2,0,0,0,1,No
2018,October,1/10/18,19.30.00,Collision with vehicle,Sunday,No,Dark,Other injury accident,60 km/hr,145.3823,-37.78311,Non-Intersection,YARRA RANGES,Metro,2,0,1,1,0,0,1,No
2018,October,1/10/18,16.20.00,Collision with object,Sunday,No,Day,Other injury accident,60 km/hr,145.32298,-37.87569,Non-Intersection,YARRA RANGES,Metro,2,0,2,0,1,0,0,No
2018,October,1/10/18,19.55.00,Collision with vehicle,Sunday,No,Dark,Other injury accident,60 km/hr,145.24695,-37.82726,Non-Intersection,MAROONDAH,Metro,3,0,2,1,0,0,0,No
2018,October,1/10/18,16.22.00,Collision with vehicle,Monday,No,Day,Other injury accident,60 km/hr,145.28452,-37.88073,Intersection,KNOX,Metro,2,0,2,0,0,1,0,No
2018,October,1/10/18,16.30.00,Struck pedestrian,Monday,No,Day,Fatal accident,60 km/hr,145.02888,-37.80748,Intersection,BOROONDARA,Metro,2,1,1,1,0,0,0,No
2018,October,1/10/18,21.09.00,Collision with vehicle,Monday,No,Dark,Other injury accident,60 km/hr,144.56744,-37.68815,Intersection,MELTON,Metro,3,0,1,1,1,0,0,No
2018,October,1/10/18,16.00.00,No collision and no object struck,Sunday,No,Day,Other injury accident,60 km/hr,144.89394,-37.76919,Non-Intersection,MARIBYRNONG,Metro,2,0,2,0,0,0,0,No
2018,October,1/10/18,21.30.00,Struck pedestrian,Monday,No,Dark,Other injury accident,60 km/hr,145.04238,-37.20715,Non-Intersection,MITCHELL,Country,2,0,1,1,0,0,0,No
2018,October,1/10/18,19.37.00,Collision with vehicle,Monday,No,Dark,Other injury accident,70 km/hr,145.27282,-37.80385,Non-Intersection,MAROONDAH,Metro,2,0,1,1,0,0,2,No
2018,October,1/10/18,18.00.00,Vehicle overturned,Sunday,No,Dusk/Dawn,Serious injury accident,80 km/hr,146.43878,-36.43727,Non-Intersection,WANGARATTA,Country,1,0,1,0,0,0,0,No
2018,October,1/10/18,12.00.00,Vehicle overturned,Sunday,No,Day,Other injury accident,100 km/hr,145.99536,-36.09834,Non-Intersection,MOIRA,Country,2,0,0,2,1,0,0,No
2018,October,1/10/18,18.00.00,Collision with vehicle,Monday,Yes,Dusk/Dawn,Other injury accident,50 km/hr,145.16147,-38.23216,Non-Intersection,MORNINGTON PENINSULA,Metro,2,0,1,0,0,0,0,No
2018,October,2/10/18,18.30.00,No collision and no object struck,Monday,No,Day,Other injury accident,40 km/hr,144.99398,-37.84782,Non-Intersection,STONNINGTON,Metro,2,0,0,1,0,0,0,No
2018,October,2/10/18,00.30.00,Collision with vehicle,Tuesday,No,Dark,Other injury accident,60 km/hr,144.37044,-38.15707,Intersection,GEELONG,Country,2,0,1,1,0,0,1,No
2018,October,2/10/18,06.15.00,Collision with object,Monday,No,Day,Other injury accident,80 km/hr,145.03354,-37.59101,Non-Intersection,WHITTLESEA,Metro,1,0,1,0,0,0,1,No
2018,October,2/10/18,09.45.00,Vehicle overturned,Tuesday,No,Day,Other injury accident,100 km/hr,144.26435,-38.19859,Non-Intersection,GEELONG,Country,1,0,1,0,0,0,0,No
2018,October,2/10/18,09.30.00,Collision with vehicle,Monday,No,Day,Other injury accident,40 km/hr,144.36434,-38.15179,Intersection,GEELONG,Country,5,0,0,5,3,1,0,No
2018,October,2/10/18,09.30.00,Collision with vehicle,Tuesday,No,Day,Other injury accident,60 km/hr,142.15554,-34.18264,Non-Intersection,MILDURA,Country,2,0,2,0,0,0,0,No
2018,October,2/10/18,11.39.00,Struck pedestrian,Tuesday,No,Day,Other injury accident,50 km/hr,145.11669,-37.80778,Intersection,WHITEHORSE,Metro,2,0,0,2,0,0,0,No
2018,October,2/10/18,08.38.00,Collision with vehicle,Tuesday,No,Day,Serious injury accident,100 km/hr,145.20935,-37.93231,Non-Intersection,KNOX,Metro,2,0,1,1,0,0,1,No
2018,October,2/10/18,08.20.00,No collision and no object struck,Tuesday,Yes,Day,Other injury accident,60 km/hr,144.98694,-37.82444,Non-Intersection,MELBOURNE,Metro,2,0,1,0,0,0,0,No
2018,October,2/10/18,11.51.00,Collision with object,Monday,No,Day,Other injury accident,60 km/hr,144.99559,-37.72981,Intersection,DAREBIN,Metro,3,0,1,0,1,0,0,No
2018,October,2/10/18,08.24.00,Collision with vehicle,Tuesday,No,Day,Other injury accident,50 km/hr,144.95795,-37.82127,Non-Intersection,MELBOURNE,Metro,2,0,1,1,0,0,1,No
2018,October,2/10/18,13.10.00,Collision with vehicle,Tuesday,No,Day,Serious injury accident,50 km/hr,145.0776,-37.73673,Intersection,BANYULE,Metro,3,0,0,3,1,0,0,No
2018,October,2/10/18,13.00.00,Collision with vehicle,Tuesday,No,Day,Serious injury accident,60 km/hr,144.99224,-37.87625,Intersection,PORT PHILLIP,Metro,4,0,1,3,2,0,0,No
2018,October,2/10/18,10.49.00,Collision with vehicle,Tuesday,No,Day,Other injury accident,70 km/hr,145.09993,-37.82625,Intersection,WHITEHORSE,Metro,2,0,2,0,0,0,0,No
2018,October,2/10/18,08.51.00,Collision with vehicle,Tuesday,No,Day,Other injury accident,60 km/hr,145.02012,-37.65727,Non-Intersection,WHITTLESEA,Metro,3,0,2,1,1,0,0,No
2018,October,2/10/18,08.30.00,Collision with object,Tuesday,No,Day,Serious injury accident,100 km/hr,144.98503,-37.68313,Non-Intersection,WHITTLESEA,Metro,1,0,0,1,0,0,0,No
2018,October,2/10/18,15.41.00,Collision with vehicle,Tuesday,No,Day,Other injury accident,70 km/hr,142.20553,-36.73347,Intersection,HORSHAM,Country,6,0,0,6,4,0,0,No
2018,October,2/10/18,14.34.00,No collision and no object struck,Tuesday,No,Day,Other injury accident,70 km/hr,145.21608,-37.99279,Intersection,DANDENONG,Metro,1,0,0,1,0,0,0,No
2018,October,2/10/18,16.38.00,Collision with vehicle,Tuesday,No,Day,Other injury accident,80 km/hr,145.43414,-38.07747,Intersection,CARDINIA,Metro,3,0,2,1,1,0,1,No
2018,October,2/10/18,17.50.00,Collision with vehicle,Tuesday,No,Day,Other injury accident,60 km/hr,144.31088,-36.77343,Non-Intersection,BENDIGO,Country,2,0,1,1,0,0,0,No
2018,October,2/10/18,17.45.00,Collision with vehicle,Monday,No,Dusk/Dawn,Other injury accident,40 km/hr,143.85774,-37.56211,Intersection,BALLARAT,Country,2,0,0,2,0,0,0,No
2018,October,2/10/18,18.20.00,Collision with vehicle,Monday,No,Dark,Other injury accident,40 km/hr,144.95689,-37.81274,Intersection,MELBOURNE,Metro,3,0,2,1,1,0,0,No
2018,October,2/10/18,07.30.00,Collision with vehicle,Monday,No,Day,Other injury accident,80 km/hr,144.91043,-37.83363,Non-Intersection,MELBOURNE,Metro,3,0,2,1,1,0,0,No
2018,October,2/10/18,15.20.00,Collision with object,Tuesday,No,Day,Other injury accident,50 km/hr,145.16256,-37.72076,Non-Intersection,NILLUMBIK,Metro,1,0,1,0,0,0,0,Yes
2018,October,2/10/18,16.50.00,Collision with object,Tuesday,No,Day,Other injury accident,100 km/hr,144.67633,-37.31254,Non-Intersection,MACEDON RANGES,Country,1,0,0,1,0,0,0,No
2018,October,2/10/18,18.10.00,Collision with object,Monday,No,Dark,Other injury accident,40 km/hr,145.28789,-37.81381,Non-Intersection,MAROONDAH,Metro,3,0,1,2,1,0,0,No
2018,October,2/10/18,17.15.00,Collision with vehicle,Tuesday,No,Day,Other injury accident,50 km/hr,144.97198,-37.76995,Intersection,MORELAND,Metro,10,0,5,2,0,0,0,No
2018,October,2/10/18,20.48.00,Collision with vehicle,Tuesday,No,Dark,Other injury accident,80 km/hr,145.21701,-37.83255,Intersection,MAROONDAH,Metro,2,0,0,2,0,0,0,No