year,month,date,time,accident_type,day,hit_run,light_condition,severity,speed_zone,longitude,latitude,node_type,lga,state_div,total_persons,fatality,males,females,passengers,old_driver,young_driver,alcohol
2018,October,2/10/18,22.46.00,Collision with vehicle,Tuesday,No,Dark,Other injury accident,70 km/hr,144.91,-37.6382,Intersection,HUME,Metro,2,0,0,2,0,0,1,No
2018,October,2/10/18,22.42.00,Collision with object,Tuesday,No,Dark,Other injury accident,60 km/hr,145.34507,-37.8112,Non-Intersection,YARRA RANGES,Metro,1,0,0,0,0,0,0,No
2018,October,2/10/18,07.00.00,Collision with vehicle,Tuesday,No,Day,Other injury accident,60 km/hr,144.97911,-37.82335,Non-Intersection,MELBOURNE,Metro,2,0,2,0,0,0,0,No
2018,October,2/10/18,08.30.00,Collision with vehicle,Tuesday,Yes,Day,Other injury accident,60 km/hr,144.97935,-37.79312,Intersection,YARRA RANGES,Metro,2,0,1,0,0,0,0,No
2018,October,2/10/18,22.03.00,Struck animal,Tuesday,No,Dark,Other injury accident,100 km/hr,144.26365,-35.88534,Non-Intersection,GANNAWARRA,Country,4,0,1,2,3,0,0,No
2018,October,3/10/18,14.35.00,Collision with vehicle,Wednesday,No,Day,Serious injury accident,70 km/hr,144.82652,-37.80663,Intersection,BRIMBANK,Metro,2,0,2,0,0,0,0,No
2018,October,3/10/18,00.45.00,Collision with object,Wednesday,No,Dark,Other injury accident,100 km/hr,143.95996,-37.53315,Non-Intersection,MOORABOOL,Country,2,0,1,1,1,0,1,No
2018,October,3/10/18,07.35.00,Collision with vehicle,Wednesday,No,Day,Other injury accident,60 km/hr,144.88148,-37.80216,Intersection,MARIBYRNONG,Metro,2,0,2,0,0,0,1,No
2018,October,3/10/18,11.00.00,Collision with vehicle,Tuesday,No,Day,Serious injury accident,60 km/hr,145.07433,-37.73756,Non-Intersection,BANYULE,Metro,2,0,0,1,0,0,0,No
2018,October,3/10/18,09.20.00,Collision with object,Wednesday,No,Day,Fatal accident,100 km/hr,145.93115,-36.57182,Non-Intersection,BENALLA,Country,1,1,1,0,0,0,0,No
2018,October,3/10/18,13.29.00,Collision with vehicle,Wednesday,No,Day,Serious injury accident,50 km/hr,145.02851,-37.64482,Non-Intersection,WHITTLESEA,Metro,3,0,2,1,1,1,0,No
2018,October,3/10/18,11.53.00,Collision with vehicle,Wednesday,Yes,Day,Other injury accident,60 km/hr,144.70981,-37.57843,Non-Intersection,HUME,Metro,2,0,1,0,0,0,0,No
2018,October,3/10/18,18.30.00,Collision with vehicle,Tuesday,No,Dark,Other injury accident,60 km/hr,145.06109,-37.75561,Non-Intersection,BANYULE,Metro,2,0,2,0,0,0,0,No
2018,October,3/10/18,18.48.00,Collision with vehicle,Wednesday,No,Dark,Other injury accident,70 km/hr,145.12932,-37.7874,Intersection,MANNINGHAM,Metro,5,0,1,4,3,1,0,No
2018,October,3/10/18,19.45.00,Collision with object,Wednesday,No,Dark,Serious injury accident,50 km/hr,144.50301,-37.69529,Intersection,MOORABOOL,Country,3,0,1,2,2,0,0,No
2018,October,3/10/18,16.20.00,Collision with object,Wednesday,No,Day,Serious injury accident,100 km/hr,143.86932,-38.08205,Non-Intersection,GOLDEN PLAINS,Country,1,0,1,0,0,0,0,No
2018,October,3/10/18,22.10.00,Collision with object,Wednesday,No,Dark,Other injury accident,60 km/hr,143.8208,-37.54666,Intersection,BALLARAT,Country,1,0,1,0,0,0,1,No
2018,October,4/10/18,14.00.00,No collision and no object struck,Thursday,No,Day,Other injury accident,50 km/hr,144.88225,-37.73361,Non-Intersection,MOONEE VALLEY,Metro,1,0,1,0,0,0,0,No
2018,October,4/10/18,17.00.00,Collision with vehicle,Thursday,No,Day,Other injury accident,100 km/hr,144.77108,-37.67614,Intersection,BRIMBANK,Metro,2,0,2,0,0,0,0,No
2018,October,4/10/18,02.20.00,No collision and no object struck,Thursday,No,Dark,Serious injury accident,40 km/hr,145.12503,-38.14444,Non-Intersection,FRANKSTON,Metro,1,0,1,0,0,0,0,Yes
2018,October,4/10/18,00.38.00,Struck pedestrian,Wednesday,No,Dark,Other injury accident,50 km/hr,144.73206,-37.58097,Intersection,HUME,Metro,3,0,3,0,1,0,0,No
2018,October,4/10/18,03.20.00,Collision with vehicle,Thursday,No,Dark,Serious injury accident,110 km/hr,145.69226,-36.65747,Non-Intersection,STRATHBOGIE,Country,4,0,3,1,2,0,0,No
2018,October,4/10/18,07.10.00,Collision with vehicle,Thursday,No,Day,Other injury accident,60 km/hr,145.04599,-38.23133,Intersection,MORNINGTON PENINSULA,Metro,2,0,0,2,0,0,2,No
2018,October,4/10/18,09.50.00,Struck pedestrian,Thursday,No,Day,Serious injury accident,40 km/hr,144.99035,-37.86837,Intersection,PORT PHILLIP,Metro,2,0,1,1,0,1,0,No
2018,October,4/10/18,10.30.00,Collision with vehicle,Thursday,No,Day,Other injury accident,100 km/hr,143.64242,-38.34532,Intersection,COLAC OTWAY,Country,8,0,3,5,6,0,0,No
2018,October,4/10/18,11.30.00,Struck pedestrian,Thursday,No,Day,Other injury accident,40 km/hr,144.99508,-37.81812,Intersection,YARRA RANGES,Metro,2,0,2,0,0,0,0,No
2018,October,4/10/18,11.30.00,Collision with vehicle,Wednesday,No,Day,Other injury accident,60 km/hr,144.75275,-37.79449,Intersection,MELTON,Metro,3,0,1,1,1,0,0,No
2018,October,4/10/18,18.00.00,Collision with object,Thursday,No,Dark,Other injury accident,60 km/hr,146.75655,-37.90221,Non-Intersection,WELLINGTON,Country,1,0,1,0,0,0,0,No
2018,October,4/10/18,13.55.00,Struck pedestrian,Wednesday,No,Day,Other injury accident,40 km/hr,144.96588,-37.81568,Intersection,MELBOURNE,Metro,2,0,1,1,0,0,0,No
2018,October,4/10/18,15.00.00,Collision with vehicle,Wednesday,No,Day,Other injury accident,60 km/hr,145.03556,-37.81455,Non-Intersection,BOROONDARA,Metro,2,0,1,1,0,0,1,No
2018,October,4/10/18,14.45.00,Collision with vehicle,Thursday,No,Day,Other injury accident,80 km/hr,144.33677,-38.22579,Non-Intersection,GEELONG,Country,5,0,3,2,3,0,1,No
2018,October,4/10/18,15.30.00,Collision with vehicle,Thursday,No,Day,Other injury accident,60 km/hr,144.90659,-37.58477,Intersection,HUME,Metro,3,0,3,0,0,0,1,No
2018,October,4/10/18,16.00.00,Collision with vehicle,Wednesday,No,Day,Other injury accident,100 km/hr,145.16173,-38.10857,Non-Intersection,FRANKSTON,Metro,2,0,1,1,0,0,1,No
2018,October,4/10/18,15.50.00,Collision with vehicle,Thursday,No,Day,Serious injury accident,80 km/hr,146.91261,-36.13896,Non-Intersection,WODONGA,Country,3,0,2,1,0,0,1,No
2018,October,4/10/18,15.35.00,Collision with vehicle,Thursday,No,Day,Other injury accident,40 km/hr,144.97834,-37.79906,Intersection,YARRA RANGES,Metro,2,0,2,0,0,0,1,No
2018,October,4/10/18,18.30.00,Collision with object,Wednesday,No,Dark,Serious injury accident,110 km/hr,145.90392,-38.15676,Non-Intersection,BAW BAW,Country,1,0,1,0,0,0,0,No
2018,October,4/10/18,17.35.00,Struck pedestrian,Thursday,No,Day,Other injury accident,50 km/hr,144.95513,-37.81213,Non-Intersection,MELBOURNE,Metro,2,0,1,0,0,0,0,No
2018,October,4/10/18,19.11.00,Collision with vehicle,Thursday,No,Dark,Other injury accident,60 km/hr,144.99627,-37.7832,Intersection,DAREBIN,Metro,5,0,1,4,3,0,1,No
2018,October,4/10/18,18.49.00,No collision and no object struck,Wednesday,No,Day,Serious injury accident,60 km/hr,144.94668,-37.81901,Intersection,MELBOURNE,Metro,1,0,0,1,0,0,0,No
2018,October,4/10/18,20.26.00,Collision with vehicle,Wednesday,No,Dark,Other injury accident,60 km/hr,144.73966,-37.75633,Intersection,MELTON,Metro,6,0,3,3,4,0,0,No
2018,October,4/10/18,20.46.00,Struck pedestrian,Thursday,No,Dark,Other injury accident,80 km/hr,145.14014,-37.91615,Intersection,MONASH,Metro,2,0,2,0,0,0,0,No
2018,October,4/10/18,17.35.00,Struck pedestrian,Thursday,No,Dark,Other injury accident,50 km/hr,144.90124,-38.35678,Non-Intersection,MORNINGTON PENINSULA,Metro,2,0,2,0,0,0,0,No
2018,October,4/10/18,23.50.00,Collision with object,Thursday,No,Dark,Serious injury accident,50 km/hr,144.74093,-36.11326,Non-Intersection,CAMPASPE,Country,2,0,0,2,1,0,1,No
2018,October,4/10/18,19.30.00,Collision with vehicle,Wednesday,Yes,Dark,Other injury accident,40 km/hr,145.00051,-37.75914,Non-Intersection,DAREBIN,Metro,2,0,1,0,0,0,0,No
2018,October,5/10/18,10.30.00,Collision with object,Friday,No,Day,Serious injury accident,100 km/hr,144.73932,-37.76168,Non-Intersection,MELTON,Metro,1,0,1,0,0,0,0,No
2018,October,5/10/18,16.00.00,Collision with vehicle,Thursday,No,Day,Other injury accident,80 km/hr,145.16544,-38.15502,Non-Intersection,FRANKSTON,Metro,2,0,1,1,0,0,0,No
2018,October,5/10/18,18.20.00,Collision with vehicle,Thursday,No,Dark,Serious injury accident,50 km/hr,145.33822,-38.05991,Intersection,CASEY,Metro,3,0,1,2,1,1,1,No
2018,October,5/10/18,14.30.00,Collision with vehicle,Friday,No,Day,Other injury accident,60 km/hr,144.65568,-38.12113,Non-Intersection,GEELONG,Country,5,0,2,2,3,0,0,No
2018,October,5/10/18,14.45.00,Struck pedestrian,Thursday,No,Day,Other injury accident,50 km/hr,146.68828,-36.3601,Non-Intersection,INDIGO,Country,2,0,2,0,0,0,0,No
2018,October,5/10/18,04.42.00,Collision with object,Friday,No,Dark,Other injury accident,60 km/hr,144.8686,-37.77068,Non-Intersection,MOONEE VALLEY,Metro,1,0,1,0,0,0,0,No
2018,October,5/10/18,06.15.00,Struck pedestrian,Friday,No,Day,Other injury accident,60 km/hr,144.9022,-37.75538,Non-Intersection,MOONEE VALLEY,Metro,2,0,1,1,0,0,0,No
2018,October,5/10/18,06.45.00,Collision with vehicle,Thursday,No,Day,Other injury accident,80 km/hr,143.71134,-38.31176,Non-Intersection,COLAC OTWAY,Country,2,0,2,0,0,0,1,No
2018,October,5/10/18,07.55.00,Collision with vehicle,Friday,No,Day,Other injury accident,80 km/hr,144.90306,-37.56521,Non-Intersection,HUME,Metro,3,0,2,1,1,0,1,No
2018,October,5/10/18,08.45.00,Collision with vehicle,Thursday,No,Day,Other injury accident,60 km/hr,145.02143,-37.82649,Intersection,YARRA RANGES,Metro,2,0,2,0,0,0,0,No
2018,October,5/10/18,08.00.00,Collision with vehicle,Thursday,No,Day,Other injury accident,100 km/hr,145.41785,-38.0768,Non-Intersection,CARDINIA,Metro,2,0,1,1,0,0,0,No
2018,October,5/10/18,08.50.00,Collision with vehicle,Thursday,No,Day,Other injury accident,80 km/hr,145.11195,-37.91247,Non-Intersection,MONASH,Metro,3,0,1,0,1,0,0,No
2018,October,5/10/18,08.40.00,Collision with object,Friday,No,Day,Other injury accident,50 km/hr,147.85704,-37.88818,Non-Intersection,EAST GIPPSLAND,Country,1,0,1,0,0,0,0,No
2018,October,5/10/18,12.50.00,Collision with vehicle,Friday,No,Day,Serious injury accident,40 km/hr,144.99387,-37.80987,Intersection,YARRA RANGES,Metro,2,0,2,0,0,0,1,No
2018,October,5/10/18,07.00.00,Collision with vehicle,Thursday,No,Day,Other injury accident,100 km/hr,144.80416,-37.83588,Non-Intersection,HOBSONS BAY,Metro,2,0,2,0,0,0,0,No
2018,October,5/10/18,09.40.00,Collision with vehicle,Friday,No,Day,Other injury accident,40 km/hr,144.51856,-36.29905,Non-Intersection,CAMPASPE,Country,2,0,1,1,0,0,0,No
2018,October,5/10/18,13.20.00,Fall from or in moving vehicle,Thursday,No,Day,Other injury accident,80 km/hr,144.69514,-37.81005,Non-Intersection,WYNDHAM,Metro,3,0,3,0,2,0,0,No
2018,October,5/10/18,10.20.00,Collision with vehicle,Thursday,No,Day,Other injury accident,60 km/hr,145.07872,-37.73426,Non-Intersection,BANYULE,Metro,3,0,0,1,1,0,1,No
2018,October,5/10/18,14.20.00,Collision with vehicle,Friday,No,Day,Other injury accident,40 km/hr,145.26098,-38.03487,Intersection,CASEY,Metro,4,0,1,3,2,0,0,No
2018,October,5/10/18,14.19.00,Collision with vehicle,Friday,No,Day,Other injury accident,60 km/hr,145.36326,-38.02573,Intersection,CASEY,Metro,4,0,4,0,2,0,1,No
2018,October,5/10/18,15.15.00,Collision with vehicle,Thursday,No,Day,Other injury accident,70 km/hr,144.34397,-38.18671,Non-Intersection,GEELONG,Country,3,0,2,1,1,0,1,No
2018,October,5/10/18,16.50.00,Collision with vehicle,Friday,No,Day,Other injury accident,40 km/hr,144.99173,-37.79972,Non-Intersection,YARRA RANGES,Metro,2,0,1,1,0,0,0,No
2018,October,5/10/18,16.10.00,Collision with vehicle,Thursday,No,Day,Serious injury accident,100 km/hr,145.32209,-38.02918,Non-Intersection,CASEY,Metro,3,0,2,1,0,0,1,No
2018,October,5/10/18,16.20.00,Collision with vehicle,Thursday,No,Day,Other injury accident,70 km/hr,145.24876,-37.80872,Non-Intersection,MAROONDAH,Metro,2,0,0,2,0,0,1,No
2018,October,5/10/18,16.56.00,Collision with vehicle,Friday,No,Day,Other injury accident,50 km/hr,145.15832,-37.85015,Intersection,WHITEHORSE,Metro,3,0,2,1,1,0,2,No
2018,October,5/10/18,16.20.00,Collision with vehicle,Friday,No,Day,Other injury accident,60 km/hr,145.02989,-37.79205,Intersection,BOROONDARA,Metro,2,0,2,0,0,0,0,No
2018,October,5/10/18,09.00.00,Collision with vehicle,Thursday,No,Day,Other injury accident,40 km/hr,147.42798,-37.8798,Non-Intersection,EAST GIPPSLAND,Country,2,0,1,1,0,0,0,No
2018,October,5/10/18,13.30.00,Struck pedestrian,Thursday,No,Day,Other injury accident,40 km/hr,144.97083,-37.79563,Intersection,MELBOURNE,Metro,2,0,0,2,0,0,0,No
2018,October,5/10/18,18.49.00,Struck pedestrian,Friday,No,Dark,Serious injury accident,80 km/hr,145.15201,-37.85252,Intersection,WHITEHORSE,Metro,2,0,1,1,0,0,0,No
2018,October,5/10/18,16.50.00,Collision with vehicle,Friday,Yes,Day,Other injury accident,80 km/hr,144.74886,-37.82494,Intersection,WYNDHAM,Metro,2,0,2,0,0,0,0,No
2018,October,5/10/18,17.30.00,Collision with vehicle,Friday,No,Day,Serious injury accident,70 km/hr,145.00701,-37.85993,Intersection,PORT PHILLIP,Metro,2,0,1,1,0,0,0,No
2018,October,5/10/18,17.08.00,Collision with object,Thursday,No,Day,Other injury accident,100 km/hr,144.92581,-37.4637,Intersection,MITCHELL,Country,1,0,1,0,0,0,1,No
2018,October,5/10/18,15.30.00,Collision with object,Friday,No,Day,Fatal accident,100 km/hr,146.20501,-36.63732,Non-Intersection,BENALLA,Country,1,1,1,0,0,0,1,No
2018,October,5/10/18,22.10.00,Collision with vehicle,Friday,No,Dark,Other injury accident,80 km/hr,145.26878,-38.02847,Intersection,CASEY,Metro,3,0,2,1,1,0,0,No
2018,October,5/10/18,09.40.00,Collision with vehicle,Friday,No,Day,Other injury accident,60 km/hr,144.37736,-38.06883,Non-Intersection,GEELONG,Country,4,0,1,3,2,0,0,No
2018,October,6/10/18,19.30.00,Collision with vehicle,Saturday,No,Dark,Other injury accident,70 km/hr,145.23362,-37.81343,Non-Intersection,MAROONDAH,Metro,4,0,3,1,2,0,0,No
2018,October,6/10/18,20.30.00,Collision with object,Saturday,No,Dark,Other injury accident,100 km/hr,146.69383,-36.63966,Non-Intersection,ALPINE,Country,1,0,0,1,0,0,1,Yes
2018,October,6/10/18,20.10.00,Struck pedestrian,Saturday,No,Dark,Serious injury accident,60 km/hr,144.99192,-37.76495,Non-Intersection,DAREBIN,Metro,2,0,2,0,0,0,0,No
2018,October,6/10/18,04.25.00,No collision and no object struck,Saturday,No,Dark,Other injury accident,100 km/hr,145.16332,-38.17176,Non-Intersection,FRANKSTON,Metro,2,0,0,0,0,0,1,No
2018,October,6/10/18,19.45.00,Collision with object,Friday,No,Dark,Other injury accident,50 km/hr,144.80435,-38.37966,Non-Intersection,MORNINGTON PENINSULA,Metro,2,0,2,0,1,0,1,No
2018,October,6/10/18,12.30.00,Collision with vehicle,Saturday,No,Day,Serious injury accident,80 km/hr,145.15057,-37.99151,Intersection,DANDENONG,Metro,3,0,0,3,1,0,1,No
2018,October,6/10/18,14.04.00,Collision with vehicle,Saturday,No,Day,Serious injury accident,60 km/hr,145.28612,-37.85274,Intersection,KNOX,Metro,3,0,3,0,1,0,0,No
2018,October,6/10/18,19.20.00,Vehicle overturned,Friday,No,Dusk/Dawn,Other injury accident,100 km/hr,145.5202,-38.16412,Non-Intersection,CARDINIA,Metro,1,0,0,1,0,0,0,No
2018,October,6/10/18,22.10.00,Collision with vehicle,Saturday,No,Dark,Other injury accident,60 km/hr,144.96839,-37.79226,Intersection,MELBOURNE,Metro,3,0,2,0,0,0,0,No
2018,October,6/10/18,00.35.00,Collision with vehicle,Saturday,No,Dark,Other injury accident,80 km/hr,144.44849,-37.69686,Intersection,MOORABOOL,Country,4,0,2,2,2,0,1,No
2018,October,6/10/18,07.18.00,Collision with object,Saturday,No,Day,Other injury accident,80 km/hr,144.82504,-37.82356,Non-Intersection,HOBSONS BAY,Metro,1,0,0,1,0,0,1,No
2018,October,6/10/18,12.30.00,Collision with vehicle,Friday,No,Day,Other injury accident,60 km/hr,145.06947,-37.75744,Intersection,BANYULE,Metro,2,0,2,0,0,0,0,No
2018,October,6/10/18,11.30.00,Collision with object,Saturday,No,Day,Other injury accident,100 km/hr,146.0024,-37.19812,Off Road,MANSFIELD,Country,1,0,1,0,0,0,0,No
2018,October,6/10/18,12.20.00,Collision with vehicle,Saturday,No,Day,Other injury accident,60 km/hr,145.42437,-36.38613,Intersection,SHEPPARTON,Country,2,0,0,2,0,1,0,No
2018,October,6/10/18,12.35.00,Collision with object,Friday,No,Day,Serious injury accident,50 km/hr,145.09387,-37.86701,Non-Intersection,MONASH,Metro,2,0,2,0,0,0,0,No
2018,October,6/10/18,11.30.00,Collision with vehicle,Friday,No,Day,Other injury accident,60 km/hr,145.01742,-37.70291,Non-Intersection,DAREBIN,Metro,7,0,2,5,3,0,0,No
2018,October,6/10/18,05.21.00,Collision with object,Saturday,No,Dusk/Dawn,Fatal accident,80 km/hr,145.05403,-37.96037,Intersection,KINGSTON,Metro,1,1,0,1,0,0,1,No
2018,October,6/10/18,08.08.00,Collision with vehicle,Saturday,No,Day,Other injury accident,80 km/hr,145.32759,-37.81518,Non-Intersection,YARRA RANGES,Metro,6,0,5,1,0,0,1,No
2018,October,6/10/18,13.20.00,Vehicle overturned,Friday,No,Day,Other injury accident,100 km/hr,143.76069,-38.36516,Non-Intersection,COLAC OTWAY,Country,1,0,0,1,0,0,1,No
2018,October,6/10/18,13.00.00,Collision with vehicle,Saturday,No,Day,Other injury accident,70 km/hr,145.22732,-37.82056,Intersection,MAROONDAH,Metro,2,0,1,0,0,0,0,No
2018,October,6/10/18,12.30.00,Collision with object,Friday,No,Day,Other injury accident,50 km/hr,141.40182,-37.58632,Non-Intersection,GLENELG,Country,1,0,0,1,0,1,0,No
2018,October,6/10/18,14.00.00,Collision with vehicle,Saturday,No,Day,Serious injury accident,80 km/hr,144.95405,-37.39949,Intersection,MITCHELL,Country,2,0,1,1,0,1,0,No
2018,October,6/10/18,11.35.00,Collision with vehicle,Friday,No,Day,Fatal accident,100 km/hr,145.51664,-37.62599,Non-Intersection,YARRA RANGES,Metro,6,1,5,1,4,0,0,No
2018,October,6/10/18,11.10.00,Collision with vehicle,Friday,No,Day,Other injury accident,80 km/hr,145.57648,-37.77624,Intersection,YARRA RANGES,Metro,9,0,3,6,5,0,1,No
2018,October,6/10/18,14.23.00,Collision with vehicle,Saturday,No,Day,Other injury accident,80 km/hr,145.46646,-37.96388,Non-Intersection,CARDINIA,Metro,2,0,2,0,0,0,0,No
2018,October,6/10/18,15.25.00,Collision with vehicle,Saturday,No,Day,Other injury accident,60 km/hr,144.91313,-37.83368,Intersection,MELBOURNE,Metro,3,0,2,1,1,0,1,No
2018,October,6/10/18,15.02.00,Collision with vehicle,Saturday,No,Day,Serious injury accident,50 km/hr,145.11938,-37.78219,Non-Intersection,MANNINGHAM,Metro,1,0,1,0,0,1,0,No
2018,October,6/10/18,19.00.00,Collision with vehicle,Saturday,No,Dark,Serious injury accident,60 km/hr,145.01154,-37.92153,Intersection,BAYSIDE,Metro,2,0,2,0,0,0,0,No
2018,October,6/10/18,17.36.00,Collision with vehicle,Saturday,No,Day,Other injury accident,60 km/hr,145.08934,-37.87599,Non-Intersection,STONNINGTON,Metro,2,0,2,0,0,0,0,No
2018,October,6/10/18,13.50.00,Struck pedestrian,Friday,No,Day,Other injury accident,50 km/hr,144.89278,-37.59126,Non-Intersection,HUME,Metro,3,0,1,2,1,0,0,No
2018,October,6/10/18,18.10.00,Fall from or in moving vehicle,Friday,No,Day,Other injury accident,80 km/hr,145.31441,-38.18019,Intersection,CASEY,Metro,3,0,2,1,1,0,0,No
2018,October,6/10/18,04.00.00,Vehicle overturned,Saturday,No,Dark,Serious injury accident,100 km/hr,147.65218,-36.95916,Non-Intersection,EAST GIPPSLAND,Country,1,0,1,0,0,0,1,Yes
2018,October,7/10/18,03.50.00,Collision with vehicle,Sunday,No,Dark,Other injury accident,60 km/hr,144.96539,-37.77767,Intersection,MORELAND,Metro,2,0,1,1,0,0,0,Yes
2018,October,7/10/18,03.05.00,Collision with object,Sunday,No,Dark,Serious injury accident,100 km/hr,145.02255,-37.26904,Off Road,MITCHELL,Country,3,0,3,0,2,0,1,Yes
2018,October,7/10/18,05.21.00,Collision with object,,No,Dark,Serious injury accident,60 km/hr,144.92243,-37.78952,Non-Intersection,MELBOURNE,Metro,2,0,1,1,1,0,1,No
2018,October,7/10/18,08.15.00,Collision with object,Sunday,No,Day,Other injury accident,40 km/hr,145.01464,-37.60686,Intersection,WHITTLESEA,Metro,1,0,0,1,0,0,0,No
2018,October,7/10/18,10.35.00,Collision with vehicle,Sunday,No,Day,Other injury accident,100 km/hr,144.46595,-37.54888,Non-Intersection,MOORABOOL,Country,4,0,0,3,1,0,0,No
2018,October,7/10/18,13.15.00,Collision with vehicle,Sunday,No,Day,Other injury accident,60 km/hr,144.95085,-37.73264,Non-Intersection,MORELAND,Metro,3,0,2,0,0,0,1,No
2018,October,7/10/18,11.19.00,Collision with vehicle,Sunday,No,Day,Other injury accident,100 km/hr,144.46176,-37.59118,Intersection,MOORABOOL,Country,3,0,2,1,1,0,0,No
2018,October,7/10/18,14.15.00,Collision with object,,No,Day,Other injury accident,60 km/hr,143.82078,-37.54674,Non-Intersection,BALLARAT,Country,1,0,0,1,0,0,1,No
2018,October,7/10/18,13.25.00,Collision with vehicle,,No,Day,Other injury accident,50 km/hr,145.17708,-37.94415,Intersection,DANDENONG,Metro,2,0,0,2,0,1,0,No
2018,October,7/10/18,13.56.00,Collision with object,,No,Day,Other injury accident,100 km/hr,145.95378,-37.33456,Non-Intersection,MURRINDINDI,Country,1,0,1,0,0,0,0,No
2018,October,7/10/18,12.32.00,Collision with vehicle,,No,Day,Serious injury accident,60 km/hr,145.00017,-37.94183,Intersection,BAYSIDE,Metro,4,0,1,3,2,1,0,No
2018,October,7/10/18,16.10.00,Collision with vehicle,Sunday,No,Day,Other injury accident,50 km/hr,145.29895,-38.11515,Intersection,CASEY,Metro,3,0,1,1,1,0,0,No
2018,October,7/10/18,10.45.00,Collision with vehicle,Sunday,No,Day,Fatal accident,100 km/hr,144.31862,-35.91008,Intersection,GANNAWARRA,Country,2,2,1,1,0,1,0,No
2018,October,7/10/18,17.17.00,Collision with vehicle,,No,Day,Serious injury accident,60 km/hr,145.34318,-37.75609,Intersection,YARRA RANGES,Metro,4,0,1,3,2,0,0,No
2018,October,7/10/18,17.30.00,Collision with vehicle,Sunday,Yes,Day,Serious injury accident,50 km/hr,145.13947,-37.70788,Intersection,NILLUMBIK,Metro,7,0,5,2,6,0,1,No
2018,October,7/10/18,19.08.00,Collision with object,Sunday,No,Day,Serious injury accident,60 km/hr,145.31143,-37.78298,Non-Intersection,YARRA RANGES,Metro,1,0,0,1,0,0,0,No
2018,October,7/10/18,15.30.00,Collision with vehicle,,No,Day,Other injury accident,100 km/hr,145.09345,-38.23074,Intersection,MORNINGTON PENINSULA,Metro,3,0,2,1,1,0,0,No
2018,October,7/10/18,15.30.00,Collision with object,Sunday,No,Day,Serious injury accident,70 km/hr,145.198,-37.83564,Non-Intersection,WHITEHORSE,Metro,1,0,0,1,0,0,1,No
2018,October,7/10/18,14.55.00,Collision with object,Sunday,No,Day,Serious injury accident,100 km/hr,145.87288,-37.56073,Non-Intersection,YARRA RANGES,Metro,1,0,1,0,0,0,0,No
2018,October,7/10/18,21.12.00,Collision with vehicle,Sunday,No,Dark,Other injury accident,50 km/hr,144.94565,-37.81659,Non-Intersection,MELBOURNE,Metro,2,0,2,0,0,0,0,No
2018,October,7/10/18,16.35.00,Collision with vehicle,,No,Day,Other injury accident,60 km/hr,144.98842,-37.90381,Intersection,BAYSIDE,Metro,4,0,0,4,2,0,1,No
2018,October,7/10/18,21.00.00,Collision with object,Sunday,No,Dark,Serious injury accident,100 km/hr,144.15824,-36.77202,Non-Intersection,BENDIGO,Country,1,0,1,0,0,0,1,No
2018,October,7/10/18,21.20.00,Collision with vehicle,,Yes,Dark,Other injury accident,60 km/hr,144.91527,-37.70251,Intersection,MORELAND,Metro,3,0,0,2,0,0,0,No
2018,October,7/10/18,22.30.00,Collision with vehicle,Sunday,Yes,Dark,Other injury accident,80 km/hr,144.92403,-37.66879,Non-Intersection,HUME,Metro,5,0,0,3,2,0,0,No
2018,October,7/10/18,09.20.00,Collision with vehicle,Sunday,No,Day,Other injury accident,50 km/hr,145.01348,-37.85656,Non-Intersection,STONNINGTON,Metro,1,0,1,0,0,0,0,No
2018,October,7/10/18,21.49.00,Collision with vehicle,Sunday,No,Dark,Other injury accident,60 km/hr,145.03049,-37.66082,Intersection,WHITTLESEA,Metro,5,0,4,1,3,0,1,No
2018,October,7/10/18,10.50.00,Collision with vehicle,,No,Day,Other injury accident,60 km/hr,145.0366,-37.90351,Non-Intersection,GLEN EIRA,Metro,3,0,2,1,1,0,0,No
2018,October,7/10/18,10.45.00,Collision with vehicle,Sunday,No,Day,Other injury accident,60 km/hr,145.32006,-37.56102,Non-Intersection,NILLUMBIK,Metro,2,0,2,0,0,0,0,No
2018,October,7/10/18,11.50.00,Collision with vehicle,,No,Day,Other injury accident,70 km/hr,145.13021,-37.85167,Non-Intersection,WHITEHORSE,Metro,3,0,1,1,1,0,1,No
2018,October,7/10/18,10.30.00,Collision with vehicle,Sunday,No,Day,Other injury accident,70 km/hr,145.31497,-37.89275,Non-Intersection,KNOX,Metro,2,0,1,1,0,1,0,No
2018,October,8/10/18,08.17.00,Collision with vehicle,Monday,No,Day,Other injury accident,50 km/hr,146.08822,-37.05233,Intersection,MANSFIELD,Country,2,0,0,2,0,0,0,No
2018,October,8/10/18,05.51.00,Collision with vehicle,Sunday,No,Dusk/Dawn,Serious injury accident,80 km/hr,144.9551,-37.66723,Intersection,HUME,Metro,2,0,2,0,0,0,1,No
2018,October,8/10/18,10.02.00,Collision with vehicle,Monday,No,Day,Other injury accident,80 km/hr,145.08563,-37.89267,Non-Intersection,MONASH,Metro,3,0,2,1,0,0,0,No
2018,October,8/10/18,09.00.00,Collision with vehicle,Monday,No,Day,Other injury accident,50 km/hr,143.55696,-35.33522,Intersection,SWAN HILL,Country,2,0,1,1,0,1,0,No