year,month,date,time,accident_type,day,hit_run,light_condition,severity,speed_zone,longitude,latitude,node_type,lga,state_div,total_persons,fatality,males,females,passengers,old_driver,young_driver,alcohol
2018,October,8/10/18,08.00.00,Collision with vehicle,Monday,No,Day,Other injury accident,60 km/hr,144.36622,-38.09135,Non-Intersection,GEELONG,Country,1,0,0,1,0,0,0,No
2018,October,8/10/18,11.45.00,Collision with object,Sunday,No,Day,Other injury accident,50 km/hr,142.48199,-38.37519,Non-Intersection,WARRNAMBOOL,Country,2,0,1,1,1,1,0,No
2018,October,8/10/18,15.50.00,Collision with vehicle,Monday,No,Day,Other injury accident,60 km/hr,144.84864,-37.82892,Intersection,HOBSONS BAY,Metro,4,0,1,1,1,0,0,No
2018,October,8/10/18,17.15.00,No collision and no object struck,Monday,No,Day,Other injury accident,60 km/hr,144.97132,-37.8299,Intersection,PORT PHILLIP,Metro,2,0,2,0,0,0,0,No
2018,October,8/10/18,16.15.00,Collision with vehicle,Monday,No,Day,Serious injury accident,80 km/hr,142.50532,-38.35215,Non-Intersection,WARRNAMBOOL,Country,3,0,2,1,0,0,1,No
2018,October,8/10/18,18.15.00,Collision with vehicle,Monday,No,Day,Other injury accident,60 km/hr,144.91614,-37.70628,Intersection,MORELAND,Metro,4,0,2,1,1,0,0,No
2018,October,8/10/18,17.47.00,Collision with vehicle,Monday,No,Day,Serious injury accident,100 km/hr,146.29151,-38.20134,Non-Intersection,LATROBE,Country,2,0,2,0,0,0,0,No
2018,October,8/10/18,15.19.00,Collision with object,Monday,No,Day,Other injury accident,50 km/hr,144.91379,-37.57028,Non-Intersection,HUME,Metro,1,0,0,1,0,0,0,No
2018,October,8/10/18,13.25.00,Collision with vehicle,Monday,No,Day,Other injury accident,60 km/hr,145.18021,-37.79091,Non-Intersection,MANNINGHAM,Metro,3,0,2,1,1,0,0,No
2018,October,8/10/18,15.05.00,Collision with vehicle,Monday,No,Day,Other injury accident,50 km/hr,143.85784,-37.54526,Intersection,BALLARAT,Country,2,0,2,0,0,0,0,No
2018,October,8/10/18,11.55.00,Collision with object,Monday,No,Day,Serious injury accident,50 km/hr,145.05757,-37.89387,Intersection,GLEN EIRA,Metro,1,0,0,1,0,1,0,No
2018,October,8/10/18,21.50.00,Collision with vehicle,Monday,No,Dark,Serious injury accident,80 km/hr,145.24403,-37.87169,Intersection,KNOX,Metro,4,0,3,1,2,0,1,No
2018,October,8/10/18,08.15.00,Collision with vehicle,Sunday,No,Day,Other injury accident,60 km/hr,144.98181,-37.78567,Intersection,YARRA RANGES,Metro,2,0,0,1,0,0,0,No
2018,October,8/10/18,10.20.00,Collision with vehicle,Sunday,Yes,Day,Serious injury accident,60 km/hr,145.02877,-37.8598,Non-Intersection,STONNINGTON,Metro,2,0,0,1,0,0,0,No
2018,October,8/10/18,07.30.00,Struck pedestrian,Sunday,No,Day,Other injury accident,60 km/hr,144.98064,-37.85022,Intersection,MELBOURNE,Metro,2,0,1,1,0,0,0,No
2018,October,8/10/18,17.00.00,Collision with vehicle,Sunday,No,Day,Other injury accident,60 km/hr,145.94361,-38.16475,Intersection,BAW BAW,Country,2,0,1,1,0,0,1,No
2018,October,9/10/18,15.25.00,Collision with vehicle,Monday,No,Day,Other injury accident,60 km/hr,144.59398,-37.67587,Intersection,MELTON,Metro,3,0,2,1,1,1,0,No
2018,October,9/10/18,07.25.00,Collision with vehicle,Monday,No,Day,Other injury accident,60 km/hr,144.93288,-37.81794,Non-Intersection,MELBOURNE,Metro,2,0,2,0,0,0,1,No
2018,October,9/10/18,20.52.00,Collision with vehicle,Tuesday,No,Dark,Other injury accident,60 km/hr,145.03107,-37.81402,Non-Intersection,BOROONDARA,Metro,3,0,2,1,1,0,1,No
2018,October,9/10/18,05.20.00,Collision with object,Tuesday,No,Dark,Other injury accident,60 km/hr,144.92202,-37.78381,Non-Intersection,MOONEE VALLEY,Metro,1,0,1,0,0,0,0,No
2018,October,9/10/18,06.20.00,Collision with vehicle,Tuesday,No,Day,Serious injury accident,30km/hr,146.47566,-38.21803,Intersection,LATROBE,Country,2,0,1,1,0,0,0,No
2018,October,9/10/18,08.35.00,Collision with vehicle,Tuesday,No,Day,Other injury accident,80 km/hr,144.71629,-37.68938,Non-Intersection,MELTON,Metro,3,0,0,3,0,0,1,No
2018,October,9/10/18,08.55.00,Vehicle overturned,Monday,No,Day,Other injury accident,80 km/hr,145.22298,-37.70836,Non-Intersection,NILLUMBIK,Metro,1,0,0,1,0,0,1,No
2018,October,9/10/18,07.10.00,Collision with vehicle,Monday,No,Day,Other injury accident,60 km/hr,145.32165,-38.08793,Non-Intersection,CASEY,Metro,5,0,4,0,1,0,1,No
2018,October,9/10/18,17.00.00,Collision with vehicle,Monday,No,Dusk/Dawn,Other injury accident,60 km/hr,144.99709,-37.88408,Intersection,BAYSIDE,Metro,2,0,2,0,0,0,1,No
2018,October,9/10/18,11.40.00,Collision with object,Monday,No,Day,Other injury accident,80 km/hr,145.21816,-37.83192,Non-Intersection,MAROONDAH,Metro,1,0,0,1,0,0,0,No
2018,October,9/10/18,11.20.00,Collision with vehicle,Tuesday,No,Day,Other injury accident,80 km/hr,144.99676,-37.83392,Non-Intersection,YARRA RANGES,Metro,3,0,2,1,0,0,1,No
2018,October,9/10/18,11.30.00,No collision and no object struck,Tuesday,No,Day,Other injury accident,50 km/hr,144.77084,-37.78512,Intersection,BRIMBANK,Metro,1,0,1,0,0,0,0,No
2018,October,9/10/18,08.00.00,Collision with object,Tuesday,No,Day,Serious injury accident,100 km/hr,141.7252,-37.60297,Non-Intersection,SOUTHERN GRAMPIANS,Country,1,0,0,1,0,0,0,No
2018,October,9/10/18,12.45.00,Collision with vehicle,Tuesday,No,Day,Other injury accident,70 km/hr,145.14494,-37.8905,Intersection,MONASH,Metro,2,0,1,1,0,0,1,No
2018,October,9/10/18,13.07.00,Collision with vehicle,Tuesday,No,Day,Other injury accident,50 km/hr,144.92133,-37.58401,Non-Intersection,HUME,Metro,2,0,1,1,0,0,1,No
2018,October,9/10/18,13.00.00,Collision with vehicle,Tuesday,No,Day,Other injury accident,70 km/hr,145.04229,-37.93406,Non-Intersection,KINGSTON,Metro,4,0,3,1,0,0,0,No
2018,October,9/10/18,15.00.00,Collision with vehicle,Tuesday,No,Day,Other injury accident,40 km/hr,145.09233,-37.89903,Intersection,MONASH,Metro,2,0,2,0,0,0,1,No
2018,October,9/10/18,15.17.00,Collision with vehicle,Tuesday,No,Day,Other injury accident,50 km/hr,144.97066,-37.70059,Intersection,MORELAND,Metro,3,0,0,3,1,0,0,No
2018,October,9/10/18,15.15.00,Collision with vehicle,Monday,No,Day,Other injury accident,60 km/hr,145.02584,-37.64852,Intersection,WHITTLESEA,Metro,2,0,2,0,0,0,0,No
2018,October,9/10/18,16.35.00,Collision with vehicle,Tuesday,No,Day,Other injury accident,110 km/hr,145.78809,-38.08721,Non-Intersection,BAW BAW,Country,4,0,3,1,1,0,2,No
2018,October,9/10/18,14.29.00,Collision with vehicle,Tuesday,No,Day,Other injury accident,60 km/hr,144.2747,-36.74298,Non-Intersection,BENDIGO,Country,3,0,1,2,1,0,1,No
2018,October,9/10/18,16.12.00,Collision with vehicle,Monday,No,Day,Other injury accident,60 km/hr,145.43617,-37.79066,Intersection,YARRA RANGES,Metro,4,0,2,2,2,0,0,No
2018,October,9/10/18,17.00.00,Struck pedestrian,Tuesday,No,Day,Other injury accident,60 km/hr,145.00367,-37.81903,Non-Intersection,YARRA RANGES,Metro,2,0,2,0,0,0,0,No
2018,October,9/10/18,15.10.00,Collision with object,Tuesday,No,Day,Other injury accident,60 km/hr,145.43643,-37.89469,Non-Intersection,YARRA RANGES,Metro,1,0,0,1,0,0,0,No
2018,October,9/10/18,17.22.00,Collision with vehicle,Tuesday,No,Day,Other injury accident,80 km/hr,145.56641,-38.09928,Intersection,CARDINIA,Metro,3,0,2,0,1,0,0,No
2018,October,9/10/18,18.35.00,Collision with vehicle,Tuesday,No,Day,Other injury accident,60 km/hr,145.03047,-37.65857,Intersection,WHITTLESEA,Metro,2,0,0,2,0,0,0,No
2018,October,9/10/18,11.43.00,Collision with vehicle,Monday,No,Day,Other injury accident,70 km/hr,144.79315,-37.72765,Non-Intersection,BRIMBANK,Metro,2,0,2,0,0,0,1,No
2018,October,9/10/18,19.45.00,Collision with object,Tuesday,No,Dark,Other injury accident,80 km/hr,144.97576,-37.28833,Non-Intersection,MITCHELL,Country,1,0,1,0,0,0,0,No
2018,October,9/10/18,15.30.00,Collision with vehicle,Tuesday,No,Day,Other injury accident,60 km/hr,145.3446,-38.04159,Non-Intersection,CASEY,Metro,3,0,1,2,0,0,1,No
2018,October,9/10/18,10.50.00,Collision with vehicle,Monday,No,Day,Serious injury accident,70 km/hr,144.35228,-38.17497,Non-Intersection,GEELONG,Country,3,0,1,2,1,0,0,No
2018,October,9/10/18,16.00.00,Collision with vehicle,Tuesday,No,Day,Other injury accident,60 km/hr,145.09605,-38.16906,Non-Intersection,MORNINGTON PENINSULA,Metro,4,0,0,4,2,1,0,No
2018,October,9/10/18,13.45.00,Fall from or in moving vehicle,Monday,No,Day,Serious injury accident,80 km/hr,145.21375,-38.02381,Non-Intersection,DANDENONG,Metro,3,0,1,2,0,0,0,No
2018,October,9/10/18,17.00.00,Collision with vehicle,Monday,No,Day,Other injury accident,70 km/hr,144.76886,-37.76893,Non-Intersection,BRIMBANK,Metro,2,0,2,0,0,0,0,No
2018,October,9/10/18,09.14.00,Collision with vehicle,Tuesday,No,Day,Other injury accident,50 km/hr,144.95742,-37.81813,Non-Intersection,MELBOURNE,Metro,3,0,2,0,1,0,0,No
2018,October,9/10/18,16.45.00,Collision with vehicle,Tuesday,No,Day,Other injury accident,70 km/hr,144.35445,-38.11516,Non-Intersection,GEELONG,Country,3,0,2,1,0,1,0,No
2018,October,9/10/18,09.20.00,Collision with vehicle,Monday,No,Day,Other injury accident,60 km/hr,145.03576,-37.76377,Intersection,BANYULE,Metro,3,0,1,2,0,0,1,No
2018,October,10/10/18,17.00.00,Fall from or in moving vehicle,Tuesday,No,Day,Other injury accident,60 km/hr,144.55036,-38.25934,Intersection,GEELONG,Country,2,0,1,0,1,0,0,No
2018,October,10/10/18,01.50.00,Collision with vehicle,Wednesday,No,Dark,Other injury accident,80 km/hr,145.07994,-37.65611,Intersection,WHITTLESEA,Metro,2,0,2,0,0,0,1,No
2018,October,10/10/18,08.17.00,Collision with vehicle,Wednesday,No,Day,Serious injury accident,60 km/hr,145.02896,-37.68636,Intersection,WHITTLESEA,Metro,3,0,1,2,1,1,0,No
2018,October,10/10/18,08.50.00,Collision with vehicle,Wednesday,No,Day,Other injury accident,60 km/hr,145.106,-37.78819,Intersection,MANNINGHAM,Metro,6,0,5,1,4,0,0,No
2018,October,10/10/18,09.20.00,Collision with vehicle,Wednesday,No,Day,Other injury accident,80 km/hr,145.1974,-37.92336,Intersection,MONASH,Metro,3,0,2,1,0,0,1,No
2018,October,10/10/18,09.07.00,Collision with vehicle,Wednesday,No,Day,Other injury accident,80 km/hr,145.03525,-37.8375,Non-Intersection,BOROONDARA,Metro,4,0,3,1,1,0,0,No
2018,October,10/10/18,09.10.00,Collision with vehicle,Tuesday,No,Day,Other injury accident,60 km/hr,146.00461,-36.0177,Intersection,MOIRA,Country,3,0,1,2,1,1,0,No
2018,October,10/10/18,10.10.00,Collision with vehicle,Wednesday,No,Day,Other injury accident,80 km/hr,145.1493,-37.91752,Intersection,MONASH,Metro,3,0,3,0,0,0,0,No
2018,October,10/10/18,08.35.00,Struck pedestrian,Wednesday,No,Day,Serious injury accident,60 km/hr,145.12932,-37.7874,Intersection,MANNINGHAM,Metro,2,0,1,1,0,0,0,No
2018,October,10/10/18,08.29.00,Collision with vehicle,Tuesday,No,Day,Other injury accident,80 km/hr,145.38615,-38.05584,Non-Intersection,CARDINIA,Metro,3,0,1,2,1,0,0,No
2018,October,10/10/18,08.30.00,Collision with vehicle,Wednesday,No,Day,Other injury accident,60 km/hr,144.96607,-37.807,Non-Intersection,MELBOURNE,Metro,2,0,1,1,0,0,1,No
2018,October,10/10/18,06.50.00,Collision with vehicle,Wednesday,No,Day,Serious injury accident,80 km/hr,145.03093,-38.28577,Intersection,MORNINGTON PENINSULA,Metro,2,0,1,1,0,0,0,No
2018,October,10/10/18,12.10.00,Collision with vehicle,Wednesday,No,Day,Fatal accident,80 km/hr,144.88958,-37.82556,Non-Intersection,HOBSONS BAY,Metro,3,1,3,0,0,0,0,No
2018,October,10/10/18,15.25.00,Collision with vehicle,Wednesday,No,Day,Other injury accident,60 km/hr,145.04965,-37.73152,Intersection,BANYULE,Metro,3,0,1,2,1,1,0,No
2018,October,10/10/18,15.36.00,Collision with vehicle,Wednesday,No,Day,Other injury accident,60 km/hr,144.56345,-37.68465,Intersection,MELTON,Metro,2,0,0,2,0,0,0,No
2018,October,10/10/18,14.50.00,Collision with vehicle,Tuesday,No,Day,Other injury accident,100 km/hr,145.4442,-37.68346,Intersection,YARRA RANGES,Metro,2,0,1,1,0,0,0,No
2018,October,10/10/18,17.31.00,Collision with vehicle,Wednesday,No,Day,Other injury accident,50 km/hr,145.28638,-37.91804,Non-Intersection,KNOX,Metro,1,0,1,0,0,0,0,No
2018,October,10/10/18,15.12.00,Collision with vehicle,Tuesday,No,Day,Other injury accident,80 km/hr,145.20115,-38.14646,Intersection,FRANKSTON,Metro,2,0,1,1,0,0,0,No
2018,October,10/10/18,19.10.00,Struck pedestrian,Wednesday,No,Dusk/Dawn,Other injury accident,60 km/hr,143.85463,-37.58187,Intersection,BALLARAT,Country,2,0,1,0,0,0,0,No
2018,October,10/10/18,15.30.00,Collision with vehicle,Wednesday,No,Day,Other injury accident,100 km/hr,145.45219,-37.68345,Non-Intersection,YARRA RANGES,Metro,7,0,1,6,3,0,0,No
2018,October,10/10/18,18.00.00,Collision with vehicle,Wednesday,No,Day,Other injury accident,60 km/hr,144.93489,-37.80965,Non-Intersection,MELBOURNE,Metro,4,0,3,1,1,0,0,No
2018,October,10/10/18,18.10.00,Collision with vehicle,Wednesday,No,Day,Other injury accident,60 km/hr,145.05216,-37.85462,Non-Intersection,STONNINGTON,Metro,2,0,1,1,0,0,0,No
2018,October,10/10/18,17.00.00,Collision with vehicle,Wednesday,No,Day,Other injury accident,60 km/hr,145.25675,-37.7959,Intersection,MAROONDAH,Metro,2,0,0,2,0,0,1,No
2018,October,10/10/18,17.31.00,Collision with vehicle,Wednesday,Yes,Dusk/Dawn,Other injury accident,50 km/hr,145.1133,-37.91883,Intersection,MONASH,Metro,2,0,0,2,0,1,0,No
2018,October,10/10/18,19.05.00,Collision with vehicle,Wednesday,Yes,Dusk/Dawn,Other injury accident,40 km/hr,144.98121,-37.7956,Intersection,YARRA RANGES,Metro,3,0,3,0,1,0,1,No
2018,October,10/10/18,20.20.00,Collision with vehicle,Wednesday,No,Dark,Other injury accident,80 km/hr,145.45533,-38.06178,Intersection,CARDINIA,Metro,3,0,1,1,1,0,1,No
2018,October,10/10/18,20.35.00,Collision with vehicle,Wednesday,No,Dark,Serious injury accident,80 km/hr,145.2112,-37.86102,Intersection,KNOX,Metro,2,0,0,1,0,0,1,No
2018,October,10/10/18,17.35.00,Collision with vehicle,Wednesday,No,Day,Other injury accident,60 km/hr,145.40809,-36.38227,Intersection,SHEPPARTON,Country,5,0,1,4,0,1,2,No
2018,October,10/10/18,08.30.00,Collision with vehicle,Wednesday,No,Day,Other injury accident,60 km/hr,144.95653,-37.77098,Non-Intersection,MORELAND,Metro,2,0,1,1,0,0,0,No
2018,October,10/10/18,21.49.00,Struck pedestrian,Wednesday,No,Unk.,Other injury accident,60 km/hr,144.96272,-37.77736,Non-Intersection,MORELAND,Metro,2,0,1,0,0,0,0,No
2018,October,10/10/18,17.05.00,Collision with vehicle,Wednesday,No,Day,Serious injury accident,60 km/hr,145.08178,-37.8106,Intersection,BOROONDARA,Metro,3,0,1,2,1,0,0,No
2018,October,10/10/18,15.30.00,Struck pedestrian,Wednesday,Yes,Day,Other injury accident,60 km/hr,145.11298,-37.84966,Intersection,WHITEHORSE,Metro,2,0,0,1,0,0,0,No
2018,October,10/10/18,08.30.00,Collision with vehicle,Wednesday,No,Day,Other injury accident,60 km/hr,145.14812,-37.83184,Non-Intersection,WHITEHORSE,Metro,3,0,1,2,0,0,0,No
2018,October,11/10/18,07.50.00,Collision with vehicle,Thursday,No,Unk.,Other injury accident,60 km/hr,145.09719,-37.94435,Intersection,KINGSTON,Metro,2,0,1,1,0,0,0,No
2018,October,11/10/18,17.00.00,Collision with vehicle,Thursday,No,Unk.,Other injury accident,80 km/hr,145.15664,-38.15265,Intersection,FRANKSTON,Metro,2,0,1,1,0,0,0,No
2018,October,11/10/18,17.03.00,Collision with vehicle,Thursday,No,Day,Other injury accident,60 km/hr,145.10465,-37.98605,Non-Intersection,KINGSTON,Metro,2,0,2,0,0,0,0,No
2018,October,11/10/18,01.38.00,Collision with object,Thursday,No,Dark,Serious injury accident,60 km/hr,144.65255,-37.83811,Intersection,WYNDHAM,Metro,3,0,1,0,1,0,0,No
2018,October,11/10/18,03.50.00,Collision with object,Wednesday,No,Dark,Serious injury accident,60 km/hr,145.08283,-37.82423,Intersection,BOROONDARA,Metro,1,0,0,0,0,0,0,No
2018,October,11/10/18,07.50.00,Collision with vehicle,Thursday,No,Day,Other injury accident,60 km/hr,144.97477,-37.79856,Non-Intersection,MELBOURNE,Metro,3,0,3,0,0,0,0,No
2018,October,11/10/18,07.50.00,Collision with vehicle,Thursday,No,Day,Other injury accident,50 km/hr,144.90193,-37.8067,Intersection,MARIBYRNONG,Metro,2,0,1,1,0,0,0,No
2018,October,11/10/18,11.50.00,Collision with vehicle,Wednesday,No,Day,Other injury accident,40 km/hr,145.00353,-37.93199,Non-Intersection,BAYSIDE,Metro,1,0,0,1,0,0,0,No
2018,October,11/10/18,14.30.00,Collision with vehicle,Thursday,No,Day,Other injury accident,60 km/hr,144.97682,-37.80811,Intersection,YARRA RANGES,Metro,2,0,1,1,0,0,0,No
2018,October,11/10/18,07.55.00,Collision with vehicle,Thursday,No,Day,Other injury accident,50 km/hr,144.95194,-37.75951,Intersection,MORELAND,Metro,2,0,1,1,0,0,0,No
2018,October,11/10/18,15.00.00,Collision with vehicle,Thursday,No,Day,Other injury accident,100 km/hr,145.88555,-38.44903,Non-Intersection,SOUTH GIPPSLAND,Country,4,0,1,3,1,1,0,No
2018,October,11/10/18,09.00.00,Collision with vehicle,Thursday,No,Day,Serious injury accident,100 km/hr,143.02603,-36.24395,Intersection,BULOKE,Country,5,0,3,2,3,1,0,No
2018,October,11/10/18,15.30.00,Collision with vehicle,Wednesday,No,Day,Other injury accident,50 km/hr,144.99343,-37.71843,Intersection,DAREBIN,Metro,2,0,2,0,0,0,0,No
2018,October,11/10/18,15.34.00,Collision with vehicle,Thursday,No,Day,Other injury accident,80 km/hr,145.25957,-37.92823,Intersection,KNOX,Metro,4,0,0,2,2,0,0,No
2018,October,11/10/18,16.12.00,Collision with vehicle,Thursday,No,Day,Fatal accident,60 km/hr,143.85526,-37.58194,Non-Intersection,BALLARAT,Country,2,1,2,0,0,0,0,No
2018,October,11/10/18,18.05.00,Collision with vehicle,Thursday,No,Day,Other injury accident,60 km/hr,144.94362,-37.81249,Non-Intersection,MELBOURNE,Metro,3,0,3,0,0,0,0,No
2018,October,11/10/18,19.15.00,Collision with vehicle,Thursday,No,Day,Other injury accident,60 km/hr,145.05747,-37.95584,Non-Intersection,KINGSTON,Metro,2,0,2,0,0,0,1,No
2018,October,11/10/18,17.45.00,Collision with vehicle,Thursday,No,Day,Serious injury accident,60 km/hr,145.09712,-37.77204,Non-Intersection,MANNINGHAM,Metro,6,0,3,1,2,0,0,No
2018,October,11/10/18,18.15.00,Vehicle overturned,Thursday,No,Day,Other injury accident,100 km/hr,144.52206,-36.67617,Non-Intersection,BENDIGO,Country,1,0,1,0,0,0,0,No
2018,October,11/10/18,18.50.00,Collision with vehicle,Thursday,No,Day,Other injury accident,50 km/hr,142.17889,-36.71939,Intersection,HORSHAM,Country,4,0,1,3,2,0,1,No
2018,October,11/10/18,20.48.00,Collision with vehicle,Thursday,No,Dark,Other injury accident,80 km/hr,145.14369,-38.12202,Intersection,FRANKSTON,Metro,2,0,1,1,0,0,1,No
2018,October,11/10/18,16.30.00,Collision with vehicle,Wednesday,No,Day,Serious injury accident,40 km/hr,143.87488,-37.56099,Intersection,BALLARAT,Country,2,0,1,1,0,0,0,No
2018,October,11/10/18,14.00.00,Collision with vehicle,Thursday,No,Day,Other injury accident,60 km/hr,145.30763,-38.02355,Intersection,CASEY,Metro,2,0,1,1,0,1,0,No
2018,October,11/10/18,17.00.00,Collision with vehicle,Thursday,No,Day,Other injury accident,40 km/hr,144.96631,-37.80432,Non-Intersection,MELBOURNE,Metro,2,0,1,1,0,0,0,No
2018,October,11/10/18,13.15.00,Collision with vehicle,Thursday,No,Day,Other injury accident,60 km/hr,144.98315,-37.81615,Non-Intersection,MELBOURNE,Metro,3,0,0,1,1,0,0,No
2018,October,12/10/18,10.50.00,No collision and no object struck,Friday,No,Day,Fatal accident,80 km/hr,145.05048,-37.95542,Non-Intersection,KINGSTON,Metro,2,1,1,1,1,0,0,No
2018,October,12/10/18,17.40.00,Collision with vehicle,Thursday,No,Day,Other injury accident,100 km/hr,145.21728,-37.82521,Non-Intersection,MAROONDAH,Metro,2,0,1,1,0,0,0,No
2018,October,12/10/18,16.15.00,Collision with vehicle,Friday,No,Day,Other injury accident,60 km/hr,145.11401,-37.82228,Intersection,WHITEHORSE,Metro,2,0,0,2,0,0,0,No
2018,October,12/10/18,05.00.00,Collision with vehicle,Friday,No,Dark,Other injury accident,60 km/hr,144.73559,-37.74324,Intersection,MELTON,Metro,2,0,2,0,0,0,0,Yes
2018,October,12/10/18,03.50.00,Struck pedestrian,Friday,No,Dark,Other injury accident,60 km/hr,145.02324,-37.6525,Non-Intersection,WHITTLESEA,Metro,2,0,2,0,0,0,0,No
2018,October,12/10/18,03.30.00,Vehicle overturned,Friday,No,Dark,Serious injury accident,100 km/hr,141.97182,-37.97266,Non-Intersection,MOYNE,Country,1,0,1,0,0,0,0,No
2018,October,12/10/18,08.45.00,Collision with vehicle,Thursday,No,Day,Serious injury accident,80 km/hr,145.23477,-37.81086,Non-Intersection,MAROONDAH,Metro,3,0,1,2,1,0,0,No
2018,October,12/10/18,09.48.00,Collision with vehicle,Friday,No,Day,Other injury accident,60 km/hr,144.71908,-37.57941,Intersection,HUME,Metro,2,0,1,1,0,0,0,No
2018,October,12/10/18,10.00.00,Collision with vehicle,Friday,No,Day,Other injury accident,40 km/hr,144.97114,-37.77496,Intersection,MORELAND,Metro,2,0,1,1,0,0,0,No
2018,October,12/10/18,12.44.00,Struck pedestrian,Friday,No,Day,Other injury accident,40 km/hr,144.97216,-37.81272,Non-Intersection,MELBOURNE,Metro,2,0,2,0,0,0,0,No
2018,October,12/10/18,09.00.00,Collision with vehicle,Thursday,No,Day,Other injury accident,80 km/hr,144.9404,-37.58412,Intersection,HUME,Metro,2,0,0,2,0,0,0,No
2018,October,12/10/18,12.03.00,Collision with vehicle,Friday,No,Day,Serious injury accident,50 km/hr,145.00535,-37.75847,Intersection,DAREBIN,Metro,2,0,2,0,0,0,1,No
2018,October,12/10/18,06.20.00,Vehicle overturned,Friday,No,Dusk/Dawn,Other injury accident,60 km/hr,144.94731,-37.6161,Non-Intersection,HUME,Metro,2,0,2,0,0,0,1,No
2018,October,12/10/18,07.50.00,Collision with vehicle,Friday,No,Day,Other injury accident,80 km/hr,144.46798,-37.22144,Intersection,MACEDON RANGES,Country,2,0,2,0,0,0,0,No
2018,October,12/10/18,16.00.00,Collision with vehicle,Thursday,No,Day,Other injury accident,70 km/hr,143.8101,-37.55198,Non-Intersection,BALLARAT,Country,3,0,2,1,0,0,0,No
2018,October,12/10/18,15.55.00,Collision with vehicle,Friday,No,Day,Other injury accident,70 km/hr,145.13991,-37.78658,Non-Intersection,MANNINGHAM,Metro,2,0,2,0,0,1,0,No
2018,October,12/10/18,15.54.00,Collision with object,Friday,No,Day,Other injury accident,50 km/hr,144.91117,-37.58105,Non-Intersection,HUME,Metro,3,0,0,3,2,0,0,No
2018,October,12/10/18,15.15.00,No collision and no object struck,Thursday,No,Day,Other injury accident,60 km/hr,145.04758,-37.74359,Intersection,BANYULE,Metro,1,0,1,0,0,0,0,No
2018,October,12/10/18,16.58.00,Collision with vehicle,Thursday,No,Day,Other injury accident,80 km/hr,145.0258,-37.83568,Non-Intersection,STONNINGTON,Metro,3,0,1,2,0,0,0,No
2018,October,12/10/18,17.25.00,Collision with vehicle,Thursday,No,Day,Other injury accident,60 km/hr,145.21696,-37.95457,Non-Intersection,DANDENONG,Metro,2,0,1,1,0,0,1,No
2018,October,12/10/18,16.25.00,Collision with vehicle,Friday,No,Day,Other injury accident,40 km/hr,144.9931,-37.85332,Intersection,STONNINGTON,Metro,2,0,0,1,0,0,1,No
2018,October,12/10/18,15.50.00,Struck pedestrian,Friday,No,Day,Serious injury accident,50 km/hr,144.73316,-37.88293,Intersection,WYNDHAM,Metro,2,0,2,0,0,0,0,No
2018,October,12/10/18,18.51.00,Collision with vehicle,Thursday,No,Day,Other injury accident,40 km/hr,145.15213,-37.95306,Non-Intersection,DANDENONG,Metro,1,0,1,0,0,0,1,No
2018,October,12/10/18,20.00.00,Collision with vehicle,Friday,No,Dusk/Dawn,Other injury accident,60 km/hr,145.02915,-37.68453,Intersection,WHITTLESEA,Metro,2,0,2,0,0,0,1,No
2018,October,12/10/18,21.10.00,Struck pedestrian,Friday,No,Dark,Other injury accident,60 km/hr,144.89383,-37.80352,Non-Intersection,MARIBYRNONG,Metro,2,0,0,1,0,0,0,No
2018,October,12/10/18,05.57.00,Collision with vehicle,Friday,Yes,Dusk/Dawn,Serious injury accident,100 km/hr,144.76876,-37.86805,Non-Intersection,HOBSONS BAY,Metro,3,0,2,0,0,0,0,No
2018,October,12/10/18,22.58.00,Collision with vehicle,Thursday,No,Dark,Other injury accident,50 km/hr,145.06233,-37.97473,Non-Intersection,KINGSTON,Metro,1,0,0,1,0,0,0,No
2018,October,12/10/18,12.15.00,Collision with vehicle,Friday,No,Day,Other injury accident,60 km/hr,146.31487,-36.36519,Intersection,WANGARATTA,Country,2,0,2,0,0,0,0,No
2018,October,13/10/18,20.45.00,Collision with vehicle,Saturday,Yes,Unk.,Other injury accident,100 km/hr,144.6709,-37.73499,Intersection,MELTON,Metro,3,0,1,0,0,0,0,No
2018,October,13/10/18,18.28.00,Collision with vehicle,Friday,No,Dusk/Dawn,Other injury accident,50 km/hr,144.97238,-37.81601,Intersection,MELBOURNE,Metro,2,0,2,0,0,1,0,No
2018,October,13/10/18,14.19.00,No collision and no object struck,Saturday,No,Day,Serious injury accident,70 km/hr,145.18618,-37.74856,Non-Intersection,MANNINGHAM,Metro,1,0,1,0,0,0,0,No
2018,October,13/10/18,14.05.00,Collision with object,Saturday,No,Day,Other injury accident,50 km/hr,144.73556,-36.13332,Non-Intersection,CAMPASPE,Country,2,0,1,1,1,0,0,No
2018,October,13/10/18,13.25.00,Struck pedestrian,Saturday,No,Day,Other injury accident,50 km/hr,144.97068,-37.70766,Non-Intersection,MORELAND,Metro,3,0,1,2,1,0,0,No