year,month,date,time,accident_type,day,hit_run,light_condition,severity,speed_zone,longitude,latitude,node_type,lga,state_div,total_persons,fatality,males,females,passengers,old_driver,young_driver,alcohol
2018,October,13/10/18,14.19.00,Collision with vehicle,Saturday,Yes,Day,Other injury accident,70 km/hr,144.88589,-37.70703,Intersection,HUME,Metro,3,0,0,2,1,1,0,No
2018,October,13/10/18,14.45.00,Collision with vehicle,Saturday,No,Day,Serious injury accident,60 km/hr,145.03493,-37.87962,Non-Intersection,GLEN EIRA,Metro,2,0,2,0,0,0,1,No
2018,October,13/10/18,16.10.00,Collision with vehicle,Saturday,No,Day,Other injury accident,50 km/hr,144.34504,-38.14179,Intersection,GEELONG,Country,2,0,1,1,0,1,0,No
2018,October,13/10/18,18.05.00,Collision with object,Friday,No,Day,Other injury accident,70 km/hr,145.23106,-37.83248,Non-Intersection,MAROONDAH,Metro,1,0,1,0,0,0,0,No
2018,October,13/10/18,18.13.00,Collision with vehicle,Friday,No,Day,Other injury accident,70 km/hr,145.26404,-37.83052,Intersection,MAROONDAH,Metro,7,0,4,3,4,0,0,No
2018,October,13/10/18,01.24.00,Collision with object,Saturday,No,Dark,Other injury accident,40 km/hr,144.76127,-37.86862,Non-Intersection,HOBSONS BAY,Metro,1,0,1,0,0,0,1,No
2018,October,13/10/18,19.05.00,Struck pedestrian,Saturday,No,Day,Serious injury accident,60 km/hr,145.0028,-37.88454,Intersection,GLEN EIRA,Metro,2,0,0,2,0,0,0,No
2018,October,13/10/18,16.15.00,Collision with vehicle,Saturday,No,Day,Other injury accident,60 km/hr,144.97135,-37.79258,Intersection,MELBOURNE,Metro,2,0,2,0,0,0,0,No
2018,October,13/10/18,01.00.00,Vehicle overturned,Saturday,No,Dark,Other injury accident,50 km/hr,144.84009,-37.79336,Intersection,BRIMBANK,Metro,1,0,1,0,0,0,0,No
2018,October,13/10/18,16.48.00,Struck pedestrian,Saturday,No,Day,Serious injury accident,100 km/hr,145.14952,-37.56532,Non-Intersection,NILLUMBIK,Metro,2,0,1,1,0,0,1,No
2018,October,13/10/18,20.00.00,Collision with object,Saturday,No,Dark,Other injury accident,100 km/hr,146.48503,-38.13796,Non-Intersection,LATROBE,Country,1,0,1,0,0,0,1,No
2018,October,13/10/18,21.50.00,Collision with object,Saturday,No,Dark,Serious injury accident,70 km/hr,145.17213,-37.76596,Intersection,MANNINGHAM,Metro,1,0,1,0,0,0,0,No
2018,October,13/10/18,22.30.00,Collision with vehicle,Saturday,No,Dark,Other injury accident,60 km/hr,145.02788,-37.81365,Intersection,BOROONDARA,Metro,5,0,3,1,3,0,1,No
2018,October,13/10/18,13.00.00,No collision and no object struck,Saturday,No,Day,Other injury accident,100 km/hr,145.68971,-37.4449,Non-Intersection,MURRINDINDI,Country,1,0,1,0,0,0,0,No
2018,October,13/10/18,15.30.00,No collision and no object struck,Saturday,No,Day,Other injury accident,60 km/hr,146.299,-39.01513,Non-Intersection,SOUTH GIPPSLAND,Country,1,0,1,0,0,0,0,No
2018,October,13/10/18,18.30.00,Vehicle overturned,Saturday,No,Dusk/Dawn,Other injury accident,100 km/hr,143.09066,-37.5368,Non-Intersection,ARARAT,Country,1,0,1,0,0,0,1,Yes
2018,October,13/10/18,01.40.00,Collision with object,Saturday,No,Dark,Serious injury accident,70 km/hr,144.35359,-38.10632,Intersection,GEELONG,Country,1,0,1,0,0,0,0,No
2018,October,13/10/18,22.24.00,Collision with vehicle,Saturday,No,Dark,Other injury accident,60 km/hr,144.38978,-38.15787,Non-Intersection,GEELONG,Country,2,0,1,1,0,0,1,Yes
2018,October,13/10/18,13.25.00,Collision with vehicle,Saturday,No,Day,Serious injury accident,100 km/hr,144.46864,-37.60892,Non-Intersection,MOORABOOL,Country,2,0,2,0,0,0,1,No
2018,October,13/10/18,03.53.00,Collision with object,Saturday,No,Dark,Serious injury accident,60 km/hr,144.57044,-37.67303,Intersection,MELTON,Metro,1,0,0,1,0,0,0,Yes
2018,October,13/10/18,09.45.00,Collision with vehicle,Saturday,No,Day,Serious injury accident,40 km/hr,144.36348,-38.15269,Non-Intersection,GEELONG,Country,2,0,1,1,0,0,0,No
2018,October,13/10/18,09.15.00,Collision with vehicle,Saturday,No,Day,Other injury accident,80 km/hr,145.43183,-36.39893,Intersection,SHEPPARTON,Country,2,0,1,1,0,1,0,No
2018,October,13/10/18,07.20.00,Collision with vehicle,Saturday,No,Day,Other injury accident,60 km/hr,143.84116,-37.59874,Intersection,BALLARAT,Country,2,0,1,1,0,0,2,No
2018,October,13/10/18,11.40.00,Collision with vehicle,Saturday,No,Day,Other injury accident,60 km/hr,146.31054,-36.34449,Intersection,WANGARATTA,Country,3,0,2,1,1,0,0,No
2018,October,13/10/18,12.03.00,Collision with vehicle,Saturday,No,Day,Serious injury accident,60 km/hr,144.98402,-37.88711,Non-Intersection,PORT PHILLIP,Metro,1,0,1,0,0,0,0,No
2018,October,13/10/18,12.30.00,No collision and no object struck,Friday,No,Day,Other injury accident,50 km/hr,144.73997,-37.3446,Intersection,MACEDON RANGES,Country,1,0,1,0,0,0,0,No
2018,October,13/10/18,12.25.00,Collision with vehicle,Saturday,No,Day,Other injury accident,80 km/hr,144.33527,-36.76608,Intersection,BENDIGO,Country,2,0,2,0,0,0,0,No
2018,October,13/10/18,12.24.00,Collision with vehicle,Friday,No,Day,Other injury accident,50 km/hr,145.1376,-37.82363,Intersection,WHITEHORSE,Metro,3,0,1,2,1,0,1,No
2018,October,13/10/18,13.16.00,Collision with vehicle,Friday,No,Day,Other injury accident,100 km/hr,145.23749,-37.97247,Non-Intersection,CASEY,Metro,2,0,1,1,0,0,0,No
2018,October,13/10/18,12.25.00,Vehicle overturned,Saturday,No,Day,Serious injury accident,70 km/hr,145.19855,-37.76524,Non-Intersection,MANNINGHAM,Metro,1,0,1,0,0,0,0,No
2018,October,14/10/18,13.35.00,Collision with vehicle,Sunday,No,Day,Other injury accident,60 km/hr,144.78068,-37.7274,Non-Intersection,BRIMBANK,Metro,6,0,3,3,3,0,2,No
2018,October,14/10/18,11.45.00,Collision with vehicle,Sunday,No,Unk.,Other injury accident,50 km/hr,144.88973,-38.37489,Non-Intersection,MORNINGTON PENINSULA,Metro,3,0,2,1,1,0,0,No
2018,October,14/10/18,07.00.00,Struck pedestrian,,No,Day,Serious injury accident,40 km/hr,144.98798,-37.81684,Intersection,MELBOURNE,Metro,2,0,2,0,0,0,0,No
2018,October,14/10/18,08.50.00,Collision with vehicle,Sunday,No,Day,Other injury accident,50 km/hr,145.10816,-37.74091,Intersection,BANYULE,Metro,2,0,2,0,0,0,0,No
2018,October,14/10/18,09.26.00,Collision with vehicle,,No,Day,Serious injury accident,60 km/hr,145.15264,-37.70528,Non-Intersection,NILLUMBIK,Metro,2,0,2,0,0,0,0,No
2018,October,14/10/18,12.25.00,Collision with vehicle,Sunday,No,Day,Serious injury accident,60 km/hr,145.01718,-37.82724,Intersection,YARRA RANGES,Metro,3,0,2,1,1,1,0,No
2018,October,14/10/18,13.22.00,Struck pedestrian,Sunday,No,Day,Other injury accident,60 km/hr,145.13708,-37.68602,Intersection,BANYULE,Metro,2,0,1,1,0,0,0,No
2018,October,14/10/18,11.46.00,Collision with vehicle,,No,Day,Other injury accident,60 km/hr,144.91209,-37.78027,Non-Intersection,MELBOURNE,Metro,2,0,1,1,0,0,0,No
2018,October,14/10/18,12.44.00,Collision with object,Sunday,No,Day,Other injury accident,100 km/hr,144.55652,-36.57759,Non-Intersection,BENDIGO,Country,2,0,1,1,1,0,0,No
2018,October,14/10/18,13.13.00,Collision with vehicle,Sunday,No,Day,Serious injury accident,60 km/hr,145.10459,-37.7674,Intersection,MANNINGHAM,Metro,5,0,1,4,3,0,1,No
2018,October,14/10/18,12.33.00,Fall from or in moving vehicle,Sunday,No,Day,Serious injury accident,40 km/hr,144.44368,-37.68138,Non-Intersection,MOORABOOL,Country,1,0,1,0,0,0,0,No
2018,October,14/10/18,13.45.00,Collision with vehicle,Sunday,No,Day,Other injury accident,60 km/hr,144.82144,-37.76146,Intersection,BRIMBANK,Metro,5,0,3,2,3,0,2,No
2018,October,14/10/18,16.15.00,Collision with object,,No,Day,Other injury accident,50 km/hr,144.75311,-37.80677,Off Road,BRIMBANK,Metro,1,0,1,0,0,0,0,No
2018,October,14/10/18,18.12.00,Struck pedestrian,Sunday,No,Day,Other injury accident,50 km/hr,145.32061,-38.11988,Non-Intersection,CASEY,Metro,3,0,3,0,1,0,0,No
2018,October,14/10/18,17.40.00,Collision with vehicle,,No,Day,Other injury accident,60 km/hr,145.11566,-38.05172,Intersection,KINGSTON,Metro,4,0,2,2,1,1,0,No
2018,October,14/10/18,18.30.00,Collision with object,,No,Day,Serious injury accident,80 km/hr,145.3111,-38.11671,Non-Intersection,CASEY,Metro,2,0,1,1,1,0,1,No
2018,October,14/10/18,14.45.00,Collision with vehicle,Sunday,No,Day,Other injury accident,80 km/hr,142.21695,-34.24463,Non-Intersection,MILDURA,Country,2,0,1,1,0,0,0,No
2018,October,14/10/18,22.00.00,Struck pedestrian,,No,Dark,Other injury accident,60 km/hr,144.98381,-37.80885,Intersection,YARRA RANGES,Metro,2,0,1,1,0,0,0,No
2018,October,14/10/18,17.40.00,Collision with vehicle,Sunday,No,Day,Serious injury accident,40 km/hr,144.88096,-37.82599,Intersection,HOBSONS BAY,Metro,3,0,1,2,1,0,0,No
2018,October,14/10/18,15.18.00,Collision with vehicle,Sunday,No,Day,Other injury accident,50 km/hr,144.9689,-37.76777,Non-Intersection,MORELAND,Metro,3,0,1,1,1,0,0,No
2018,October,14/10/18,21.30.00,Collision with vehicle,Sunday,No,Dark,Other injury accident,60 km/hr,144.72067,-37.84219,Non-Intersection,WYNDHAM,Metro,3,0,0,3,2,0,0,Yes
2018,October,14/10/18,14.44.00,Collision with object,Sunday,No,Day,Serious injury accident,100 km/hr,146.36605,-38.66388,Non-Intersection,SOUTH GIPPSLAND,Country,3,0,1,2,2,0,0,No
2018,October,14/10/18,00.30.00,No collision and no object struck,Sunday,No,Dark,Other injury accident,100 km/hr,145.97193,-38.08288,Non-Intersection,BAW BAW,Country,1,0,1,0,0,0,0,No
2018,October,14/10/18,20.15.00,Struck pedestrian,Sunday,No,Dark,Other injury accident,100 km/hr,143.85352,-37.35931,Non-Intersection,BALLARAT,Country,2,0,1,1,0,0,0,No
2018,October,15/10/18,15.00.00,Collision with vehicle,Sunday,No,Day,Other injury accident,50 km/hr,145.04601,-37.76587,Intersection,BANYULE,Metro,3,0,1,1,1,0,0,No
2018,October,15/10/18,06.50.00,Collision with vehicle,Monday,Yes,Day,Other injury accident,80 km/hr,145.22812,-38.0063,Non-Intersection,DANDENONG,Metro,2,0,1,0,0,0,0,No
2018,October,15/10/18,08.35.00,Collision with vehicle,Monday,No,Day,Other injury accident,60 km/hr,144.39243,-38.15883,Intersection,GEELONG,Country,6,0,3,3,4,1,0,No
2018,October,15/10/18,12.18.00,Collision with vehicle,Sunday,No,Day,Other injury accident,50 km/hr,143.84406,-37.56261,Intersection,BALLARAT,Country,2,0,1,1,0,0,0,No
2018,October,15/10/18,11.22.00,Collision with vehicle,Monday,No,Day,Serious injury accident,60 km/hr,145.02738,-37.6447,Intersection,WHITTLESEA,Metro,2,0,1,1,0,1,0,No
2018,October,15/10/18,14.43.00,Collision with vehicle,Monday,No,Day,Other injury accident,80 km/hr,145.63191,-35.92532,Intersection,MOIRA,Country,3,0,1,2,1,1,0,No
2018,October,15/10/18,16.45.00,Collision with vehicle,Monday,No,Day,Other injury accident,60 km/hr,145.04479,-38.22943,Intersection,MORNINGTON PENINSULA,Metro,2,0,2,0,0,0,0,No
2018,October,15/10/18,17.25.00,Collision with vehicle,Monday,No,Day,Other injury accident,60 km/hr,144.80243,-37.82424,Non-Intersection,WYNDHAM,Metro,3,0,2,1,1,0,0,No
2018,October,15/10/18,15.30.00,Collision with vehicle,Monday,No,Day,Fatal accident,100 km/hr,146.37849,-38.16062,Non-Intersection,LATROBE,Country,7,1,2,3,5,0,0,No
2018,October,15/10/18,23.03.00,Collision with object,Monday,No,Dark,Other injury accident,80 km/hr,141.62818,-38.13911,Non-Intersection,GLENELG,Country,1,0,1,0,0,0,0,Yes
2018,October,15/10/18,23.47.00,Collision with vehicle,Monday,No,Dark,Serious injury accident,60 km/hr,144.98511,-37.79408,Intersection,YARRA RANGES,Metro,7,0,4,3,2,0,0,No
2018,October,15/10/18,16.45.00,Collision with vehicle,Monday,No,Day,Other injury accident,40 km/hr,144.96183,-37.81018,Non-Intersection,MELBOURNE,Metro,3,0,3,0,0,0,1,No
2018,October,15/10/18,05.10.00,Collision with object,Monday,No,Dark,Other injury accident,60 km/hr,144.56819,-37.68431,Intersection,MELTON,Metro,1,0,1,0,0,0,0,No
2018,October,15/10/18,15.10.00,Struck pedestrian,Monday,No,Day,Other injury accident,60 km/hr,145.24155,-37.79461,Intersection,MAROONDAH,Metro,2,0,1,1,0,0,0,No
2018,October,15/10/18,12.50.00,Collision with vehicle,Monday,No,Day,Other injury accident,60 km/hr,144.34596,-38.09758,Non-Intersection,GEELONG,Country,2,0,1,0,0,0,0,No
2018,October,16/10/18,08.00.00,Collision with vehicle,Tuesday,No,Day,Other injury accident,60 km/hr,143.82008,-37.55044,Non-Intersection,BALLARAT,Country,3,0,2,1,1,0,0,No
2018,October,16/10/18,07.00.00,Collision with vehicle,Tuesday,No,Day,Other injury accident,60 km/hr,144.66199,-37.89004,Intersection,WYNDHAM,Metro,2,0,2,0,0,0,0,No
2018,October,16/10/18,08.49.00,Collision with object,Tuesday,No,Day,Other injury accident,80 km/hr,145.11302,-38.27992,Non-Intersection,MORNINGTON PENINSULA,Metro,2,0,0,2,1,0,0,No
2018,October,16/10/18,09.50.00,Collision with vehicle,Tuesday,No,Day,Serious injury accident,80 km/hr,145.23297,-37.88904,Intersection,KNOX,Metro,4,0,1,3,0,0,2,No
2018,October,16/10/18,09.13.00,Collision with vehicle,Tuesday,No,Day,Other injury accident,50 km/hr,144.26098,-36.74737,Intersection,BENDIGO,Country,4,0,3,1,2,0,0,No
2018,October,16/10/18,08.30.00,Collision with vehicle,Tuesday,No,Day,Serious injury accident,40 km/hr,145.05692,-37.86592,Non-Intersection,STONNINGTON,Metro,3,0,2,1,1,0,0,No
2018,October,16/10/18,08.20.00,Collision with object,Tuesday,No,Day,Other injury accident,100 km/hr,146.30798,-38.09228,Non-Intersection,BAW BAW,Country,1,0,0,1,0,0,0,No
2018,October,16/10/18,09.30.00,Collision with vehicle,Monday,No,Day,Other injury accident,60 km/hr,144.91994,-37.68326,Intersection,HUME,Metro,2,0,2,0,0,0,1,No
2018,October,16/10/18,11.50.00,Collision with vehicle,Tuesday,No,Day,Other injury accident,50 km/hr,144.42719,-37.68421,Intersection,MOORABOOL,Country,3,0,2,1,1,0,0,No
2018,October,16/10/18,11.58.00,Collision with object,Tuesday,No,Day,Serious injury accident,50 km/hr,145.1561,-37.95959,Non-Intersection,DANDENONG,Metro,1,0,1,0,0,0,0,No
2018,October,16/10/18,12.25.00,Collision with vehicle,Tuesday,No,Day,Other injury accident,100 km/hr,145.7454,-38.07973,Intersection,CARDINIA,Metro,2,0,2,0,0,0,0,No
2018,October,16/10/18,11.15.00,Collision with vehicle,Monday,No,Day,Other injury accident,60 km/hr,144.34457,-38.10464,Intersection,GEELONG,Country,3,0,1,2,1,0,1,No
2018,October,16/10/18,13.30.00,Collision with object,Tuesday,No,Day,Other injury accident,100 km/hr,146.0653,-38.09442,Non-Intersection,BAW BAW,Country,1,0,1,0,0,0,0,No
2018,October,16/10/18,14.38.00,Collision with vehicle,Tuesday,No,Day,Other injury accident,60 km/hr,145.10573,-37.81578,Non-Intersection,WHITEHORSE,Metro,1,0,1,0,0,0,0,No
2018,October,16/10/18,14.36.00,Collision with vehicle,Tuesday,No,Day,Other injury accident,60 km/hr,145.28479,-37.87697,Non-Intersection,KNOX,Metro,2,0,1,1,1,0,0,No
2018,October,16/10/18,15.30.00,Collision with vehicle,Monday,No,Day,Other injury accident,80 km/hr,145.55052,-37.7881,Non-Intersection,YARRA RANGES,Metro,3,0,1,2,1,2,0,No
2018,October,16/10/18,14.39.00,Vehicle overturned,Tuesday,No,Day,Other injury accident,50 km/hr,145.13596,-37.96901,Intersection,DANDENONG,Metro,1,0,1,0,0,0,0,No
2018,October,16/10/18,15.05.00,Collision with vehicle,Tuesday,No,Day,Other injury accident,80 km/hr,144.77834,-37.69661,Intersection,BRIMBANK,Metro,6,0,4,2,4,0,0,No
2018,October,16/10/18,17.01.00,Collision with vehicle,Tuesday,No,Dusk/Dawn,Other injury accident,60 km/hr,145.30729,-37.79077,Intersection,MAROONDAH,Metro,2,0,1,1,0,0,0,No
2018,October,16/10/18,14.00.00,Collision with object,Tuesday,No,Day,Serious injury accident,100 km/hr,145.14562,-36.98361,Non-Intersection,MITCHELL,Country,1,0,1,0,0,0,0,No
2018,October,16/10/18,16.30.00,Collision with object,Tuesday,No,Day,Serious injury accident,80 km/hr,144.03475,-37.55717,Non-Intersection,MOORABOOL,Country,1,0,1,0,0,0,0,No
2018,October,16/10/18,18.50.00,Collision with vehicle,Tuesday,No,Dark,Other injury accident,40 km/hr,144.92933,-37.78749,Non-Intersection,MOONEE VALLEY,Metro,2,0,2,0,0,0,0,No
2018,October,16/10/18,20.12.00,Collision with object,Tuesday,No,Dark,Other injury accident,50 km/hr,145.14991,-37.67693,Non-Intersection,NILLUMBIK,Metro,1,0,1,0,0,0,1,No
2018,October,16/10/18,20.40.00,Collision with vehicle,Tuesday,No,Dark,Other injury accident,50 km/hr,144.96827,-37.76144,Non-Intersection,MORELAND,Metro,4,0,3,1,1,0,1,No
2018,October,16/10/18,20.33.00,Collision with vehicle,Monday,Yes,Dark,Other injury accident,60 km/hr,145.14219,-37.79776,Intersection,WHITEHORSE,Metro,2,0,1,1,0,0,0,No
2018,October,16/10/18,20.20.00,Vehicle overturned,Tuesday,No,Dark,Serious injury accident,80 km/hr,145.89947,-38.28292,Non-Intersection,BAW BAW,Country,1,0,0,1,0,0,1,No
2018,October,16/10/18,23.10.00,No collision and no object struck,Monday,No,Dark,Other injury accident,80 km/hr,145.43194,-37.65441,Non-Intersection,YARRA RANGES,Metro,1,0,1,0,0,0,0,Yes
2018,October,16/10/18,17.50.00,Vehicle overturned,Tuesday,No,Day,Other injury accident,80 km/hr,145.23306,-37.89907,Non-Intersection,KNOX,Metro,1,0,1,0,0,0,0,No
2018,October,16/10/18,06.50.00,Collision with vehicle,Monday,No,Day,Other injury accident,60 km/hr,144.9164,-37.80169,Intersection,MELBOURNE,Metro,2,0,1,1,0,0,0,No
2018,October,16/10/18,21.40.00,Collision with object,Monday,No,Dark,Other injury accident,70 km/hr,145.0552,-38.24863,Non-Intersection,MORNINGTON PENINSULA,Metro,1,0,0,1,0,0,1,Yes
2018,October,16/10/18,14.55.00,Collision with vehicle,Monday,No,Day,Other injury accident,60 km/hr,145.0469,-37.80873,Intersection,BOROONDARA,Metro,2,0,1,1,0,0,0,No
2018,October,16/10/18,18.25.00,Collision with vehicle,Tuesday,No,Dusk/Dawn,Serious injury accident,80 km/hr,145.23911,-38.02093,Non-Intersection,DANDENONG,Metro,3,0,3,0,0,0,1,No
2018,October,16/10/18,14.50.00,Collision with vehicle,Tuesday,No,Day,Other injury accident,50 km/hr,144.58052,-37.68341,Intersection,MELTON,Metro,2,0,0,2,0,0,0,No
2018,October,17/10/18,20.00.00,Collision with vehicle,Wednesday,No,Unk.,Other injury accident,40 km/hr,144.96939,-37.80408,Non-Intersection,MELBOURNE,Metro,2,0,0,2,0,0,1,No
2018,October,17/10/18,07.45.00,Collision with vehicle,Tuesday,No,Day,Other injury accident,50 km/hr,145.01023,-37.71814,Intersection,DAREBIN,Metro,2,0,0,2,0,0,0,No
2018,October,17/10/18,11.10.00,Collision with vehicle,Wednesday,No,Day,Other injury accident,40 km/hr,145.02888,-37.80748,Intersection,BOROONDARA,Metro,7,0,3,4,5,0,1,No
2018,October,17/10/18,10.05.00,Collision with vehicle,Wednesday,No,Day,Other injury accident,60 km/hr,144.92515,-37.74894,Intersection,MOONEE VALLEY,Metro,2,0,1,1,0,1,0,No
2018,October,17/10/18,07.25.00,Collision with vehicle,Wednesday,No,Day,Other injury accident,60 km/hr,145.06333,-37.79665,Non-Intersection,BOROONDARA,Metro,2,0,1,1,0,0,0,No
2018,October,17/10/18,10.42.00,Collision with vehicle,Wednesday,No,Day,Serious injury accident,60 km/hr,145.06672,-37.90724,Non-Intersection,GLEN EIRA,Metro,3,0,3,0,1,0,0,No
2018,October,17/10/18,10.28.00,Collision with vehicle,Wednesday,No,Day,Other injury accident,80 km/hr,145.08448,-37.68957,Non-Intersection,NILLUMBIK,Metro,4,0,1,1,2,0,0,No
2018,October,17/10/18,12.00.00,Collision with vehicle,Wednesday,No,Day,Other injury accident,80 km/hr,145.27856,-38.00879,Intersection,CASEY,Metro,2,0,1,1,0,1,0,No
2018,October,17/10/18,12.20.00,Collision with object,Wednesday,No,Day,Serious injury accident,100 km/hr,144.54207,-37.32055,Non-Intersection,MACEDON RANGES,Country,2,0,1,1,1,0,1,No
2018,October,17/10/18,10.50.00,Collision with vehicle,Wednesday,No,Day,Serious injury accident,60 km/hr,144.3436,-38.1098,Intersection,GEELONG,Country,3,0,2,1,1,0,1,No
2018,October,17/10/18,15.35.00,Collision with vehicle,Tuesday,Yes,Day,Other injury accident,60 km/hr,144.83708,-37.72048,Non-Intersection,BRIMBANK,Metro,3,0,3,0,1,0,0,No
2018,October,17/10/18,16.20.00,Collision with vehicle,Wednesday,No,Day,Other injury accident,60 km/hr,145.16024,-37.79797,Intersection,MANNINGHAM,Metro,5,0,1,4,3,0,0,No
2018,October,17/10/18,14.00.00,Collision with vehicle,Tuesday,No,Day,Other injury accident,80 km/hr,145.24623,-38.03578,Non-Intersection,DANDENONG,Metro,3,0,1,2,1,0,1,No
2018,October,17/10/18,17.08.00,Collision with vehicle,Wednesday,No,Day,Serious injury accident,60 km/hr,145.21823,-37.99988,Intersection,DANDENONG,Metro,3,0,1,2,1,0,0,No
2018,October,17/10/18,18.09.00,Collision with vehicle,Wednesday,No,Day,Other injury accident,40 km/hr,144.95606,-37.80913,Non-Intersection,MELBOURNE,Metro,5,0,4,1,3,0,0,No
2018,October,17/10/18,17.40.00,Collision with vehicle,Tuesday,No,Day,Other injury accident,60 km/hr,144.9613,-37.79182,Non-Intersection,MELBOURNE,Metro,2,0,1,0,0,0,0,No
2018,October,17/10/18,19.05.00,Collision with object,Wednesday,No,Dusk/Dawn,Serious injury accident,100 km/hr,145.95459,-38.55281,Non-Intersection,SOUTH GIPPSLAND,Country,1,0,0,1,0,0,0,No
2018,October,17/10/18,21.45.00,Collision with vehicle,Wednesday,Yes,Dark,Serious injury accident,60 km/hr,145.00243,-37.68627,Intersection,WHITTLESEA,Metro,5,0,2,1,2,0,0,No
2018,October,17/10/18,21.20.00,Collision with vehicle,Tuesday,Yes,Dark,Other injury accident,80 km/hr,145.2072,-37.8597,Intersection,KNOX,Metro,3,0,3,0,1,0,0,No
2018,October,17/10/18,16.45.00,Collision with vehicle,Wednesday,No,Day,Other injury accident,80 km/hr,145.25065,-38.11865,Non-Intersection,CASEY,Metro,2,0,0,2,0,0,1,No
2018,October,17/10/18,17.37.00,Collision with vehicle,Wednesday,No,Day,Serious injury accident,60 km/hr,145.04215,-37.82967,Non-Intersection,BOROONDARA,Metro,2,0,1,1,0,0,1,No
2018,October,17/10/18,09.15.00,Collision with vehicle,Tuesday,No,Day,Other injury accident,70 km/hr,145.379,-37.81389,Non-Intersection,YARRA RANGES,Metro,2,0,0,2,0,0,0,No
2018,October,17/10/18,19.00.00,Collision with vehicle,Tuesday,No,Day,Other injury accident,60 km/hr,145.06251,-37.96624,Intersection,KINGSTON,Metro,2,0,0,2,0,0,1,No
2018,October,17/10/18,07.40.00,Collision with vehicle,Tuesday,No,Day,Other injury accident,50 km/hr,145.26674,-38.10237,Intersection,CASEY,Metro,3,0,0,2,1,0,0,No
2018,October,18/10/18,07.45.00,Collision with vehicle,Thursday,No,Day,Other injury accident,70 km/hr,144.35342,-38.14402,Non-Intersection,GEELONG,Country,2,0,1,1,0,0,2,No
2018,October,18/10/18,00.40.00,Vehicle overturned,Thursday,No,Dark,Other injury accident,40 km/hr,144.96567,-37.74663,Non-Intersection,MORELAND,Metro,1,0,1,0,0,0,0,No
2018,October,18/10/18,08.10.00,Collision with object,Thursday,No,Day,Serious injury accident,70 km/hr,145.15805,-37.78868,Intersection,MANNINGHAM,Metro,1,0,1,0,0,1,0,No
2018,October,18/10/18,05.30.00,Collision with object,Thursday,No,Dark,Serious injury accident,60 km/hr,144.92874,-37.68637,Non-Intersection,HUME,Metro,1,0,1,0,0,0,1,No
2018,October,18/10/18,11.05.00,Collision with object,Thursday,No,Day,Other injury accident,50 km/hr,144.91473,-37.65888,Intersection,HUME,Metro,1,0,0,1,0,0,0,No
2018,October,18/10/18,09.00.00,Collision with vehicle,Thursday,No,Day,Other injury accident,50 km/hr,144.93106,-37.768,Non-Intersection,MOONEE VALLEY,Metro,2,0,1,1,0,0,0,No
2018,October,18/10/18,13.50.00,Collision with vehicle,Thursday,No,Day,Other injury accident,80 km/hr,144.92058,-37.82938,Non-Intersection,MELBOURNE,Metro,4,0,3,1,0,0,0,No
2018,October,18/10/18,08.30.00,Collision with object,Wednesday,No,Day,Other injury accident,80 km/hr,144.12012,-37.35165,Non-Intersection,HEPBURN,Country,1,0,1,0,0,0,1,No
2018,October,18/10/18,15.00.00,Collision with object,Thursday,No,Day,Other injury accident,60 km/hr,145.31059,-37.78735,Non-Intersection,YARRA RANGES,Metro,1,0,0,1,0,0,0,No
2018,October,18/10/18,16.34.00,Struck pedestrian,Thursday,No,Day,Other injury accident,50 km/hr,145.24126,-37.93311,Non-Intersection,KNOX,Metro,2,0,2,0,0,0,0,No
2018,October,18/10/18,08.50.00,Collision with vehicle,Wednesday,No,Day,Other injury accident,40 km/hr,144.96626,-37.8301,Non-Intersection,MELBOURNE,Metro,2,0,2,0,0,0,1,No
2018,October,18/10/18,16.15.00,Collision with vehicle,Thursday,No,Day,Other injury accident,60 km/hr,143.84082,-37.58705,Non-Intersection,BALLARAT,Country,2,0,1,1,0,0,0,No
2018,October,18/10/18,13.26.00,Struck pedestrian,Wednesday,No,Day,Other injury accident,40 km/hr,144.80589,-37.72814,Non-Intersection,BRIMBANK,Metro,2,0,1,1,0,0,0,No
2018,October,18/10/18,16.40.00,Collision with vehicle,Thursday,No,Day,Other injury accident,50 km/hr,145.23534,-37.98724,Intersection,CASEY,Metro,4,0,3,1,1,0,2,No
2018,October,18/10/18,19.05.00,Collision with vehicle,Thursday,No,Day,Serious injury accident,50 km/hr,144.97231,-37.74571,Intersection,MORELAND,Metro,3,0,2,0,0,0,1,No
2018,October,18/10/18,16.26.00,Collision with object,Wednesday,No,Day,Other injury accident,80 km/hr,144.74736,-37.75883,Intersection,MELTON,Metro,1,0,1,0,0,0,0,No
2018,October,18/10/18,17.25.00,Collision with object,Thursday,No,Day,Other injury accident,100 km/hr,145.86449,-38.1166,Non-Intersection,BAW BAW,Country,1,0,1,0,0,0,0,No