year,month,date,time,accident_type,day,hit_run,light_condition,severity,speed_zone,longitude,latitude,node_type,lga,state_div,total_persons,fatality,males,females,passengers,old_driver,young_driver,alcohol
2018,October,18/10/18,19.55.00,Collision with vehicle,Wednesday,No,Dark,Other injury accident,60 km/hr,145.03357,-37.83231,Intersection,BOROONDARA,Metro,2,0,1,1,0,0,0,No
2018,October,18/10/18,20.10.00,Collision with object,Wednesday,No,Dark,Other injury accident,100 km/hr,146.94892,-38.00637,Non-Intersection,WELLINGTON,Country,1,0,1,0,0,0,0,No
2018,October,18/10/18,20.57.00,Collision with vehicle,Wednesday,No,Dark,Serious injury accident,50 km/hr,145.08725,-37.69242,Non-Intersection,BANYULE,Metro,1,0,1,0,0,0,0,No
2018,October,18/10/18,21.22.00,Collision with object,Thursday,No,Dark,Serious injury accident,80 km/hr,145.33452,-38.13475,Non-Intersection,CASEY,Metro,1,0,1,0,0,0,0,No
2018,October,18/10/18,12.00.00,Struck pedestrian,Thursday,Yes,Day,Other injury accident,50 km/hr,145.06684,-37.95552,Non-Intersection,KINGSTON,Metro,2,0,0,1,0,0,0,No
2018,October,18/10/18,15.30.00,Collision with vehicle,Thursday,No,Day,Other injury accident,50 km/hr,144.95289,-37.84794,Intersection,PORT PHILLIP,Metro,2,0,1,1,0,0,0,No
2018,October,19/10/18,22.40.00,Collision with vehicle,Thursday,No,Dark,Other injury accident,60 km/hr,145.14674,-37.67519,Intersection,NILLUMBIK,Metro,2,0,2,0,0,1,0,No
2018,October,19/10/18,12.00.00,Vehicle overturned,Friday,No,Day,Serious injury accident,80 km/hr,146.12341,-37.28828,Non-Intersection,MANSFIELD,Country,1,0,1,0,0,0,0,No
2018,October,19/10/18,18.30.00,Collision with vehicle,Friday,Yes,Day,Other injury accident,50 km/hr,145.04165,-37.87747,Non-Intersection,GLEN EIRA,Metro,2,0,1,0,0,0,0,No
2018,October,19/10/18,04.30.00,Collision with vehicle,Friday,No,Dark,Serious injury accident,80 km/hr,145.15161,-37.91761,Non-Intersection,MONASH,Metro,2,0,2,0,0,1,0,No
2018,October,19/10/18,09.20.00,Collision with vehicle,Thursday,No,Day,Other injury accident,80 km/hr,141.59785,-38.32367,Intersection,GLENELG,Country,4,0,1,3,2,0,1,No
2018,October,19/10/18,09.20.00,Collision with vehicle,Friday,No,Day,Serious injury accident,70 km/hr,145.03465,-37.90326,Non-Intersection,GLEN EIRA,Metro,8,0,4,4,4,0,0,No
2018,October,19/10/18,09.20.00,No collision and no object struck,Thursday,No,Day,Serious injury accident,60 km/hr,145.0591,-37.94725,Intersection,KINGSTON,Metro,3,0,1,2,2,0,0,No
2018,October,19/10/18,04.15.00,Collision with vehicle,Thursday,No,Dark,Serious injury accident,100 km/hr,145.29539,-36.15093,Non-Intersection,MOIRA,Country,2,0,2,0,0,0,1,No
2018,October,19/10/18,10.00.00,Collision with object,Friday,No,Day,Other injury accident,60 km/hr,144.81802,-37.76107,Non-Intersection,BRIMBANK,Metro,1,0,0,1,0,1,0,No
2018,October,19/10/18,10.30.00,Collision with vehicle,Thursday,No,Day,Serious injury accident,60 km/hr,145.01516,-37.97436,Non-Intersection,BAYSIDE,Metro,1,0,1,0,0,0,0,No
2018,October,19/10/18,12.30.00,Struck pedestrian,Thursday,No,Day,Other injury accident,60 km/hr,144.95038,-37.73971,Non-Intersection,MORELAND,Metro,2,0,2,0,0,0,0,No
2018,October,19/10/18,07.50.00,No collision and no object struck,Friday,No,Day,Other injury accident,40 km/hr,144.95219,-37.82185,Intersection,MELBOURNE,Metro,2,0,2,0,0,0,0,No
2018,October,19/10/18,13.16.00,Collision with vehicle,Friday,No,Day,Other injury accident,60 km/hr,145.0995,-37.70423,Non-Intersection,BANYULE,Metro,3,0,1,2,0,0,0,No
2018,October,19/10/18,09.00.00,Collision with vehicle,Friday,No,Day,Serious injury accident,50 km/hr,145.27228,-38.10654,Non-Intersection,CASEY,Metro,1,0,1,0,0,1,0,No
2018,October,19/10/18,15.47.00,Collision with vehicle,Thursday,No,Day,Other injury accident,60 km/hr,144.93078,-37.6738,Intersection,HUME,Metro,2,0,1,1,0,0,0,No
2018,October,19/10/18,15.25.00,No collision and no object struck,Thursday,No,Day,Other injury accident,100 km/hr,146.79275,-36.23595,Non-Intersection,INDIGO,Country,1,0,0,1,0,1,0,No
2018,October,19/10/18,16.09.00,Collision with vehicle,Friday,No,Day,Other injury accident,100 km/hr,145.33643,-38.04257,Non-Intersection,CASEY,Metro,4,0,4,0,2,0,0,No
2018,October,19/10/18,15.20.00,Collision with vehicle,Friday,No,Day,Other injury accident,80 km/hr,145.12438,-37.91391,Intersection,MONASH,Metro,2,0,0,2,0,0,0,No
2018,October,19/10/18,17.48.00,Collision with vehicle,Friday,No,Day,Other injury accident,80 km/hr,144.89724,-37.69813,Non-Intersection,HUME,Metro,2,0,1,1,0,0,0,No
2018,October,19/10/18,16.15.00,Collision with vehicle,Friday,No,Day,Serious injury accident,100 km/hr,144.99052,-37.64813,Non-Intersection,WHITTLESEA,Metro,2,0,1,1,0,0,1,No
2018,October,19/10/18,15.15.00,Collision with vehicle,Friday,No,Day,Other injury accident,70 km/hr,145.02845,-37.62502,Non-Intersection,WHITTLESEA,Metro,4,0,2,2,1,0,1,No
2018,October,19/10/18,15.56.00,Vehicle overturned,Friday,No,Day,Serious injury accident,60 km/hr,145.09247,-38.17872,Non-Intersection,MORNINGTON PENINSULA,Metro,2,0,2,0,1,0,1,Yes
2018,October,19/10/18,19.00.00,Vehicle overturned,Friday,No,Day,Serious injury accident,100 km/hr,144.77743,-36.18263,Non-Intersection,CAMPASPE,Country,4,0,4,0,3,0,1,No
2018,October,19/10/18,20.15.00,Collision with vehicle,Friday,No,Dark,Serious injury accident,60 km/hr,144.97052,-37.77934,Intersection,MORELAND,Metro,3,0,2,1,0,0,0,No
2018,October,19/10/18,12.00.00,Struck pedestrian,Friday,No,Day,Other injury accident,50 km/hr,145.129,-37.87609,Intersection,MONASH,Metro,2,0,1,1,0,1,0,No
2018,October,19/10/18,18.20.00,Vehicle overturned,Friday,No,Day,Serious injury accident,40 km/hr,144.95359,-37.81923,Non-Intersection,MELBOURNE,Metro,2,0,1,0,0,0,0,No
2018,October,19/10/18,02.25.00,Collision with object,Friday,No,Dark,Other injury accident,60 km/hr,145.32406,-37.87962,Non-Intersection,YARRA RANGES,Metro,1,0,1,0,0,0,1,No
2018,October,19/10/18,04.00.00,Collision with object,Thursday,No,Dark,Serious injury accident,100 km/hr,145.5788,-38.55856,Non-Intersection,BASS COAST,Country,1,0,1,0,0,0,0,No
2018,October,20/10/18,11.30.00,Vehicle overturned,Saturday,No,Day,Other injury accident,100 km/hr,143.52296,-35.42391,Non-Intersection,SWAN HILL,Country,1,0,1,0,0,0,0,No
2018,October,20/10/18,21.30.00,Collision with vehicle,Friday,No,Dark,Other injury accident,60 km/hr,145.18906,-37.90689,Intersection,MONASH,Metro,4,0,2,0,2,0,0,No
2018,October,20/10/18,10.30.00,Collision with vehicle,Saturday,No,Day,Other injury accident,50 km/hr,144.95696,-37.78453,Intersection,MELBOURNE,Metro,2,0,0,2,0,0,0,No
2018,October,20/10/18,13.05.00,Collision with vehicle,Saturday,No,Day,Other injury accident,50 km/hr,142.19662,-36.71666,Non-Intersection,HORSHAM,Country,3,0,2,0,1,0,1,No
2018,October,20/10/18,12.20.00,Collision with vehicle,Saturday,No,Day,Other injury accident,80 km/hr,145.22617,-37.95591,Non-Intersection,DANDENONG,Metro,3,0,1,1,1,0,0,No
2018,October,20/10/18,01.00.00,Collision with vehicle,Saturday,No,Dark,Other injury accident,50 km/hr,145.15739,-37.90185,Non-Intersection,MONASH,Metro,1,0,1,0,0,0,0,No
2018,October,20/10/18,07.00.00,Collision with vehicle,Saturday,No,Day,Other injury accident,60 km/hr,144.96329,-37.7213,Intersection,MORELAND,Metro,2,0,1,1,0,0,1,No
2018,October,20/10/18,07.45.00,Collision with vehicle,Saturday,No,Day,Other injury accident,60 km/hr,145.02127,-37.71936,Intersection,DAREBIN,Metro,6,0,1,3,4,0,0,No
2018,October,20/10/18,08.30.00,Collision with object,Saturday,No,Day,Serious injury accident,60 km/hr,144.91044,-37.67734,Non-Intersection,HUME,Metro,1,0,0,1,0,0,0,No
2018,October,20/10/18,11.12.00,Collision with vehicle,Saturday,No,Day,Other injury accident,60 km/hr,145.12765,-38.14164,Intersection,FRANKSTON,Metro,4,0,1,3,1,0,0,No
2018,October,20/10/18,10.45.00,Collision with object,Saturday,No,Day,Other injury accident,70 km/hr,145.11832,-37.77641,Intersection,MANNINGHAM,Metro,1,0,0,1,0,1,0,No
2018,October,20/10/18,11.45.00,Collision with object,Saturday,No,Day,Other injury accident,100 km/hr,146.40993,-38.1595,Non-Intersection,LATROBE,Country,1,0,0,1,0,0,0,No
2018,October,20/10/18,10.50.00,Collision with vehicle,Friday,No,Day,Other injury accident,60 km/hr,144.91762,-37.71458,Non-Intersection,MORELAND,Metro,2,0,1,1,0,0,0,No
2018,October,20/10/18,12.20.00,Collision with vehicle,Saturday,No,Day,Other injury accident,60 km/hr,144.94398,-37.80021,Non-Intersection,MELBOURNE,Metro,2,0,1,0,0,1,0,No
2018,October,20/10/18,12.20.00,Collision with vehicle,Friday,No,Day,Other injury accident,50 km/hr,143.85191,-37.56113,Intersection,BALLARAT,Country,2,0,1,1,0,0,0,No
2018,October,20/10/18,11.30.00,Collision with object,Friday,No,Day,Other injury accident,60 km/hr,144.92845,-37.67585,Non-Intersection,HUME,Metro,1,0,1,0,0,0,0,No
2018,October,20/10/18,12.30.00,Collision with vehicle,Saturday,No,Day,Other injury accident,50 km/hr,144.33947,-38.3099,Non-Intersection,SURF COAST,Country,2,0,2,0,0,0,0,No
2018,October,20/10/18,11.22.00,Collision with vehicle,Saturday,No,Day,Other injury accident,60 km/hr,145.14924,-37.86776,Non-Intersection,MONASH,Metro,3,0,0,3,1,1,0,No
2018,October,20/10/18,15.38.00,Collision with vehicle,Saturday,No,Day,Other injury accident,100 km/hr,145.22277,-36.31363,Intersection,SHEPPARTON,Country,3,0,2,1,1,0,0,No
2018,October,20/10/18,15.00.00,Struck pedestrian,Saturday,No,Day,Other injury accident,40 km/hr,145.19,-38.09891,Non-Intersection,FRANKSTON,Metro,2,0,0,2,0,0,0,No
2018,October,20/10/18,16.00.00,Collision with vehicle,Friday,No,Day,Other injury accident,70 km/hr,144.8342,-37.77775,Non-Intersection,BRIMBANK,Metro,3,0,2,1,1,1,0,No
2018,October,20/10/18,15.45.00,Collision with vehicle,Saturday,No,Day,Other injury accident,60 km/hr,145.11813,-37.88362,Intersection,MONASH,Metro,5,0,2,3,3,0,0,No
2018,October,20/10/18,17.00.00,Vehicle overturned,Saturday,No,Day,Serious injury accident,100 km/hr,147.88564,-36.074,Off Road,TOWONG,Country,1,0,1,0,0,0,0,No
2018,October,20/10/18,17.35.00,Collision with object,Saturday,No,Dusk/Dawn,Other injury accident,60 km/hr,144.95279,-37.60035,Non-Intersection,WHITTLESEA,Metro,2,0,2,0,1,0,0,No
2018,October,20/10/18,18.10.00,Collision with vehicle,Saturday,No,Day,Other injury accident,60 km/hr,144.966,-37.75568,Intersection,MORELAND,Metro,4,0,2,2,2,0,0,No
2018,October,20/10/18,10.26.00,Collision with vehicle,Saturday,No,Unk.,Serious injury accident,100 km/hr,146.00031,-38.21701,Intersection,BAW BAW,Country,4,0,0,4,2,0,0,No
2018,October,20/10/18,23.30.00,Vehicle overturned,Saturday,No,Dark,Other injury accident,100 km/hr,144.94181,-38.47809,Intersection,MORNINGTON PENINSULA,Metro,1,0,1,0,0,0,0,Yes
2018,October,21/10/18,14.30.00,Struck animal,,No,Day,Serious injury accident,100 km/hr,144.03525,-38.36931,Non-Intersection,SURF COAST,Country,1,0,1,0,0,0,0,No
2018,October,21/10/18,20.00.00,No collision and no object struck,Sunday,No,Dark,Other injury accident,60 km/hr,144.99143,-37.76738,Intersection,DAREBIN,Metro,2,0,2,0,0,0,0,No
2018,October,21/10/18,05.30.00,Struck pedestrian,Sunday,No,Dark,Fatal accident,80 km/hr,145.21295,-38.00377,Non-Intersection,DANDENONG,Metro,2,1,2,0,0,0,0,No
2018,October,21/10/18,07.30.00,Collision with object,Sunday,No,Day,Serious injury accident,100 km/hr,141.64005,-37.26844,Non-Intersection,SOUTHERN GRAMPIANS,Country,1,0,1,0,0,0,1,Yes
2018,October,21/10/18,11.30.00,Collision with vehicle,Sunday,No,Day,Other injury accident,50 km/hr,145.03873,-37.71433,Intersection,DAREBIN,Metro,2,0,1,0,0,0,0,No
2018,October,21/10/18,08.40.00,Collision with vehicle,Sunday,Yes,Day,Serious injury accident,60 km/hr,145.12125,-38.07118,Intersection,KINGSTON,Metro,2,0,0,2,0,0,0,No
2018,October,21/10/18,11.05.00,Collision with vehicle,Sunday,No,Day,Serious injury accident,100 km/hr,143.69886,-37.40016,Intersection,BALLARAT,Country,3,0,2,1,1,0,0,No
2018,October,21/10/18,14.00.00,Collision with vehicle,Sunday,No,Day,Other injury accident,50 km/hr,143.55536,-35.33953,Intersection,SWAN HILL,Country,3,0,0,3,1,0,1,No
2018,October,21/10/18,13.00.00,Collision with object,Sunday,No,Day,Serious injury accident,80 km/hr,143.8301,-38.69196,Non-Intersection,COLAC OTWAY,Country,1,0,1,0,0,0,0,No
2018,October,21/10/18,14.00.00,Vehicle overturned,Sunday,No,Day,Other injury accident,50 km/hr,144.85545,-37.78167,Non-Intersection,MARIBYRNONG,Metro,1,0,1,0,0,0,0,No
2018,October,21/10/18,16.45.00,Collision with vehicle,Sunday,No,Day,Serious injury accident,100 km/hr,144.2439,-38.2231,Intersection,GEELONG,Country,3,0,2,1,1,1,1,No
2018,October,21/10/18,19.10.00,Collision with object,Sunday,No,Day,Other injury accident,60 km/hr,144.9515,-37.71937,Non-Intersection,MORELAND,Metro,1,0,0,1,0,0,0,No
2018,October,21/10/18,17.45.00,Collision with vehicle,Sunday,No,Day,Serious injury accident,100 km/hr,145.88943,-38.1642,Intersection,BAW BAW,Country,2,0,1,1,0,0,0,No
2018,October,21/10/18,16.48.00,Collision with vehicle,Sunday,No,Day,Serious injury accident,60 km/hr,145.19387,-37.81883,Non-Intersection,WHITEHORSE,Metro,10,0,8,2,5,0,1,No
2018,October,21/10/18,18.44.00,Collision with vehicle,Sunday,No,Dusk/Dawn,Other injury accident,60 km/hr,145.10155,-38.02676,Intersection,KINGSTON,Metro,2,0,2,0,0,0,0,No
2018,October,21/10/18,18.08.00,Struck pedestrian,Sunday,No,Day,Other injury accident,60 km/hr,145.0448,-37.88969,Intersection,GLEN EIRA,Metro,2,0,2,0,0,0,0,No
2018,October,21/10/18,13.12.00,Collision with object,Sunday,No,Day,Fatal accident,100 km/hr,148.39018,-37.69259,Non-Intersection,EAST GIPPSLAND,Country,2,1,1,1,1,0,0,No
2018,October,21/10/18,23.00.00,Collision with object,Sunday,No,Dark,Other injury accident,80 km/hr,145.16869,-37.86488,Non-Intersection,MONASH,Metro,1,0,0,1,0,0,0,No
2018,October,21/10/18,16.32.00,Collision with vehicle,Sunday,No,Day,Other injury accident,80 km/hr,145.31031,-38.027,Intersection,CASEY,Metro,2,0,2,0,0,0,0,No
2018,October,21/10/18,01.30.00,Collision with object,Sunday,No,Dark,Other injury accident,80 km/hr,145.62831,-37.77261,Non-Intersection,YARRA RANGES,Metro,2,0,1,1,1,0,0,No
2018,October,21/10/18,20.55.00,Collision with vehicle,Sunday,No,Dark,Other injury accident,80 km/hr,145.16021,-37.93625,Non-Intersection,DANDENONG,Metro,4,0,2,2,2,0,1,No
2018,October,21/10/18,19.25.00,Collision with vehicle,Sunday,No,Day,Other injury accident,70 km/hr,144.72806,-37.89735,Intersection,WYNDHAM,Metro,6,0,4,2,4,0,0,No
2018,October,21/10/18,14.00.00,Vehicle overturned,,No,Day,Other injury accident,100 km/hr,147.65666,-36.17641,Non-Intersection,TOWONG,Country,1,0,1,0,0,0,0,No
2018,October,22/10/18,20.05.00,Collision with vehicle,Monday,No,Dark,Other injury accident,60 km/hr,145.11427,-37.77396,Intersection,MANNINGHAM,Metro,3,0,1,2,1,0,0,No
2018,October,22/10/18,11.00.00,Collision with vehicle,Sunday,No,Day,Other injury accident,50 km/hr,144.77071,-37.71964,Intersection,BRIMBANK,Metro,4,0,3,1,2,0,0,No
2018,October,22/10/18,21.34.00,Collision with vehicle,Monday,No,Dark,Other injury accident,60 km/hr,144.95958,-37.78173,Intersection,MELBOURNE,Metro,4,0,1,3,2,0,2,No
2018,October,22/10/18,16.30.00,Struck pedestrian,Monday,Yes,Day,Other injury accident,50 km/hr,144.95775,-37.79974,Intersection,MELBOURNE,Metro,2,0,2,0,0,0,0,No
2018,October,22/10/18,06.55.00,Collision with vehicle,Sunday,No,Day,Other injury accident,60 km/hr,145.00244,-37.82618,Intersection,YARRA RANGES,Metro,2,0,1,1,0,0,0,No
2018,October,22/10/18,01.33.00,Collision with object,Monday,No,Dark,Other injury accident,50 km/hr,146.31546,-36.34468,Non-Intersection,WANGARATTA,Country,1,0,0,1,0,0,0,Yes
2018,October,22/10/18,06.55.00,Collision with vehicle,Sunday,No,Day,Other injury accident,60 km/hr,144.74189,-37.71025,Non-Intersection,MELTON,Metro,3,0,3,0,1,0,1,No
2018,October,22/10/18,07.37.00,Collision with vehicle,Monday,No,Dusk/Dawn,Other injury accident,60 km/hr,145.23898,-37.80987,Intersection,MAROONDAH,Metro,3,0,3,0,1,1,0,No
2018,October,22/10/18,07.15.00,Collision with vehicle,Sunday,No,Day,Other injury accident,60 km/hr,144.9899,-37.89583,Non-Intersection,BAYSIDE,Metro,2,0,2,0,0,0,0,No
2018,October,22/10/18,09.00.00,Collision with vehicle,Monday,No,Day,Other injury accident,40 km/hr,144.97881,-37.85892,Intersection,PORT PHILLIP,Metro,2,0,2,0,0,0,0,No
2018,October,22/10/18,08.45.00,Collision with vehicle,Monday,No,Day,Serious injury accident,80 km/hr,145.26267,-38.17373,Non-Intersection,CASEY,Metro,6,0,3,3,2,0,2,No
2018,October,22/10/18,07.47.00,Collision with vehicle,Sunday,No,Day,Other injury accident,80 km/hr,145.17994,-37.90574,Non-Intersection,MONASH,Metro,2,0,0,2,0,0,0,No
2018,October,22/10/18,08.30.00,Collision with vehicle,Sunday,No,Day,Serious injury accident,60 km/hr,145.43964,-37.89483,Intersection,YARRA RANGES,Metro,2,0,1,1,0,0,1,No
2018,October,22/10/18,09.30.00,Collision with vehicle,Sunday,No,Day,Other injury accident,100 km/hr,144.74716,-37.77751,Non-Intersection,MELTON,Metro,2,0,0,2,0,0,1,No
2018,October,22/10/18,11.45.00,Collision with vehicle,Monday,No,Day,Other injury accident,80 km/hr,144.67349,-38.12338,Intersection,GEELONG,Country,2,0,1,1,0,0,0,No
2018,October,22/10/18,10.30.00,Collision with object,Sunday,No,Day,Other injury accident,70 km/hr,145.14154,-37.76053,Non-Intersection,MANNINGHAM,Metro,2,0,0,2,1,0,0,No
2018,October,22/10/18,08.50.00,Collision with vehicle,Monday,Yes,Day,Other injury accident,60 km/hr,145.34402,-38.03089,Intersection,CASEY,Metro,2,0,2,0,0,1,0,No
2018,October,22/10/18,12.30.00,Vehicle overturned,Sunday,No,Day,Serious injury accident,80 km/hr,147.3387,-36.17605,Non-Intersection,TOWONG,Country,1,0,1,0,0,0,0,No
2018,October,22/10/18,11.50.00,Collision with vehicle,Sunday,No,Day,Other injury accident,60 km/hr,144.90668,-37.53579,Non-Intersection,HUME,Metro,3,0,0,3,1,0,0,No
2018,October,22/10/18,13.50.00,Collision with vehicle,Monday,No,Day,Other injury accident,50 km/hr,145.00675,-37.6116,Off Road,WHITTLESEA,Metro,2,0,2,0,0,0,0,No
2018,October,22/10/18,16.40.00,Collision with vehicle,Monday,No,Day,Serious injury accident,80 km/hr,145.16442,-38.10733,Intersection,FRANKSTON,Metro,2,0,2,0,0,0,0,No
2018,October,22/10/18,17.30.00,Collision with object,Monday,No,Day,Serious injury accident,100 km/hr,145.84979,-38.03193,Non-Intersection,BAW BAW,Country,2,0,1,1,1,0,1,No
2018,October,22/10/18,16.45.00,Collision with object,Monday,No,Day,Other injury accident,80 km/hr,145.00873,-37.90637,Intersection,BAYSIDE,Metro,3,0,1,1,1,1,0,No
2018,October,22/10/18,08.30.00,No collision and no object struck,Monday,No,Day,Other injury accident,60 km/hr,145.02504,-37.78188,Intersection,YARRA RANGES,Metro,2,0,1,1,0,0,0,No
2018,October,22/10/18,15.55.00,Collision with vehicle,Monday,No,Day,Serious injury accident,50 km/hr,145.04501,-37.98492,Non-Intersection,BAYSIDE,Metro,1,0,1,0,0,0,1,No
2018,October,22/10/18,17.24.00,Collision with vehicle,Sunday,No,Day,Other injury accident,60 km/hr,144.96903,-37.78851,Intersection,MELBOURNE,Metro,2,0,2,0,0,0,0,No
2018,October,22/10/18,18.30.00,Collision with vehicle,Monday,No,Day,Serious injury accident,100 km/hr,145.32167,-38.02874,Non-Intersection,CASEY,Metro,3,0,3,0,0,0,0,No
2018,October,22/10/18,19.49.00,Struck pedestrian,Sunday,No,Dark,Other injury accident,60 km/hr,144.97487,-37.75667,Intersection,MORELAND,Metro,2,0,1,1,0,0,0,No
2018,October,22/10/18,22.25.00,Collision with vehicle,Sunday,No,Dark,Serious injury accident,40 km/hr,144.0712,-38.03036,Non-Intersection,GOLDEN PLAINS,Country,2,0,2,0,0,0,0,No
2018,October,22/10/18,22.10.00,Collision with vehicle,Monday,No,Dark,Other injury accident,60 km/hr,145.0731,-37.92292,Intersection,GLEN EIRA,Metro,2,0,1,1,0,0,1,No
2018,October,22/10/18,22.15.00,Struck pedestrian,Monday,Not known,Dark,Serious injury accident,50 km/hr,144.79861,-37.79112,Non-Intersection,BRIMBANK,Metro,2,0,1,0,0,0,0,No
2018,October,22/10/18,21.15.00,Collision with vehicle,Monday,No,Dark,Other injury accident,60 km/hr,145.0218,-37.74718,Intersection,DAREBIN,Metro,2,0,1,1,0,0,1,No
2018,October,22/10/18,19.06.00,Collision with object,Sunday,No,Day,Other injury accident,50 km/hr,145.30374,-37.99116,Non-Intersection,CASEY,Metro,1,0,1,0,0,0,1,No
2018,October,22/10/18,08.45.00,Collision with vehicle,Sunday,No,Day,Other injury accident,60 km/hr,145.27108,-37.83863,Intersection,KNOX,Metro,2,0,1,1,0,0,0,No
2018,October,22/10/18,19.45.00,Collision with vehicle,Sunday,No,Dusk/Dawn,Serious injury accident,50 km/hr,144.72275,-37.88357,Intersection,WYNDHAM,Metro,2,0,2,0,0,0,1,No
2018,October,23/10/18,18.55.00,Collision with vehicle,Monday,No,Day,Other injury accident,80 km/hr,145.08492,-38.00419,Intersection,KINGSTON,Metro,2,0,0,2,0,0,0,No
2018,October,23/10/18,10.40.00,Collision with object,Monday,No,Day,Serious injury accident,50 km/hr,145.47229,-37.91748,Non-Intersection,CARDINIA,Metro,1,0,1,0,0,0,0,No
2018,October,23/10/18,08.55.00,Collision with vehicle,Monday,No,Day,Other injury accident,60 km/hr,145.04758,-37.74359,Intersection,BANYULE,Metro,3,0,3,0,0,0,1,No
2018,October,23/10/18,12.14.00,Collision with vehicle,Tuesday,No,Day,Serious injury accident,40 km/hr,144.34906,-38.13674,Intersection,GEELONG,Country,2,0,2,0,0,0,0,No
2018,October,23/10/18,09.48.00,Collision with vehicle,Tuesday,No,Day,Other injury accident,80 km/hr,145.24287,-37.87569,Intersection,KNOX,Metro,5,0,3,2,3,0,0,No
2018,October,23/10/18,09.52.00,Collision with vehicle,Monday,No,Day,Other injury accident,70 km/hr,144.98907,-37.82327,Non-Intersection,MELBOURNE,Metro,3,0,2,1,0,0,0,No
2018,October,23/10/18,13.50.00,No collision and no object struck,Tuesday,No,Day,Other injury accident,50 km/hr,145.28652,-37.78846,Non-Intersection,MAROONDAH,Metro,1,0,1,0,0,0,0,No
2018,October,23/10/18,11.46.00,Vehicle overturned,Monday,No,Day,Other injury accident,100 km/hr,143.93524,-37.60817,Non-Intersection,MOORABOOL,Country,1,0,1,0,0,0,0,No
2018,October,23/10/18,07.10.00,Struck pedestrian,Tuesday,No,Day,Serious injury accident,70 km/hr,145.06302,-37.69206,Non-Intersection,BANYULE,Metro,2,0,1,1,0,0,0,No
2018,October,23/10/18,12.00.00,Collision with vehicle,Tuesday,No,Day,Other injury accident,50 km/hr,144.99646,-37.66452,Non-Intersection,WHITTLESEA,Metro,2,0,2,0,0,0,1,No
2018,October,23/10/18,15.09.00,Collision with vehicle,Monday,No,Day,Other injury accident,50 km/hr,144.80801,-37.82009,Intersection,WYNDHAM,Metro,3,0,2,1,1,0,0,No
2018,October,23/10/18,12.02.00,Collision with object,Tuesday,No,Day,Serious injury accident,100 km/hr,146.22177,-38.33531,Non-Intersection,SOUTH GIPPSLAND,Country,1,0,1,0,0,0,0,No
2018,October,23/10/18,17.45.00,Collision with vehicle,Tuesday,No,Dusk/Dawn,Other injury accident,60 km/hr,145.07011,-37.8329,Intersection,BOROONDARA,Metro,2,0,1,1,0,0,0,No
2018,October,23/10/18,08.45.00,Collision with vehicle,Tuesday,No,Day,Other injury accident,40 km/hr,141.5887,-38.35566,Non-Intersection,GLENELG,Country,2,0,1,1,0,0,0,No
2018,October,23/10/18,19.30.00,Collision with vehicle,Monday,No,Dusk/Dawn,Other injury accident,100 km/hr,145.55333,-37.99401,Non-Intersection,CARDINIA,Metro,2,0,1,1,0,0,0,No
2018,October,23/10/18,18.20.00,Collision with vehicle,Tuesday,No,Day,Other injury accident,40 km/hr,145.04304,-37.76828,Non-Intersection,BANYULE,Metro,1,0,0,1,0,0,0,No
2018,October,23/10/18,15.30.00,Collision with vehicle,Tuesday,No,Day,Serious injury accident,60 km/hr,144.34829,-38.08551,Intersection,GEELONG,Country,5,0,2,3,3,0,1,No
2018,October,23/10/18,15.15.00,Collision with vehicle,Tuesday,No,Day,Other injury accident,50 km/hr,143.5551,-35.33927,Intersection,SWAN HILL,Country,2,0,0,2,0,0,0,No
2018,October,23/10/18,15.14.00,Collision with object,Tuesday,No,Day,Other injury accident,100 km/hr,145.53168,-36.2452,Non-Intersection,SHEPPARTON,Country,1,0,0,1,0,0,1,Yes
2018,October,23/10/18,17.15.00,Collision with vehicle,Monday,Yes,Day,Other injury accident,100 km/hr,145.02219,-37.68612,Non-Intersection,WHITTLESEA,Metro,2,0,1,1,0,0,1,No
2018,October,23/10/18,22.20.00,Collision with vehicle,Tuesday,No,Dark,Serious injury accident,50 km/hr,145.0354,-37.82971,Non-Intersection,BOROONDARA,Metro,3,0,1,2,2,0,0,No
2018,October,23/10/18,07.50.00,Collision with vehicle,Tuesday,No,Day,Other injury accident,60 km/hr,144.69116,-37.86356,Intersection,WYNDHAM,Metro,2,0,1,1,0,0,0,No
2018,October,23/10/18,07.30.00,Collision with vehicle,Tuesday,No,Day,Other injury accident,50 km/hr,144.98843,-37.79274,Intersection,YARRA RANGES,Metro,3,0,2,1,1,0,0,No
2018,October,23/10/18,06.46.00,Collision with vehicle,Tuesday,No,Dusk/Dawn,Serious injury accident,60 km/hr,144.80792,-37.8768,Non-Intersection,HOBSONS BAY,Metro,2,0,0,2,0,1,1,No
2018,October,24/10/18,18.00.00,Collision with vehicle,Tuesday,No,Day,Other injury accident,70 km/hr,145.24698,-38.00303,Non-Intersection,CASEY,Metro,2,0,1,1,0,0,0,No