year,month,date,time,accident_type,day,hit_run,light_condition,severity,speed_zone,longitude,latitude,node_type,lga,state_div,total_persons,fatality,males,females,passengers,old_driver,young_driver,alcohol
2018,October,24/10/18,04.25.00,Collision with object,Tuesday,No,Dark,Other injury accident,50 km/hr,145.21079,-37.72604,Non-Intersection,NILLUMBIK,Metro,1,0,1,0,0,0,0,No
2018,October,24/10/18,07.55.00,Collision with vehicle,Tuesday,No,Day,Other injury accident,60 km/hr,145.18793,-38.12368,Intersection,FRANKSTON,Metro,2,0,1,1,0,0,1,No
2018,October,24/10/18,08.00.00,Collision with vehicle,Wednesday,No,Day,Other injury accident,100 km/hr,145.7796,-36.19908,Non-Intersection,MOIRA,Country,2,0,2,0,0,0,0,No
2018,October,24/10/18,08.50.00,Collision with vehicle,Wednesday,No,Day,Other injury accident,80 km/hr,143.65573,-35.46682,Intersection,SWAN HILL,Country,2,0,1,1,0,0,1,No
2018,October,24/10/18,10.45.00,Vehicle overturned,Wednesday,No,Day,Other injury accident,50 km/hr,143.71491,-38.72249,Intersection,COLAC OTWAY,Country,1,0,0,1,0,0,0,No
2018,October,24/10/18,07.00.00,Collision with object,Tuesday,No,Day,Serious injury accident,100 km/hr,142.74319,-38.31792,Non-Intersection,MOYNE,Country,1,0,0,1,0,0,0,No
2018,October,24/10/18,11.40.00,Collision with vehicle,Wednesday,No,Day,Other injury accident,60 km/hr,144.92131,-37.78746,Intersection,MELBOURNE,Metro,2,0,0,2,0,0,0,No
2018,October,24/10/18,01.10.00,Collision with object,Wednesday,No,Dark,Other injury accident,70 km/hr,145.47858,-37.90975,Non-Intersection,CARDINIA,Metro,1,0,1,0,0,0,0,No
2018,October,24/10/18,10.10.00,Vehicle overturned,Wednesday,No,Day,Other injury accident,100 km/hr,143.38564,-36.32516,Non-Intersection,BULOKE,Country,1,0,1,0,0,0,0,No
2018,October,24/10/18,13.18.00,Collision with vehicle,Wednesday,No,Day,Other injury accident,70 km/hr,144.929,-37.64379,Intersection,HUME,Metro,2,0,0,2,0,0,0,No
2018,October,24/10/18,11.30.00,Collision with vehicle,Wednesday,No,Day,Other injury accident,50 km/hr,146.00861,-36.00905,Intersection,MOIRA,Country,2,0,0,2,0,1,0,No
2018,October,24/10/18,10.35.00,Collision with vehicle,Tuesday,No,Day,Other injury accident,50 km/hr,144.8369,-38.37512,Intersection,MORNINGTON PENINSULA,Metro,2,0,2,0,0,1,0,No
2018,October,24/10/18,14.45.00,No collision and no object struck,Wednesday,No,Day,Other injury accident,60 km/hr,145.30286,-37.82899,Non-Intersection,MAROONDAH,Metro,2,0,2,0,0,0,0,No
2018,October,24/10/18,15.40.00,Collision with vehicle,Tuesday,No,Day,Other injury accident,80 km/hr,145.34045,-38.04384,Non-Intersection,CASEY,Metro,3,0,2,1,1,0,0,No
2018,October,24/10/18,17.00.00,Collision with vehicle,Tuesday,No,Day,Other injury accident,50 km/hr,144.81395,-37.87374,Intersection,HOBSONS BAY,Metro,2,0,1,0,0,0,0,No
2018,October,24/10/18,14.28.00,Struck pedestrian,Wednesday,No,Day,Other injury accident,60 km/hr,145.01106,-37.73876,Non-Intersection,DAREBIN,Metro,2,0,2,0,0,0,1,No
2018,October,24/10/18,17.15.00,Collision with vehicle,Wednesday,No,Day,Other injury accident,50 km/hr,144.663,-37.89832,Intersection,WYNDHAM,Metro,2,0,1,1,0,0,0,No
2018,October,24/10/18,17.21.00,Collision with vehicle,Tuesday,No,Day,Other injury accident,60 km/hr,145.37487,-38.05144,Non-Intersection,CARDINIA,Metro,5,0,4,1,2,0,2,No
2018,October,24/10/18,18.44.00,Struck pedestrian,Wednesday,No,Day,Serious injury accident,40 km/hr,144.99514,-37.80006,Non-Intersection,YARRA RANGES,Metro,3,0,1,2,0,0,0,No
2018,October,24/10/18,18.40.00,Collision with vehicle,Wednesday,No,Day,Other injury accident,50 km/hr,145.04454,-37.73616,Intersection,BANYULE,Metro,5,0,2,3,2,0,0,No
2018,October,24/10/18,15.32.00,Collision with vehicle,Tuesday,No,Day,Other injury accident,60 km/hr,144.77055,-37.72629,Non-Intersection,BRIMBANK,Metro,4,0,2,2,0,0,0,No
2018,October,24/10/18,17.30.00,Collision with vehicle,Tuesday,No,Day,Other injury accident,50 km/hr,144.57769,-37.68916,Non-Intersection,MELTON,Metro,2,0,1,1,0,0,2,No
2018,October,25/10/18,14.00.00,Fall from or in moving vehicle,Thursday,No,Day,Other injury accident,60 km/hr,143.96686,-38.56664,Non-Intersection,SURF COAST,Country,1,0,1,0,0,0,0,No
2018,October,25/10/18,17.30.00,Fall from or in moving vehicle,Thursday,No,Day,Serious injury accident,50 km/hr,145.16445,-38.15499,Intersection,FRANKSTON,Metro,2,0,2,0,0,0,0,No
2018,October,25/10/18,18.00.00,Collision with vehicle,Wednesday,Yes,Day,Other injury accident,40 km/hr,145.22598,-37.73275,Non-Intersection,NILLUMBIK,Metro,3,0,2,1,1,0,1,No
2018,October,25/10/18,08.46.00,Collision with vehicle,Wednesday,No,Day,Other injury accident,50 km/hr,145.24168,-37.97608,Non-Intersection,CASEY,Metro,2,0,0,2,0,0,0,No
2018,October,25/10/18,00.01.00,Vehicle overturned,Thursday,No,Dark,Other injury accident,60 km/hr,144.94866,-37.8055,Intersection,MELBOURNE,Metro,4,0,3,1,1,0,1,No
2018,October,25/10/18,06.30.00,Collision with vehicle,Thursday,No,Day,Other injury accident,70 km/hr,145.16895,-38.1141,Intersection,FRANKSTON,Metro,2,0,2,0,0,0,1,No
2018,October,25/10/18,05.15.00,Collision with object,Thursday,No,Dark,Other injury accident,60 km/hr,145.04526,-37.71359,Non-Intersection,DAREBIN,Metro,1,0,1,0,0,0,1,No
2018,October,25/10/18,09.00.00,Collision with vehicle,Thursday,No,Day,Other injury accident,40 km/hr,144.95123,-37.81991,Non-Intersection,MELBOURNE,Metro,4,0,2,1,1,0,0,No
2018,October,25/10/18,11.14.00,Fall from or in moving vehicle,Thursday,Not known,Day,Other injury accident,80 km/hr,144.70522,-37.62269,Non-Intersection,MELTON,Metro,2,0,2,0,0,0,0,No
2018,October,25/10/18,13.01.00,Struck pedestrian,Wednesday,Yes,Day,Other injury accident,40 km/hr,144.35783,-38.15225,Intersection,GEELONG,Country,2,0,0,1,0,0,0,No
2018,October,25/10/18,12.30.00,Collision with object,Thursday,No,Day,Other injury accident,60 km/hr,144.59678,-37.46318,Intersection,MACEDON RANGES,Country,1,0,1,0,0,0,0,No
2018,October,25/10/18,09.45.00,Collision with vehicle,Wednesday,No,Day,Other injury accident,50 km/hr,144.25255,-36.71791,Intersection,BENDIGO,Country,2,0,1,1,0,1,0,No
2018,October,25/10/18,13.14.00,Collision with vehicle,Thursday,No,Day,Serious injury accident,50 km/hr,145.13622,-37.85809,Intersection,MONASH,Metro,2,0,1,1,0,1,0,No
2018,October,25/10/18,11.28.00,Collision with vehicle,Thursday,No,Day,Other injury accident,50 km/hr,144.96256,-37.74083,Non-Intersection,MORELAND,Metro,2,0,1,1,0,0,0,No
2018,October,25/10/18,11.23.00,Collision with vehicle,Thursday,No,Day,Other injury accident,50 km/hr,144.95457,-37.7304,Intersection,MORELAND,Metro,2,0,1,1,0,0,0,No
2018,October,25/10/18,11.34.00,Collision with vehicle,Wednesday,No,Day,Other injury accident,60 km/hr,146.9759,-37.96374,Intersection,WELLINGTON,Country,2,0,0,2,0,1,0,No
2018,October,25/10/18,11.10.00,Collision with vehicle,Thursday,No,Day,Other injury accident,80 km/hr,145.45533,-38.06178,Intersection,CARDINIA,Metro,2,0,1,1,0,0,0,No
2018,October,25/10/18,14.30.00,Collision with vehicle,Thursday,No,Day,Other injury accident,100 km/hr,147.08355,-38.06922,Intersection,WELLINGTON,Country,2,0,2,0,0,0,0,No
2018,October,25/10/18,14.40.00,Collision with object,Thursday,No,Day,Other injury accident,80 km/hr,145.13646,-37.744,Non-Intersection,MANNINGHAM,Metro,2,0,1,1,1,0,0,No
2018,October,25/10/18,14.23.00,Collision with vehicle,Thursday,No,Day,Other injury accident,60 km/hr,144.86341,-37.7424,Non-Intersection,MOONEE VALLEY,Metro,5,0,2,3,1,0,0,No
2018,October,25/10/18,15.30.00,Struck pedestrian,Thursday,No,Day,Serious injury accident,50 km/hr,145.05635,-38.24605,Intersection,MORNINGTON PENINSULA,Metro,2,0,1,1,0,0,0,No
2018,October,25/10/18,15.04.00,Collision with vehicle,Thursday,No,Day,Other injury accident,70 km/hr,144.9566,-37.67987,Intersection,HUME,Metro,2,0,2,0,0,0,0,No
2018,October,25/10/18,15.50.00,Collision with vehicle,Thursday,No,Day,Serious injury accident,80 km/hr,144.42344,-38.0258,Intersection,GEELONG,Country,3,0,1,2,1,0,1,No
2018,October,25/10/18,16.54.00,Collision with object,Thursday,No,Day,Other injury accident,50 km/hr,145.08125,-37.65884,Non-Intersection,WHITTLESEA,Metro,1,0,1,0,0,1,0,No
2018,October,25/10/18,17.45.00,Vehicle overturned,Thursday,No,Day,Other injury accident,60 km/hr,144.76897,-37.81188,Intersection,BRIMBANK,Metro,2,0,2,0,0,0,0,No
2018,October,25/10/18,18.30.00,Collision with vehicle,Wednesday,No,Day,Other injury accident,70 km/hr,145.08623,-37.75813,Non-Intersection,MANNINGHAM,Metro,3,0,1,2,1,0,1,No
2018,October,25/10/18,18.05.00,Collision with vehicle,Wednesday,No,Day,Other injury accident,40 km/hr,144.99231,-37.81781,Intersection,YARRA RANGES,Metro,2,0,1,1,0,0,0,No
2018,October,25/10/18,16.40.00,Collision with vehicle,Thursday,No,Day,Serious injury accident,60 km/hr,145.52188,-37.78666,Intersection,YARRA RANGES,Metro,2,0,2,0,0,0,0,No
2018,October,25/10/18,19.15.00,Collision with vehicle,Thursday,No,Day,Serious injury accident,60 km/hr,145.01196,-37.73793,Intersection,DAREBIN,Metro,2,0,2,0,0,0,0,No
2018,October,25/10/18,16.00.00,Collision with vehicle,Thursday,No,Day,Other injury accident,60 km/hr,144.90787,-37.80072,Intersection,MARIBYRNONG,Metro,2,0,2,0,0,0,0,No
2018,October,25/10/18,13.01.00,Collision with vehicle,Wednesday,No,Day,Serious injury accident,60 km/hr,144.89348,-37.79239,Intersection,MARIBYRNONG,Metro,2,0,1,1,0,0,1,No
2018,October,25/10/18,18.10.00,Collision with vehicle,Thursday,No,Day,Other injury accident,60 km/hr,144.96557,-37.83773,Intersection,PORT PHILLIP,Metro,2,0,2,0,0,1,0,No
2018,October,25/10/18,18.10.00,Collision with vehicle,Thursday,No,Day,Other injury accident,50 km/hr,144.97656,-37.82356,Non-Intersection,MELBOURNE,Metro,2,0,0,2,0,0,1,No
2018,October,25/10/18,19.30.00,Collision with object,Thursday,No,Dusk/Dawn,Serious injury accident,100 km/hr,146.5722,-38.12202,Non-Intersection,LATROBE,Country,1,0,1,0,0,0,0,No
2018,October,25/10/18,20.30.00,Collision with object,Thursday,No,Dark,Other injury accident,60 km/hr,145.01923,-37.71814,Non-Intersection,DAREBIN,Metro,1,0,1,0,0,0,1,No
2018,October,25/10/18,22.21.00,Collision with object,Thursday,No,Dark,Other injury accident,50 km/hr,144.92397,-37.7578,Non-Intersection,MOONEE VALLEY,Metro,1,0,0,1,0,0,0,No
2018,October,25/10/18,06.00.00,Collision with object,Thursday,No,Dusk/Dawn,Serious injury accident,100 km/hr,143.88053,-37.0626,Non-Intersection,CENTRAL GOLDFIELDS,Country,1,0,1,0,0,0,1,No
2018,October,25/10/18,06.13.00,Collision with vehicle,Thursday,No,Dusk/Dawn,Other injury accident,100 km/hr,144.97824,-37.42772,Non-Intersection,MITCHELL,Country,3,0,3,0,0,0,2,No
2018,October,25/10/18,23.00.00,Collision with vehicle,Wednesday,No,Dark,Other injury accident,70 km/hr,145.25432,-38.02639,Intersection,CASEY,Metro,4,0,3,1,2,0,1,No
2018,October,25/10/18,08.35.00,Collision with vehicle,Wednesday,No,Day,Other injury accident,100 km/hr,145.22234,-37.95794,Non-Intersection,DANDENONG,Metro,2,0,0,2,0,0,1,No
2018,October,25/10/18,16.30.00,Collision with object,Thursday,No,Day,Other injury accident,100 km/hr,145.14909,-38.08289,Non-Intersection,FRANKSTON,Metro,1,0,1,0,0,0,0,No
2018,October,25/10/18,22.05.00,Struck pedestrian,Thursday,No,Dark,Serious injury accident,50 km/hr,144.3187,-38.19448,Non-Intersection,GEELONG,Country,2,0,1,0,0,0,0,No
2018,October,25/10/18,08.50.00,Collision with vehicle,Wednesday,No,Day,Other injury accident,80 km/hr,145.21171,-37.86119,Intersection,KNOX,Metro,2,0,0,2,0,0,0,No
2018,October,26/10/18,23.15.00,Struck pedestrian,Friday,No,Dark,Serious injury accident,70 km/hr,144.9134,-37.80136,Non-Intersection,MELBOURNE,Metro,2,0,1,1,0,0,0,No
2018,October,26/10/18,16.15.00,Collision with vehicle,Thursday,No,Day,Other injury accident,60 km/hr,144.77743,-37.87245,Non-Intersection,HOBSONS BAY,Metro,4,0,2,1,1,0,0,No
2018,October,26/10/18,21.10.00,Struck pedestrian,Thursday,Yes,Dark,Other injury accident,60 km/hr,144.99334,-37.78689,Intersection,YARRA RANGES,Metro,2,0,0,1,0,0,0,No
2018,October,26/10/18,17.05.00,Collision with vehicle,Friday,No,Day,Other injury accident,50 km/hr,145.00238,-37.76599,Intersection,DAREBIN,Metro,2,0,1,1,0,0,0,No
2018,October,26/10/18,21.20.00,Collision with vehicle,Thursday,No,Dark,Other injury accident,60 km/hr,145.43747,-38.07509,Intersection,CARDINIA,Metro,3,0,2,1,1,0,0,No
2018,October,26/10/18,17.45.00,Fall from or in moving vehicle,Friday,No,Day,Fatal accident,60 km/hr,144.91563,-37.78066,Non-Intersection,MOONEE VALLEY,Metro,2,1,1,1,0,0,0,No
2018,October,26/10/18,06.30.00,Collision with object,Thursday,No,Dusk/Dawn,Other injury accident,100 km/hr,144.99317,-38.39111,Non-Intersection,MORNINGTON PENINSULA,Metro,1,0,1,0,0,0,1,No
2018,October,26/10/18,07.30.00,Collision with vehicle,Thursday,No,Day,Serious injury accident,40 km/hr,144.97507,-37.78492,Intersection,YARRA RANGES,Metro,2,0,1,1,0,0,0,No
2018,October,26/10/18,02.14.00,Vehicle overturned,Friday,No,Dark,Other injury accident,80 km/hr,145.13859,-37.60279,Non-Intersection,WHITTLESEA,Metro,1,0,1,0,0,0,0,No
2018,October,26/10/18,06.09.00,Collision with vehicle,Friday,No,Dusk/Dawn,Other injury accident,80 km/hr,145.24491,-38.03408,Non-Intersection,DANDENONG,Metro,2,0,2,0,0,0,0,No
2018,October,26/10/18,07.45.00,Collision with vehicle,Thursday,No,Day,Other injury accident,100 km/hr,145.01185,-37.79207,Non-Intersection,YARRA RANGES,Metro,2,0,1,1,0,0,1,No
2018,October,26/10/18,07.20.00,Collision with vehicle,Thursday,No,Day,Other injury accident,50 km/hr,144.94553,-37.73564,Intersection,MORELAND,Metro,3,0,2,1,1,0,0,No
2018,October,26/10/18,08.00.00,Collision with vehicle,Friday,No,Day,Other injury accident,80 km/hr,145.176,-37.81846,Intersection,WHITEHORSE,Metro,2,0,2,0,0,0,0,No
2018,October,26/10/18,07.00.00,Collision with vehicle,Thursday,No,Day,Other injury accident,40 km/hr,144.96375,-37.75762,Non-Intersection,MORELAND,Metro,2,0,2,0,0,0,0,No
2018,October,26/10/18,07.12.00,Collision with vehicle,Friday,No,Day,Other injury accident,100 km/hr,144.09665,-38.21423,Intersection,SURF COAST,Country,3,0,3,0,1,0,2,No
2018,October,26/10/18,10.00.00,Collision with object,Friday,No,Day,Other injury accident,110 km/hr,145.28384,-36.87292,Non-Intersection,STRATHBOGIE,Country,2,0,2,0,1,0,1,No
2018,October,26/10/18,12.10.00,Collision with vehicle,Friday,No,Day,Serious injury accident,50 km/hr,145.01688,-37.74675,Intersection,DAREBIN,Metro,4,0,1,3,1,0,0,No
2018,October,26/10/18,12.30.00,Collision with vehicle,Friday,No,Day,Other injury accident,100 km/hr,145.12821,-37.89272,Non-Intersection,MONASH,Metro,8,0,7,1,2,0,1,No
2018,October,26/10/18,12.47.00,Collision with vehicle,Thursday,No,Day,Serious injury accident,60 km/hr,145.41228,-36.38282,Non-Intersection,SHEPPARTON,Country,3,0,2,1,0,0,1,No
2018,October,26/10/18,12.15.00,Collision with vehicle,Friday,No,Day,Other injury accident,60 km/hr,144.89037,-37.82118,Intersection,MARIBYRNONG,Metro,2,0,2,0,0,0,0,No
2018,October,26/10/18,11.43.00,Collision with vehicle,Friday,No,Day,Other injury accident,50 km/hr,144.96669,-37.67934,Non-Intersection,HUME,Metro,2,0,2,0,1,0,0,No
2018,October,26/10/18,12.25.00,Collision with vehicle,Thursday,No,Day,Other injury accident,50 km/hr,144.92327,-37.78543,Non-Intersection,MOONEE VALLEY,Metro,2,0,0,2,0,0,0,No
2018,October,26/10/18,15.30.00,Collision with vehicle,Thursday,Yes,Day,Other injury accident,60 km/hr,145.51159,-37.66027,Intersection,YARRA RANGES,Metro,2,0,0,1,0,0,0,No
2018,October,26/10/18,17.00.00,Struck pedestrian,Friday,No,Day,Other injury accident,80 km/hr,145.33845,-38.05993,Intersection,CASEY,Metro,2,0,0,2,0,0,0,No
2018,October,26/10/18,15.30.00,Collision with vehicle,Thursday,No,Day,Other injury accident,50 km/hr,145.35361,-38.05244,Intersection,CASEY,Metro,2,0,1,1,0,0,0,No
2018,October,26/10/18,17.40.00,Collision with vehicle,Thursday,No,Day,Other injury accident,60 km/hr,145.00269,-37.74507,Non-Intersection,DAREBIN,Metro,3,0,2,1,1,0,0,No
2018,October,26/10/18,18.08.00,Collision with vehicle,Thursday,No,Day,Serious injury accident,60 km/hr,145.04658,-37.83019,Intersection,BOROONDARA,Metro,6,0,6,0,4,0,1,No
2018,October,26/10/18,16.26.00,Collision with vehicle,Thursday,Yes,Day,Other injury accident,60 km/hr,144.98254,-37.85674,Intersection,PORT PHILLIP,Metro,2,0,1,0,0,0,0,No
2018,October,26/10/18,17.05.00,Collision with vehicle,Friday,No,Day,Serious injury accident,100 km/hr,144.91379,-37.69408,Non-Intersection,HUME,Metro,8,0,8,0,1,0,2,No
2018,October,26/10/18,14.45.00,Collision with vehicle,Thursday,No,Day,Other injury accident,60 km/hr,145.07462,-37.9989,Intersection,KINGSTON,Metro,2,0,2,0,0,0,0,No
2018,October,26/10/18,19.30.00,Collision with vehicle,Friday,No,Dusk/Dawn,Other injury accident,60 km/hr,144.8894,-37.73395,Intersection,MOONEE VALLEY,Metro,3,0,2,1,1,0,0,No
2018,October,26/10/18,20.49.00,No collision and no object struck,Friday,No,Dark,Other injury accident,50 km/hr,144.96395,-37.71099,Intersection,MORELAND,Metro,1,0,1,0,0,0,0,No
2018,October,26/10/18,19.50.00,Collision with object,Friday,No,Dusk/Dawn,Other injury accident,100 km/hr,145.01294,-37.57559,Non-Intersection,WHITTLESEA,Metro,1,0,0,1,0,0,0,No
2018,October,26/10/18,20.20.00,Collision with vehicle,Friday,No,Dark,Other injury accident,60 km/hr,145.07852,-37.77966,Intersection,BOROONDARA,Metro,3,0,0,2,1,0,0,No
2018,October,26/10/18,01.30.00,Vehicle overturned,Friday,No,Dark,Serious injury accident,100 km/hr,147.08203,-36.24704,Non-Intersection,INDIGO,Country,1,0,1,0,0,0,0,No
2018,October,26/10/18,14.55.00,Struck pedestrian,Thursday,Yes,Day,Other injury accident,60 km/hr,145.55469,-37.95216,Non-Intersection,CARDINIA,Metro,2,0,0,1,0,0,0,No
2018,October,27/10/18,17.00.00,Collision with vehicle,Saturday,No,Day,Serious injury accident,60 km/hr,144.9879,-37.83154,Intersection,MELBOURNE,Metro,2,0,2,0,0,0,0,No
2018,October,27/10/18,13.30.00,Collision with vehicle,Saturday,No,Day,Other injury accident,80 km/hr,145.29569,-38.08432,Non-Intersection,CASEY,Metro,2,0,2,0,0,0,0,No
2018,October,27/10/18,07.56.00,Struck pedestrian,Saturday,No,Day,Serious injury accident,80 km/hr,145.10884,-37.9029,Intersection,MONASH,Metro,2,0,1,1,0,0,0,No
2018,October,27/10/18,08.50.00,Collision with object,Saturday,No,Day,Other injury accident,100 km/hr,144.38774,-37.33696,Non-Intersection,HEPBURN,Country,2,0,1,1,0,0,0,No
2018,October,27/10/18,08.50.00,Struck pedestrian,Saturday,No,Day,Other injury accident,40 km/hr,144.95757,-37.79962,Non-Intersection,MELBOURNE,Metro,2,0,1,1,0,0,0,No
2018,October,27/10/18,11.25.00,Struck pedestrian,Friday,No,Day,Other injury accident,40 km/hr,145.0472,-36.31352,Non-Intersection,CAMPASPE,Country,3,0,1,2,1,0,0,No
2018,October,27/10/18,10.50.00,Collision with vehicle,Saturday,No,Day,Other injury accident,40 km/hr,145.13486,-38.08573,Non-Intersection,FRANKSTON,Metro,2,0,2,0,0,0,0,No
2018,October,27/10/18,11.50.00,Collision with vehicle,Saturday,No,Day,Serious injury accident,60 km/hr,145.14148,-37.80409,Intersection,WHITEHORSE,Metro,2,0,1,1,0,0,0,No
2018,October,27/10/18,08.05.00,Collision with vehicle,Saturday,No,Day,Other injury accident,70 km/hr,145.24753,-37.80934,Intersection,MAROONDAH,Metro,2,0,1,1,0,1,1,No
2018,October,27/10/18,09.55.00,Collision with vehicle,Saturday,No,Day,Serious injury accident,60 km/hr,142.00935,-37.75768,Intersection,SOUTHERN GRAMPIANS,Country,3,0,1,2,1,0,1,No
2018,October,27/10/18,05.20.00,Collision with object,Saturday,No,Dark,Fatal accident,100 km/hr,141.91152,-37.70046,Non-Intersection,SOUTHERN GRAMPIANS,Country,1,1,1,0,0,0,1,No
2018,October,27/10/18,12.36.00,Collision with vehicle,Saturday,No,Day,Other injury accident,50 km/hr,144.9456,-37.75499,Intersection,MORELAND,Metro,2,0,1,1,0,0,0,No
2018,October,27/10/18,11.45.00,Collision with vehicle,Saturday,No,Day,Other injury accident,60 km/hr,144.90834,-37.75434,Non-Intersection,MOONEE VALLEY,Metro,1,0,0,1,0,0,0,No
2018,October,27/10/18,13.20.00,Collision with vehicle,Saturday,No,Day,Serious injury accident,80 km/hr,145.3164,-37.97041,Non-Intersection,CASEY,Metro,2,0,2,0,0,0,1,No
2018,October,27/10/18,02.10.00,Collision with vehicle,Friday,No,Dark,Other injury accident,40 km/hr,144.99283,-37.8547,Intersection,STONNINGTON,Metro,2,0,2,0,0,0,1,No
2018,October,27/10/18,15.50.00,Collision with vehicle,Saturday,No,Day,Other injury accident,60 km/hr,145.11439,-37.51613,Non-Intersection,WHITTLESEA,Metro,2,0,1,1,0,0,1,No
2018,October,27/10/18,11.45.00,Collision with object,Saturday,No,Day,Serious injury accident,100 km/hr,147.94267,-37.42454,Non-Intersection,EAST GIPPSLAND,Country,1,0,1,0,0,0,0,No
2018,October,27/10/18,18.05.00,Collision with object,Friday,No,Day,Other injury accident,100 km/hr,143.24361,-38.05595,Non-Intersection,CORANGAMITE,Country,1,0,1,0,0,0,0,No
2018,October,27/10/18,12.50.00,Collision with object,Saturday,No,Day,Fatal accident,100 km/hr,145.43181,-36.04187,Non-Intersection,MOIRA,Country,1,1,1,0,0,0,0,No
2018,October,27/10/18,15.30.00,Collision with object,Saturday,No,Day,Other injury accident,100 km/hr,145.86517,-37.65533,Non-Intersection,YARRA RANGES,Metro,2,0,2,0,1,0,0,No
2018,October,27/10/18,20.02.00,Struck animal,Friday,No,Dusk/Dawn,Other injury accident,80 km/hr,143.73641,-37.21699,Non-Intersection,CENTRAL GOLDFIELDS,Country,1,0,0,1,0,0,0,No
2018,October,27/10/18,21.20.00,Collision with vehicle,Friday,No,Dark,Other injury accident,80 km/hr,145.19102,-38.15221,Intersection,FRANKSTON,Metro,4,0,1,2,2,0,0,No
2018,October,27/10/18,22.15.00,Collision with object,Saturday,No,Unk.,Serious injury accident,50 km/hr,145.0291,-37.69938,Non-Intersection,DAREBIN,Metro,1,0,0,1,0,0,0,No
2018,October,27/10/18,22.30.00,Collision with vehicle,Saturday,No,Dark,Other injury accident,50 km/hr,144.89391,-37.80353,Non-Intersection,MARIBYRNONG,Metro,2,0,2,0,0,0,0,No
2018,October,27/10/18,23.30.00,Collision with object,Friday,No,Dark,Fatal accident,100 km/hr,142.54343,-38.4058,Off Road,WARRNAMBOOL,Country,1,1,1,0,0,0,0,No
2018,October,27/10/18,22.50.00,Collision with vehicle,Saturday,No,Dark,Other injury accident,80 km/hr,145.33563,-38.07453,Intersection,CASEY,Metro,3,0,2,1,1,0,0,No
2018,October,27/10/18,17.15.00,Vehicle overturned,Friday,No,Day,Serious injury accident,100 km/hr,144.12058,-37.83031,Non-Intersection,GOLDEN PLAINS,Country,1,0,1,0,0,0,0,No
2018,October,27/10/18,11.30.00,Vehicle overturned,Saturday,No,Day,Other injury accident,60 km/hr,145.762,-38.41048,Non-Intersection,SOUTH GIPPSLAND,Country,1,0,0,1,0,0,0,No
2018,October,28/10/18,01.12.00,Struck pedestrian,Sunday,No,Dark,Other injury accident,40 km/hr,144.96654,-37.81549,Intersection,MELBOURNE,Metro,3,0,2,1,0,0,0,Yes
2018,October,28/10/18,04.00.00,Collision with vehicle,Sunday,No,Dark,Other injury accident,100 km/hr,144.93581,-37.75212,Non-Intersection,MORELAND,Metro,3,0,2,1,1,0,0,No
2018,October,28/10/18,04.20.00,Collision with object,,No,Dark,Serious injury accident,60 km/hr,144.76259,-38.35408,Intersection,MORNINGTON PENINSULA,Metro,5,0,5,0,4,0,1,Yes
2018,October,28/10/18,11.00.00,Collision with vehicle,,No,Day,Other injury accident,60 km/hr,144.96253,-37.80662,Non-Intersection,MELBOURNE,Metro,3,0,0,3,1,0,0,No
2018,October,28/10/18,12.37.00,Collision with vehicle,Sunday,No,Day,Other injury accident,60 km/hr,145.30821,-38.08619,Non-Intersection,CASEY,Metro,9,0,4,2,5,0,1,No
2018,October,28/10/18,14.40.00,Collision with vehicle,Sunday,No,Day,Serious injury accident,80 km/hr,145.28314,-38.09807,Intersection,CASEY,Metro,2,0,1,1,0,1,1,No
2018,October,28/10/18,14.10.00,Collision with vehicle,,Yes,Day,Other injury accident,40 km/hr,144.99312,-37.86872,Non-Intersection,PORT PHILLIP,Metro,2,0,1,0,0,0,0,No
2018,October,28/10/18,14.20.00,Collision with object,Sunday,No,Day,Serious injury accident,60 km/hr,145.02156,-37.65504,Non-Intersection,WHITTLESEA,Metro,7,0,3,4,5,1,0,No
2018,October,28/10/18,14.30.00,Collision with vehicle,Sunday,No,Day,Serious injury accident,100 km/hr,145.56377,-37.92003,Non-Intersection,CARDINIA,Metro,3,0,1,2,1,0,0,No
2018,October,28/10/18,17.24.00,Struck pedestrian,Sunday,No,Day,Other injury accident,60 km/hr,145.13248,-37.85139,Non-Intersection,WHITEHORSE,Metro,2,0,2,0,0,0,0,No
2018,October,28/10/18,18.10.00,Collision with object,Sunday,No,Day,Other injury accident,50 km/hr,144.93957,-37.69966,Intersection,MORELAND,Metro,1,0,1,0,0,0,0,Yes
2018,October,28/10/18,20.01.00,Collision with vehicle,Sunday,No,Dark,Serious injury accident,60 km/hr,145.02371,-37.65188,Intersection,WHITTLESEA,Metro,5,0,5,0,2,0,1,No
2018,October,28/10/18,18.43.00,Collision with vehicle,,No,Day,Other injury accident,60 km/hr,144.98399,-37.85192,Non-Intersection,STONNINGTON,Metro,4,0,2,2,1,0,2,No
2018,October,28/10/18,21.28.00,Struck pedestrian,Sunday,No,Dark,Other injury accident,60 km/hr,145.02888,-37.80748,Intersection,BOROONDARA,Metro,2,0,2,0,0,0,0,No