year,month,date,time,accident_type,day,hit_run,light_condition,severity,speed_zone,longitude,latitude,node_type,lga,state_div,total_persons,fatality,males,females,passengers,old_driver,young_driver,alcohol
2018,October,28/10/18,22.15.00,Collision with object,Sunday,No,Dark,Other injury accident,100 km/hr,146.13736,-36.02231,Non-Intersection,MOIRA,Country,1,0,1,0,0,0,0,No
2018,October,28/10/18,22.05.00,Collision with object,Sunday,No,Dark,Other injury accident,60 km/hr,145.06453,-37.92186,Non-Intersection,GLEN EIRA,Metro,2,0,0,2,1,0,1,No
2018,October,28/10/18,14.20.00,Collision with vehicle,Sunday,No,Day,Fatal accident,80 km/hr,142.10707,-34.25553,Intersection,MILDURA,Country,2,1,2,0,0,0,0,Yes
2018,October,28/10/18,23.50.00,Collision with vehicle,,No,Dark,Other injury accident,50 km/hr,145.23809,-37.99476,Non-Intersection,CASEY,Metro,3,0,1,2,1,0,0,No
2018,October,28/10/18,17.50.00,No collision and no object struck,Sunday,No,Day,Other injury accident,80 km/hr,145.06935,-37.88478,Non-Intersection,GLEN EIRA,Metro,1,0,1,0,0,0,0,No
2018,October,28/10/18,07.45.00,Collision with vehicle,Sunday,No,Day,Other injury accident,40 km/hr,144.96473,-37.81156,Intersection,MELBOURNE,Metro,2,0,2,0,0,0,0,No
2018,October,28/10/18,16.00.00,Vehicle overturned,Sunday,No,Day,Other injury accident,100 km/hr,141.75744,-36.30049,Non-Intersection,HINDMARSH,Country,1,0,0,1,0,0,1,No
2018,October,28/10/18,15.00.00,No collision and no object struck,Sunday,No,Day,Other injury accident,100 km/hr,147.10094,-36.80123,Non-Intersection,ALPINE,Country,1,0,1,0,0,0,0,No
2018,October,28/10/18,12.20.00,Collision with vehicle,,No,Day,Other injury accident,100 km/hr,145.7115,-36.97712,Non-Intersection,MANSFIELD,Country,2,0,1,1,0,0,0,No
2018,October,28/10/18,17.15.00,Collision with object,,Not known,Day,Other injury accident,100 km/hr,144.54447,-36.62025,Non-Intersection,BENDIGO,Country,2,0,0,1,0,0,0,No
2018,October,28/10/18,10.30.00,Vehicle overturned,,No,Day,Other injury accident,60 km/hr,146.02169,-37.52534,Non-Intersection,MURRINDINDI,Country,1,0,1,0,0,0,0,No
2018,October,29/10/18,12.00.00,No collision and no object struck,Monday,No,Day,Other injury accident,60 km/hr,145.37595,-37.75152,Intersection,YARRA RANGES,Metro,2,0,0,2,0,0,0,No
2018,October,29/10/18,20.30.00,Collision with vehicle,Sunday,No,Dark,Other injury accident,60 km/hr,144.99259,-37.90738,Intersection,BAYSIDE,Metro,2,0,1,1,0,0,0,No
2018,October,29/10/18,05.25.00,Struck pedestrian,Monday,No,Dark,Serious injury accident,60 km/hr,145.00391,-37.81905,Non-Intersection,YARRA RANGES,Metro,2,0,2,0,0,0,0,No
2018,October,29/10/18,06.30.00,Collision with vehicle,Monday,No,Day,Other injury accident,60 km/hr,144.83583,-37.7853,Non-Intersection,BRIMBANK,Metro,1,0,1,0,0,0,0,No
2018,October,29/10/18,09.10.00,Collision with vehicle,Monday,No,Day,Serious injury accident,90 km/hr,145.48691,-38.10759,Non-Intersection,CARDINIA,Metro,2,0,2,0,0,0,0,No
2018,October,29/10/18,08.00.00,Collision with object,Sunday,No,Day,Serious injury accident,100 km/hr,146.20348,-36.1279,Non-Intersection,MOIRA,Country,1,0,1,0,0,1,0,No
2018,October,29/10/18,09.36.00,Collision with vehicle,Monday,No,Day,Other injury accident,60 km/hr,145.47444,-38.07529,Intersection,CARDINIA,Metro,2,0,1,1,0,1,0,No
2018,October,29/10/18,11.15.00,Collision with vehicle,Monday,No,Day,Other injury accident,40 km/hr,144.96002,-37.81961,Intersection,MELBOURNE,Metro,2,0,0,2,0,0,0,No
2018,October,29/10/18,07.55.00,Collision with object,Monday,Not known,Day,Serious injury accident,60 km/hr,145.16006,-37.79918,Non-Intersection,MANNINGHAM,Metro,1,0,0,1,0,0,0,No
2018,October,29/10/18,13.30.00,Collision with vehicle,Monday,No,Day,Serious injury accident,60 km/hr,144.31728,-38.33746,Non-Intersection,SURF COAST,Country,2,0,1,0,0,0,1,No
2018,October,29/10/18,13.00.00,Struck pedestrian,Sunday,Yes,Day,Other injury accident,50 km/hr,144.8319,-37.78578,Non-Intersection,BRIMBANK,Metro,2,0,0,1,0,0,0,No
2018,October,29/10/18,13.30.00,Collision with vehicle,Sunday,No,Day,Other injury accident,70 km/hr,145.04309,-37.71709,Intersection,DAREBIN,Metro,2,0,2,0,0,0,1,No
2018,October,29/10/18,08.34.00,Collision with vehicle,Monday,No,Day,Other injury accident,60 km/hr,145.25408,-37.82582,Non-Intersection,MAROONDAH,Metro,3,0,1,2,0,0,1,No
2018,October,29/10/18,13.02.00,Collision with vehicle,Sunday,No,Day,Other injury accident,80 km/hr,144.69541,-37.92613,Non-Intersection,WYNDHAM,Metro,5,0,2,3,3,1,0,No
2018,October,29/10/18,14.30.00,Collision with vehicle,Monday,No,Day,Serious injury accident,60 km/hr,145.82837,-38.43942,Intersection,SOUTH GIPPSLAND,Country,2,0,2,0,0,0,0,No
2018,October,29/10/18,16.17.00,Collision with vehicle,Monday,No,Day,Other injury accident,40 km/hr,145.00106,-37.75581,Non-Intersection,DAREBIN,Metro,2,0,1,1,0,0,0,No
2018,October,29/10/18,05.30.00,Collision with object,Sunday,No,Dark,Other injury accident,100 km/hr,144.29024,-37.28154,Non-Intersection,HEPBURN,Country,1,0,1,0,0,0,0,No
2018,October,29/10/18,13.35.00,Collision with vehicle,Monday,No,Day,Other injury accident,60 km/hr,145.12231,-37.91135,Intersection,MONASH,Metro,2,0,1,1,0,1,0,No
2018,October,29/10/18,15.07.00,Vehicle overturned,Monday,No,Day,Other injury accident,100 km/hr,145.22744,-38.13916,Non-Intersection,CASEY,Metro,3,0,2,1,1,0,0,No
2018,October,29/10/18,14.40.00,Struck pedestrian,Monday,No,Day,Serious injury accident,80 km/hr,145.0907,-37.8806,Non-Intersection,MONASH,Metro,2,0,1,1,0,0,0,No
2018,October,29/10/18,15.30.00,Collision with vehicle,Monday,No,Day,Serious injury accident,40 km/hr,144.9595,-37.80629,Intersection,MELBOURNE,Metro,2,0,2,0,0,0,0,No
2018,October,29/10/18,17.31.00,Collision with object,Monday,No,Day,Serious injury accident,100 km/hr,145.06992,-38.40365,Non-Intersection,MORNINGTON PENINSULA,Metro,1,0,1,0,0,0,0,No
2018,October,29/10/18,17.13.00,Collision with vehicle,Monday,No,Day,Other injury accident,100 km/hr,144.90989,-37.69384,Non-Intersection,HUME,Metro,2,0,1,1,0,0,0,No
2018,October,29/10/18,18.40.00,Collision with object,Monday,No,Day,Other injury accident,80 km/hr,145.326,-38.1247,Non-Intersection,CASEY,Metro,2,0,1,1,0,0,0,No
2018,October,29/10/18,14.10.00,Collision with vehicle,Monday,No,Day,Serious injury accident,60 km/hr,144.33037,-38.116,Intersection,GEELONG,Country,3,0,1,2,1,0,0,No
2018,October,29/10/18,15.55.00,Collision with vehicle,Monday,No,Day,Other injury accident,80 km/hr,143.70624,-37.51137,Intersection,BALLARAT,Country,2,0,2,0,0,0,0,No
2018,October,29/10/18,18.59.00,Collision with vehicle,Monday,No,Day,Other injury accident,80 km/hr,144.82279,-37.82507,Non-Intersection,HOBSONS BAY,Metro,4,0,2,2,1,0,1,No
2018,October,29/10/18,18.00.00,Collision with vehicle,Sunday,No,Day,Other injury accident,60 km/hr,144.46286,-37.68529,Intersection,MOORABOOL,Country,3,0,1,2,1,0,0,No
2018,October,29/10/18,15.20.00,Collision with vehicle,Monday,No,Day,Other injury accident,50 km/hr,144.89472,-37.72395,Intersection,MOONEE VALLEY,Metro,3,0,2,1,1,0,0,No
2018,October,29/10/18,15.44.00,Collision with vehicle,Monday,No,Day,Fatal accident,70 km/hr,144.82069,-37.82045,Non-Intersection,WYNDHAM,Metro,2,1,2,0,0,0,0,No
2018,October,29/10/18,18.10.00,Collision with vehicle,Sunday,No,Day,Serious injury accident,60 km/hr,144.93351,-37.5981,Non-Intersection,HUME,Metro,3,0,1,2,1,0,0,No
2018,October,29/10/18,14.53.00,Struck pedestrian,Monday,No,Day,Other injury accident,40 km/hr,144.96518,-37.81255,Intersection,MELBOURNE,Metro,2,0,1,1,0,0,0,No
2018,October,29/10/18,14.00.00,Struck pedestrian,Monday,No,Day,Other injury accident,50 km/hr,144.98437,-37.79529,Non-Intersection,YARRA RANGES,Metro,3,0,1,2,1,0,1,No
2018,October,29/10/18,20.48.00,Collision with vehicle,Monday,No,Dark,Other injury accident,60 km/hr,145.26788,-38.03223,Intersection,CASEY,Metro,5,0,2,3,3,0,1,No
2018,October,29/10/18,17.10.00,Collision with vehicle,Sunday,No,Day,Other injury accident,60 km/hr,145.28702,-37.86272,Intersection,KNOX,Metro,2,0,1,1,0,0,0,No
2018,October,29/10/18,17.00.00,Collision with vehicle,Monday,No,Day,Other injury accident,60 km/hr,144.97833,-37.80983,Intersection,MELBOURNE,Metro,2,0,2,0,0,0,1,No
2018,October,29/10/18,10.30.00,Collision with vehicle,Monday,No,Day,Other injury accident,40 km/hr,145.00064,-37.81057,Intersection,YARRA RANGES,Metro,2,0,0,1,0,0,0,No
2018,October,30/10/18,07.00.00,Collision with vehicle,Tuesday,No,Day,Other injury accident,60 km/hr,145.14821,-37.87329,Non-Intersection,MONASH,Metro,2,0,2,0,0,0,0,No
2018,October,30/10/18,04.40.00,Collision with object,Monday,No,Dark,Serious injury accident,100 km/hr,144.61524,-37.93678,Non-Intersection,WYNDHAM,Metro,1,0,1,0,0,0,0,No
2018,October,30/10/18,07.45.00,Collision with vehicle,Tuesday,No,Day,Other injury accident,50 km/hr,144.95127,-37.80112,Non-Intersection,MELBOURNE,Metro,2,0,1,1,0,0,0,No
2018,October,30/10/18,07.20.00,Collision with vehicle,Tuesday,No,Day,Other injury accident,60 km/hr,145.17399,-38.00115,Non-Intersection,DANDENONG,Metro,3,0,3,0,0,0,0,No
2018,October,30/10/18,08.57.00,Collision with vehicle,Tuesday,No,Day,Other injury accident,80 km/hr,144.88197,-37.63205,Non-Intersection,HUME,Metro,4,0,0,4,0,0,2,No
2018,October,30/10/18,10.20.00,Collision with vehicle,Tuesday,No,Day,Other injury accident,40 km/hr,145.00329,-37.7426,Intersection,DAREBIN,Metro,2,0,2,0,0,0,0,No
2018,October,30/10/18,09.25.00,Struck pedestrian,Tuesday,No,Day,Other injury accident,70 km/hr,145.05393,-37.90567,Non-Intersection,GLEN EIRA,Metro,3,0,1,2,0,0,0,No
2018,October,30/10/18,06.45.00,Struck pedestrian,Tuesday,No,Dusk/Dawn,Serious injury accident,100 km/hr,146.38211,-38.16135,Non-Intersection,LATROBE,Country,5,0,4,1,0,0,3,No
2018,October,30/10/18,12.27.00,Collision with vehicle,Tuesday,No,Day,Other injury accident,60 km/hr,145.10454,-37.75609,Non-Intersection,MANNINGHAM,Metro,2,0,1,1,0,0,1,No
2018,October,30/10/18,11.30.00,No collision and no object struck,Tuesday,No,Day,Serious injury accident,100 km/hr,147.89598,-37.57592,Non-Intersection,EAST GIPPSLAND,Country,2,0,2,0,0,0,1,No
2018,October,30/10/18,14.05.00,Collision with object,Tuesday,No,Day,Other injury accident,80 km/hr,145.23515,-37.90221,Non-Intersection,KNOX,Metro,2,0,2,0,1,0,0,No
2018,October,30/10/18,15.50.00,Collision with vehicle,Tuesday,No,Day,Other injury accident,80 km/hr,145.16479,-37.88524,Intersection,MONASH,Metro,3,0,3,0,1,0,1,No
2018,October,30/10/18,12.00.00,Vehicle overturned,Tuesday,No,Day,Serious injury accident,100 km/hr,147.44473,-36.75252,Non-Intersection,TOWONG,Country,1,0,1,0,0,0,0,No
2018,October,30/10/18,16.20.00,Collision with vehicle,Monday,No,Day,Other injury accident,40 km/hr,145.04366,-37.94895,Intersection,KINGSTON,Metro,2,0,2,0,0,0,0,No
2018,October,30/10/18,15.30.00,Collision with vehicle,Tuesday,No,Day,Other injury accident,70 km/hr,144.83337,-37.77766,Intersection,BRIMBANK,Metro,5,0,3,2,2,0,0,No
2018,October,30/10/18,17.55.00,Collision with vehicle,Monday,No,Day,Other injury accident,100 km/hr,144.28827,-37.28291,Intersection,HEPBURN,Country,2,0,2,0,0,0,0,No
2018,October,30/10/18,17.55.00,Collision with vehicle,Tuesday,No,Day,Other injury accident,80 km/hr,145.14363,-38.18672,Intersection,FRANKSTON,Metro,2,0,1,1,0,0,1,No
2018,October,30/10/18,17.35.00,Collision with vehicle,Tuesday,No,Day,Serious injury accident,80 km/hr,145.15726,-37.92545,Intersection,MONASH,Metro,3,0,2,1,1,0,1,No
2018,October,30/10/18,18.00.00,Vehicle overturned,Tuesday,No,Day,Serious injury accident,110 km/hr,145.60345,-36.7338,Non-Intersection,STRATHBOGIE,Country,2,0,2,0,1,0,1,Yes
2018,October,30/10/18,18.16.00,Collision with vehicle,Monday,Yes,Day,Serious injury accident,50 km/hr,144.79945,-37.73444,Intersection,BRIMBANK,Metro,2,0,1,1,0,0,0,No
2018,October,30/10/18,17.43.00,Collision with object,Tuesday,No,Day,Other injury accident,100 km/hr,144.94871,-37.41159,Non-Intersection,MITCHELL,Country,1,0,1,0,0,0,1,No
2018,October,30/10/18,14.10.00,Collision with object,Tuesday,No,Day,Serious injury accident,100 km/hr,141.23982,-37.02238,Non-Intersection,WEST WIMMERA,Country,1,0,0,1,0,1,0,No
2018,October,30/10/18,16.45.00,Collision with vehicle,Monday,No,Day,Serious injury accident,60 km/hr,145.07897,-37.95344,Non-Intersection,KINGSTON,Metro,2,0,2,0,0,0,1,No
2018,October,30/10/18,17.00.00,Collision with vehicle,Tuesday,No,Unk.,Other injury accident,80 km/hr,144.93563,-37.75218,Non-Intersection,MORELAND,Metro,2,0,1,1,0,0,0,No
2018,October,30/10/18,12.00.00,Collision with object,Tuesday,No,Day,Serious injury accident,80 km/hr,145.78289,-37.87805,Non-Intersection,YARRA RANGES,Metro,1,0,1,0,0,0,0,No
2018,October,30/10/18,15.10.00,Vehicle overturned,Tuesday,No,Day,Other injury accident,100 km/hr,146.44401,-37.86464,Off Road,BAW BAW,Country,1,0,1,0,0,0,0,No
2018,October,30/10/18,14.00.00,Collision with vehicle,Tuesday,No,Day,Other injury accident,60 km/hr,144.97583,-37.79242,Non-Intersection,YARRA RANGES,Metro,2,0,0,1,0,0,0,No
2018,October,30/10/18,16.39.00,Collision with vehicle,Monday,No,Day,Other injury accident,80 km/hr,145.23566,-37.91464,Intersection,KNOX,Metro,2,0,1,1,0,0,0,No
2018,October,31/10/18,17.15.00,Collision with vehicle,Wednesday,No,Day,Other injury accident,40 km/hr,144.95934,-37.81203,Intersection,MELBOURNE,Metro,2,0,2,0,0,0,0,No
2018,October,31/10/18,07.20.00,Collision with vehicle,Wednesday,No,Day,Serious injury accident,80 km/hr,145.18362,-38.29252,Intersection,MORNINGTON PENINSULA,Metro,2,0,2,0,0,0,0,No
2018,October,31/10/18,06.20.00,Collision with vehicle,Tuesday,No,Day,Other injury accident,50 km/hr,144.74868,-36.12468,Non-Intersection,CAMPASPE,Country,2,0,2,0,0,0,0,No
2018,October,31/10/18,09.31.00,Collision with vehicle,Wednesday,No,Day,Other injury accident,100 km/hr,143.67803,-37.46061,Intersection,BALLARAT,Country,3,0,2,1,1,1,0,No
2018,October,31/10/18,10.35.00,Collision with vehicle,Wednesday,No,Day,Other injury accident,60 km/hr,144.78867,-37.75753,Intersection,BRIMBANK,Metro,3,0,0,2,1,0,1,No
2018,October,31/10/18,11.30.00,Collision with vehicle,Wednesday,No,Day,Serious injury accident,50 km/hr,143.58556,-38.34093,Non-Intersection,COLAC OTWAY,Country,4,0,1,3,0,2,0,No
2018,October,31/10/18,12.15.00,Collision with vehicle,Tuesday,No,Day,Other injury accident,80 km/hr,146.92815,-36.14772,Intersection,WODONGA,Country,3,0,0,3,1,0,0,No
2018,October,31/10/18,12.50.00,Struck pedestrian,Wednesday,No,Day,Serious injury accident,50 km/hr,145.09233,-37.89903,Intersection,MONASH,Metro,2,0,1,1,0,1,0,No
2018,October,31/10/18,12.50.00,Vehicle overturned,Tuesday,No,Day,Serious injury accident,80 km/hr,147.08924,-36.71958,Non-Intersection,ALPINE,Country,1,0,1,0,0,0,0,No
2018,October,31/10/18,11.45.00,Struck pedestrian,Wednesday,No,Day,Other injury accident,40 km/hr,144.97171,-37.81175,Non-Intersection,MELBOURNE,Metro,2,0,2,0,0,0,0,No
2018,October,31/10/18,13.50.00,Collision with vehicle,Wednesday,No,Day,Other injury accident,60 km/hr,144.92232,-37.77239,Non-Intersection,MOONEE VALLEY,Metro,4,0,3,1,2,0,0,No
2018,October,31/10/18,14.00.00,Collision with vehicle,Tuesday,No,Day,Other injury accident,60 km/hr,144.78066,-37.71604,Non-Intersection,BRIMBANK,Metro,3,0,2,1,1,0,0,No
2018,October,31/10/18,10.15.00,Collision with vehicle,Tuesday,No,Day,Other injury accident,40 km/hr,144.96189,-37.76843,Non-Intersection,MORELAND,Metro,2,0,2,0,0,0,0,No
2018,October,31/10/18,13.47.00,Collision with vehicle,Tuesday,No,Day,Other injury accident,50 km/hr,143.57221,-38.36655,Intersection,COLAC OTWAY,Country,2,0,1,1,0,0,1,No
2018,October,31/10/18,14.45.00,Collision with vehicle,Wednesday,No,Day,Fatal accident,80 km/hr,144.95242,-37.64941,Non-Intersection,HUME,Metro,5,1,5,0,1,0,1,No
2018,October,31/10/18,14.30.00,Collision with object,Wednesday,No,Day,Serious injury accident,100 km/hr,148.16344,-37.51631,Intersection,EAST GIPPSLAND,Country,1,0,1,0,0,1,0,No
2018,October,31/10/18,15.50.00,Collision with vehicle,Wednesday,No,Day,Other injury accident,60 km/hr,144.95316,-37.80133,Intersection,MELBOURNE,Metro,2,0,1,1,0,0,1,No
2018,October,31/10/18,17.00.00,Collision with vehicle,Wednesday,Yes,Day,Other injury accident,70 km/hr,145.17668,-37.81418,Intersection,WHITEHORSE,Metro,2,0,2,0,0,0,0,No
2018,October,31/10/18,17.35.00,Struck pedestrian,Wednesday,No,Day,Serious injury accident,70 km/hr,144.77288,-37.78299,Intersection,BRIMBANK,Metro,2,0,2,0,0,0,0,No
2018,October,31/10/18,16.20.00,Collision with vehicle,Tuesday,Yes,Day,Other injury accident,50 km/hr,145.01184,-37.62132,Intersection,WHITTLESEA,Metro,2,0,1,1,0,0,0,No
2018,October,31/10/18,16.22.00,Collision with vehicle,Wednesday,No,Day,Other injury accident,60 km/hr,144.99607,-37.89643,Intersection,BAYSIDE,Metro,2,0,0,2,0,0,1,No
2018,October,31/10/18,17.44.00,Collision with vehicle,Wednesday,No,Day,Other injury accident,80 km/hr,145.14591,-37.98361,Intersection,DANDENONG,Metro,3,0,1,2,0,0,0,No
2018,October,31/10/18,20.48.00,Collision with vehicle,Wednesday,No,Dark,Other injury accident,110 km/hr,145.20101,-36.70636,Non-Intersection,STRATHBOGIE,Country,2,0,2,0,0,0,0,No
2018,October,31/10/18,20.15.00,Struck pedestrian,Tuesday,No,Dark,Other injury accident,60 km/hr,145.0442,-37.90448,Intersection,GLEN EIRA,Metro,2,0,0,2,0,0,0,No
2018,October,31/10/18,16.23.00,Collision with vehicle,Tuesday,No,Day,Other injury accident,100 km/hr,145.13985,-37.79804,Non-Intersection,WHITEHORSE,Metro,2,0,2,0,0,0,1,No
2018,October,31/10/18,18.41.00,Collision with vehicle,Wednesday,No,Day,Serious injury accident,70 km/hr,145.0784,-37.78242,Non-Intersection,BOROONDARA,Metro,2,0,2,0,0,1,1,No
2018,October,31/10/18,22.00.00,Collision with object,Tuesday,No,Dark,Other injury accident,60 km/hr,144.83651,-37.79662,Non-Intersection,BRIMBANK,Metro,2,0,1,0,0,0,0,No
2018,October,31/10/18,22.53.00,Collision with object,Wednesday,No,Dark,Serious injury accident,60 km/hr,145.2219,-37.97904,Non-Intersection,DANDENONG,Metro,2,0,2,0,1,0,1,No
2018,October,31/10/18,15.20.00,Struck pedestrian,Wednesday,No,Day,Serious injury accident,50 km/hr,144.90928,-37.57151,Intersection,HUME,Metro,2,0,2,0,0,0,0,No
2018,October,31/10/18,13.16.00,Struck pedestrian,Tuesday,No,Day,Other injury accident,50 km/hr,145.0569,-37.76059,Non-Intersection,BANYULE,Metro,2,0,0,2,0,1,0,No
2018,October,31/10/18,17.30.00,Collision with vehicle,Tuesday,No,Day,Other injury accident,100 km/hr,145.30557,-38.01495,Intersection,CASEY,Metro,2,0,1,1,0,0,1,No
2018,October,31/10/18,15.15.00,Collision with object,Wednesday,No,Day,Serious injury accident,100 km/hr,143.6553,-37.7028,Non-Intersection,GOLDEN PLAINS,Country,1,0,0,1,0,0,0,No
2018,October,31/10/18,20.02.00,Collision with vehicle,Tuesday,No,Dark,Other injury accident,60 km/hr,144.92331,-37.70413,Non-Intersection,MORELAND,Metro,3,0,2,1,1,0,1,No
2018,October,31/10/18,19.50.00,No collision and no object struck,Wednesday,No,Dusk/Dawn,Other injury accident,70 km/hr,144.45159,-37.97049,Non-Intersection,GEELONG,Country,1,0,1,0,0,0,0,No
2018,October,31/10/18,18.12.00,Collision with object,Wednesday,No,Day,Serious injury accident,60 km/hr,143.86882,-37.60533,Non-Intersection,BALLARAT,Country,1,0,1,0,0,0,1,No
2018,October,31/10/18,15.15.00,Collision with object,Wednesday,No,Day,Other injury accident,100 km/hr,142.7591,-36.55956,Non-Intersection,NORTHERN GRAMPIANS,Country,1,0,0,1,0,0,0,No
2018,October,31/10/18,17.00.00,Collision with vehicle,Wednesday,Yes,Day,Serious injury accident,40 km/hr,145.1913,-37.63747,Non-Intersection,NILLUMBIK,Metro,2,0,1,0,0,0,0,No
2018,November,1/11/18,11.55.00,Vehicle overturned,Thursday,No,Day,Serious injury accident,100 km/hr,144.82366,-37.75675,Non-Intersection,BRIMBANK,Metro,1,0,1,0,0,0,0,No
2018,November,1/11/18,12.35.00,Vehicle overturned,Wednesday,No,Day,Other injury accident,100 km/hr,144.697,-36.89572,Non-Intersection,BENDIGO,Country,1,0,1,0,0,0,0,No
2018,November,1/11/18,15.29.00,Collision with vehicle,Thursday,No,Day,Serious injury accident,60 km/hr,145.0477,-37.83032,Intersection,BOROONDARA,Metro,3,0,3,0,1,0,1,No
2018,November,1/11/18,19.00.00,Collision with object,Thursday,No,Dusk/Dawn,Other injury accident,80 km/hr,145.24338,-38.10819,Non-Intersection,CASEY,Metro,2,0,1,1,0,0,0,No
2018,November,1/11/18,01.30.00,Collision with vehicle,Thursday,No,Dark,Other injury accident,60 km/hr,144.99114,-37.81095,Intersection,MELBOURNE,Metro,2,0,2,0,0,0,1,No
2018,November,1/11/18,14.00.00,Collision with vehicle,Thursday,No,Day,Other injury accident,40 km/hr,144.9981,-37.80605,Non-Intersection,YARRA RANGES,Metro,2,0,1,0,0,0,0,No
2018,November,1/11/18,13.00.00,Collision with vehicle,Wednesday,No,Day,Other injury accident,60 km/hr,145.046,-37.94912,Intersection,KINGSTON,Metro,2,0,2,0,0,0,0,No
2018,November,1/11/18,08.15.00,Collision with vehicle,Thursday,No,Day,Other injury accident,60 km/hr,144.98704,-37.84595,Intersection,STONNINGTON,Metro,3,0,2,0,1,0,1,No
2018,November,1/11/18,08.10.00,Collision with object,Thursday,No,Day,Other injury accident,60 km/hr,143.89404,-37.56701,Intersection,BALLARAT,Country,1,0,1,0,0,0,0,No
2018,November,1/11/18,09.35.00,Collision with vehicle,Thursday,No,Day,Other injury accident,60 km/hr,144.56744,-37.68815,Intersection,MELTON,Metro,2,0,1,1,0,0,0,No
2018,November,1/11/18,12.20.00,Collision with vehicle,Wednesday,No,Day,Serious injury accident,50 km/hr,142.19625,-36.7104,Intersection,HORSHAM,Country,6,0,2,3,4,1,0,No
2018,November,1/11/18,15.55.00,Collision with vehicle,Thursday,No,Day,Other injury accident,100 km/hr,144.61686,-36.19883,Intersection,CAMPASPE,Country,2,0,2,0,0,0,1,No
2018,November,1/11/18,15.35.00,Struck pedestrian,Thursday,No,Day,Serious injury accident,60 km/hr,145.06913,-37.68184,Intersection,WHITTLESEA,Metro,3,0,2,0,1,0,0,No
2018,November,1/11/18,14.15.00,No collision and no object struck,Thursday,No,Day,Other injury accident,80 km/hr,143.93983,-37.56276,Non-Intersection,BALLARAT,Country,1,0,1,0,0,0,0,No
2018,November,1/11/18,14.30.00,Vehicle overturned,Wednesday,No,Day,Serious injury accident,100 km/hr,145.15137,-37.31203,Non-Intersection,MITCHELL,Country,2,0,0,2,1,0,0,No
2018,November,1/11/18,14.00.00,Collision with vehicle,Thursday,No,Day,Other injury accident,50 km/hr,145.05435,-37.84375,Intersection,BOROONDARA,Metro,2,0,2,0,0,0,1,No
2018,November,1/11/18,19.09.00,Collision with vehicle,Thursday,No,Day,Other injury accident,40 km/hr,144.97075,-37.8125,Non-Intersection,MELBOURNE,Metro,4,0,3,1,2,0,0,No
2018,November,1/11/18,15.20.00,Collision with vehicle,Thursday,No,Day,Other injury accident,50 km/hr,145.64973,-35.91505,Non-Intersection,MOIRA,Country,2,0,2,0,0,0,0,No
2018,November,1/11/18,20.23.00,Struck pedestrian,Thursday,No,Dark,Serious injury accident,60 km/hr,145.17667,-38.30773,Non-Intersection,MORNINGTON PENINSULA,Metro,2,0,2,0,0,1,0,No
2018,November,1/11/18,21.45.00,Collision with vehicle,Thursday,No,Dark,Other injury accident,100 km/hr,144.91976,-37.69465,Non-Intersection,MORELAND,Metro,3,0,2,1,1,0,0,No
2018,November,1/11/18,15.30.00,Collision with vehicle,Wednesday,No,Day,Other injury accident,50 km/hr,146.98591,-37.96875,Intersection,WELLINGTON,Country,4,0,2,2,2,0,0,No
2018,November,1/11/18,23.30.00,Collision with vehicle,Thursday,No,Dark,Other injury accident,70 km/hr,144.34064,-38.20495,Intersection,GEELONG,Country,3,0,0,3,1,0,0,No
2018,November,1/11/18,16.30.00,Struck pedestrian,Thursday,No,Day,Other injury accident,50 km/hr,145.14616,-37.71901,Intersection,NILLUMBIK,Metro,3,0,2,1,0,0,1,No
2018,November,2/11/18,06.30.00,Collision with object,Friday,No,Day,Serious injury accident,100 km/hr,145.63229,-38.06966,Non-Intersection,CARDINIA,Metro,1,0,1,0,0,0,1,No
2018,November,2/11/18,07.57.00,Collision with object,Friday,No,Day,Serious injury accident,110 km/hr,144.22183,-36.9215,Intersection,BENDIGO,Country,1,0,0,1,0,0,0,No
2018,November,2/11/18,08.35.00,Collision with vehicle,Friday,No,Day,Other injury accident,60 km/hr,145.025,-37.73227,Intersection,DAREBIN,Metro,3,0,1,2,0,0,1,No
2018,November,2/11/18,09.27.00,Collision with vehicle,Friday,No,Day,Other injury accident,80 km/hr,145.25766,-37.87639,Intersection,KNOX,Metro,2,0,0,2,0,0,0,No
2018,November,2/11/18,09.30.00,Collision with vehicle,Friday,No,Day,Other injury accident,70 km/hr,144.31868,-36.75963,Non-Intersection,BENDIGO,Country,3,0,2,0,0,0,0,No
2018,November,2/11/18,10.10.00,Vehicle overturned,Friday,No,Day,Other injury accident,110 km/hr,145.02243,-37.34043,Non-Intersection,MITCHELL,Country,1,0,1,0,0,0,0,No
2018,November,2/11/18,07.10.00,Collision with vehicle,Friday,No,Day,Serious injury accident,80 km/hr,145.31857,-38.15991,Intersection,CASEY,Metro,2,0,1,1,0,0,1,No
2018,November,2/11/18,10.30.00,Collision with object,Friday,No,Day,Other injury accident,60 km/hr,145.26033,-37.66816,Non-Intersection,NILLUMBIK,Metro,1,0,0,1,0,0,0,No