year,month,date,time,accident_type,day,hit_run,light_condition,severity,speed_zone,longitude,latitude,node_type,lga,state_div,total_persons,fatality,males,females,passengers,old_driver,young_driver,alcohol
2018,November,2/11/18,06.50.00,Collision with vehicle,Friday,No,Day,Fatal accident,80 km/hr,145.48317,-38.07182,Non-Intersection,CARDINIA,Metro,3,1,1,2,1,0,1,No
2018,November,2/11/18,11.50.00,Collision with vehicle,Thursday,No,Day,Other injury accident,70 km/hr,145.04493,-38.22965,Intersection,MORNINGTON PENINSULA,Metro,5,0,5,0,3,0,0,No
2018,November,2/11/18,13.50.00,Collision with object,Friday,No,Day,Serious injury accident,60 km/hr,145.07413,-37.92306,Non-Intersection,GLEN EIRA,Metro,2,0,1,1,1,1,0,No
2018,November,2/11/18,09.15.00,Collision with object,Friday,No,Day,Other injury accident,60 km/hr,144.05428,-35.59778,Non-Intersection,GANNAWARRA,Country,1,0,0,1,0,0,0,No
2018,November,2/11/18,09.00.00,Collision with vehicle,Friday,No,Day,Serious injury accident,100 km/hr,146.43124,-36.38757,Non-Intersection,WANGARATTA,Country,5,0,4,1,2,0,1,No
2018,November,2/11/18,15.10.00,Collision with vehicle,Friday,No,Day,Other injury accident,60 km/hr,146.86623,-36.12698,Intersection,WODONGA,Country,3,0,0,3,0,0,1,No
2018,November,2/11/18,15.34.00,Collision with vehicle,Friday,No,Day,Other injury accident,50 km/hr,144.99051,-37.76414,Non-Intersection,DAREBIN,Metro,1,0,0,1,0,0,0,No
2018,November,2/11/18,15.58.00,Struck pedestrian,Thursday,No,Day,Other injury accident,60 km/hr,145.10692,-37.70327,Non-Intersection,BANYULE,Metro,2,0,1,1,0,0,0,No
2018,November,2/11/18,15.50.00,Collision with vehicle,Thursday,No,Day,Other injury accident,60 km/hr,144.91456,-37.58174,Non-Intersection,HUME,Metro,4,0,1,3,0,0,2,No
2018,November,2/11/18,16.07.00,Struck pedestrian,Friday,No,Day,Other injury accident,50 km/hr,144.5833,-37.68451,Intersection,MELTON,Metro,3,0,2,1,1,1,0,No
2018,November,2/11/18,17.52.00,Collision with vehicle,Friday,No,Day,Serious injury accident,80 km/hr,145.27765,-38.0849,Non-Intersection,CASEY,Metro,2,0,1,1,0,0,1,Yes
2018,November,2/11/18,15.10.00,Collision with object,Friday,No,Day,Other injury accident,50 km/hr,145.22074,-37.88226,Non-Intersection,KNOX,Metro,1,0,0,1,0,0,0,No
2018,November,2/11/18,17.45.00,Collision with vehicle,Friday,No,Day,Other injury accident,80 km/hr,144.808,-37.81018,Non-Intersection,BRIMBANK,Metro,2,0,0,1,0,0,0,No
2018,November,2/11/18,15.22.00,Collision with vehicle,Friday,No,Day,Other injury accident,80 km/hr,145.28252,-38.10176,Intersection,CASEY,Metro,4,0,2,2,1,0,1,No
2018,November,2/11/18,19.25.00,Collision with object,Friday,No,Day,Serious injury accident,100 km/hr,145.84574,-36.32213,Non-Intersection,BENALLA,Country,2,0,2,0,1,0,1,No
2018,November,2/11/18,20.11.00,Collision with object,Thursday,No,Dark,Serious injury accident,50 km/hr,145.10019,-37.86195,Non-Intersection,MONASH,Metro,1,0,1,0,0,0,0,No
2018,November,2/11/18,19.00.00,Collision with vehicle,Thursday,No,Day,Other injury accident,80 km/hr,144.85954,-37.82461,Non-Intersection,HOBSONS BAY,Metro,2,0,2,0,0,0,0,No
2018,November,2/11/18,18.10.00,Collision with vehicle,Friday,No,Day,Other injury accident,50 km/hr,144.81029,-37.85866,Non-Intersection,HOBSONS BAY,Metro,2,0,2,0,0,0,0,No
2018,November,2/11/18,19.25.00,Collision with object,Friday,No,Unk.,Serious injury accident,100 km/hr,146.41658,-37.96855,Non-Intersection,BAW BAW,Country,1,0,1,0,0,0,1,Yes
2018,November,2/11/18,23.15.00,Collision with vehicle,Friday,No,Dark,Serious injury accident,100 km/hr,145.2466,-38.02739,Non-Intersection,DANDENONG,Metro,2,0,1,1,0,0,1,No
2018,November,2/11/18,21.48.00,Collision with vehicle,Friday,No,Dark,Fatal accident,100 km/hr,146.25007,-36.07535,Non-Intersection,INDIGO,Country,6,2,5,1,4,0,0,No
2018,November,2/11/18,11.15.00,Collision with object,Friday,No,Day,Other injury accident,100 km/hr,147.05077,-36.53383,Non-Intersection,ALPINE,Country,1,0,0,1,0,1,0,No
2018,November,2/11/18,16.50.00,Vehicle overturned,Friday,No,Day,Other injury accident,60 km/hr,144.88101,-37.82573,Non-Intersection,HOBSONS BAY,Metro,1,0,1,0,0,0,0,No
2018,November,2/11/18,03.02.00,Vehicle overturned,Friday,No,Dark,Serious injury accident,40 km/hr,144.99362,-37.79523,Non-Intersection,YARRA RANGES,Metro,2,0,1,0,0,0,0,Yes
2018,November,2/11/18,11.00.00,Struck pedestrian,Thursday,No,Day,Other injury accident,40 km/hr,145.93189,-38.16104,Non-Intersection,BAW BAW,Country,2,0,0,1,0,0,0,No
2018,November,2/11/18,17.30.00,Collision with vehicle,Thursday,No,Day,Other injury accident,60 km/hr,145.01413,-37.84171,Non-Intersection,STONNINGTON,Metro,3,0,0,3,1,0,1,No
2018,November,3/11/18,00.09.00,Collision with vehicle,Saturday,No,Dark,Serious injury accident,50 km/hr,144.96823,-37.81917,Non-Intersection,MELBOURNE,Metro,2,0,2,0,0,0,0,No
2018,November,3/11/18,03.00.00,Collision with object,Friday,Yes,Dark,Serious injury accident,60 km/hr,145.05813,-37.70002,Intersection,DAREBIN,Metro,3,0,2,0,1,0,0,No
2018,November,3/11/18,06.30.00,Collision with vehicle,Saturday,No,Dusk/Dawn,Serious injury accident,100 km/hr,145.84564,-38.55189,Non-Intersection,SOUTH GIPPSLAND,Country,3,0,3,0,1,0,0,No
2018,November,3/11/18,17.55.00,Collision with vehicle,Saturday,No,Day,Other injury accident,70 km/hr,144.98256,-37.85639,Non-Intersection,PORT PHILLIP,Metro,2,0,1,1,0,0,2,No
2018,November,3/11/18,10.30.00,Collision with vehicle,Saturday,No,Day,Other injury accident,60 km/hr,144.97438,-37.86685,Non-Intersection,PORT PHILLIP,Metro,2,0,1,1,0,0,0,No
2018,November,3/11/18,09.32.00,Collision with object,Saturday,No,Day,Fatal accident,60 km/hr,145.13884,-37.64195,Non-Intersection,NILLUMBIK,Metro,1,1,1,0,0,0,0,No
2018,November,3/11/18,09.00.00,Struck pedestrian,Saturday,No,Day,Serious injury accident,50 km/hr,147.73055,-37.92013,Non-Intersection,EAST GIPPSLAND,Country,2,0,1,1,0,1,0,No
2018,November,3/11/18,08.45.00,Collision with object,Saturday,No,Day,Other injury accident,60 km/hr,144.88148,-37.80216,Intersection,MARIBYRNONG,Metro,2,0,1,1,1,0,1,No
2018,November,3/11/18,11.05.00,Vehicle overturned,Saturday,No,Day,Serious injury accident,100 km/hr,146.81225,-36.53407,Intersection,ALPINE,Country,1,0,1,0,0,0,0,No
2018,November,3/11/18,15.20.00,Collision with vehicle,Saturday,No,Day,Other injury accident,80 km/hr,143.80765,-37.58408,Non-Intersection,BALLARAT,Country,8,0,1,4,5,0,0,No
2018,November,3/11/18,11.20.00,Collision with vehicle,Friday,No,Day,Other injury accident,40 km/hr,143.83593,-37.54387,Non-Intersection,BALLARAT,Country,2,0,0,2,0,1,1,No
2018,November,3/11/18,16.00.00,No collision and no object struck,Friday,No,Day,Other injury accident,60 km/hr,144.88879,-37.80269,Non-Intersection,MARIBYRNONG,Metro,1,0,1,0,0,0,0,No
2018,November,3/11/18,14.25.00,Struck pedestrian,Saturday,No,Day,Serious injury accident,50 km/hr,145.07242,-37.91479,Non-Intersection,GLEN EIRA,Metro,2,0,1,1,0,0,0,No
2018,November,3/11/18,13.10.00,Collision with vehicle,Saturday,No,Day,Other injury accident,80 km/hr,145.48507,-38.07195,Intersection,CARDINIA,Metro,5,0,2,3,3,0,0,No
2018,November,3/11/18,18.12.00,Collision with vehicle,Saturday,No,Day,Other injury accident,60 km/hr,143.58444,-38.33978,Intersection,COLAC OTWAY,Country,2,0,0,2,0,0,2,No
2018,November,3/11/18,16.58.00,Collision with object,Saturday,No,Day,Serious injury accident,50 km/hr,145.1149,-37.89065,Non-Intersection,MONASH,Metro,1,0,1,0,0,1,0,No
2018,November,3/11/18,16.48.00,Collision with vehicle,Saturday,No,Day,Other injury accident,60 km/hr,144.56248,-37.68782,Non-Intersection,MELTON,Metro,5,0,3,2,3,0,0,No
2018,November,3/11/18,17.48.00,Collision with vehicle,Saturday,No,Day,Other injury accident,50 km/hr,145.10775,-37.87483,Non-Intersection,MONASH,Metro,1,0,1,0,0,1,0,No
2018,November,3/11/18,11.12.00,Collision with vehicle,Saturday,No,Day,Other injury accident,40 km/hr,144.99495,-37.81618,Intersection,YARRA RANGES,Metro,2,0,1,1,0,0,1,No
2018,November,3/11/18,01.02.00,Collision with object,Friday,No,Dark,Other injury accident,60 km/hr,145.34992,-37.83392,Non-Intersection,YARRA RANGES,Metro,1,0,1,0,0,0,0,No
2018,November,3/11/18,15.00.00,Collision with vehicle,Friday,No,Day,Other injury accident,60 km/hr,144.91606,-37.71349,Non-Intersection,MORELAND,Metro,2,0,2,0,0,0,0,No
2018,November,4/11/18,00.19.00,Collision with vehicle,,No,Dark,Other injury accident,60 km/hr,144.97787,-37.8495,Intersection,PORT PHILLIP,Metro,3,0,2,1,1,0,1,No
2018,November,4/11/18,01.00.00,Collision with vehicle,Sunday,No,Dark,Serious injury accident,60 km/hr,144.82764,-37.7835,Non-Intersection,BRIMBANK,Metro,4,0,1,3,2,0,0,Yes
2018,November,4/11/18,04.05.00,Struck pedestrian,Sunday,No,Dark,Serious injury accident,70 km/hr,144.35217,-38.14978,Non-Intersection,GEELONG,Country,2,0,2,0,0,0,1,No
2018,November,4/11/18,02.22.00,Vehicle overturned,,No,Dark,Serious injury accident,100 km/hr,146.49582,-38.29221,Non-Intersection,LATROBE,Country,3,0,2,1,2,0,1,No
2018,November,4/11/18,05.35.00,Collision with vehicle,Sunday,No,Dusk/Dawn,Serious injury accident,80 km/hr,145.05217,-37.95778,Non-Intersection,KINGSTON,Metro,8,0,6,2,6,0,0,No
2018,November,4/11/18,04.30.00,Collision with vehicle,Sunday,No,Dark,Serious injury accident,80 km/hr,144.99299,-37.79985,Intersection,YARRA RANGES,Metro,6,0,5,1,3,0,1,Yes
2018,November,4/11/18,10.15.00,Struck pedestrian,Sunday,No,Day,Other injury accident,40 km/hr,144.96057,-37.83301,Intersection,PORT PHILLIP,Metro,2,0,1,1,0,0,0,No
2018,November,4/11/18,11.57.00,Collision with vehicle,Sunday,No,Day,Other injury accident,60 km/hr,145.13778,-37.96064,Intersection,DANDENONG,Metro,2,0,1,1,0,0,0,No
2018,November,4/11/18,13.10.00,Collision with vehicle,,No,Day,Other injury accident,100 km/hr,146.60812,-38.08066,Intersection,LATROBE,Country,2,0,1,1,0,1,0,No
2018,November,4/11/18,12.30.00,Struck pedestrian,Sunday,No,Day,Other injury accident,50 km/hr,144.72527,-37.58044,Non-Intersection,HUME,Metro,3,0,1,2,0,0,0,No
2018,November,4/11/18,15.30.00,Collision with vehicle,Sunday,No,Day,Other injury accident,60 km/hr,144.97487,-37.75667,Intersection,MORELAND,Metro,4,0,2,1,2,0,0,No
2018,November,4/11/18,14.45.00,Collision with vehicle,Sunday,No,Day,Other injury accident,60 km/hr,145.15879,-37.87343,Non-Intersection,MONASH,Metro,2,0,2,0,0,1,0,No
2018,November,4/11/18,18.30.00,Collision with vehicle,Sunday,No,Day,Other injury accident,50 km/hr,145.14551,-37.96078,Non-Intersection,DANDENONG,Metro,2,0,2,0,0,0,0,No
2018,November,4/11/18,19.45.00,Collision with vehicle,Sunday,No,Dusk/Dawn,Other injury accident,40 km/hr,144.99045,-37.86784,Non-Intersection,PORT PHILLIP,Metro,2,0,1,0,0,0,0,No
2018,November,4/11/18,18.25.00,Collision with vehicle,Sunday,No,Day,Other injury accident,80 km/hr,145.29177,-38.10336,Intersection,CASEY,Metro,4,0,3,1,2,0,0,No
2018,November,4/11/18,22.07.00,Collision with object,Sunday,No,Dark,Other injury accident,60 km/hr,145.15114,-37.95822,Non-Intersection,DANDENONG,Metro,3,0,3,0,2,0,1,No
2018,November,4/11/18,00.54.00,Fall from or in moving vehicle,Sunday,No,Dark,Serious injury accident,60 km/hr,146.99395,-37.9557,Non-Intersection,WELLINGTON,Country,2,0,1,1,0,0,0,Yes
2018,November,4/11/18,17.00.00,No collision and no object struck,Sunday,No,Day,Other injury accident,100 km/hr,144.22491,-35.76022,Non-Intersection,GANNAWARRA,Country,2,0,0,2,1,0,1,No
2018,November,4/11/18,07.20.00,Collision with vehicle,Sunday,No,Day,Other injury accident,60 km/hr,144.89173,-37.76893,Intersection,MARIBYRNONG,Metro,3,0,2,1,1,0,1,No
2018,November,4/11/18,12.30.00,Collision with vehicle,,No,Day,Other injury accident,70 km/hr,144.35187,-38.15231,Non-Intersection,GEELONG,Country,3,0,1,2,1,0,0,No
2018,November,4/11/18,15.00.00,Collision with vehicle,Sunday,No,Day,Other injury accident,60 km/hr,145.53253,-37.68008,Non-Intersection,YARRA RANGES,Metro,2,0,0,2,0,0,0,No
2018,November,5/11/18,07.05.00,Collision with object,Sunday,No,Day,Serious injury accident,60 km/hr,144.70529,-37.87978,Intersection,WYNDHAM,Metro,1,0,0,1,0,0,0,No
2018,November,5/11/18,05.10.00,Collision with object,Monday,No,Dark,Serious injury accident,100 km/hr,146.23156,-38.33221,Intersection,SOUTH GIPPSLAND,Country,2,0,2,0,1,0,1,Yes
2018,November,5/11/18,08.35.00,Collision with vehicle,Monday,No,Day,Other injury accident,50 km/hr,145.26736,-38.0357,Intersection,CASEY,Metro,2,0,0,1,0,0,1,No
2018,November,5/11/18,11.58.00,Collision with object,Monday,No,Day,Serious injury accident,60 km/hr,145.09636,-37.84622,Intersection,WHITEHORSE,Metro,1,0,1,0,0,0,0,No
2018,November,5/11/18,07.25.00,Collision with vehicle,Monday,No,Day,Other injury accident,60 km/hr,145.20612,-37.84312,Non-Intersection,WHITEHORSE,Metro,2,0,1,1,0,0,2,No
2018,November,5/11/18,07.39.00,Collision with object,Monday,No,Day,Other injury accident,70 km/hr,145.21027,-37.75929,Non-Intersection,MANNINGHAM,Metro,1,0,0,1,0,0,0,No
2018,November,5/11/18,13.19.00,Struck pedestrian,Sunday,No,Day,Other injury accident,50 km/hr,144.93806,-37.84131,Intersection,PORT PHILLIP,Metro,2,0,2,0,0,0,0,No
2018,November,5/11/18,12.15.00,Struck pedestrian,Sunday,No,Day,Other injury accident,40 km/hr,144.91573,-37.77442,Non-Intersection,MOONEE VALLEY,Metro,2,0,0,2,0,0,0,No
2018,November,5/11/18,09.52.00,Collision with vehicle,Monday,No,Day,Other injury accident,50 km/hr,145.05661,-37.87799,Non-Intersection,STONNINGTON,Metro,1,0,0,1,0,0,0,No
2018,November,5/11/18,12.10.00,Collision with vehicle,Monday,Yes,Day,Other injury accident,80 km/hr,144.35675,-38.09106,Non-Intersection,GEELONG,Country,3,0,1,1,0,0,0,No
2018,November,5/11/18,15.50.00,No collision and no object struck,Monday,No,Day,Other injury accident,60 km/hr,147.58302,-38.04776,Intersection,WELLINGTON,Country,2,0,1,1,0,0,0,No
2018,November,5/11/18,16.26.00,Collision with vehicle,Sunday,No,Day,Other injury accident,60 km/hr,144.72687,-37.85233,Intersection,WYNDHAM,Metro,3,0,1,0,1,0,0,No
2018,November,5/11/18,16.21.00,Collision with vehicle,Monday,Not known,Day,Other injury accident,100 km/hr,145.55738,-38.56482,Non-Intersection,BASS COAST,Country,2,0,1,0,0,0,0,No
2018,November,5/11/18,18.00.00,Collision with vehicle,Monday,No,Day,Other injury accident,100 km/hr,145.63204,-38.0697,Non-Intersection,CARDINIA,Metro,2,0,2,0,0,0,0,Yes
2018,November,5/11/18,17.44.00,Collision with vehicle,Monday,No,Day,Other injury accident,60 km/hr,144.90545,-37.73705,Intersection,MOONEE VALLEY,Metro,3,0,1,2,0,0,0,No
2018,November,5/11/18,20.45.00,Collision with vehicle,Sunday,No,Dark,Other injury accident,70 km/hr,144.95878,-37.69471,Intersection,MORELAND,Metro,5,0,2,3,3,0,0,No
2018,November,5/11/18,19.13.00,Collision with vehicle,Monday,No,Day,Other injury accident,60 km/hr,144.97645,-37.79313,Non-Intersection,YARRA RANGES,Metro,4,0,3,1,1,0,0,No
2018,November,5/11/18,18.48.00,Collision with vehicle,Sunday,No,Day,Other injury accident,70 km/hr,144.63739,-37.68129,Non-Intersection,MELTON,Metro,3,0,1,2,1,0,0,No
2018,November,5/11/18,21.45.00,Collision with vehicle,Sunday,No,Dark,Other injury accident,70 km/hr,145.41425,-37.77125,Non-Intersection,YARRA RANGES,Metro,8,0,5,3,3,0,2,No
2018,November,5/11/18,19.44.00,Struck pedestrian,Sunday,No,Dusk/Dawn,Serious injury accident,60 km/hr,145.05859,-37.82139,Intersection,BOROONDARA,Metro,2,0,2,0,0,0,0,No
2018,November,5/11/18,12.25.00,Collision with vehicle,Monday,No,Day,Other injury accident,60 km/hr,143.81629,-37.55466,Intersection,BALLARAT,Country,2,0,1,1,0,0,1,No
2018,November,5/11/18,20.20.00,Collision with vehicle,Sunday,No,Dark,Other injury accident,60 km/hr,145.06267,-37.69202,Intersection,WHITTLESEA,Metro,3,0,2,1,0,0,1,No
2018,November,6/11/18,02.30.00,Collision with object,Tuesday,No,Dark,Serious injury accident,80 km/hr,144.81018,-37.77494,Non-Intersection,BRIMBANK,Metro,1,0,0,1,0,0,0,Yes
2018,November,6/11/18,07.45.00,Collision with vehicle,Monday,No,Day,Other injury accident,80 km/hr,146.92815,-36.14772,Intersection,WODONGA,Country,2,0,1,1,0,0,0,No
2018,November,6/11/18,09.30.00,Collision with vehicle,Monday,No,Day,Other injury accident,60 km/hr,144.79048,-37.74317,Non-Intersection,BRIMBANK,Metro,1,0,1,0,0,1,0,No
2018,November,6/11/18,11.20.00,Collision with object,Tuesday,No,Day,Other injury accident,60 km/hr,144.82923,-37.7811,Non-Intersection,BRIMBANK,Metro,1,0,1,0,0,0,1,No
2018,November,6/11/18,12.07.00,Vehicle overturned,Monday,No,Day,Other injury accident,60 km/hr,145.11294,-37.72373,Intersection,BANYULE,Metro,1,0,0,1,0,0,0,No
2018,November,6/11/18,12.43.00,Collision with object,Tuesday,No,Day,Other injury accident,80 km/hr,145.30346,-38.04405,Intersection,CASEY,Metro,1,0,0,1,0,0,0,No
2018,November,6/11/18,12.30.00,Struck animal,Tuesday,No,Day,Other injury accident,80 km/hr,145.21219,-37.63993,Non-Intersection,NILLUMBIK,Metro,2,0,0,2,1,0,0,No
2018,November,6/11/18,13.30.00,Collision with object,Monday,No,Day,Serious injury accident,60 km/hr,145.10972,-37.83751,Non-Intersection,WHITEHORSE,Metro,2,0,2,0,1,0,0,No
2018,November,6/11/18,11.05.00,Collision with vehicle,Tuesday,No,Day,Other injury accident,100 km/hr,146.31218,-38.65312,Non-Intersection,SOUTH GIPPSLAND,Country,4,0,1,3,2,0,0,No
2018,November,6/11/18,15.25.00,Collision with vehicle,Tuesday,No,Day,Serious injury accident,60 km/hr,144.30522,-36.77325,Intersection,BENDIGO,Country,7,0,1,5,5,0,1,No
2018,November,6/11/18,13.58.00,Collision with object,Tuesday,No,Day,Other injury accident,60 km/hr,145.29699,-37.87094,Non-Intersection,KNOX,Metro,1,0,0,1,0,0,0,No
2018,November,6/11/18,12.19.00,Collision with vehicle,Tuesday,No,Day,Other injury accident,60 km/hr,146.30449,-36.35646,Intersection,WANGARATTA,Country,4,0,2,0,2,0,1,No
2018,November,6/11/18,16.00.00,Collision with vehicle,Tuesday,No,Dusk/Dawn,Other injury accident,60 km/hr,144.3268,-38.12918,Intersection,GEELONG,Country,2,0,2,0,0,0,0,No
2018,November,6/11/18,18.41.00,Collision with vehicle,Tuesday,No,Day,Serious injury accident,50 km/hr,144.87582,-37.81871,Intersection,MARIBYRNONG,Metro,2,0,2,0,0,0,0,No
2018,November,6/11/18,19.18.00,Collision with vehicle,Monday,No,Day,Other injury accident,50 km/hr,144.42637,-37.63992,Intersection,MOORABOOL,Country,2,0,1,1,0,0,0,No
2018,November,6/11/18,19.10.00,Struck pedestrian,Tuesday,No,Day,Other injury accident,60 km/hr,144.9433,-37.79031,Non-Intersection,MELBOURNE,Metro,2,0,2,0,0,0,0,No
2018,November,6/11/18,18.55.00,Vehicle overturned,Monday,No,Day,Fatal accident,100 km/hr,145.96594,-38.22205,Off Road,BAW BAW,Country,1,1,1,0,0,1,0,No
2018,November,6/11/18,18.50.00,Collision with vehicle,Tuesday,No,Day,Other injury accident,70 km/hr,145.37011,-38.04792,Non-Intersection,CARDINIA,Metro,2,0,0,2,0,0,0,No
2018,November,6/11/18,18.10.00,Vehicle overturned,Monday,No,Day,Serious injury accident,100 km/hr,144.20461,-36.67581,Non-Intersection,BENDIGO,Country,1,0,1,0,0,0,0,No
2018,November,6/11/18,23.00.00,Collision with object,Tuesday,No,Dark,Serious injury accident,60 km/hr,144.99102,-37.8572,Non-Intersection,PORT PHILLIP,Metro,1,0,0,1,0,0,0,Yes
2018,November,6/11/18,18.00.00,Collision with vehicle,Tuesday,No,Day,Other injury accident,60 km/hr,144.22144,-36.75579,Intersection,BENDIGO,Country,2,0,1,1,0,0,0,No
2018,November,6/11/18,14.00.00,Struck animal,Tuesday,No,Day,Serious injury accident,100 km/hr,144.79718,-36.80931,Non-Intersection,STRATHBOGIE,Country,1,0,1,0,0,0,0,No
2018,November,6/11/18,12.49.00,Collision with vehicle,Tuesday,No,Day,Other injury accident,100 km/hr,145.10212,-37.88585,Non-Intersection,MONASH,Metro,6,0,0,5,4,0,1,No
2018,November,6/11/18,17.00.00,Collision with object,Monday,No,Day,Other injury accident,80 km/hr,145.23308,-37.92795,Non-Intersection,KNOX,Metro,1,0,0,1,0,0,1,No
2018,November,6/11/18,12.30.00,Collision with vehicle,Monday,No,Unk.,Other injury accident,50 km/hr,145.17595,-37.99363,Non-Intersection,DANDENONG,Metro,1,0,1,0,0,0,1,No
2018,November,7/11/18,00.10.00,Collision with vehicle,Wednesday,No,Dark,Other injury accident,50 km/hr,145.01495,-37.88603,Intersection,GLEN EIRA,Metro,4,0,2,2,1,0,1,No
2018,November,7/11/18,07.20.00,Struck pedestrian,Tuesday,No,Day,Other injury accident,50 km/hr,145.11689,-37.93181,Non-Intersection,KINGSTON,Metro,2,0,2,0,0,0,0,No
2018,November,7/11/18,08.20.00,Collision with vehicle,Wednesday,No,Day,Other injury accident,70 km/hr,145.31707,-37.75369,Non-Intersection,YARRA RANGES,Metro,2,0,2,0,0,0,1,No
2018,November,7/11/18,08.25.00,Struck pedestrian,Wednesday,No,Day,Serious injury accident,40 km/hr,145.17387,-37.96963,Non-Intersection,DANDENONG,Metro,2,0,1,1,0,0,0,No
2018,November,7/11/18,09.00.00,Collision with vehicle,Wednesday,No,Day,Other injury accident,40 km/hr,144.97042,-37.8365,Off Road,PORT PHILLIP,Metro,2,0,0,2,0,0,1,No
2018,November,7/11/18,11.00.00,Collision with vehicle,Tuesday,No,Day,Other injury accident,60 km/hr,145.02177,-37.74733,Intersection,DAREBIN,Metro,2,0,2,0,0,0,1,No
2018,November,7/11/18,18.40.00,Collision with vehicle,Wednesday,No,Dusk/Dawn,Serious injury accident,60 km/hr,145.22347,-37.97103,Intersection,DANDENONG,Metro,3,0,1,2,0,0,0,No
2018,November,7/11/18,10.15.00,Collision with object,Wednesday,No,Day,Other injury accident,50 km/hr,144.84408,-37.78511,Non-Intersection,BRIMBANK,Metro,1,0,0,1,0,0,0,No
2018,November,7/11/18,11.33.00,Collision with vehicle,Tuesday,No,Day,Other injury accident,60 km/hr,144.72566,-37.7206,Intersection,MELTON,Metro,2,0,0,1,0,0,0,No
2018,November,7/11/18,15.20.00,Collision with vehicle,Tuesday,No,Day,Other injury accident,60 km/hr,144.75086,-37.81061,Intersection,WYNDHAM,Metro,2,0,2,0,0,0,0,No
2018,November,7/11/18,16.44.00,Vehicle overturned,Wednesday,No,Day,Other injury accident,50 km/hr,145.22899,-37.85679,Non-Intersection,KNOX,Metro,1,0,1,0,0,0,0,No
2018,November,7/11/18,14.56.00,Collision with vehicle,Wednesday,No,Day,Other injury accident,60 km/hr,147.06815,-38.1042,Non-Intersection,WELLINGTON,Country,2,0,2,0,0,0,0,No
2018,November,7/11/18,15.20.00,Struck pedestrian,Wednesday,No,Day,Other injury accident,40 km/hr,144.92358,-37.57935,Non-Intersection,HUME,Metro,2,0,1,1,0,0,0,No
2018,November,7/11/18,17.46.00,Collision with vehicle,Wednesday,No,Day,Other injury accident,60 km/hr,145.03024,-37.79225,Non-Intersection,BOROONDARA,Metro,2,0,1,0,0,0,0,No
2018,November,7/11/18,18.00.00,Collision with vehicle,Tuesday,No,Dusk/Dawn,Other injury accident,80 km/hr,144.85311,-37.81565,Non-Intersection,BRIMBANK,Metro,2,0,1,1,0,0,0,No
2018,November,7/11/18,18.50.00,Collision with vehicle,Wednesday,No,Day,Other injury accident,80 km/hr,145.00646,-37.89984,Intersection,GLEN EIRA,Metro,2,0,1,1,0,0,1,No
2018,November,7/11/18,17.30.00,Collision with vehicle,Wednesday,No,Day,Serious injury accident,60 km/hr,144.95873,-37.79006,Non-Intersection,MELBOURNE,Metro,2,0,1,1,0,0,0,No
2018,November,7/11/18,19.55.00,Collision with object,Wednesday,No,Dusk/Dawn,Other injury accident,50 km/hr,144.34954,-38.30586,Non-Intersection,SURF COAST,Country,1,0,0,1,0,0,1,No
2018,November,7/11/18,16.00.00,Collision with vehicle,Tuesday,No,Day,Serious injury accident,60 km/hr,145.16815,-38.14003,Intersection,FRANKSTON,Metro,5,0,2,3,2,0,0,No
2018,November,7/11/18,17.30.00,Collision with vehicle,Wednesday,No,Day,Other injury accident,60 km/hr,144.73127,-37.85258,Non-Intersection,WYNDHAM,Metro,3,0,3,0,1,0,1,No
2018,November,7/11/18,21.00.00,Collision with object,Wednesday,No,Dark,Other injury accident,60 km/hr,145.1916,-37.95725,Intersection,DANDENONG,Metro,1,0,0,1,0,0,0,No
2018,November,7/11/18,18.02.00,Vehicle overturned,Wednesday,No,Day,Other injury accident,60 km/hr,145.02677,-37.86217,Non-Intersection,STONNINGTON,Metro,2,0,2,0,0,0,0,No
2018,November,7/11/18,22.30.00,Collision with object,Tuesday,No,Dark,Other injury accident,50 km/hr,145.24126,-37.46419,Non-Intersection,MURRINDINDI,Country,1,0,0,1,0,0,0,No
2018,November,7/11/18,21.58.00,Collision with vehicle,Wednesday,Yes,Dark,Serious injury accident,50 km/hr,145.25063,-37.97866,Non-Intersection,CASEY,Metro,1,0,1,0,0,0,0,No
2018,November,7/11/18,17.30.00,Collision with vehicle,Tuesday,No,Day,Serious injury accident,50 km/hr,144.97548,-37.78241,Intersection,YARRA RANGES,Metro,2,0,1,1,0,0,0,No
2018,November,7/11/18,15.45.00,Collision with vehicle,Wednesday,No,Day,Other injury accident,60 km/hr,144.9885,-37.7779,Intersection,YARRA RANGES,Metro,2,0,1,1,0,0,0,No
2018,November,7/11/18,16.30.00,No collision and no object struck,Wednesday,No,Day,Other injury accident,60 km/hr,144.71681,-37.87283,Non-Intersection,WYNDHAM,Metro,1,0,1,0,0,0,0,No
2018,November,7/11/18,15.40.00,Struck pedestrian,Tuesday,Yes,Day,Other injury accident,40 km/hr,145.27431,-37.73039,Non-Intersection,MANNINGHAM,Metro,2,0,0,1,0,0,0,No