year,month,date,time,accident_type,day,hit_run,light_condition,severity,speed_zone,longitude,latitude,node_type,lga,state_div,total_persons,fatality,males,females,passengers,old_driver,young_driver,alcohol
2018,November,8/11/18,16.00.00,Collision with vehicle,Thursday,No,Day,Other injury accident,50 km/hr,145.28198,-38.1017,Non-Intersection,CASEY,Metro,4,0,2,2,2,0,0,No
2018,November,8/11/18,23.00.00,Collision with vehicle,Thursday,No,Dark,Other injury accident,80 km/hr,145.00777,-37.83107,Non-Intersection,YARRA RANGES,Metro,2,0,1,1,0,1,0,No
2018,November,8/11/18,19.45.00,Struck pedestrian,Wednesday,No,Day,Serious injury accident,50 km/hr,144.94614,-37.80905,Intersection,MELBOURNE,Metro,2,0,2,0,0,0,1,No
2018,November,8/11/18,07.40.00,Collision with vehicle,Thursday,No,Day,Serious injury accident,60 km/hr,143.85217,-37.58159,Off Road,BALLARAT,Country,2,0,1,1,0,0,1,No
2018,November,8/11/18,08.55.00,Collision with vehicle,Thursday,No,Day,Serious injury accident,50 km/hr,146.8505,-36.29915,Non-Intersection,INDIGO,Country,2,0,2,0,0,0,0,No
2018,November,8/11/18,10.12.00,Vehicle overturned,Wednesday,No,Day,Other injury accident,100 km/hr,145.61728,-38.24668,Non-Intersection,CARDINIA,Metro,1,0,1,0,0,0,0,No
2018,November,8/11/18,13.00.00,Collision with vehicle,Thursday,No,Day,Other injury accident,60 km/hr,145.05423,-37.84439,Non-Intersection,BOROONDARA,Metro,2,0,2,0,0,0,0,No
2018,November,8/11/18,08.25.00,Collision with vehicle,Thursday,No,Day,Other injury accident,40 km/hr,145.31017,-38.07122,Non-Intersection,CASEY,Metro,3,0,1,2,1,0,0,No
2018,November,8/11/18,10.15.00,Struck pedestrian,Wednesday,Yes,Day,Other injury accident,50 km/hr,142.19713,-36.71666,Intersection,HORSHAM,Country,2,0,1,1,0,1,0,No
2018,November,8/11/18,15.00.00,Collision with vehicle,Thursday,No,Day,Other injury accident,50 km/hr,142.77522,-37.05411,Intersection,NORTHERN GRAMPIANS,Country,2,0,1,1,0,0,1,No
2018,November,8/11/18,15.45.00,Collision with vehicle,Thursday,No,Day,Other injury accident,60 km/hr,146.31584,-36.35999,Intersection,WANGARATTA,Country,4,0,2,2,2,0,0,No
2018,November,8/11/18,14.00.00,Fall from or in moving vehicle,Thursday,No,Day,Serious injury accident,50 km/hr,149.75059,-37.55935,Intersection,EAST GIPPSLAND,Country,1,0,1,0,0,0,0,No
2018,November,8/11/18,18.00.00,Collision with vehicle,Thursday,No,Day,Other injury accident,40 km/hr,144.96226,-37.81228,Intersection,MELBOURNE,Metro,2,0,0,2,0,0,0,No
2018,November,8/11/18,18.20.00,Collision with vehicle,Thursday,No,Day,Other injury accident,80 km/hr,145.2251,-37.87693,Non-Intersection,KNOX,Metro,3,0,3,0,1,0,0,No
2018,November,8/11/18,04.15.00,Collision with vehicle,Thursday,No,Dark,Other injury accident,100 km/hr,144.72608,-37.87602,Non-Intersection,WYNDHAM,Metro,2,0,2,0,0,0,0,No
2018,November,8/11/18,22.00.00,Collision with vehicle,Thursday,No,Dark,Other injury accident,60 km/hr,144.94348,-37.84531,Intersection,PORT PHILLIP,Metro,3,0,1,1,1,0,0,No
2018,November,8/11/18,16.05.00,Collision with vehicle,Thursday,No,Day,Other injury accident,70 km/hr,145.18265,-37.76663,Non-Intersection,MANNINGHAM,Metro,5,0,2,3,2,0,0,No
2018,November,8/11/18,14.01.00,Collision with vehicle,Thursday,No,Day,Other injury accident,110 km/hr,144.64975,-37.72266,Non-Intersection,MELTON,Metro,2,0,1,1,0,0,1,No
2018,November,8/11/18,17.10.00,Collision with vehicle,Thursday,No,Day,Serious injury accident,100 km/hr,145.15013,-36.25464,Intersection,SHEPPARTON,Country,3,0,2,1,1,0,0,No
2018,November,8/11/18,08.30.00,Collision with vehicle,Thursday,No,Day,Other injury accident,40 km/hr,145.41124,-38.07026,Non-Intersection,CARDINIA,Metro,2,0,1,1,0,1,0,No
2018,November,9/11/18,17.30.00,Collision with vehicle,Thursday,Yes,Day,Other injury accident,40 km/hr,144.9609,-37.823,Non-Intersection,MELBOURNE,Metro,2,0,1,0,0,0,0,No
2018,November,9/11/18,20.15.00,Collision with vehicle,Friday,No,Dusk/Dawn,Other injury accident,60 km/hr,145.03332,-37.88835,Intersection,GLEN EIRA,Metro,2,0,2,0,0,0,0,No
2018,November,9/11/18,18.50.00,No collision and no object struck,Friday,No,Day,Serious injury accident,60 km/hr,144.99114,-37.73167,Intersection,DAREBIN,Metro,1,0,0,1,0,0,0,No
2018,November,9/11/18,18.30.00,Vehicle overturned,Thursday,No,Day,Other injury accident,100 km/hr,143.00139,-38.40317,Intersection,CORANGAMITE,Country,1,0,0,1,0,0,1,No
2018,November,9/11/18,03.15.00,Collision with object,Friday,No,Dark,Other injury accident,100 km/hr,144.71514,-37.87903,Non-Intersection,WYNDHAM,Metro,2,0,2,0,1,0,0,No
2018,November,9/11/18,19.08.00,Collision with object,Thursday,No,Day,Other injury accident,80 km/hr,145.13486,-37.75362,Non-Intersection,MANNINGHAM,Metro,3,0,3,0,1,0,1,No
2018,November,9/11/18,15.14.00,Collision with vehicle,Thursday,No,Day,Other injury accident,60 km/hr,144.91164,-37.60713,Intersection,HUME,Metro,2,0,1,1,0,0,0,No
2018,November,9/11/18,21.40.00,Collision with object,Friday,No,Dark,Serious injury accident,100 km/hr,145.21184,-37.86264,Non-Intersection,KNOX,Metro,3,0,3,0,0,0,1,Yes
2018,November,9/11/18,23.45.00,Collision with vehicle,Friday,No,Dark,Other injury accident,50 km/hr,145.08533,-37.89907,Intersection,MONASH,Metro,2,0,2,0,0,0,1,No
2018,November,9/11/18,18.00.00,Collision with vehicle,Friday,No,Day,Other injury accident,50 km/hr,144.97072,-37.75439,Intersection,MORELAND,Metro,2,0,0,1,0,0,0,No
2018,November,9/11/18,22.00.00,Collision with object,Friday,No,Dark,Serious injury accident,60 km/hr,146.28971,-36.36982,Intersection,WANGARATTA,Country,3,0,3,0,2,0,0,Yes
2018,November,9/11/18,18.12.00,Collision with vehicle,Thursday,No,Day,Other injury accident,60 km/hr,145.06214,-37.69258,Non-Intersection,WHITTLESEA,Metro,2,0,1,1,0,0,1,No
2018,November,9/11/18,00.08.00,Collision with object,Friday,No,Dark,Other injury accident,60 km/hr,145.0249,-37.72494,Non-Intersection,DAREBIN,Metro,1,0,1,0,0,0,1,No
2018,November,9/11/18,01.50.00,No collision and no object struck,Friday,No,Dark,Other injury accident,100 km/hr,144.82828,-37.07786,Non-Intersection,MITCHELL,Country,1,0,1,0,0,0,0,No
2018,November,9/11/18,06.15.00,Collision with vehicle,Thursday,No,Day,Other injury accident,80 km/hr,144.7442,-37.69207,Intersection,MELTON,Metro,2,0,2,0,0,0,0,No
2018,November,9/11/18,08.30.00,Collision with vehicle,Friday,No,Day,Other injury accident,80 km/hr,146.55243,-38.1922,Intersection,LATROBE,Country,2,0,1,1,0,0,0,No
2018,November,9/11/18,08.40.00,Collision with vehicle,Thursday,No,Day,Other injury accident,50 km/hr,145.08417,-37.7359,Intersection,BANYULE,Metro,2,0,0,2,0,0,0,No
2018,November,9/11/18,10.00.00,Collision with vehicle,Friday,No,Day,Other injury accident,100 km/hr,141.62803,-38.16712,Non-Intersection,GLENELG,Country,2,0,0,2,0,0,0,No
2018,November,9/11/18,12.00.00,Collision with vehicle,Friday,No,Day,Other injury accident,60 km/hr,144.90804,-37.75603,Intersection,MOONEE VALLEY,Metro,2,0,2,0,0,0,0,No
2018,November,9/11/18,10.50.00,Collision with object,Friday,No,Day,Serious injury accident,100 km/hr,144.3387,-38.28787,Non-Intersection,SURF COAST,Country,1,0,1,0,0,0,1,No
2018,November,9/11/18,12.22.00,Collision with vehicle,Friday,No,Day,Other injury accident,70 km/hr,144.94339,-37.64245,Non-Intersection,HUME,Metro,7,0,5,2,2,0,1,No
2018,November,9/11/18,12.30.00,Collision with vehicle,Friday,No,Day,Serious injury accident,50 km/hr,144.36137,-38.15209,Intersection,GEELONG,Country,2,0,0,2,0,0,0,No
2018,November,9/11/18,13.50.00,Collision with vehicle,Friday,No,Day,Other injury accident,60 km/hr,142.15414,-34.20043,Non-Intersection,MILDURA,Country,2,0,1,1,1,0,0,No
2018,November,9/11/18,08.45.00,Collision with vehicle,Friday,No,Day,Other injury accident,50 km/hr,144.959,-37.78801,Non-Intersection,MELBOURNE,Metro,2,0,1,0,0,0,0,No
2018,November,9/11/18,14.48.00,Collision with vehicle,Friday,No,Day,Other injury accident,60 km/hr,145.13648,-37.82943,Intersection,WHITEHORSE,Metro,5,0,2,2,3,0,0,No
2018,November,9/11/18,12.20.00,Collision with vehicle,Thursday,No,Day,Other injury accident,60 km/hr,145.21195,-38.03166,Intersection,DANDENONG,Metro,2,0,2,0,0,0,0,No
2018,November,9/11/18,17.45.00,Struck pedestrian,Friday,Yes,Day,Other injury accident,60 km/hr,145.59532,-38.59573,Intersection,BASS COAST,Country,2,0,1,0,0,0,0,No
2018,November,9/11/18,17.00.00,Collision with vehicle,Thursday,No,Day,Other injury accident,80 km/hr,144.99229,-37.8575,Intersection,STONNINGTON,Metro,2,0,2,0,0,0,0,No
2018,November,9/11/18,09.10.00,Collision with vehicle,Friday,No,Day,Other injury accident,80 km/hr,145.27735,-38.00793,Non-Intersection,CASEY,Metro,4,0,2,2,0,0,1,No
2018,November,9/11/18,23.25.00,Collision with vehicle,Friday,No,Dark,Other injury accident,60 km/hr,144.9745,-37.82206,Non-Intersection,MELBOURNE,Metro,2,0,2,0,0,0,0,No
2018,November,10/11/18,10.45.00,Collision with vehicle,Saturday,No,Day,Other injury accident,40 km/hr,144.99389,-37.84835,Non-Intersection,STONNINGTON,Metro,2,0,1,1,0,0,0,No
2018,November,10/11/18,10.40.00,Collision with vehicle,Saturday,No,Day,Other injury accident,60 km/hr,144.29111,-36.76826,Non-Intersection,BENDIGO,Country,1,0,1,0,0,0,0,Yes
2018,November,10/11/18,11.30.00,Collision with vehicle,Saturday,No,Day,Other injury accident,70 km/hr,145.13227,-37.63944,Intersection,NILLUMBIK,Metro,2,0,1,1,0,0,1,No
2018,November,10/11/18,10.00.00,Collision with vehicle,Saturday,No,Day,Other injury accident,60 km/hr,144.56665,-37.68442,Intersection,MELTON,Metro,3,0,1,2,1,0,1,No
2018,November,10/11/18,14.10.00,Collision with vehicle,Friday,No,Day,Other injury accident,60 km/hr,145.0931,-37.79203,Intersection,BOROONDARA,Metro,2,0,2,0,0,0,1,No
2018,November,10/11/18,12.20.00,Collision with object,Saturday,No,Day,Serious injury accident,60 km/hr,144.93004,-37.63521,Non-Intersection,HUME,Metro,2,0,2,0,0,0,0,No
2018,November,10/11/18,13.50.00,Collision with vehicle,Saturday,No,Day,Serious injury accident,60 km/hr,144.3326,-38.11868,Intersection,GEELONG,Country,2,0,0,2,0,0,1,No
2018,November,10/11/18,15.20.00,Collision with vehicle,Friday,No,Day,Other injury accident,60 km/hr,145.02275,-38.47725,Intersection,MORNINGTON PENINSULA,Metro,4,0,1,3,2,0,0,No
2018,November,10/11/18,16.12.00,Collision with vehicle,Saturday,No,Day,Other injury accident,70 km/hr,145.18058,-37.74766,Non-Intersection,MANNINGHAM,Metro,3,0,1,2,1,0,0,No
2018,November,10/11/18,15.10.00,Collision with object,Saturday,No,Day,Other injury accident,80 km/hr,143.93265,-38.51621,Non-Intersection,SURF COAST,Country,1,0,1,0,0,0,0,No
2018,November,10/11/18,16.30.00,Collision with vehicle,Saturday,No,Day,Serious injury accident,100 km/hr,143.32992,-36.26475,Non-Intersection,BULOKE,Country,2,0,1,1,0,1,0,No
2018,November,10/11/18,14.10.00,Collision with object,Saturday,No,Day,Other injury accident,60 km/hr,145.13313,-38.11083,Non-Intersection,FRANKSTON,Metro,1,0,0,1,0,1,0,No
2018,November,10/11/18,17.35.00,Struck pedestrian,Saturday,No,Day,Serious injury accident,80 km/hr,145.26801,-37.9258,Non-Intersection,KNOX,Metro,2,0,2,0,0,0,0,No
2018,November,10/11/18,17.30.00,Collision with object,Saturday,No,Day,Other injury accident,50 km/hr,145.11745,-37.84182,Non-Intersection,WHITEHORSE,Metro,1,0,1,0,0,0,0,No
2018,November,10/11/18,00.45.00,Struck pedestrian,Saturday,No,Dark,Other injury accident,40 km/hr,144.96108,-37.81262,Non-Intersection,MELBOURNE,Metro,2,0,2,0,0,0,0,No
2018,November,10/11/18,16.25.00,Collision with object,Friday,No,Day,Serious injury accident,100 km/hr,143.4853,-36.75878,Non-Intersection,CENTRAL GOLDFIELDS,Country,3,0,3,0,2,0,1,Yes
2018,November,10/11/18,16.30.00,Struck pedestrian,Saturday,No,Day,Other injury accident,40 km/hr,144.99819,-37.77337,Non-Intersection,DAREBIN,Metro,2,0,2,0,0,0,0,No
2018,November,10/11/18,17.30.00,Collision with vehicle,Saturday,No,Day,Other injury accident,80 km/hr,145.27362,-38.00501,Non-Intersection,CASEY,Metro,4,0,3,1,0,0,1,No
2018,November,10/11/18,22.51.00,Collision with object,Saturday,Yes,Dark,Other injury accident,80 km/hr,145.57656,-37.79476,Non-Intersection,YARRA RANGES,Metro,1,0,1,0,0,0,0,No
2018,November,10/11/18,23.32.00,Collision with object,Saturday,No,Dark,Other injury accident,80 km/hr,144.51406,-38.17513,Non-Intersection,GEELONG,Country,1,0,1,0,0,0,0,No
2018,November,10/11/18,16.40.00,Collision with vehicle,Friday,No,Day,Other injury accident,60 km/hr,142.17702,-34.20597,Intersection,MILDURA,Country,4,0,2,2,2,0,0,No
2018,November,10/11/18,17.40.00,Collision with vehicle,Saturday,No,Dusk/Dawn,Serious injury accident,50 km/hr,145.21604,-37.97697,Intersection,DANDENONG,Metro,2,0,1,1,0,0,0,No
2018,November,10/11/18,00.30.00,Collision with object,Saturday,No,Dark,Other injury accident,100 km/hr,146.35828,-38.1688,Non-Intersection,LATROBE,Country,1,0,0,1,0,0,1,Yes
2018,November,11/11/18,08.15.00,Collision with object,Sunday,No,Day,Serious injury accident,60 km/hr,145.13505,-37.78679,Non-Intersection,MANNINGHAM,Metro,1,0,0,1,0,0,0,No
2018,November,11/11/18,07.40.00,Collision with vehicle,Sunday,No,Day,Serious injury accident,70 km/hr,145.11993,-37.85071,Intersection,WHITEHORSE,Metro,2,0,1,1,0,0,1,No
2018,November,11/11/18,06.15.00,Collision with object,,No,Day,Serious injury accident,60 km/hr,145.10343,-37.85043,Non-Intersection,WHITEHORSE,Metro,1,0,1,0,0,0,0,No
2018,November,11/11/18,11.26.00,Collision with vehicle,Sunday,No,Day,Other injury accident,60 km/hr,145.04283,-37.74164,Intersection,BANYULE,Metro,4,0,1,3,2,0,0,No
2018,November,11/11/18,10.14.00,Collision with vehicle,Sunday,No,Day,Other injury accident,80 km/hr,145.3336,-37.94966,Intersection,YARRA RANGES,Metro,2,0,1,1,0,1,0,No
2018,November,11/11/18,00.13.00,Collision with vehicle,Sunday,No,Dark,Other injury accident,80 km/hr,144.93072,-37.65166,Non-Intersection,HUME,Metro,3,0,2,1,0,0,1,Yes
2018,November,11/11/18,13.45.00,Collision with vehicle,Sunday,No,Day,Other injury accident,60 km/hr,145.39793,-36.38776,Intersection,SHEPPARTON,Country,2,0,2,0,0,0,0,No
2018,November,11/11/18,12.00.00,Collision with vehicle,Sunday,No,Day,Other injury accident,60 km/hr,145.33947,-37.90721,Intersection,YARRA RANGES,Metro,3,0,1,2,0,0,0,No
2018,November,11/11/18,12.50.00,Collision with object,,No,Day,Other injury accident,100 km/hr,146.8122,-36.53337,Non-Intersection,ALPINE,Country,1,0,1,0,0,0,0,No
2018,November,11/11/18,11.45.00,Vehicle overturned,Sunday,No,Day,Serious injury accident,100 km/hr,145.24551,-37.43642,Non-Intersection,MURRINDINDI,Country,1,0,1,0,0,0,0,No
2018,November,11/11/18,15.05.00,Collision with object,Sunday,No,Day,Other injury accident,100 km/hr,142.1154,-36.54652,Non-Intersection,HORSHAM,Country,1,0,1,0,0,1,0,No
2018,November,11/11/18,11.30.00,Collision with vehicle,Sunday,No,Day,Serious injury accident,50 km/hr,145.15912,-37.92567,Non-Intersection,MONASH,Metro,3,0,2,1,1,1,0,No
2018,November,11/11/18,14.21.00,Collision with vehicle,,No,Day,Other injury accident,80 km/hr,144.97303,-37.64659,Non-Intersection,HUME,Metro,5,0,1,4,3,0,1,No
2018,November,11/11/18,16.15.00,Vehicle overturned,Sunday,No,Day,Fatal accident,100 km/hr,145.52217,-37.70557,Non-Intersection,YARRA RANGES,Metro,1,1,1,0,0,0,0,No
2018,November,11/11/18,17.55.00,Collision with vehicle,Sunday,No,Day,Other injury accident,60 km/hr,143.82864,-37.52727,Intersection,BALLARAT,Country,2,0,2,0,0,0,0,No
2018,November,11/11/18,17.29.00,Collision with vehicle,Sunday,No,Day,Other injury accident,50 km/hr,144.92139,-37.62046,Intersection,HUME,Metro,4,0,3,1,2,0,1,No
2018,November,11/11/18,15.35.00,Collision with vehicle,,No,Day,Other injury accident,60 km/hr,144.93159,-37.5979,Non-Intersection,HUME,Metro,4,0,3,1,2,0,0,No
2018,November,11/11/18,16.35.00,Collision with object,Sunday,No,Day,Other injury accident,60 km/hr,145.19169,-37.8921,Intersection,MONASH,Metro,1,0,0,1,0,0,0,No
2018,November,11/11/18,17.40.00,Collision with object,,No,Day,Other injury accident,50 km/hr,144.86798,-37.72643,Non-Intersection,MOONEE VALLEY,Metro,1,0,0,1,0,1,0,No
2018,November,11/11/18,19.45.00,Collision with vehicle,,No,Day,Serious injury accident,40 km/hr,145.01752,-37.8551,Intersection,STONNINGTON,Metro,2,0,1,0,0,0,0,No
2018,November,11/11/18,23.23.00,Collision with vehicle,Sunday,No,Dark,Other injury accident,80 km/hr,145.265,-38.04767,Intersection,CASEY,Metro,2,0,2,0,0,0,1,No
2018,November,11/11/18,20.15.00,Collision with vehicle,,No,Dusk/Dawn,Other injury accident,50 km/hr,145.04354,-37.87027,Intersection,STONNINGTON,Metro,2,0,1,1,0,1,1,No
2018,November,11/11/18,00.18.00,Collision with object,Sunday,No,Dark,Other injury accident,80 km/hr,147.63219,-37.97124,Intersection,EAST GIPPSLAND,Country,2,0,2,0,1,0,0,No
2018,November,11/11/18,10.30.00,Collision with vehicle,Sunday,Yes,Day,Serious injury accident,60 km/hr,145.03421,-37.82874,Intersection,BOROONDARA,Metro,2,0,1,0,0,0,0,No
2018,November,11/11/18,13.50.00,Collision with object,Sunday,No,Day,Other injury accident,60 km/hr,144.35867,-38.07861,Non-Intersection,GEELONG,Country,1,0,0,1,0,0,0,No
2018,November,11/11/18,14.25.00,Collision with vehicle,,No,Day,Other injury accident,80 km/hr,144.85243,-37.73934,Non-Intersection,BRIMBANK,Metro,3,0,3,0,0,1,0,No
2018,November,12/11/18,07.05.00,Collision with vehicle,Monday,No,Day,Other injury accident,80 km/hr,145.22725,-38.00448,Intersection,DANDENONG,Metro,2,0,2,0,0,0,1,No
2018,November,12/11/18,07.50.00,Collision with vehicle,Monday,No,Day,Other injury accident,100 km/hr,145.29994,-38.00756,Non-Intersection,CASEY,Metro,5,0,3,2,0,0,1,No
2018,November,12/11/18,09.55.00,Struck pedestrian,Sunday,Yes,Day,Serious injury accident,60 km/hr,145.296,-37.85657,Intersection,KNOX,Metro,2,0,1,0,0,0,0,No
2018,November,12/11/18,08.50.00,Collision with vehicle,Monday,No,Day,Other injury accident,50 km/hr,144.95061,-37.77299,Intersection,MORELAND,Metro,4,0,1,2,2,0,1,No
2018,November,12/11/18,08.59.00,Collision with vehicle,Monday,No,Day,Other injury accident,60 km/hr,144.98564,-37.86776,Intersection,PORT PHILLIP,Metro,3,0,1,2,1,0,0,No
2018,November,12/11/18,09.28.00,Collision with vehicle,Sunday,No,Day,Other injury accident,100 km/hr,144.79387,-37.84069,Non-Intersection,HOBSONS BAY,Metro,10,0,10,0,8,1,0,No
2018,November,12/11/18,13.06.00,Collision with vehicle,Monday,No,Day,Other injury accident,60 km/hr,145.32895,-37.78915,Intersection,YARRA RANGES,Metro,2,0,1,1,0,0,0,No
2018,November,12/11/18,13.51.00,Collision with object,Monday,No,Day,Other injury accident,70 km/hr,145.12563,-38.11404,Non-Intersection,FRANKSTON,Metro,1,0,0,1,0,1,0,No
2018,November,12/11/18,15.20.00,Collision with vehicle,Monday,No,Day,Other injury accident,80 km/hr,142.11527,-34.22398,Intersection,MILDURA,Country,3,0,2,1,1,0,0,No
2018,November,12/11/18,15.52.00,Struck pedestrian,Sunday,No,Day,Other injury accident,40 km/hr,145.30479,-37.76461,Non-Intersection,YARRA RANGES,Metro,3,0,1,1,0,0,0,No
2018,November,12/11/18,13.30.00,Vehicle overturned,Sunday,No,Day,Serious injury accident,100 km/hr,143.63063,-38.15035,Non-Intersection,COLAC OTWAY,Country,1,0,1,0,0,0,1,No
2018,November,12/11/18,15.05.00,Collision with vehicle,Monday,No,Day,Other injury accident,80 km/hr,144.94596,-37.60966,Non-Intersection,HUME,Metro,3,0,3,0,1,0,0,Yes
2018,November,12/11/18,15.50.00,Collision with vehicle,Monday,No,Day,Other injury accident,60 km/hr,144.79795,-37.78232,Non-Intersection,BRIMBANK,Metro,3,0,1,1,1,0,0,No
2018,November,12/11/18,11.30.00,Collision with vehicle,Monday,No,Day,Other injury accident,100 km/hr,144.41537,-36.64943,Non-Intersection,BENDIGO,Country,4,0,2,1,1,1,0,No
2018,November,12/11/18,16.32.00,Collision with object,Monday,No,Day,Serious injury accident,40 km/hr,144.88716,-37.80155,Non-Intersection,MARIBYRNONG,Metro,1,0,1,0,0,0,0,No
2018,November,12/11/18,16.10.00,Collision with vehicle,Monday,No,Day,Other injury accident,60 km/hr,144.97736,-37.84777,Non-Intersection,PORT PHILLIP,Metro,4,0,3,1,0,0,0,No
2018,November,12/11/18,17.05.00,Collision with vehicle,Monday,No,Day,Serious injury accident,60 km/hr,145.01962,-37.9161,Non-Intersection,BAYSIDE,Metro,2,0,2,0,0,1,0,No
2018,November,12/11/18,17.15.00,Collision with vehicle,Sunday,No,Day,Other injury accident,60 km/hr,144.26461,-36.72718,Intersection,BENDIGO,Country,2,0,1,1,0,0,0,No
2018,November,12/11/18,17.50.00,Vehicle overturned,Monday,Yes,Day,Other injury accident,80 km/hr,145.27644,-38.08224,Intersection,CASEY,Metro,1,0,0,1,0,0,0,No
2018,November,12/11/18,17.41.00,Collision with vehicle,Monday,No,Day,Other injury accident,80 km/hr,144.89881,-37.83,Non-Intersection,MELBOURNE,Metro,5,0,3,2,0,0,0,No
2018,November,12/11/18,16.15.00,Collision with vehicle,Sunday,No,Day,Other injury accident,50 km/hr,144.927,-37.65874,Non-Intersection,HUME,Metro,2,0,1,1,0,0,0,No
2018,November,12/11/18,17.00.00,Vehicle overturned,Monday,No,Day,Other injury accident,60 km/hr,145.29535,-37.90964,Non-Intersection,KNOX,Metro,1,0,1,0,0,0,1,Yes
2018,November,12/11/18,18.52.00,Collision with object,Monday,No,Day,Other injury accident,80 km/hr,145.19263,-37.90715,Non-Intersection,MONASH,Metro,1,0,1,0,0,0,0,No
2018,November,12/11/18,17.06.00,Collision with vehicle,Sunday,No,Day,Serious injury accident,80 km/hr,145.2641,-37.79073,Non-Intersection,MAROONDAH,Metro,2,0,1,1,0,0,0,No
2018,November,12/11/18,19.38.00,Collision with vehicle,Monday,No,Day,Serious injury accident,60 km/hr,143.88857,-37.55701,Non-Intersection,BALLARAT,Country,1,0,1,0,0,0,0,No
2018,November,12/11/18,17.30.00,Collision with object,Monday,No,Day,Serious injury accident,100 km/hr,146.00176,-38.42632,Non-Intersection,SOUTH GIPPSLAND,Country,1,0,0,1,0,1,0,No
2018,November,12/11/18,19.06.00,Collision with vehicle,Monday,No,Day,Serious injury accident,50 km/hr,144.57945,-38.14756,Non-Intersection,GEELONG,Country,3,0,2,1,1,0,0,No
2018,November,12/11/18,16.20.00,Collision with vehicle,Monday,Yes,Day,Other injury accident,60 km/hr,144.59398,-37.67587,Intersection,MELTON,Metro,2,0,1,0,0,0,0,No
2018,November,12/11/18,20.35.00,Struck animal,Monday,No,Dark,Serious injury accident,60 km/hr,145.01767,-37.34859,Non-Intersection,MITCHELL,Country,1,0,1,0,0,0,0,No
2018,November,12/11/18,16.45.00,Collision with vehicle,Monday,No,Day,Other injury accident,100 km/hr,145.16007,-38.10577,Non-Intersection,FRANKSTON,Metro,3,0,2,1,1,0,0,No
2018,November,12/11/18,17.45.00,Collision with vehicle,Monday,Yes,Day,Other injury accident,60 km/hr,144.73946,-37.8095,Intersection,MELTON,Metro,2,0,2,0,0,0,1,No
2018,November,12/11/18,22.20.00,Collision with vehicle,Monday,Not known,Dark,Serious injury accident,100 km/hr,145.21412,-37.95175,Non-Intersection,DANDENONG,Metro,2,0,1,0,0,0,0,No
2018,November,12/11/18,14.15.00,Collision with vehicle,Monday,No,Day,Other injury accident,50 km/hr,146.3176,-36.36296,Intersection,WANGARATTA,Country,3,0,1,2,1,1,0,No
2018,November,12/11/18,10.30.00,Struck animal,Monday,No,Day,Other injury accident,100 km/hr,145.32292,-37.19202,Non-Intersection,MURRINDINDI,Country,1,0,1,0,0,0,0,No
2018,November,12/11/18,17.20.00,Collision with vehicle,Monday,No,Day,Serious injury accident,100 km/hr,145.07479,-37.78161,Non-Intersection,BOROONDARA,Metro,3,0,2,1,1,0,0,No
2018,November,12/11/18,19.30.00,Collision with vehicle,Monday,No,Dusk/Dawn,Serious injury accident,80 km/hr,143.71308,-38.7149,Non-Intersection,COLAC OTWAY,Country,3,0,2,1,1,0,0,No
2018,November,12/11/18,22.10.00,Vehicle overturned,Monday,No,Dark,Serious injury accident,60 km/hr,144.88329,-37.78758,Non-Intersection,MARIBYRNONG,Metro,1,0,1,0,0,0,0,No
2018,November,12/11/18,22.30.00,Collision with vehicle,Monday,No,Dark,Other injury accident,50 km/hr,144.81872,-37.83087,Intersection,HOBSONS BAY,Metro,2,0,1,1,0,0,0,No
2018,November,12/11/18,14.50.00,Collision with vehicle,Sunday,No,Day,Other injury accident,50 km/hr,143.56949,-38.35049,Non-Intersection,COLAC OTWAY,Country,2,0,1,1,0,0,0,No
2018,November,13/11/18,00.50.00,Vehicle overturned,Monday,No,Dark,Other injury accident,80 km/hr,146.44541,-38.21181,Non-Intersection,LATROBE,Country,1,0,1,0,0,0,0,Yes
2018,November,13/11/18,07.30.00,Collision with vehicle,Tuesday,No,Day,Other injury accident,80 km/hr,145.23276,-37.92958,Intersection,KNOX,Metro,2,0,1,1,0,0,0,No
2018,November,13/11/18,00.09.00,Collision with vehicle,Monday,No,Unk.,Other injury accident,40 km/hr,144.91284,-37.75109,Intersection,MOONEE VALLEY,Metro,2,0,1,1,0,0,0,No
2018,November,13/11/18,10.29.00,Collision with object,Tuesday,No,Day,Serious injury accident,80 km/hr,144.63888,-37.89679,Non-Intersection,WYNDHAM,Metro,2,0,1,1,1,0,0,No
2018,November,13/11/18,12.45.00,Collision with vehicle,Monday,No,Day,Other injury accident,50 km/hr,143.89088,-37.55819,Non-Intersection,BALLARAT,Country,1,0,0,1,0,0,0,No