year,month,date,time,accident_type,day,hit_run,light_condition,severity,speed_zone,longitude,latitude,node_type,lga,state_div,total_persons,fatality,males,females,passengers,old_driver,young_driver,alcohol
2018,November,13/11/18,10.56.00,Collision with vehicle,Tuesday,No,Day,Other injury accident,60 km/hr,144.36567,-38.09425,Non-Intersection,GEELONG,Country,2,0,2,0,0,0,0,No
2018,November,13/11/18,14.30.00,Collision with object,Monday,No,Day,Other injury accident,50 km/hr,145.28326,-38.11185,Non-Intersection,CASEY,Metro,1,0,1,0,0,0,0,No
2018,November,13/11/18,13.13.00,Collision with object,Tuesday,No,Day,Other injury accident,50 km/hr,145.24208,-37.8752,Intersection,KNOX,Metro,1,0,0,1,0,0,0,No
2018,November,13/11/18,15.35.00,Struck pedestrian,Tuesday,No,Day,Other injury accident,40 km/hr,144.66061,-37.9086,Non-Intersection,WYNDHAM,Metro,2,0,2,0,0,0,0,No
2018,November,13/11/18,16.17.00,Collision with vehicle,Tuesday,No,Day,Serious injury accident,40 km/hr,144.36169,-38.14523,Intersection,GEELONG,Country,2,0,1,1,0,0,0,No
2018,November,13/11/18,17.10.00,Collision with object,Tuesday,No,Day,Serious injury accident,80 km/hr,145.29674,-37.97975,Non-Intersection,CASEY,Metro,4,0,1,3,3,0,1,No
2018,November,13/11/18,20.19.00,Struck pedestrian,Tuesday,No,Day,Serious injury accident,40 km/hr,145.08721,-37.98712,Non-Intersection,KINGSTON,Metro,2,0,1,1,0,0,0,No
2018,November,13/11/18,19.15.00,Collision with vehicle,Tuesday,No,Day,Serious injury accident,60 km/hr,144.9129,-37.77866,Non-Intersection,MOONEE VALLEY,Metro,2,0,2,0,0,0,0,No
2018,November,13/11/18,20.30.00,Collision with vehicle,Tuesday,No,Dark,Other injury accident,60 km/hr,144.94193,-37.74624,Intersection,MORELAND,Metro,2,0,1,1,0,0,0,No
2018,November,13/11/18,15.25.00,Collision with vehicle,Tuesday,No,Day,Other injury accident,60 km/hr,144.88185,-37.71483,Intersection,MOONEE VALLEY,Metro,2,0,1,1,0,0,1,No
2018,November,13/11/18,17.30.00,Collision with vehicle,Monday,No,Day,Other injury accident,70 km/hr,144.99151,-37.92785,Non-Intersection,BAYSIDE,Metro,2,0,2,0,0,0,1,No
2018,November,14/11/18,02.50.00,Collision with object,Wednesday,No,Dark,Other injury accident,80 km/hr,145.08003,-37.98827,Non-Intersection,KINGSTON,Metro,3,0,2,1,2,0,0,No
2018,November,14/11/18,06.50.00,Collision with vehicle,Wednesday,No,Day,Other injury accident,80 km/hr,145.15002,-38.24051,Non-Intersection,MORNINGTON PENINSULA,Metro,2,0,1,1,0,0,1,No
2018,November,14/11/18,07.50.00,Collision with vehicle,Wednesday,No,Day,Other injury accident,60 km/hr,144.59377,-37.48909,Non-Intersection,MACEDON RANGES,Country,2,0,0,2,0,0,1,No
2018,November,14/11/18,07.00.00,Collision with vehicle,Wednesday,No,Day,Other injury accident,60 km/hr,144.93001,-37.77792,Non-Intersection,MOONEE VALLEY,Metro,3,0,2,1,0,0,2,No
2018,November,14/11/18,11.00.00,Struck pedestrian,Wednesday,No,Day,Other injury accident,50 km/hr,144.95348,-37.7303,Non-Intersection,MORELAND,Metro,2,0,2,0,0,0,0,No
2018,November,14/11/18,09.34.00,Collision with vehicle,Wednesday,No,Day,Other injury accident,60 km/hr,144.8818,-37.77151,Intersection,MARIBYRNONG,Metro,3,0,1,2,1,0,1,No
2018,November,14/11/18,07.34.00,Collision with vehicle,Tuesday,No,Day,Other injury accident,40 km/hr,144.96466,-37.73239,Intersection,MORELAND,Metro,2,0,1,1,0,0,0,No
2018,November,14/11/18,12.11.00,Collision with vehicle,Wednesday,No,Day,Other injury accident,50 km/hr,145.07169,-37.68058,Non-Intersection,WHITTLESEA,Metro,3,0,2,1,0,0,0,Yes
2018,November,14/11/18,14.25.00,Collision with object,Wednesday,No,Day,Other injury accident,110 km/hr,145.09128,-37.11957,Non-Intersection,MITCHELL,Country,2,0,0,2,1,0,0,No
2018,November,14/11/18,14.08.00,Collision with vehicle,Tuesday,No,Day,Other injury accident,80 km/hr,144.88007,-37.59175,Non-Intersection,HUME,Metro,2,0,2,0,0,0,0,No
2018,November,14/11/18,13.10.00,Collision with vehicle,Wednesday,No,Day,Other injury accident,60 km/hr,145.05561,-37.92071,Non-Intersection,GLEN EIRA,Metro,3,0,1,2,0,0,0,Yes
2018,November,14/11/18,14.00.00,Collision with vehicle,Wednesday,No,Day,Other injury accident,80 km/hr,144.80346,-37.71535,Intersection,BRIMBANK,Metro,2,0,0,2,0,0,0,No
2018,November,14/11/18,15.40.00,Struck pedestrian,Wednesday,No,Day,Serious injury accident,60 km/hr,145.02701,-37.35526,Non-Intersection,MITCHELL,Country,2,0,0,2,0,0,1,No
2018,November,14/11/18,16.47.00,Collision with vehicle,Tuesday,No,Day,Other injury accident,100 km/hr,145.2048,-38.05989,Non-Intersection,DANDENONG,Metro,2,0,2,0,0,0,1,No
2018,November,14/11/18,17.40.00,Collision with vehicle,Wednesday,No,Day,Other injury accident,80 km/hr,145.05501,-37.96174,Intersection,KINGSTON,Metro,3,0,2,0,1,0,0,No
2018,November,14/11/18,16.00.00,No collision and no object struck,Wednesday,No,Day,Serious injury accident,110 km/hr,143.96303,-37.55683,Non-Intersection,MOORABOOL,Country,3,0,1,2,2,0,0,No
2018,November,14/11/18,19.30.00,Collision with object,Wednesday,No,Day,Other injury accident,100 km/hr,143.67033,-36.66719,Non-Intersection,LODDON,Country,2,0,1,1,1,0,1,No
2018,November,14/11/18,20.20.00,Collision with vehicle,Tuesday,No,Dark,Other injury accident,60 km/hr,144.97015,-37.83471,Non-Intersection,PORT PHILLIP,Metro,2,0,2,0,0,0,0,No
2018,November,14/11/18,19.25.00,Collision with vehicle,Wednesday,No,Dark,Other injury accident,60 km/hr,144.99114,-37.83348,Intersection,STONNINGTON,Metro,2,0,2,0,0,0,1,No
2018,November,14/11/18,19.10.00,Collision with object,Wednesday,No,Day,Serious injury accident,60 km/hr,144.88657,-38.36084,Non-Intersection,MORNINGTON PENINSULA,Metro,1,0,1,0,0,1,0,No
2018,November,14/11/18,18.30.00,Collision with vehicle,Tuesday,No,Day,Other injury accident,50 km/hr,144.96762,-38.33369,Intersection,MORNINGTON PENINSULA,Metro,3,0,3,0,1,0,1,No
2018,November,14/11/18,17.10.00,Struck pedestrian,Wednesday,No,Day,Other injury accident,50 km/hr,144.91055,-37.70827,Non-Intersection,MORELAND,Metro,2,0,2,0,0,0,0,No
2018,November,14/11/18,15.50.00,Vehicle overturned,Tuesday,No,Day,Other injury accident,100 km/hr,141.24787,-36.98857,Non-Intersection,WEST WIMMERA,Country,1,0,0,1,0,0,0,No
2018,November,14/11/18,15.15.00,Collision with object,Wednesday,No,Day,Other injury accident,100 km/hr,145.48315,-36.94744,Non-Intersection,STRATHBOGIE,Country,1,0,0,1,0,0,1,No
2018,November,14/11/18,20.17.00,Collision with object,Wednesday,No,Dark,Serious injury accident,80 km/hr,145.13171,-37.91505,Non-Intersection,MONASH,Metro,2,0,1,1,1,0,0,No
2018,November,14/11/18,18.10.00,Collision with vehicle,Wednesday,No,Day,Other injury accident,80 km/hr,145.10737,-38.26369,Non-Intersection,MORNINGTON PENINSULA,Metro,2,0,1,1,0,0,0,No
2018,November,14/11/18,04.55.00,Collision with object,Tuesday,No,Dark,Other injury accident,60 km/hr,144.35843,-38.05899,Non-Intersection,GEELONG,Country,1,0,1,0,0,0,0,No
2018,November,14/11/18,21.30.00,Collision with vehicle,Wednesday,No,Dark,Serious injury accident,60 km/hr,145.03461,-37.97762,Intersection,BAYSIDE,Metro,2,0,2,0,0,0,1,No
2018,November,14/11/18,12.55.00,Collision with vehicle,Tuesday,No,Day,Serious injury accident,60 km/hr,144.27408,-36.75525,Intersection,BENDIGO,Country,4,0,2,2,2,0,0,No
2018,November,14/11/18,22.15.00,Collision with vehicle,Tuesday,No,Unk.,Other injury accident,60 km/hr,145.00244,-37.85309,Intersection,STONNINGTON,Metro,2,0,1,1,0,0,1,No
2018,November,15/11/18,18.45.00,Collision with vehicle,Thursday,No,Day,Other injury accident,60 km/hr,143.84057,-37.53819,Non-Intersection,BALLARAT,Country,4,0,4,0,2,0,0,No
2018,November,15/11/18,18.55.00,Collision with vehicle,Thursday,No,Day,Other injury accident,50 km/hr,145.44234,-36.08838,Intersection,MOIRA,Country,5,0,3,2,3,0,1,No
2018,November,15/11/18,00.30.00,Collision with object,Thursday,No,Dark,Other injury accident,80 km/hr,145.14022,-38.01389,Non-Intersection,KINGSTON,Metro,2,0,2,0,1,0,0,No
2018,November,15/11/18,09.25.00,Collision with vehicle,Wednesday,No,Day,Other injury accident,60 km/hr,143.83461,-37.58389,Intersection,BALLARAT,Country,3,0,1,2,1,0,0,No
2018,November,15/11/18,08.30.00,Collision with vehicle,Thursday,No,Day,Other injury accident,80 km/hr,145.09363,-38.23091,Off Road,MORNINGTON PENINSULA,Metro,2,0,1,1,0,0,0,No
2018,November,15/11/18,09.00.00,Collision with vehicle,Thursday,No,Day,Other injury accident,60 km/hr,145.02015,-37.82651,Intersection,YARRA RANGES,Metro,2,0,0,2,0,0,0,No
2018,November,15/11/18,06.31.00,Collision with vehicle,Thursday,No,Day,Serious injury accident,40 km/hr,144.96902,-37.79732,Intersection,MELBOURNE,Metro,2,0,2,0,0,0,0,No
2018,November,15/11/18,13.05.00,Struck pedestrian,Wednesday,No,Day,Serious injury accident,60 km/hr,144.70107,-37.88177,Intersection,WYNDHAM,Metro,2,0,1,1,0,0,0,No
2018,November,15/11/18,10.40.00,Collision with vehicle,Thursday,No,Day,Other injury accident,60 km/hr,145.02261,-37.74256,Intersection,DAREBIN,Metro,3,0,3,0,1,0,0,No
2018,November,15/11/18,06.41.00,Collision with vehicle,Thursday,No,Day,Serious injury accident,30km/hr,144.49873,-37.97098,Non-Intersection,WYNDHAM,Metro,2,0,2,0,0,0,0,No
2018,November,15/11/18,14.45.00,Collision with vehicle,Thursday,No,Day,Other injury accident,60 km/hr,145.20088,-37.78756,Intersection,MANNINGHAM,Metro,2,0,2,0,0,0,1,No
2018,November,15/11/18,07.30.00,Collision with vehicle,Thursday,No,Day,Other injury accident,50 km/hr,144.95989,-37.67339,Non-Intersection,HUME,Metro,2,0,2,0,0,0,0,No
2018,November,15/11/18,16.15.00,Collision with vehicle,Thursday,No,Day,Other injury accident,60 km/hr,144.8699,-37.78326,Non-Intersection,MARIBYRNONG,Metro,2,0,1,1,0,0,0,No
2018,November,15/11/18,17.35.00,Struck pedestrian,Thursday,No,Day,Serious injury accident,60 km/hr,144.97936,-37.4164,Non-Intersection,MITCHELL,Country,2,0,1,1,0,0,1,No
2018,November,15/11/18,17.30.00,Collision with vehicle,Thursday,No,Day,Other injury accident,60 km/hr,145.13032,-37.89354,Intersection,MONASH,Metro,2,0,1,1,0,0,1,No
2018,November,15/11/18,18.42.00,Struck pedestrian,Thursday,No,Day,Other injury accident,60 km/hr,145.07472,-37.9151,Non-Intersection,GLEN EIRA,Metro,3,0,1,2,0,1,0,No
2018,November,15/11/18,17.55.00,Collision with vehicle,Thursday,No,Day,Other injury accident,50 km/hr,146.68696,-36.35629,Intersection,INDIGO,Country,2,0,0,2,0,0,1,No
2018,November,15/11/18,21.33.00,Collision with vehicle,Wednesday,No,Dark,Other injury accident,40 km/hr,144.94793,-37.75903,Intersection,MORELAND,Metro,2,0,2,0,0,0,1,No
2018,November,15/11/18,20.44.00,Collision with vehicle,Wednesday,No,Dark,Other injury accident,50 km/hr,145.07543,-37.7432,Intersection,BANYULE,Metro,2,0,1,1,0,0,1,No
2018,November,15/11/18,20.48.00,Collision with vehicle,Wednesday,No,Dark,Other injury accident,30km/hr,145.08642,-37.88666,Non-Intersection,STONNINGTON,Metro,5,0,1,4,2,0,1,No
2018,November,15/11/18,01.46.00,Collision with vehicle,Thursday,No,Dark,Other injury accident,60 km/hr,142.14698,-34.19823,Intersection,MILDURA,Country,2,0,2,0,0,0,0,No
2018,November,15/11/18,17.00.00,Collision with object,Wednesday,No,Day,Other injury accident,70 km/hr,145.42034,-37.98733,Non-Intersection,CARDINIA,Metro,1,0,1,0,0,0,1,No
2018,November,15/11/18,15.10.00,Collision with vehicle,Wednesday,No,Day,Serious injury accident,60 km/hr,144.65289,-37.84487,Non-Intersection,WYNDHAM,Metro,2,0,1,1,0,0,0,No
2018,November,15/11/18,15.24.00,Collision with vehicle,Thursday,Yes,Day,Other injury accident,50 km/hr,145.03238,-37.89255,Intersection,GLEN EIRA,Metro,3,0,2,1,1,0,0,No
2018,November,15/11/18,14.30.00,Collision with vehicle,Thursday,No,Day,Other injury accident,40 km/hr,145.00289,-37.81895,Non-Intersection,YARRA RANGES,Metro,2,0,0,2,0,0,0,No
2018,November,15/11/18,13.05.00,Collision with vehicle,Thursday,No,Day,Other injury accident,50 km/hr,142.19714,-36.71785,Intersection,HORSHAM,Country,2,0,0,2,0,0,0,No
2018,November,16/11/18,14.00.00,Collision with vehicle,Friday,No,Day,Other injury accident,80 km/hr,145.23566,-37.91464,Intersection,KNOX,Metro,2,0,0,2,0,0,0,Yes
2018,November,16/11/18,06.45.00,Collision with vehicle,Thursday,No,Day,Other injury accident,60 km/hr,145.10825,-37.85486,Intersection,MONASH,Metro,2,0,2,0,0,0,0,No
2018,November,16/11/18,15.39.00,Collision with vehicle,Thursday,No,Day,Other injury accident,60 km/hr,144.85264,-37.67189,Intersection,HUME,Metro,3,0,2,1,0,0,0,No
2018,November,16/11/18,16.30.00,Collision with vehicle,Friday,No,Day,Other injury accident,100 km/hr,145.13719,-38.03215,Non-Intersection,KINGSTON,Metro,4,0,2,2,1,1,1,No
2018,November,16/11/18,16.20.00,Collision with vehicle,Thursday,No,Day,Other injury accident,80 km/hr,145.22691,-37.70499,Non-Intersection,NILLUMBIK,Metro,4,0,0,4,2,0,1,No
2018,November,16/11/18,15.55.00,Collision with vehicle,Friday,No,Day,Other injury accident,60 km/hr,145.02351,-37.81313,Intersection,BOROONDARA,Metro,2,0,1,1,0,0,0,No
2018,November,16/11/18,17.57.00,Collision with vehicle,Friday,No,Day,Other injury accident,60 km/hr,144.9326,-37.598,Non-Intersection,HUME,Metro,3,0,2,1,0,0,1,No
2018,November,16/11/18,14.55.00,Collision with vehicle,Friday,No,Day,Other injury accident,50 km/hr,145.10198,-37.93299,Non-Intersection,KINGSTON,Metro,1,0,0,1,0,1,0,No
2018,November,16/11/18,15.40.00,Collision with vehicle,Friday,No,Day,Other injury accident,60 km/hr,144.33037,-38.20178,Non-Intersection,GEELONG,Country,4,0,1,3,1,0,1,No
2018,November,16/11/18,17.00.00,Struck pedestrian,Friday,No,Day,Other injury accident,50 km/hr,145.00047,-37.71598,Non-Intersection,DAREBIN,Metro,3,0,2,1,1,0,1,No
2018,November,16/11/18,19.07.00,Collision with vehicle,Thursday,No,Day,Other injury accident,40 km/hr,144.96213,-37.76705,Intersection,MORELAND,Metro,2,0,2,0,0,0,0,No
2018,November,16/11/18,15.00.00,Collision with vehicle,Friday,No,Day,Serious injury accident,100 km/hr,144.77574,-37.86495,Non-Intersection,HOBSONS BAY,Metro,6,0,4,1,2,0,1,No
2018,November,16/11/18,08.15.00,Collision with vehicle,Friday,No,Day,Other injury accident,60 km/hr,145.04365,-37.82986,Intersection,BOROONDARA,Metro,2,0,1,1,0,0,0,No
2018,November,16/11/18,20.25.00,Collision with object,Friday,No,Day,Other injury accident,100 km/hr,146.2792,-38.04756,Non-Intersection,BAW BAW,Country,2,0,2,0,1,0,1,No
2018,November,16/11/18,20.40.00,Collision with vehicle,Friday,No,Dark,Other injury accident,60 km/hr,144.93504,-37.75202,Intersection,MORELAND,Metro,3,0,2,1,1,0,1,No
2018,November,16/11/18,16.00.00,Collision with vehicle,Friday,No,Dusk/Dawn,Other injury accident,50 km/hr,145.15319,-37.97162,Intersection,DANDENONG,Metro,3,0,1,2,1,0,0,No
2018,November,16/11/18,15.07.00,Struck pedestrian,Friday,No,Day,Other injury accident,50 km/hr,147.63114,-37.82622,Non-Intersection,EAST GIPPSLAND,Country,2,0,0,2,0,0,0,No
2018,November,16/11/18,13.30.00,Collision with object,Friday,No,Day,Fatal accident,100 km/hr,147.35645,-36.95244,Non-Intersection,EAST GIPPSLAND,Country,1,1,1,0,0,0,0,No
2018,November,16/11/18,11.30.00,Collision with object,Friday,No,Day,Serious injury accident,100 km/hr,147.57468,-37.01791,Intersection,EAST GIPPSLAND,Country,1,0,1,0,0,0,0,No
2018,November,16/11/18,00.31.00,Collision with object,Friday,No,Dark,Other injury accident,100 km/hr,144.68292,-37.49461,Non-Intersection,HUME,Metro,1,0,0,0,0,0,0,No
2018,November,16/11/18,04.15.00,Struck animal,Friday,No,Dark,Serious injury accident,80 km/hr,144.97471,-37.6471,Non-Intersection,WHITTLESEA,Metro,1,0,1,0,0,0,0,No
2018,November,16/11/18,06.18.00,Collision with vehicle,Friday,No,Day,Other injury accident,50 km/hr,145.30419,-38.1093,Non-Intersection,CASEY,Metro,2,0,2,0,0,0,0,No
2018,November,16/11/18,08.45.00,Struck pedestrian,Friday,No,Day,Other injury accident,50 km/hr,145.12892,-37.71064,Intersection,BANYULE,Metro,2,0,0,2,0,0,0,No
2018,November,16/11/18,08.23.00,No collision and no object struck,Friday,No,Day,Serious injury accident,110 km/hr,144.04067,-37.55065,Non-Intersection,MOORABOOL,Country,1,0,1,0,0,0,0,No
2018,November,16/11/18,09.50.00,Collision with vehicle,Friday,No,Day,Other injury accident,40 km/hr,143.84587,-37.52095,Non-Intersection,BALLARAT,Country,3,0,2,1,1,1,0,No
2018,November,16/11/18,09.37.00,Collision with vehicle,Friday,No,Day,Other injury accident,40 km/hr,144.9709,-37.81421,Non-Intersection,MELBOURNE,Metro,3,0,1,2,1,0,0,No
2018,November,16/11/18,08.35.00,Struck pedestrian,Friday,No,Day,Serious injury accident,80 km/hr,145.18104,-37.92123,Intersection,MONASH,Metro,2,0,2,0,0,0,0,No
2018,November,16/11/18,10.59.00,Collision with vehicle,Friday,No,Day,Other injury accident,80 km/hr,144.68826,-37.57614,Intersection,HUME,Metro,4,0,4,0,2,0,0,No
2018,November,16/11/18,06.57.00,Collision with vehicle,Friday,No,Day,Other injury accident,50 km/hr,144.99324,-37.88039,Off Road,PORT PHILLIP,Metro,4,0,1,1,2,0,1,No
2018,November,16/11/18,11.05.00,Collision with vehicle,Friday,No,Day,Other injury accident,80 km/hr,145.05192,-37.95743,Intersection,KINGSTON,Metro,3,0,1,2,0,0,1,No
2018,November,16/11/18,11.58.00,Collision with vehicle,Friday,No,Day,Other injury accident,40 km/hr,142.80868,-37.11242,Non-Intersection,NORTHERN GRAMPIANS,Country,5,0,2,3,2,0,1,No
2018,November,16/11/18,17.55.00,Collision with vehicle,Thursday,No,Day,Other injury accident,40 km/hr,145.14899,-37.71213,Non-Intersection,NILLUMBIK,Metro,2,0,2,0,0,0,0,No
2018,November,16/11/18,16.30.00,Collision with vehicle,Friday,No,Day,Other injury accident,60 km/hr,145.05908,-37.94732,Non-Intersection,KINGSTON,Metro,2,0,2,0,0,0,0,No
2018,November,17/11/18,01.45.00,Collision with object,Saturday,No,Dark,Other injury accident,60 km/hr,145.02197,-37.8869,Intersection,GLEN EIRA,Metro,1,0,1,0,0,0,0,Yes
2018,November,17/11/18,06.45.00,Collision with vehicle,Saturday,No,Day,Serious injury accident,80 km/hr,145.23828,-37.97269,Non-Intersection,CASEY,Metro,3,0,2,1,1,0,0,No
2018,November,17/11/18,07.03.00,Collision with object,Saturday,No,Day,Serious injury accident,80 km/hr,143.71376,-37.51416,Non-Intersection,BALLARAT,Country,1,0,1,0,0,0,1,No
2018,November,17/11/18,11.30.00,Collision with vehicle,Saturday,No,Day,Other injury accident,60 km/hr,145.06122,-37.937,Non-Intersection,KINGSTON,Metro,3,0,1,2,0,1,0,No
2018,November,17/11/18,12.15.00,Collision with vehicle,Saturday,No,Day,Other injury accident,60 km/hr,145.025,-37.73227,Intersection,DAREBIN,Metro,2,0,1,1,0,0,0,No
2018,November,17/11/18,09.18.00,Collision with object,Saturday,No,Day,Serious injury accident,80 km/hr,144.02706,-38.48715,Non-Intersection,SURF COAST,Country,1,0,1,0,0,0,0,No
2018,November,17/11/18,11.15.00,Collision with vehicle,Saturday,No,Day,Other injury accident,60 km/hr,144.34806,-38.08675,Intersection,GEELONG,Country,6,0,2,4,3,0,1,No
2018,November,17/11/18,06.30.00,Struck pedestrian,Saturday,No,Dusk/Dawn,Serious injury accident,80 km/hr,145.26638,-38.00537,Non-Intersection,CASEY,Metro,2,0,1,1,0,0,0,No
2018,November,17/11/18,12.42.00,Collision with vehicle,Friday,No,Day,Other injury accident,70 km/hr,144.35363,-38.14296,Non-Intersection,GEELONG,Country,7,0,3,4,4,0,0,No
2018,November,17/11/18,08.00.00,Struck pedestrian,Friday,No,Day,Other injury accident,50 km/hr,144.9511,-37.80322,Intersection,MELBOURNE,Metro,2,0,2,0,0,0,0,No
2018,November,17/11/18,12.37.00,Collision with object,Saturday,No,Day,Other injury accident,80 km/hr,145.15192,-37.85274,Intersection,WHITEHORSE,Metro,2,0,0,2,1,0,1,No
2018,November,17/11/18,17.00.00,Collision with vehicle,Saturday,No,Day,Other injury accident,40 km/hr,144.98073,-37.87034,Non-Intersection,PORT PHILLIP,Metro,2,0,2,0,0,0,0,No
2018,November,17/11/18,16.45.00,Struck pedestrian,Friday,Yes,Day,Serious injury accident,50 km/hr,145.23542,-37.81949,Intersection,MAROONDAH,Metro,2,0,0,1,0,0,0,No
2018,November,17/11/18,13.03.00,Collision with object,Saturday,No,Day,Fatal accident,80 km/hr,146.10267,-37.90344,Non-Intersection,BAW BAW,Country,1,1,1,0,0,0,0,No
2018,November,17/11/18,17.10.00,Collision with vehicle,Friday,No,Day,Other injury accident,80 km/hr,145.20039,-37.85897,Non-Intersection,WHITEHORSE,Metro,3,0,2,1,1,0,0,No
2018,November,17/11/18,17.10.00,Collision with object,Saturday,No,Day,Other injury accident,60 km/hr,145.13119,-38.1515,Intersection,FRANKSTON,Metro,1,0,1,0,0,0,0,No
2018,November,17/11/18,18.13.00,Collision with vehicle,Friday,No,Day,Other injury accident,60 km/hr,145.0448,-37.82373,Intersection,BOROONDARA,Metro,8,0,3,5,4,0,0,No
2018,November,17/11/18,18.25.00,Collision with vehicle,Friday,No,Day,Other injury accident,50 km/hr,145.02008,-37.89746,Non-Intersection,GLEN EIRA,Metro,3,0,1,2,1,1,1,No
2018,November,17/11/18,17.25.00,Collision with vehicle,Saturday,No,Day,Other injury accident,100 km/hr,141.34954,-38.19592,Intersection,GLENELG,Country,5,0,3,2,3,0,0,No
2018,November,17/11/18,19.20.00,Collision with vehicle,Friday,No,Day,Other injury accident,80 km/hr,145.03398,-37.9324,Non-Intersection,GLEN EIRA,Metro,7,0,6,1,1,0,0,No
2018,November,17/11/18,19.51.00,Collision with vehicle,Friday,No,Dusk/Dawn,Serious injury accident,80 km/hr,144.94924,-37.82654,Non-Intersection,MELBOURNE,Metro,2,0,1,1,0,0,2,No
2018,November,17/11/18,22.50.00,Struck animal,Saturday,No,Dark,Serious injury accident,100 km/hr,144.95234,-37.31719,Non-Intersection,MITCHELL,Country,1,0,0,1,0,0,0,No
2018,November,17/11/18,23.40.00,Collision with vehicle,Saturday,No,Dark,Serious injury accident,80 km/hr,144.95447,-37.7994,Non-Intersection,MELBOURNE,Metro,1,0,1,0,0,0,0,No
2018,November,17/11/18,05.45.00,Collision with vehicle,Saturday,No,Dusk/Dawn,Other injury accident,80 km/hr,145.2279,-38.00585,Intersection,DANDENONG,Metro,3,0,1,1,1,0,0,No
2018,November,17/11/18,22.42.00,Collision with vehicle,Saturday,No,Dark,Fatal accident,80 km/hr,145.28761,-37.88866,Intersection,KNOX,Metro,3,1,2,1,1,0,0,No
2018,November,17/11/18,23.05.00,Struck pedestrian,Saturday,No,Dark,Fatal accident,80 km/hr,145.24572,-38.14667,Non-Intersection,CASEY,Metro,5,1,4,1,3,0,0,No
2018,November,17/11/18,16.27.00,Collision with vehicle,Saturday,No,Day,Other injury accident,60 km/hr,143.84111,-37.59222,Non-Intersection,BALLARAT,Country,3,0,2,1,0,0,0,No
2018,November,17/11/18,21.00.00,Collision with vehicle,Saturday,No,Dark,Other injury accident,80 km/hr,145.24062,-37.92765,Intersection,KNOX,Metro,3,0,1,2,1,0,0,No
2018,November,17/11/18,04.00.00,Collision with object,Friday,No,Dark,Other injury accident,100 km/hr,144.98884,-38.32999,Non-Intersection,MORNINGTON PENINSULA,Metro,1,0,1,0,0,0,1,No
2018,November,17/11/18,13.30.00,Collision with vehicle,Saturday,No,Day,Other injury accident,60 km/hr,145.01718,-37.82724,Intersection,YARRA RANGES,Metro,2,0,0,2,0,0,0,No
2018,November,17/11/18,00.20.00,Collision with vehicle,Saturday,No,Dark,Other injury accident,80 km/hr,145.2112,-37.86102,Intersection,KNOX,Metro,3,0,3,0,1,0,0,No
2018,November,17/11/18,16.30.00,Collision with vehicle,Saturday,No,Day,Other injury accident,50 km/hr,144.74375,-37.84112,Off Road,WYNDHAM,Metro,2,0,1,1,0,0,0,No
2018,November,17/11/18,03.00.00,Struck pedestrian,Saturday,Yes,Dark,Other injury accident,30km/hr,144.96066,-37.82303,Off Road,MELBOURNE,Metro,2,0,1,1,0,0,0,No
2018,November,17/11/18,07.00.00,Collision with vehicle,Friday,Yes,Unk.,Other injury accident,60 km/hr,145.00706,-37.82668,Intersection,YARRA RANGES,Metro,2,0,1,0,0,0,0,No
2018,November,17/11/18,20.30.00,Collision with vehicle,Saturday,No,Dusk/Dawn,Serious injury accident,60 km/hr,145.0435,-37.73905,Non-Intersection,BANYULE,Metro,2,0,1,1,0,0,1,No
2018,November,17/11/18,15.15.00,Collision with vehicle,Friday,No,Day,Other injury accident,60 km/hr,144.28509,-36.77642,Intersection,BENDIGO,Country,2,0,1,1,0,0,0,No
2018,November,17/11/18,06.09.00,Vehicle overturned,Saturday,No,Day,Serious injury accident,60 km/hr,144.96206,-37.82779,Intersection,MELBOURNE,Metro,1,0,1,0,0,0,0,No
2018,November,18/11/18,01.00.00,Struck pedestrian,,No,Dark,Other injury accident,40 km/hr,144.95553,-37.81756,Non-Intersection,MELBOURNE,Metro,2,0,1,1,0,0,0,No
2018,November,18/11/18,00.30.00,Struck pedestrian,Sunday,No,Dark,Other injury accident,50 km/hr,142.13746,-34.19459,Non-Intersection,MILDURA,Country,2,0,1,1,0,0,0,No
2018,November,18/11/18,05.00.00,Struck animal,Sunday,No,Dark,Other injury accident,100 km/hr,143.48067,-38.34121,Non-Intersection,COLAC OTWAY,Country,1,0,1,0,0,0,0,No
2018,November,18/11/18,05.22.00,Collision with object,Sunday,No,Dusk/Dawn,Other injury accident,60 km/hr,145.2303,-37.80454,Intersection,MAROONDAH,Metro,3,0,3,0,2,0,1,No
2018,November,18/11/18,08.56.00,Collision with vehicle,Sunday,No,Day,Other injury accident,60 km/hr,144.7525,-37.79632,Non-Intersection,MELTON,Metro,2,0,1,1,0,0,0,No
2018,November,18/11/18,09.50.00,Collision with vehicle,,No,Day,Serious injury accident,100 km/hr,142.5035,-37.14514,Intersection,NORTHERN GRAMPIANS,Country,2,0,2,0,0,0,0,No