year,month,date,time,accident_type,day,hit_run,light_condition,severity,speed_zone,longitude,latitude,node_type,lga,state_div,total_persons,fatality,males,females,passengers,old_driver,young_driver,alcohol
2018,November,18/11/18,09.13.00,Vehicle overturned,Sunday,No,Day,Other injury accident,80 km/hr,146.47566,-38.21803,Intersection,LATROBE,Country,1,0,1,0,0,0,0,No
2018,November,18/11/18,12.00.00,Struck pedestrian,Sunday,No,Day,Serious injury accident,50 km/hr,146.318,-36.36115,Intersection,WANGARATTA,Country,4,0,1,3,2,0,0,No
2018,November,18/11/18,13.10.00,Collision with vehicle,,No,Day,Other injury accident,80 km/hr,147.05622,-38.08435,Intersection,WELLINGTON,Country,4,0,1,3,2,0,1,No
2018,November,18/11/18,12.45.00,Collision with vehicle,Sunday,No,Day,Serious injury accident,60 km/hr,145.42693,-38.14641,Non-Intersection,CARDINIA,Metro,5,0,3,2,3,0,1,No
2018,November,18/11/18,01.30.00,Vehicle overturned,,No,Dark,Serious injury accident,100 km/hr,143.44194,-37.0209,Non-Intersection,PYRENEES,Country,3,0,1,2,2,0,0,No
2018,November,18/11/18,15.50.00,Collision with object,Sunday,No,Day,Other injury accident,100 km/hr,145.01948,-37.79093,Non-Intersection,BOROONDARA,Metro,1,0,1,0,0,0,0,No
2018,November,18/11/18,14.10.00,Collision with vehicle,,No,Day,Other injury accident,100 km/hr,144.8882,-38.3981,Intersection,MORNINGTON PENINSULA,Metro,4,0,3,1,2,0,1,No
2018,November,18/11/18,14.10.00,Collision with vehicle,,No,Day,Other injury accident,70 km/hr,144.60214,-37.68903,Non-Intersection,MELTON,Metro,2,0,1,1,0,0,0,No
2018,November,18/11/18,14.20.00,Struck pedestrian,Sunday,No,Day,Serious injury accident,80 km/hr,145.09497,-38.19099,Intersection,MORNINGTON PENINSULA,Metro,2,0,1,1,0,0,0,No
2018,November,18/11/18,17.50.00,Collision with vehicle,Sunday,Yes,Day,Other injury accident,60 km/hr,145.08429,-37.99836,Intersection,KINGSTON,Metro,2,0,1,0,0,0,0,No
2018,November,18/11/18,16.30.00,Collision with vehicle,Sunday,No,Day,Other injury accident,80 km/hr,147.59189,-37.84195,Intersection,EAST GIPPSLAND,Country,3,0,0,3,1,0,0,No
2018,November,18/11/18,14.00.00,Collision with object,Sunday,No,Day,Fatal accident,100 km/hr,143.78437,-36.41965,Non-Intersection,LODDON,Country,1,1,1,0,0,0,0,Yes
2018,November,18/11/18,16.30.00,Collision with vehicle,Sunday,No,Day,Other injury accident,100 km/hr,144.64791,-37.53937,Non-Intersection,HUME,Metro,6,0,3,3,4,0,0,No
2018,November,18/11/18,11.55.00,Collision with object,Sunday,No,Day,Fatal accident,80 km/hr,146.18643,-38.25108,Non-Intersection,BAW BAW,Country,2,1,1,1,0,0,0,No
2018,November,18/11/18,18.30.00,Collision with vehicle,Sunday,No,Day,Other injury accident,50 km/hr,144.7609,-37.76489,Non-Intersection,BRIMBANK,Metro,1,0,1,0,0,0,0,No
2018,November,18/11/18,18.30.00,Collision with vehicle,,No,Day,Other injury accident,80 km/hr,144.95709,-37.69207,Non-Intersection,MORELAND,Metro,2,0,2,0,0,0,1,No
2018,November,18/11/18,19.03.00,Collision with vehicle,Sunday,Yes,Day,Serious injury accident,70 km/hr,145.00736,-37.65868,Intersection,WHITTLESEA,Metro,6,0,6,0,3,0,1,Yes
2018,November,18/11/18,21.25.00,Collision with vehicle,,No,Dark,Serious injury accident,60 km/hr,145.16774,-37.80299,Non-Intersection,WHITEHORSE,Metro,3,0,0,3,0,0,0,No
2018,November,18/11/18,21.09.00,Collision with vehicle,Sunday,No,Dark,Other injury accident,60 km/hr,144.93501,-37.5833,Intersection,HUME,Metro,7,0,5,2,4,0,1,No
2018,November,18/11/18,20.00.00,Collision with vehicle,,No,Day,Other injury accident,50 km/hr,144.96404,-37.75592,Non-Intersection,MORELAND,Metro,2,0,1,1,0,0,0,No
2018,November,18/11/18,21.15.00,Collision with vehicle,Sunday,No,Dark,Serious injury accident,100 km/hr,145.03129,-36.35371,Intersection,CAMPASPE,Country,8,0,3,5,6,0,0,No
2018,November,18/11/18,20.55.00,Struck pedestrian,Sunday,No,Dark,Fatal accident,40 km/hr,144.99589,-37.83818,Intersection,STONNINGTON,Metro,2,1,2,0,0,0,0,Yes
2018,November,18/11/18,11.50.00,Collision with vehicle,,No,Day,Other injury accident,100 km/hr,146.20127,-38.34327,Intersection,SOUTH GIPPSLAND,Country,4,0,0,4,2,0,1,No
2018,November,18/11/18,04.00.00,Collision with object,,No,Dark,Other injury accident,100 km/hr,145.5828,-37.44289,Non-Intersection,MURRINDINDI,Country,2,0,2,0,1,0,1,No
2018,November,18/11/18,18.33.00,Collision with vehicle,Sunday,No,Day,Other injury accident,40 km/hr,144.99562,-37.8395,Intersection,STONNINGTON,Metro,2,0,1,1,0,0,1,No
2018,November,18/11/18,20.53.00,Collision with vehicle,Sunday,No,Dark,Serious injury accident,60 km/hr,144.94305,-37.80544,Intersection,MELBOURNE,Metro,5,0,5,0,0,0,1,No
2018,November,18/11/18,09.40.00,Collision with vehicle,Sunday,No,Day,Other injury accident,80 km/hr,145.20193,-37.92392,Non-Intersection,MONASH,Metro,3,0,1,2,0,0,2,No
2018,November,18/11/18,18.05.00,Collision with vehicle,Sunday,No,Day,Other injury accident,80 km/hr,145.44264,-38.06181,Intersection,CARDINIA,Metro,4,0,1,3,2,0,0,No
2018,November,19/11/18,15.30.00,Struck pedestrian,Sunday,Yes,Day,Other injury accident,80 km/hr,145.21351,-38.02378,Intersection,DANDENONG,Metro,2,0,1,1,0,0,1,No
2018,November,19/11/18,03.19.00,Collision with object,Monday,No,Dark,Other injury accident,70 km/hr,145.13388,-37.73179,Non-Intersection,BANYULE,Metro,1,0,0,1,0,0,1,No
2018,November,19/11/18,06.50.00,Collision with object,Monday,No,Day,Other injury accident,50 km/hr,144.36465,-38.09972,Intersection,GEELONG,Country,1,0,0,1,0,0,0,No
2018,November,19/11/18,07.30.00,Collision with vehicle,Sunday,No,Day,Other injury accident,40 km/hr,144.99604,-37.83741,Intersection,STONNINGTON,Metro,2,0,2,0,0,0,0,No
2018,November,19/11/18,09.00.00,Collision with vehicle,Monday,No,Day,Serious injury accident,50 km/hr,145.12385,-38.19378,Intersection,FRANKSTON,Metro,3,0,2,1,1,0,0,No
2018,November,19/11/18,10.25.00,Struck pedestrian,Monday,No,Day,Fatal accident,60 km/hr,144.91853,-37.75624,Non-Intersection,MOONEE VALLEY,Metro,2,1,2,0,0,1,0,No
2018,November,19/11/18,09.00.00,Collision with vehicle,Sunday,No,Day,Other injury accident,80 km/hr,145.09715,-38.33886,Intersection,MORNINGTON PENINSULA,Metro,6,0,3,3,4,0,1,No
2018,November,19/11/18,12.46.00,Collision with vehicle,Monday,No,Day,Other injury accident,60 km/hr,145.01429,-37.88959,Non-Intersection,GLEN EIRA,Metro,2,0,1,1,0,0,0,No
2018,November,19/11/18,07.00.00,Collision with vehicle,Monday,No,Day,Other injury accident,100 km/hr,144.66109,-37.72886,Non-Intersection,MELTON,Metro,4,0,3,1,2,0,0,No
2018,November,19/11/18,11.45.00,Collision with vehicle,Sunday,No,Day,Other injury accident,60 km/hr,144.70444,-37.89784,Intersection,WYNDHAM,Metro,3,0,2,1,1,0,1,No
2018,November,19/11/18,14.00.00,Collision with vehicle,Sunday,No,Day,Other injury accident,60 km/hr,144.73952,-37.75916,Intersection,MELTON,Metro,3,0,2,1,1,0,0,No
2018,November,19/11/18,14.00.00,Collision with object,Sunday,Not known,Day,Other injury accident,100 km/hr,145.65419,-37.85086,Non-Intersection,YARRA RANGES,Metro,2,0,1,1,0,0,0,No
2018,November,19/11/18,14.28.00,Collision with object,Monday,No,Day,Other injury accident,100 km/hr,144.78991,-37.79856,Non-Intersection,BRIMBANK,Metro,1,0,1,0,0,0,0,No
2018,November,19/11/18,18.03.00,Collision with vehicle,Monday,No,Day,Other injury accident,50 km/hr,146.31116,-36.36072,Intersection,WANGARATTA,Country,3,0,1,1,1,0,0,No
2018,November,19/11/18,15.16.00,Struck pedestrian,Monday,No,Day,Other injury accident,60 km/hr,145.11928,-37.81754,Intersection,WHITEHORSE,Metro,2,0,1,1,0,1,0,No
2018,November,19/11/18,16.38.00,Collision with vehicle,Monday,No,Day,Serious injury accident,60 km/hr,145.31527,-37.80627,Intersection,YARRA RANGES,Metro,2,0,1,1,0,0,0,No
2018,November,19/11/18,17.24.00,Collision with object,Sunday,No,Day,Serious injury accident,100 km/hr,145.24695,-38.02842,Non-Intersection,CASEY,Metro,2,0,1,1,1,0,0,No
2018,November,19/11/18,20.02.00,Collision with vehicle,Monday,No,Dark,Other injury accident,80 km/hr,145.29823,-38.06897,Non-Intersection,CASEY,Metro,2,0,1,1,0,0,2,No
2018,November,19/11/18,23.05.00,Collision with vehicle,Monday,No,Dark,Other injury accident,100 km/hr,144.79411,-37.77444,Non-Intersection,BRIMBANK,Metro,2,0,2,0,0,0,2,No
2018,November,19/11/18,10.50.00,Collision with object,Sunday,No,Day,Serious injury accident,80 km/hr,144.74471,-37.27731,Off Road,MACEDON RANGES,Country,2,0,0,2,1,0,0,No
2018,November,19/11/18,16.39.00,Collision with vehicle,Monday,No,Day,Other injury accident,60 km/hr,145.21735,-37.81711,Intersection,MAROONDAH,Metro,2,0,1,1,0,0,0,No
2018,November,19/11/18,17.20.00,Collision with vehicle,Sunday,No,Unk.,Other injury accident,80 km/hr,145.15814,-37.922,Non-Intersection,MONASH,Metro,2,0,1,1,0,0,0,No
2018,November,19/11/18,16.20.00,Collision with vehicle,Monday,No,Day,Other injury accident,60 km/hr,144.91158,-38.37334,Intersection,MORNINGTON PENINSULA,Metro,2,0,1,1,0,0,0,No
2018,November,20/11/18,21.00.00,Struck animal,Monday,No,Dark,Other injury accident,100 km/hr,146.67159,-36.38565,Non-Intersection,INDIGO,Country,1,0,1,0,0,0,0,No
2018,November,20/11/18,11.00.00,Collision with object,Tuesday,No,Day,Other injury accident,50 km/hr,145.05304,-37.74944,Intersection,BANYULE,Metro,2,0,1,1,1,0,0,No
2018,November,20/11/18,00.19.00,Collision with object,Tuesday,No,Dark,Other injury accident,50 km/hr,144.96999,-37.77575,Non-Intersection,MORELAND,Metro,1,0,0,1,0,0,0,No
2018,November,20/11/18,07.00.00,Collision with vehicle,Monday,No,Day,Other injury accident,60 km/hr,145.06252,-37.80079,Intersection,BOROONDARA,Metro,2,0,1,1,0,0,1,No
2018,November,20/11/18,05.45.00,Struck animal,Tuesday,No,Dusk/Dawn,Other injury accident,80 km/hr,145.34119,-37.72495,Non-Intersection,YARRA RANGES,Metro,3,0,3,0,1,0,0,No
2018,November,20/11/18,12.18.00,Vehicle overturned,Tuesday,No,Day,Serious injury accident,100 km/hr,143.45842,-37.80057,Non-Intersection,GOLDEN PLAINS,Country,1,0,1,0,0,0,0,No
2018,November,20/11/18,09.00.00,Collision with vehicle,Monday,No,Day,Other injury accident,60 km/hr,144.98805,-37.8697,Intersection,PORT PHILLIP,Metro,2,0,1,1,0,0,0,No
2018,November,20/11/18,09.30.00,Collision with vehicle,Tuesday,Yes,Day,Other injury accident,100 km/hr,145.10012,-37.78483,Non-Intersection,BOROONDARA,Metro,2,0,0,1,0,0,0,No
2018,November,20/11/18,11.25.00,Collision with vehicle,Tuesday,No,Day,Serious injury accident,60 km/hr,144.86331,-37.68214,Intersection,HUME,Metro,2,0,1,1,0,0,1,No
2018,November,20/11/18,10.55.00,Collision with vehicle,Tuesday,No,Day,Other injury accident,70 km/hr,144.7758,-37.76539,Intersection,BRIMBANK,Metro,4,0,1,3,2,0,0,No
2018,November,20/11/18,11.01.00,Collision with object,Tuesday,No,Day,Other injury accident,110 km/hr,144.51325,-37.69025,Non-Intersection,MOORABOOL,Country,1,0,0,1,0,0,0,No
2018,November,20/11/18,11.50.00,Collision with vehicle,Tuesday,No,Day,Other injury accident,60 km/hr,144.98201,-37.85327,Intersection,PORT PHILLIP,Metro,2,0,0,2,0,1,1,No
2018,November,20/11/18,13.10.00,Collision with vehicle,Tuesday,No,Day,Serious injury accident,80 km/hr,144.97911,-37.41637,Intersection,MITCHELL,Country,5,0,3,2,2,0,0,No
2018,November,20/11/18,13.38.00,Struck pedestrian,Tuesday,No,Day,Other injury accident,50 km/hr,144.79553,-37.73177,Non-Intersection,BRIMBANK,Metro,2,0,2,0,0,0,0,No
2018,November,20/11/18,07.25.00,Collision with vehicle,Tuesday,No,Day,Other injury accident,60 km/hr,145.21253,-38.02871,Intersection,DANDENONG,Metro,2,0,2,0,0,0,1,No
2018,November,20/11/18,16.05.00,Collision with vehicle,Monday,No,Day,Other injury accident,40 km/hr,144.96714,-37.81071,Non-Intersection,MELBOURNE,Metro,2,0,2,0,0,0,0,No
2018,November,20/11/18,16.16.00,Collision with object,Tuesday,No,Day,Serious injury accident,100 km/hr,146.71008,-38.35342,Non-Intersection,WELLINGTON,Country,1,0,1,0,0,0,0,Yes
2018,November,20/11/18,11.30.00,Struck pedestrian,Tuesday,No,Day,Other injury accident,80 km/hr,145.23033,-37.89911,Intersection,KNOX,Metro,2,0,0,2,0,0,0,No
2018,November,20/11/18,17.30.00,Collision with vehicle,Tuesday,No,Day,Serious injury accident,80 km/hr,145.15864,-37.91885,Non-Intersection,MONASH,Metro,2,0,2,0,0,0,0,No
2018,November,20/11/18,16.45.00,Collision with object,Tuesday,No,Day,Serious injury accident,60 km/hr,145.0461,-37.89339,Intersection,GLEN EIRA,Metro,1,0,1,0,0,0,0,No
2018,November,20/11/18,19.30.00,Collision with object,Tuesday,No,Dusk/Dawn,Other injury accident,50 km/hr,142.16415,-34.1907,Non-Intersection,MILDURA,Country,2,0,0,2,1,0,0,No
2018,November,20/11/18,14.16.00,Collision with vehicle,Tuesday,No,Day,Fatal accident,60 km/hr,144.98652,-37.83832,Intersection,STONNINGTON,Metro,2,1,1,1,0,0,0,No
2018,November,20/11/18,16.15.00,Collision with vehicle,Monday,No,Day,Other injury accident,80 km/hr,144.6663,-37.68369,Non-Intersection,MELTON,Metro,2,0,1,1,0,0,0,No
2018,November,20/11/18,20.00.00,Collision with vehicle,Monday,No,Dark,Other injury accident,80 km/hr,145.16398,-38.10758,Non-Intersection,FRANKSTON,Metro,2,0,1,1,0,1,1,No
2018,November,20/11/18,21.25.00,Collision with vehicle,Tuesday,No,Dark,Other injury accident,60 km/hr,142.03507,-37.74197,Intersection,SOUTHERN GRAMPIANS,Country,4,0,1,3,2,0,1,No
2018,November,20/11/18,23.00.00,Collision with vehicle,Tuesday,No,Dark,Other injury accident,60 km/hr,144.73167,-37.84341,Intersection,WYNDHAM,Metro,3,0,3,0,1,0,1,No
2018,November,20/11/18,17.25.00,Collision with object,Tuesday,No,Day,Other injury accident,100 km/hr,144.83107,-37.71211,Non-Intersection,BRIMBANK,Metro,1,0,1,0,0,0,0,No
2018,November,20/11/18,17.15.00,Collision with vehicle,Monday,No,Day,Other injury accident,40 km/hr,144.96284,-37.77995,Non-Intersection,MELBOURNE,Metro,2,0,1,1,0,0,0,No
2018,November,20/11/18,08.50.00,Collision with vehicle,Tuesday,No,Day,Other injury accident,60 km/hr,145.19516,-38.15308,Non-Intersection,FRANKSTON,Metro,5,0,2,3,3,0,0,No
2018,November,20/11/18,05.20.00,Struck animal,Monday,No,Dusk/Dawn,Other injury accident,110 km/hr,144.50288,-37.29447,Non-Intersection,MACEDON RANGES,Country,4,0,2,0,0,0,0,No
2018,November,20/11/18,13.10.00,Collision with vehicle,Tuesday,No,Day,Serious injury accident,100 km/hr,144.33187,-38.25061,Non-Intersection,SURF COAST,Country,2,0,2,0,0,0,1,No
2018,November,21/11/18,06.30.00,Collision with vehicle,Wednesday,No,Day,Other injury accident,60 km/hr,144.97674,-37.84607,Non-Intersection,PORT PHILLIP,Metro,2,0,2,0,0,0,0,No
2018,November,21/11/18,21.10.00,Collision with vehicle,Tuesday,No,Dark,Other injury accident,60 km/hr,144.90683,-37.80592,Non-Intersection,MARIBYRNONG,Metro,2,0,2,0,0,0,0,No
2018,November,21/11/18,13.50.00,Collision with vehicle,Tuesday,Yes,Day,Other injury accident,50 km/hr,144.95727,-37.74224,Intersection,MORELAND,Metro,2,0,0,1,0,0,0,No
2018,November,21/11/18,07.35.00,Collision with vehicle,Wednesday,No,Day,Other injury accident,50 km/hr,145.00206,-37.74977,Non-Intersection,DAREBIN,Metro,3,0,2,1,1,0,0,No
2018,November,21/11/18,18.00.00,Collision with vehicle,Tuesday,No,Unk.,Other injury accident,50 km/hr,145.47444,-38.07529,Intersection,CARDINIA,Metro,2,0,0,2,0,0,0,No
2018,November,21/11/18,00.12.00,Struck pedestrian,Wednesday,Yes,Dark,Serious injury accident,80 km/hr,145.17564,-37.82068,Intersection,WHITEHORSE,Metro,2,0,2,0,0,0,0,No
2018,November,21/11/18,07.30.00,Collision with vehicle,Wednesday,No,Day,Other injury accident,60 km/hr,145.02494,-37.77991,Non-Intersection,DAREBIN,Metro,2,0,2,0,0,0,2,No
2018,November,21/11/18,08.24.00,No collision and no object struck,Tuesday,No,Day,Other injury accident,60 km/hr,144.27423,-36.74357,Intersection,BENDIGO,Country,2,0,2,0,0,0,0,No
2018,November,21/11/18,08.13.00,Collision with vehicle,Tuesday,No,Day,Other injury accident,100 km/hr,144.44763,-36.77633,Non-Intersection,BENDIGO,Country,2,0,2,0,0,0,1,No
2018,November,21/11/18,07.43.00,Collision with vehicle,Tuesday,No,Day,Other injury accident,110 km/hr,144.60345,-37.69527,Non-Intersection,MELTON,Metro,6,0,1,5,4,0,0,No
2018,November,21/11/18,08.50.00,Collision with vehicle,Tuesday,No,Day,Other injury accident,70 km/hr,145.15445,-37.94023,Non-Intersection,DANDENONG,Metro,3,0,1,2,1,0,0,No
2018,November,21/11/18,07.00.00,Collision with vehicle,Wednesday,No,Day,Other injury accident,100 km/hr,144.75955,-37.66898,Non-Intersection,BRIMBANK,Metro,3,0,2,1,0,0,2,No
2018,November,21/11/18,10.50.00,Collision with vehicle,Wednesday,No,Day,Serious injury accident,60 km/hr,144.34364,-38.20529,Non-Intersection,GEELONG,Country,3,0,2,1,1,1,0,No
2018,November,21/11/18,09.35.00,Collision with vehicle,Wednesday,No,Day,Other injury accident,80 km/hr,144.71294,-37.60197,Non-Intersection,HUME,Metro,4,0,1,3,2,0,1,No
2018,November,21/11/18,11.45.00,Collision with object,Wednesday,No,Day,Other injury accident,80 km/hr,144.94288,-37.59686,Non-Intersection,HUME,Metro,1,0,0,1,0,0,1,No
2018,November,21/11/18,11.30.00,Collision with vehicle,Wednesday,No,Day,Other injury accident,60 km/hr,144.88659,-37.82076,Intersection,MARIBYRNONG,Metro,2,0,2,0,0,0,0,No
2018,November,21/11/18,13.35.00,Struck pedestrian,Wednesday,No,Day,Other injury accident,50 km/hr,145.21264,-37.98716,Non-Intersection,DANDENONG,Metro,2,0,1,1,0,0,0,No
2018,November,21/11/18,08.55.00,Collision with vehicle,Wednesday,Yes,Day,Serious injury accident,60 km/hr,143.85894,-37.55566,Intersection,BALLARAT,Country,2,0,0,1,0,0,0,No
2018,November,21/11/18,07.45.00,Collision with vehicle,Tuesday,No,Day,Other injury accident,80 km/hr,144.92804,-37.65591,Non-Intersection,HUME,Metro,4,0,2,2,0,0,0,No
2018,November,21/11/18,11.00.00,Collision with vehicle,Tuesday,No,Day,Other injury accident,50 km/hr,143.91741,-35.72669,Intersection,GANNAWARRA,Country,2,0,1,1,0,1,0,No
2018,November,21/11/18,10.00.00,Collision with vehicle,Wednesday,No,Day,Other injury accident,50 km/hr,144.5833,-37.68451,Intersection,MELTON,Metro,4,0,2,2,2,0,0,No
2018,November,21/11/18,14.10.00,Fall from or in moving vehicle,Wednesday,No,Day,Serious injury accident,50 km/hr,145.25419,-38.09447,Non-Intersection,CASEY,Metro,1,0,1,0,0,0,0,No
2018,November,21/11/18,15.58.00,Collision with vehicle,Wednesday,No,Day,Other injury accident,50 km/hr,144.85979,-37.77001,Intersection,MOONEE VALLEY,Metro,2,0,0,2,0,0,0,No
2018,November,21/11/18,15.05.00,Collision with object,Tuesday,No,Day,Serious injury accident,60 km/hr,145.06838,-37.70096,Intersection,BANYULE,Metro,1,0,1,0,0,0,0,No
2018,November,21/11/18,14.30.00,Collision with vehicle,Tuesday,No,Day,Other injury accident,50 km/hr,144.91348,-37.7777,Non-Intersection,MOONEE VALLEY,Metro,2,0,1,0,0,0,0,No
2018,November,21/11/18,16.45.00,Collision with vehicle,Tuesday,No,Day,Other injury accident,70 km/hr,145.14099,-37.76047,Non-Intersection,MANNINGHAM,Metro,3,0,2,1,0,0,1,No
2018,November,21/11/18,13.15.00,Collision with vehicle,Wednesday,No,Day,Other injury accident,70 km/hr,144.83923,-37.77831,Intersection,BRIMBANK,Metro,3,0,2,1,1,0,0,No
2018,November,21/11/18,15.42.00,Struck pedestrian,Wednesday,No,Day,Serious injury accident,40 km/hr,145.01808,-37.84217,Non-Intersection,STONNINGTON,Metro,4,0,0,3,0,0,0,No
2018,November,21/11/18,15.00.00,Collision with object,Tuesday,No,Day,Serious injury accident,60 km/hr,145.0526,-37.91042,Intersection,GLEN EIRA,Metro,1,0,0,1,0,1,0,No
2018,November,21/11/18,16.11.00,Collision with vehicle,Wednesday,No,Day,Serious injury accident,50 km/hr,145.15807,-37.87391,Non-Intersection,MONASH,Metro,2,0,1,1,1,1,0,No
2018,November,21/11/18,17.25.00,Struck pedestrian,Tuesday,No,Day,Other injury accident,60 km/hr,144.56594,-37.69658,Non-Intersection,MELTON,Metro,2,0,0,2,0,0,0,No
2018,November,21/11/18,18.34.00,Collision with vehicle,Tuesday,No,Day,Other injury accident,80 km/hr,146.941,-36.17658,Intersection,WODONGA,Country,3,0,1,2,1,0,1,No
2018,November,21/11/18,15.30.00,Collision with vehicle,Tuesday,No,Day,Other injury accident,60 km/hr,144.84804,-37.83303,Non-Intersection,HOBSONS BAY,Metro,2,0,2,0,0,0,0,No
2018,November,21/11/18,21.25.00,Struck pedestrian,Tuesday,No,Dark,Other injury accident,80 km/hr,144.37708,-38.0688,Intersection,GEELONG,Country,2,0,1,0,0,0,1,No
2018,November,21/11/18,17.55.00,Collision with vehicle,Tuesday,No,Day,Other injury accident,60 km/hr,144.99561,-37.75015,Non-Intersection,DAREBIN,Metro,5,0,3,2,2,0,2,No
2018,November,21/11/18,22.00.00,Collision with vehicle,Wednesday,No,Dark,Other injury accident,60 km/hr,144.997,-37.7459,Non-Intersection,DAREBIN,Metro,3,0,3,0,0,0,0,No
2018,November,21/11/18,20.30.00,No collision and no object struck,Wednesday,No,Dark,Other injury accident,60 km/hr,145.10102,-37.90312,Intersection,MONASH,Metro,2,0,1,0,0,0,0,No
2018,November,21/11/18,19.15.00,Collision with vehicle,Wednesday,No,Day,Other injury accident,40 km/hr,143.60989,-38.33511,Intersection,COLAC OTWAY,Country,4,0,1,3,2,0,1,No
2018,November,22/11/18,09.46.00,No collision and no object struck,Thursday,No,Day,Other injury accident,100 km/hr,144.26848,-35.85029,Non-Intersection,GANNAWARRA,Country,1,0,1,0,0,0,0,No
2018,November,22/11/18,16.20.00,Collision with vehicle,Wednesday,No,Day,Other injury accident,40 km/hr,144.95839,-37.81785,Non-Intersection,MELBOURNE,Metro,2,0,1,1,0,0,0,No
2018,November,22/11/18,16.35.00,Struck pedestrian,Wednesday,No,Day,Serious injury accident,50 km/hr,145.1876,-37.94757,Non-Intersection,DANDENONG,Metro,2,0,1,1,0,0,1,No
2018,November,22/11/18,15.38.00,Collision with vehicle,Wednesday,No,Day,Other injury accident,80 km/hr,145.14735,-37.98454,Non-Intersection,DANDENONG,Metro,2,0,2,0,0,0,0,No
2018,November,22/11/18,14.15.00,Collision with vehicle,Thursday,No,Day,Fatal accident,100 km/hr,148.36888,-37.74933,Non-Intersection,EAST GIPPSLAND,Country,3,2,1,2,1,2,0,No
2018,November,22/11/18,16.50.00,Collision with vehicle,Wednesday,No,Day,Other injury accident,60 km/hr,145.06961,-37.75664,Intersection,BANYULE,Metro,2,0,1,1,0,0,0,No
2018,November,22/11/18,15.50.00,Collision with vehicle,Wednesday,No,Day,Other injury accident,40 km/hr,144.97507,-37.78492,Intersection,YARRA RANGES,Metro,2,0,1,1,0,0,0,No
2018,November,22/11/18,16.00.00,Struck pedestrian,Wednesday,No,Day,Other injury accident,40 km/hr,145.00445,-37.73534,Non-Intersection,DAREBIN,Metro,2,0,0,2,0,0,0,No
2018,November,22/11/18,17.40.00,Collision with vehicle,Thursday,No,Day,Other injury accident,80 km/hr,145.0249,-37.92334,Non-Intersection,BAYSIDE,Metro,2,0,0,1,0,0,0,No
2018,November,22/11/18,17.20.00,Collision with vehicle,Thursday,No,Day,Other injury accident,60 km/hr,145.02922,-37.68411,Non-Intersection,WHITTLESEA,Metro,3,0,3,0,1,0,2,No
2018,November,22/11/18,19.32.00,Collision with vehicle,Thursday,No,Dusk/Dawn,Serious injury accident,40 km/hr,144.96473,-37.81156,Intersection,MELBOURNE,Metro,2,0,2,0,0,0,0,No
2018,November,22/11/18,22.29.00,Struck pedestrian,Thursday,No,Dark,Other injury accident,60 km/hr,144.9707,-37.77829,Intersection,MORELAND,Metro,3,0,1,2,0,0,1,No
2018,November,22/11/18,22.00.00,Collision with vehicle,Thursday,No,Dark,Serious injury accident,60 km/hr,145.12321,-37.8213,Intersection,WHITEHORSE,Metro,2,0,1,0,0,0,0,No
2018,November,22/11/18,19.15.00,Collision with vehicle,Thursday,No,Day,Other injury accident,80 km/hr,145.18975,-38.26129,Intersection,MORNINGTON PENINSULA,Metro,4,0,1,2,0,0,0,No
2018,November,22/11/18,02.00.00,Collision with object,Thursday,No,Dark,Other injury accident,80 km/hr,145.13483,-37.73478,Non-Intersection,BANYULE,Metro,1,0,0,1,0,0,1,No
2018,November,22/11/18,08.55.00,Vehicle overturned,Thursday,No,Day,Other injury accident,40 km/hr,144.95583,-37.81042,Non-Intersection,MELBOURNE,Metro,2,0,2,0,0,0,0,No
2018,November,22/11/18,10.20.00,Collision with vehicle,Wednesday,No,Day,Serious injury accident,70 km/hr,144.33925,-38.21205,Non-Intersection,GEELONG,Country,2,0,1,1,0,0,0,No
2018,November,22/11/18,09.25.00,Struck pedestrian,Thursday,Yes,Day,Other injury accident,50 km/hr,144.97548,-37.78241,Intersection,YARRA RANGES,Metro,2,0,1,0,0,0,0,No
2018,November,22/11/18,08.30.00,Collision with vehicle,Thursday,No,Day,Other injury accident,50 km/hr,142.21044,-36.71389,Intersection,HORSHAM,Country,3,0,0,3,1,0,0,No
2018,November,22/11/18,07.35.00,Collision with vehicle,Wednesday,No,Day,Other injury accident,80 km/hr,145.18259,-37.92142,Non-Intersection,MONASH,Metro,2,0,0,2,0,0,1,No
2018,November,22/11/18,12.30.00,Collision with vehicle,Thursday,No,Day,Other injury accident,80 km/hr,145.07411,-37.98259,Intersection,KINGSTON,Metro,2,0,1,1,0,0,1,No
2018,November,22/11/18,13.20.00,Collision with object,Wednesday,No,Day,Other injury accident,60 km/hr,144.9679,-37.79265,Non-Intersection,MELBOURNE,Metro,1,0,1,0,0,0,1,No
2018,November,22/11/18,10.05.00,Collision with object,Thursday,No,Day,Serious injury accident,100 km/hr,144.46385,-38.01466,Non-Intersection,GEELONG,Country,2,0,0,2,0,0,1,No