year,month,date,time,accident_type,day,hit_run,light_condition,severity,speed_zone,longitude,latitude,node_type,lga,state_div,total_persons,fatality,males,females,passengers,old_driver,young_driver,alcohol
2018,November,22/11/18,14.10.00,Collision with vehicle,Wednesday,No,Day,Other injury accident,60 km/hr,144.53558,-38.25756,Intersection,GEELONG,Country,2,0,1,1,0,1,0,No
2018,November,22/11/18,15.00.00,Collision with vehicle,Thursday,No,Day,Other injury accident,50 km/hr,142.19971,-36.71311,Intersection,HORSHAM,Country,2,0,0,2,0,0,0,No
2018,November,22/11/18,11.25.00,Collision with object,Wednesday,No,Day,Other injury accident,100 km/hr,145.49899,-36.4573,Non-Intersection,SHEPPARTON,Country,1,0,0,1,0,0,0,No
2018,November,22/11/18,12.52.00,Collision with vehicle,Wednesday,No,Day,Other injury accident,100 km/hr,142.88595,-38.47361,Intersection,CORANGAMITE,Country,2,0,0,2,0,0,1,No
2018,November,22/11/18,10.05.00,Collision with vehicle,Thursday,No,Day,Other injury accident,80 km/hr,145.24743,-37.80292,Intersection,MAROONDAH,Metro,2,0,1,1,0,0,0,No
2018,November,23/11/18,07.00.00,Collision with object,Friday,No,Day,Serious injury accident,100 km/hr,144.35752,-36.98434,Non-Intersection,MOUNT ALEXANDER,Country,1,0,1,0,0,0,1,No
2018,November,23/11/18,11.15.00,Struck pedestrian,Friday,No,Day,Other injury accident,60 km/hr,145.01232,-37.84928,Intersection,STONNINGTON,Metro,2,0,1,1,0,0,0,No
2018,November,23/11/18,12.00.00,Collision with object,Friday,No,Day,Other injury accident,100 km/hr,145.13612,-37.79774,Non-Intersection,WHITEHORSE,Metro,2,0,2,0,0,0,1,No
2018,November,23/11/18,08.40.00,Collision with vehicle,Thursday,No,Day,Other injury accident,50 km/hr,145.27995,-38.03969,Intersection,CASEY,Metro,3,0,0,3,1,0,0,No
2018,November,23/11/18,10.26.00,Collision with vehicle,Thursday,No,Day,Other injury accident,100 km/hr,144.81606,-37.70476,Non-Intersection,BRIMBANK,Metro,2,0,0,2,0,0,0,No
2018,November,23/11/18,11.45.00,Collision with object,Friday,No,Day,Other injury accident,60 km/hr,145.13582,-38.14387,Non-Intersection,FRANKSTON,Metro,1,0,0,1,0,0,0,No
2018,November,23/11/18,12.20.00,Collision with vehicle,Friday,No,Day,Other injury accident,60 km/hr,145.01317,-37.75929,Intersection,DAREBIN,Metro,2,0,2,0,0,0,1,No
2018,November,23/11/18,12.45.00,Collision with object,Friday,No,Day,Serious injury accident,100 km/hr,145.72418,-36.43377,Non-Intersection,SHEPPARTON,Country,1,0,1,0,0,0,0,No
2018,November,23/11/18,13.30.00,Collision with vehicle,Friday,No,Day,Serious injury accident,80 km/hr,145.25819,-38.05145,Non-Intersection,CASEY,Metro,2,0,1,1,0,0,0,No
2018,November,23/11/18,15.00.00,Collision with vehicle,Friday,No,Day,Serious injury accident,60 km/hr,143.95729,-37.56513,Intersection,MOORABOOL,Country,3,0,2,1,1,0,0,Yes
2018,November,23/11/18,15.48.00,Collision with object,Thursday,No,Day,Serious injury accident,80 km/hr,145.38913,-37.5386,Non-Intersection,MURRINDINDI,Country,2,0,2,0,0,0,0,No
2018,November,23/11/18,14.45.00,Collision with vehicle,Friday,No,Day,Other injury accident,60 km/hr,143.39012,-37.42965,Non-Intersection,PYRENEES,Country,2,0,2,0,0,0,0,No
2018,November,23/11/18,13.59.00,Collision with vehicle,Friday,No,Day,Other injury accident,60 km/hr,145.23896,-37.99017,Intersection,CASEY,Metro,5,0,3,2,2,0,1,No
2018,November,23/11/18,16.05.00,Collision with vehicle,Thursday,No,Day,Other injury accident,100 km/hr,145.10852,-37.88708,Non-Intersection,MONASH,Metro,4,0,2,0,1,0,1,No
2018,November,23/11/18,15.20.00,Collision with vehicle,Thursday,No,Day,Other injury accident,80 km/hr,145.21533,-38.01479,Intersection,DANDENONG,Metro,2,0,2,0,0,0,0,No
2018,November,23/11/18,15.00.00,Struck pedestrian,Friday,No,Day,Serious injury accident,60 km/hr,144.95976,-37.78174,Intersection,MELBOURNE,Metro,2,0,2,0,0,0,0,No
2018,November,23/11/18,19.24.00,Collision with vehicle,Thursday,No,Dusk/Dawn,Other injury accident,80 km/hr,144.50233,-37.68773,Intersection,MOORABOOL,Country,2,0,0,2,0,0,2,No
2018,November,23/11/18,15.40.00,Collision with vehicle,Thursday,No,Day,Other injury accident,60 km/hr,144.95552,-37.80371,Intersection,MELBOURNE,Metro,2,0,1,1,0,0,0,No
2018,November,23/11/18,16.00.00,Collision with vehicle,Friday,No,Day,Other injury accident,50 km/hr,145.26425,-37.9881,Non-Intersection,CASEY,Metro,2,0,1,1,0,0,0,No
2018,November,23/11/18,17.50.00,Collision with vehicle,Friday,Yes,Day,Other injury accident,60 km/hr,145.05945,-37.86781,Non-Intersection,STONNINGTON,Metro,2,0,1,1,0,0,1,No
2018,November,23/11/18,21.50.00,Collision with vehicle,Thursday,No,Dark,Other injury accident,70 km/hr,144.95927,-37.69772,Non-Intersection,MORELAND,Metro,5,0,4,1,3,0,1,No
2018,November,23/11/18,21.00.00,Collision with object,Friday,No,Dark,Serious injury accident,70 km/hr,145.35055,-37.994,Non-Intersection,CASEY,Metro,1,0,1,0,0,0,0,No
2018,November,23/11/18,23.40.00,Collision with object,Friday,No,Dark,Serious injury accident,60 km/hr,144.9948,-37.78548,Intersection,YARRA RANGES,Metro,1,0,1,0,0,0,0,Yes
2018,November,23/11/18,23.00.00,Collision with object,Thursday,No,Dark,Serious injury accident,70 km/hr,144.78432,-37.72753,Non-Intersection,BRIMBANK,Metro,1,0,1,0,0,0,0,No
2018,November,23/11/18,20.00.00,Collision with vehicle,Friday,No,Dark,Other injury accident,80 km/hr,144.81136,-37.72569,Intersection,BRIMBANK,Metro,2,0,0,2,0,0,0,No
2018,November,23/11/18,13.15.00,Collision with vehicle,Friday,No,Day,Other injury accident,80 km/hr,144.38137,-38.06499,Intersection,GEELONG,Country,2,0,2,0,0,0,0,No
2018,November,23/11/18,20.45.00,Collision with vehicle,Thursday,No,Dark,Other injury accident,50 km/hr,146.87373,-36.12657,Intersection,WODONGA,Country,2,0,1,1,0,0,1,No
2018,November,23/11/18,08.45.00,Collision with vehicle,Friday,No,Day,Other injury accident,40 km/hr,145.11471,-37.81855,Non-Intersection,WHITEHORSE,Metro,3,0,0,3,0,0,2,No
2018,November,23/11/18,20.30.00,Struck pedestrian,Friday,No,Dark,Other injury accident,60 km/hr,144.99177,-37.80716,Intersection,YARRA RANGES,Metro,2,0,1,1,0,0,1,No
2018,November,24/11/18,00.03.00,Collision with object,Saturday,No,Dark,Other injury accident,50 km/hr,144.93443,-37.75743,Intersection,MORELAND,Metro,1,0,1,0,0,0,0,No
2018,November,24/11/18,03.45.00,Collision with object,Saturday,No,Dark,Other injury accident,50 km/hr,145.0217,-37.80317,Intersection,BOROONDARA,Metro,1,0,1,0,0,0,1,Yes
2018,November,24/11/18,06.37.00,Collision with object,Saturday,No,Dusk/Dawn,Other injury accident,60 km/hr,145.14552,-37.02443,Non-Intersection,MITCHELL,Country,2,0,1,1,1,0,1,No
2018,November,24/11/18,10.20.00,Collision with vehicle,Friday,No,Day,Other injury accident,60 km/hr,144.99531,-37.75067,Non-Intersection,DAREBIN,Metro,4,0,3,1,2,0,0,No
2018,November,24/11/18,10.30.00,Struck pedestrian,Friday,No,Day,Serious injury accident,40 km/hr,144.9947,-37.9142,Intersection,BAYSIDE,Metro,2,0,0,2,0,0,0,No
2018,November,24/11/18,12.40.00,Collision with vehicle,Saturday,No,Day,Other injury accident,60 km/hr,145.09924,-37.7042,Non-Intersection,BANYULE,Metro,5,0,4,1,3,0,0,No
2018,November,24/11/18,12.30.00,Collision with vehicle,Friday,No,Day,Other injury accident,60 km/hr,144.34473,-38.15958,Intersection,GEELONG,Country,5,0,3,2,3,0,0,No
2018,November,24/11/18,11.15.00,Collision with vehicle,Saturday,No,Day,Other injury accident,60 km/hr,145.17779,-37.87552,Intersection,MONASH,Metro,5,0,1,4,3,0,1,No
2018,November,24/11/18,13.20.00,Collision with vehicle,Saturday,No,Day,Other injury accident,80 km/hr,145.14542,-37.92585,Intersection,DANDENONG,Metro,5,0,1,4,3,0,0,No
2018,November,24/11/18,14.45.00,Collision with vehicle,Friday,No,Day,Other injury accident,50 km/hr,145.2313,-37.85775,Non-Intersection,KNOX,Metro,1,0,0,1,0,0,1,No
2018,November,24/11/18,13.45.00,Collision with vehicle,Saturday,No,Day,Other injury accident,80 km/hr,145.30605,-38.02998,Non-Intersection,CASEY,Metro,6,0,1,5,3,0,0,No
2018,November,24/11/18,13.55.00,Collision with vehicle,Friday,No,Day,Other injury accident,80 km/hr,145.13643,-38.16338,Intersection,FRANKSTON,Metro,3,0,1,2,1,0,2,No
2018,November,24/11/18,15.40.00,Collision with object,Saturday,No,Day,Serious injury accident,100 km/hr,142.44178,-37.14456,Non-Intersection,NORTHERN GRAMPIANS,Country,1,0,1,0,0,0,0,No
2018,November,24/11/18,15.25.00,Collision with vehicle,Saturday,No,Day,Serious injury accident,60 km/hr,145.03421,-37.82874,Intersection,BOROONDARA,Metro,2,0,1,1,0,0,0,No
2018,November,24/11/18,15.00.00,Vehicle overturned,Saturday,No,Day,Serious injury accident,80 km/hr,147.3129,-37.73478,Non-Intersection,EAST GIPPSLAND,Country,1,0,1,0,0,0,0,No
2018,November,24/11/18,20.20.00,Struck animal,Saturday,No,Dark,Serious injury accident,60 km/hr,145.11446,-37.71683,Non-Intersection,BANYULE,Metro,2,0,1,1,0,0,0,No
2018,November,24/11/18,23.30.00,Collision with vehicle,Saturday,No,Dark,Other injury accident,40 km/hr,144.36732,-38.1514,Intersection,GEELONG,Country,3,0,2,1,1,0,1,No
2018,November,24/11/18,22.00.00,Collision with vehicle,Saturday,No,Dark,Other injury accident,50 km/hr,145.34837,-37.75722,Intersection,YARRA RANGES,Metro,3,0,2,1,1,0,0,No
2018,November,24/11/18,20.14.00,Collision with vehicle,Saturday,No,Day,Fatal accident,80 km/hr,143.70624,-37.51137,Intersection,BALLARAT,Country,7,1,2,5,5,0,1,No
2018,November,24/11/18,14.00.00,Collision with object,Friday,No,Day,Other injury accident,100 km/hr,144.20454,-38.23341,Non-Intersection,SURF COAST,Country,1,0,0,1,0,0,0,No
2018,November,24/11/18,13.26.00,Collision with vehicle,Saturday,No,Day,Other injury accident,60 km/hr,144.63522,-37.92027,Intersection,WYNDHAM,Metro,3,0,3,0,1,0,1,No
2018,November,24/11/18,17.30.00,Collision with vehicle,Friday,No,Day,Serious injury accident,100 km/hr,144.71314,-37.27973,Intersection,MACEDON RANGES,Country,2,0,2,0,0,0,1,No
2018,November,25/11/18,00.34.00,Collision with object,Sunday,No,Dark,Serious injury accident,60 km/hr,145.29138,-38.10538,Non-Intersection,CASEY,Metro,2,0,2,0,1,0,1,Yes
2018,November,25/11/18,00.50.00,Collision with vehicle,,No,Dark,Other injury accident,60 km/hr,144.54472,-37.71034,Non-Intersection,MELTON,Metro,1,0,0,1,0,0,0,No
2018,November,25/11/18,01.05.00,Collision with object,,No,Dark,Serious injury accident,100 km/hr,146.14889,-36.68265,Non-Intersection,BENALLA,Country,2,0,2,0,1,0,1,No
2018,November,25/11/18,09.27.00,Collision with vehicle,,No,Day,Other injury accident,60 km/hr,145.00217,-37.80074,Intersection,YARRA RANGES,Metro,5,0,3,2,3,0,0,No
2018,November,25/11/18,02.08.00,Collision with vehicle,Sunday,No,Dark,Fatal accident,60 km/hr,144.91342,-37.61643,Intersection,HUME,Metro,6,1,4,2,4,0,2,Yes
2018,November,25/11/18,11.35.00,Struck pedestrian,,No,Day,Serious injury accident,60 km/hr,144.96092,-37.77715,Non-Intersection,MORELAND,Metro,5,0,1,3,2,0,0,No
2018,November,25/11/18,12.55.00,Struck pedestrian,Sunday,No,Day,Other injury accident,60 km/hr,145.05306,-37.95903,Intersection,KINGSTON,Metro,2,0,0,2,0,0,0,No
2018,November,25/11/18,12.50.00,Collision with vehicle,Sunday,No,Day,Serious injury accident,100 km/hr,144.63321,-38.2358,Intersection,GEELONG,Country,5,0,3,2,3,0,0,No
2018,November,25/11/18,13.15.00,Collision with vehicle,Sunday,No,Day,Other injury accident,100 km/hr,144.6541,-36.09082,Non-Intersection,CAMPASPE,Country,4,0,2,1,2,0,0,No
2018,November,25/11/18,15.30.00,Struck pedestrian,Sunday,No,Day,Serious injury accident,60 km/hr,144.82868,-37.77732,Intersection,BRIMBANK,Metro,2,0,0,2,0,1,0,No
2018,November,25/11/18,15.00.00,Fall from or in moving vehicle,,No,Day,Serious injury accident,100 km/hr,145.82191,-37.20176,Non-Intersection,MURRINDINDI,Country,1,0,1,0,0,0,0,No
2018,November,25/11/18,17.40.00,Collision with vehicle,,No,Day,Serious injury accident,80 km/hr,145.27433,-38.00172,Intersection,CASEY,Metro,6,0,2,3,4,0,0,No
2018,November,25/11/18,18.25.00,Collision with object,,No,Day,Serious injury accident,80 km/hr,144.35315,-38.11036,Non-Intersection,GEELONG,Country,2,0,0,2,1,0,0,No
2018,November,25/11/18,13.39.00,Collision with object,,No,Day,Serious injury accident,80 km/hr,143.72586,-38.50162,Non-Intersection,COLAC OTWAY,Country,1,0,1,0,0,0,0,No
2018,November,25/11/18,19.45.00,Vehicle overturned,Sunday,No,Day,Serious injury accident,100 km/hr,143.49329,-37.09287,Non-Intersection,PYRENEES,Country,2,0,1,1,1,0,0,No
2018,November,25/11/18,20.15.00,Collision with object,Sunday,No,Dark,Other injury accident,80 km/hr,144.31581,-37.57488,Non-Intersection,MOORABOOL,Country,2,0,1,1,1,0,1,No
2018,November,25/11/18,18.05.00,Collision with vehicle,,No,Dark,Serious injury accident,60 km/hr,144.45463,-37.2417,Intersection,MACEDON RANGES,Country,3,0,2,1,1,1,0,No
2018,November,25/11/18,19.24.00,Collision with object,Sunday,No,Day,Serious injury accident,100 km/hr,144.56091,-37.26298,Non-Intersection,MACEDON RANGES,Country,1,0,1,0,0,0,0,No
2018,November,25/11/18,20.20.00,Collision with object,Sunday,No,Day,Other injury accident,50 km/hr,144.9279,-37.68239,Intersection,HUME,Metro,1,0,0,1,0,0,0,Yes
2018,November,25/11/18,21.45.00,Collision with object,Sunday,No,Dark,Other injury accident,80 km/hr,144.83486,-37.63462,Non-Intersection,HUME,Metro,1,0,0,1,0,0,0,No
2018,November,25/11/18,23.24.00,Collision with vehicle,Sunday,No,Dark,Other injury accident,80 km/hr,145.14396,-37.85172,Non-Intersection,WHITEHORSE,Metro,2,0,0,1,0,0,1,No
2018,November,25/11/18,19.19.00,Vehicle overturned,Sunday,No,Day,Other injury accident,60 km/hr,145.77792,-38.08439,Intersection,BAW BAW,Country,1,0,1,0,0,0,0,No
2018,November,25/11/18,20.05.00,Collision with object,Sunday,No,Day,Serious injury accident,110 km/hr,142.047,-35.12326,Non-Intersection,MILDURA,Country,4,0,2,2,3,0,0,No
2018,November,26/11/18,22.10.00,Collision with object,Sunday,No,Dark,Other injury accident,80 km/hr,145.21272,-37.83263,Non-Intersection,WHITEHORSE,Metro,2,0,2,0,1,0,1,No
2018,November,26/11/18,18.51.00,Collision with vehicle,Monday,No,Day,Other injury accident,50 km/hr,144.91956,-37.76455,Non-Intersection,MOONEE VALLEY,Metro,4,0,1,0,1,0,0,No
2018,November,26/11/18,05.35.00,Collision with object,Monday,No,Day,Other injury accident,80 km/hr,145.42919,-37.98923,Non-Intersection,CARDINIA,Metro,1,0,1,0,0,0,0,No
2018,November,26/11/18,07.57.00,No collision and no object struck,Monday,No,Day,Other injury accident,40 km/hr,145.02304,-37.82118,Non-Intersection,BOROONDARA,Metro,1,0,1,0,0,0,0,No
2018,November,26/11/18,09.10.00,Collision with vehicle,Sunday,No,Day,Other injury accident,70 km/hr,145.04325,-37.66221,Non-Intersection,WHITTLESEA,Metro,3,0,1,2,1,0,0,No
2018,November,26/11/18,07.56.00,Collision with object,Sunday,No,Day,Other injury accident,80 km/hr,145.13611,-37.92001,Non-Intersection,MONASH,Metro,1,0,1,0,0,0,0,No
2018,November,26/11/18,08.20.00,Collision with vehicle,Monday,No,Day,Other injury accident,50 km/hr,145.13046,-38.07884,Intersection,KINGSTON,Metro,2,0,1,1,0,0,1,No
2018,November,26/11/18,09.00.00,Collision with vehicle,Sunday,No,Day,Other injury accident,60 km/hr,145.03163,-37.60669,Non-Intersection,WHITTLESEA,Metro,3,0,2,1,0,0,1,No
2018,November,26/11/18,06.15.00,Collision with vehicle,Monday,No,Dusk/Dawn,Other injury accident,80 km/hr,145.23307,-37.92801,Intersection,KNOX,Metro,2,0,1,1,0,0,0,No
2018,November,26/11/18,13.05.00,Collision with object,Sunday,No,Day,Serious injury accident,50 km/hr,145.01791,-37.87737,Intersection,GLEN EIRA,Metro,2,0,1,1,1,0,0,No
2018,November,26/11/18,12.45.00,Collision with object,Monday,No,Day,Serious injury accident,80 km/hr,145.33828,-38.05959,Non-Intersection,CASEY,Metro,1,0,0,1,0,0,0,No
2018,November,26/11/18,13.52.00,Collision with object,Monday,No,Day,Serious injury accident,100 km/hr,145.15263,-38.19464,Non-Intersection,MORNINGTON PENINSULA,Metro,2,0,1,1,1,1,0,No
2018,November,26/11/18,12.05.00,Collision with vehicle,Monday,No,Day,Other injury accident,70 km/hr,145.02028,-37.90149,Intersection,GLEN EIRA,Metro,3,0,3,0,1,0,1,No
2018,November,26/11/18,14.08.00,Collision with vehicle,Monday,No,Day,Other injury accident,100 km/hr,144.9839,-37.67507,Non-Intersection,WHITTLESEA,Metro,2,0,1,1,0,0,0,No
2018,November,26/11/18,13.00.00,Collision with object,Monday,No,Day,Other injury accident,100 km/hr,148.88876,-37.61417,Non-Intersection,EAST GIPPSLAND,Country,1,0,0,1,0,0,0,No
2018,November,26/11/18,11.35.00,Collision with object,Monday,No,Day,Serious injury accident,50 km/hr,145.15389,-37.9506,Non-Intersection,DANDENONG,Metro,6,0,3,3,1,0,1,No
2018,November,26/11/18,13.00.00,Collision with vehicle,Monday,No,Day,Serious injury accident,40 km/hr,144.96239,-37.76549,Intersection,MORELAND,Metro,2,0,1,1,0,0,0,No
2018,November,26/11/18,15.05.00,Collision with vehicle,Sunday,No,Day,Other injury accident,60 km/hr,145.23008,-38.07661,Non-Intersection,DANDENONG,Metro,3,0,1,2,0,0,1,No
2018,November,26/11/18,16.50.00,Collision with vehicle,Monday,No,Day,Other injury accident,60 km/hr,144.68929,-37.84287,Non-Intersection,WYNDHAM,Metro,4,0,1,2,2,0,1,No
2018,November,26/11/18,18.20.00,Collision with vehicle,Monday,No,Day,Other injury accident,70 km/hr,144.35302,-38.1453,Non-Intersection,GEELONG,Country,3,0,2,1,0,0,1,No
2018,November,26/11/18,16.20.00,Collision with object,Sunday,No,Day,Serious injury accident,70 km/hr,144.39991,-38.17284,Non-Intersection,GEELONG,Country,2,0,2,0,0,0,0,No
2018,November,26/11/18,16.25.00,Collision with vehicle,Sunday,No,Day,Other injury accident,100 km/hr,144.96396,-38.34017,Non-Intersection,MORNINGTON PENINSULA,Metro,2,0,2,0,0,0,0,No
2018,November,26/11/18,18.45.00,Collision with vehicle,Monday,No,Day,Other injury accident,60 km/hr,145.01997,-37.89746,Intersection,GLEN EIRA,Metro,2,0,1,1,0,0,1,No
2018,November,26/11/18,15.30.00,Collision with object,Monday,No,Day,Serious injury accident,100 km/hr,146.6258,-37.57559,Non-Intersection,WELLINGTON,Country,4,0,1,3,3,0,0,No
2018,November,26/11/18,21.00.00,Collision with vehicle,Monday,No,Dark,Other injury accident,50 km/hr,144.75091,-37.72213,Non-Intersection,MELTON,Metro,2,0,2,0,0,0,0,No
2018,November,26/11/18,21.19.00,Collision with object,Monday,No,Dark,Other injury accident,50 km/hr,144.9234,-37.65834,Non-Intersection,HUME,Metro,1,0,0,1,0,0,1,No
2018,November,26/11/18,16.33.00,Collision with vehicle,Sunday,No,Day,Other injury accident,60 km/hr,144.90545,-37.73705,Intersection,MOONEE VALLEY,Metro,3,0,1,1,1,0,0,No
2018,November,26/11/18,10.15.00,Collision with vehicle,Sunday,No,Day,Other injury accident,60 km/hr,145.06004,-37.68796,Intersection,WHITTLESEA,Metro,2,0,1,0,1,0,0,No
2018,November,26/11/18,17.10.00,Collision with object,Sunday,No,Day,Other injury accident,80 km/hr,145.63537,-37.59826,Non-Intersection,YARRA RANGES,Metro,1,0,0,1,0,0,0,No
2018,November,26/11/18,19.30.00,Collision with vehicle,Sunday,No,Unk.,Other injury accident,70 km/hr,144.35073,-38.15742,Intersection,GEELONG,Country,2,0,1,1,0,0,0,No
2018,November,26/11/18,09.30.00,Collision with object,Sunday,No,Day,Other injury accident,100 km/hr,148.73834,-37.79861,Non-Intersection,EAST GIPPSLAND,Country,2,0,2,0,1,0,1,No
2018,November,27/11/18,13.15.00,Collision with vehicle,Monday,No,Day,Other injury accident,60 km/hr,145.13789,-37.60683,Non-Intersection,NILLUMBIK,Metro,3,0,2,1,0,1,1,No
2018,November,27/11/18,05.30.00,Collision with vehicle,Tuesday,No,Dusk/Dawn,Other injury accident,50 km/hr,145.00044,-37.75956,Intersection,DAREBIN,Metro,2,0,2,0,0,0,0,No
2018,November,27/11/18,06.30.00,Collision with vehicle,Monday,No,Day,Serious injury accident,60 km/hr,145.23945,-38.07766,Intersection,CASEY,Metro,3,0,2,0,0,0,1,No
2018,November,27/11/18,06.00.00,Collision with vehicle,Tuesday,No,Dusk/Dawn,Serious injury accident,100 km/hr,144.79816,-37.80045,Non-Intersection,BRIMBANK,Metro,2,0,2,0,0,0,1,No
2018,November,27/11/18,17.30.00,Collision with vehicle,Monday,No,Day,Other injury accident,70 km/hr,145.27604,-37.83827,Non-Intersection,KNOX,Metro,4,0,2,2,1,0,2,No
2018,November,27/11/18,09.50.00,Struck pedestrian,Tuesday,No,Day,Other injury accident,60 km/hr,145.19361,-37.81581,Non-Intersection,WHITEHORSE,Metro,2,0,0,2,0,0,0,No
2018,November,27/11/18,06.25.00,Collision with vehicle,Tuesday,No,Day,Other injury accident,60 km/hr,144.99289,-37.74417,Non-Intersection,DAREBIN,Metro,2,0,2,0,0,0,1,No
2018,November,27/11/18,09.12.00,Collision with vehicle,Monday,No,Day,Other injury accident,70 km/hr,145.13491,-37.85207,Intersection,WHITEHORSE,Metro,2,0,1,1,0,0,0,No
2018,November,27/11/18,12.20.00,Collision with vehicle,Monday,No,Day,Other injury accident,50 km/hr,144.95539,-37.79952,Non-Intersection,MELBOURNE,Metro,2,0,2,0,0,0,0,No
2018,November,27/11/18,11.53.00,Collision with vehicle,Tuesday,No,Day,Other injury accident,60 km/hr,145.13979,-37.8135,Non-Intersection,WHITEHORSE,Metro,2,0,1,1,0,0,0,No
2018,November,27/11/18,07.23.00,Collision with vehicle,Tuesday,No,Day,Other injury accident,80 km/hr,145.1945,-38.0722,Intersection,FRANKSTON,Metro,2,0,1,1,0,0,0,No
2018,November,27/11/18,11.46.00,Collision with vehicle,Tuesday,No,Day,Other injury accident,100 km/hr,145.15632,-37.90555,Non-Intersection,MONASH,Metro,4,0,2,0,1,0,0,No
2018,November,27/11/18,14.45.00,Collision with vehicle,Tuesday,No,Day,Other injury accident,80 km/hr,146.90296,-36.11383,Non-Intersection,WODONGA,Country,5,0,2,3,3,0,0,No
2018,November,27/11/18,16.00.00,Collision with vehicle,Tuesday,No,Day,Other injury accident,50 km/hr,144.94468,-37.76494,Intersection,MORELAND,Metro,2,0,2,0,0,0,1,No
2018,November,27/11/18,12.15.00,Collision with vehicle,Tuesday,No,Day,Other injury accident,80 km/hr,145.23498,-37.91782,Intersection,KNOX,Metro,3,0,2,1,1,1,0,No
2018,November,27/11/18,02.35.00,Collision with vehicle,Tuesday,Yes,Dark,Serious injury accident,60 km/hr,144.82873,-37.77697,Intersection,BRIMBANK,Metro,4,0,1,1,2,0,0,No
2018,November,27/11/18,14.20.00,Collision with vehicle,Monday,No,Day,Other injury accident,40 km/hr,144.95764,-37.809,Non-Intersection,MELBOURNE,Metro,2,0,1,1,0,0,0,No
2018,November,27/11/18,21.30.00,Struck pedestrian,Monday,No,Dark,Serious injury accident,60 km/hr,144.97947,-37.74272,Non-Intersection,MORELAND,Metro,4,0,4,0,0,0,1,No
2018,November,27/11/18,16.30.00,Collision with vehicle,Monday,No,Day,Other injury accident,50 km/hr,144.82591,-37.74432,Intersection,BRIMBANK,Metro,2,0,0,2,0,0,0,No
2018,November,27/11/18,11.00.00,Collision with vehicle,Monday,No,Day,Other injury accident,60 km/hr,145.01524,-37.92195,Non-Intersection,BAYSIDE,Metro,2,0,2,0,0,0,1,No
2018,November,27/11/18,14.40.00,Collision with vehicle,Monday,No,Day,Other injury accident,50 km/hr,145.07303,-37.73062,Intersection,BANYULE,Metro,2,0,2,0,0,0,0,No
2018,November,28/11/18,17.40.00,Collision with vehicle,Tuesday,No,Day,Other injury accident,60 km/hr,145.15293,-37.8205,Intersection,WHITEHORSE,Metro,2,0,0,2,0,0,2,No
2018,November,28/11/18,17.30.00,No collision and no object struck,Tuesday,No,Day,Other injury accident,60 km/hr,145.38808,-37.79021,Non-Intersection,YARRA RANGES,Metro,1,0,1,0,0,0,0,No
2018,November,28/11/18,07.30.00,Collision with vehicle,Tuesday,No,Day,Other injury accident,40 km/hr,145.03064,-37.80686,Intersection,BOROONDARA,Metro,2,0,1,1,0,0,1,No
2018,November,28/11/18,19.00.00,Collision with vehicle,Wednesday,No,Dusk/Dawn,Other injury accident,60 km/hr,143.86507,-37.57081,Intersection,BALLARAT,Country,4,0,2,2,2,0,1,No
2018,November,28/11/18,12.45.00,Collision with vehicle,Tuesday,No,Day,Other injury accident,70 km/hr,144.88222,-37.68921,Non-Intersection,HUME,Metro,2,0,1,1,0,0,0,No
2018,November,28/11/18,10.48.00,Vehicle overturned,Tuesday,No,Day,Other injury accident,100 km/hr,144.99904,-37.29333,Non-Intersection,MITCHELL,Country,1,0,1,0,0,0,0,No
2018,November,28/11/18,16.20.00,Collision with vehicle,Wednesday,No,Day,Other injury accident,70 km/hr,145.47211,-38.08633,Intersection,CARDINIA,Metro,2,0,0,2,0,0,1,No
2018,November,28/11/18,06.20.00,Collision with vehicle,Wednesday,No,Dusk/Dawn,Other injury accident,70 km/hr,143.81369,-37.55368,Intersection,BALLARAT,Country,2,0,2,0,0,0,0,No
2018,November,28/11/18,05.25.00,Vehicle overturned,Tuesday,No,Dark,Serious injury accident,100 km/hr,145.65778,-37.06323,Non-Intersection,MURRINDINDI,Country,1,0,1,0,0,0,0,No
2018,November,28/11/18,07.56.00,Collision with vehicle,Wednesday,No,Day,Other injury accident,80 km/hr,144.70387,-37.8829,Non-Intersection,WYNDHAM,Metro,2,0,0,2,0,0,1,No
2018,November,28/11/18,08.00.00,Collision with vehicle,Wednesday,No,Day,Other injury accident,60 km/hr,144.81751,-37.76101,Non-Intersection,BRIMBANK,Metro,2,0,1,1,0,0,0,No
2018,November,28/11/18,08.35.00,Struck pedestrian,Wednesday,No,Day,Other injury accident,70 km/hr,145.14553,-37.88765,Intersection,MONASH,Metro,2,0,1,1,0,0,0,No