year,month,date,time,accident_type,day,hit_run,light_condition,severity,speed_zone,longitude,latitude,node_type,lga,state_div,total_persons,fatality,males,females,passengers,old_driver,young_driver,alcohol
2018,November,28/11/18,08.32.00,Collision with vehicle,Wednesday,No,Day,Serious injury accident,60 km/hr,144.94371,-37.81329,Intersection,MELBOURNE,Metro,2,0,1,1,0,0,0,No
2018,November,28/11/18,12.40.00,Struck pedestrian,Tuesday,No,Day,Other injury accident,40 km/hr,144.36133,-38.14853,Intersection,GEELONG,Country,2,0,1,1,0,0,0,No
2018,November,28/11/18,10.20.00,Collision with vehicle,Wednesday,No,Day,Other injury accident,60 km/hr,144.93605,-37.78875,Intersection,MELBOURNE,Metro,3,0,2,1,0,0,0,No
2018,November,28/11/18,13.30.00,Collision with vehicle,Wednesday,No,Day,Other injury accident,60 km/hr,145.06984,-37.67779,Non-Intersection,WHITTLESEA,Metro,2,0,2,0,0,1,0,No
2018,November,28/11/18,15.00.00,Collision with vehicle,Wednesday,No,Day,Serious injury accident,40 km/hr,145.00839,-37.81894,Intersection,YARRA RANGES,Metro,2,0,1,1,0,0,0,No
2018,November,28/11/18,15.30.00,Collision with vehicle,Wednesday,No,Day,Other injury accident,40 km/hr,145.27923,-37.79918,Intersection,MAROONDAH,Metro,4,0,0,4,2,0,0,No
2018,November,28/11/18,06.45.00,Collision with vehicle,Wednesday,No,Day,Other injury accident,60 km/hr,144.96826,-37.793,Non-Intersection,MELBOURNE,Metro,3,0,2,1,0,0,0,No
2018,November,28/11/18,14.45.00,Collision with vehicle,Tuesday,No,Day,Other injury accident,50 km/hr,144.9486,-37.77274,Non-Intersection,MORELAND,Metro,2,0,0,1,0,0,1,No
2018,November,28/11/18,14.45.00,Collision with object,Wednesday,No,Day,Other injury accident,60 km/hr,145.33979,-37.88355,Non-Intersection,YARRA RANGES,Metro,1,0,1,0,0,0,0,Yes
2018,November,28/11/18,17.04.00,Collision with vehicle,Wednesday,No,Day,Other injury accident,60 km/hr,144.57499,-37.68382,Intersection,MELTON,Metro,3,0,1,2,1,0,0,No
2018,November,28/11/18,16.10.00,Collision with vehicle,Wednesday,No,Day,Other injury accident,50 km/hr,144.76756,-37.75985,Non-Intersection,BRIMBANK,Metro,1,0,0,1,0,0,0,No
2018,November,28/11/18,17.00.00,Vehicle overturned,Wednesday,No,Day,Serious injury accident,40 km/hr,144.99702,-37.81835,Non-Intersection,YARRA RANGES,Metro,1,0,1,0,0,0,0,No
2018,November,28/11/18,17.34.00,Collision with vehicle,Wednesday,No,Day,Other injury accident,40 km/hr,144.95845,-37.81561,Non-Intersection,MELBOURNE,Metro,3,0,3,0,0,0,0,No
2018,November,28/11/18,17.34.00,Struck pedestrian,Wednesday,No,Day,Other injury accident,50 km/hr,145.07078,-37.72947,Non-Intersection,BANYULE,Metro,2,0,1,1,0,0,0,No
2018,November,28/11/18,18.15.00,Vehicle overturned,Wednesday,No,Day,Other injury accident,60 km/hr,144.9701,-37.7998,Non-Intersection,MELBOURNE,Metro,1,0,1,0,0,0,0,No
2018,November,28/11/18,18.03.00,Collision with vehicle,Wednesday,No,Day,Other injury accident,60 km/hr,144.30426,-36.72079,Intersection,BENDIGO,Country,3,0,1,2,1,0,1,No
2018,November,28/11/18,16.34.00,Collision with object,Wednesday,No,Day,Other injury accident,50 km/hr,145.02126,-37.79671,Intersection,BOROONDARA,Metro,1,0,1,0,0,0,0,Yes
2018,November,28/11/18,21.10.00,Collision with object,Wednesday,No,Dark,Serious injury accident,60 km/hr,145.3557,-37.9207,Non-Intersection,YARRA RANGES,Metro,1,0,0,1,0,0,0,No
2018,November,28/11/18,06.05.00,Collision with vehicle,Tuesday,No,Dusk/Dawn,Other injury accident,80 km/hr,144.8882,-38.3981,Intersection,MORNINGTON PENINSULA,Metro,2,0,1,1,0,0,0,No
2018,November,28/11/18,23.23.00,Collision with vehicle,Wednesday,No,Dark,Serious injury accident,70 km/hr,145.14132,-37.90986,Intersection,MONASH,Metro,5,0,1,0,2,0,1,No
2018,November,28/11/18,13.40.00,Collision with vehicle,Tuesday,No,Day,Serious injury accident,60 km/hr,145.15119,-37.69868,Non-Intersection,NILLUMBIK,Metro,4,0,3,1,1,0,0,No
2018,November,28/11/18,12.00.00,Collision with vehicle,Wednesday,No,Day,Serious injury accident,60 km/hr,145.04876,-37.94915,Non-Intersection,KINGSTON,Metro,1,0,0,1,0,1,0,No
2018,November,28/11/18,11.30.00,Collision with vehicle,Tuesday,No,Day,Other injury accident,60 km/hr,145.1575,-38.11269,Intersection,FRANKSTON,Metro,2,0,2,0,0,0,0,No
2018,November,28/11/18,17.30.00,Collision with vehicle,Wednesday,No,Day,Other injury accident,60 km/hr,145.29895,-38.11515,Intersection,CASEY,Metro,3,0,3,0,0,0,1,No
2018,November,29/11/18,16.30.00,Collision with vehicle,Wednesday,No,Day,Other injury accident,60 km/hr,145.09454,-37.70368,Intersection,BANYULE,Metro,2,0,2,0,0,1,0,No
2018,November,29/11/18,08.57.00,Collision with vehicle,Wednesday,No,Day,Other injury accident,50 km/hr,144.96002,-38.342,Intersection,MORNINGTON PENINSULA,Metro,2,0,2,0,0,1,0,No
2018,November,29/11/18,13.40.00,Collision with vehicle,Thursday,No,Day,Other injury accident,60 km/hr,145.10511,-38.24738,Intersection,MORNINGTON PENINSULA,Metro,5,0,2,2,2,0,1,No
2018,November,29/11/18,16.35.00,Collision with vehicle,Thursday,No,Day,Serious injury accident,80 km/hr,145.26348,-38.11061,Non-Intersection,CASEY,Metro,5,0,3,2,0,0,1,No
2018,November,29/11/18,18.42.00,Vehicle overturned,Thursday,No,Day,Serious injury accident,100 km/hr,145.35297,-38.19519,Non-Intersection,CASEY,Metro,1,0,1,0,0,0,0,No
2018,November,29/11/18,15.50.00,Struck pedestrian,Wednesday,No,Day,Other injury accident,40 km/hr,144.99337,-37.77377,Non-Intersection,DAREBIN,Metro,2,0,1,1,0,0,1,No
2018,November,29/11/18,14.55.00,Collision with vehicle,Thursday,No,Day,Other injury accident,60 km/hr,144.97766,-37.78264,Intersection,YARRA RANGES,Metro,3,0,1,1,1,1,0,No
2018,November,29/11/18,02.40.00,Collision with object,Thursday,No,Dark,Other injury accident,80 km/hr,145.41655,-37.55851,Non-Intersection,YARRA RANGES,Metro,1,0,0,1,0,0,0,No
2018,November,29/11/18,18.45.00,Collision with vehicle,Wednesday,No,Day,Other injury accident,60 km/hr,144.92887,-37.60511,Non-Intersection,HUME,Metro,3,0,0,3,1,0,1,No
2018,November,29/11/18,06.05.00,Collision with object,Thursday,No,Day,Other injury accident,100 km/hr,142.39878,-35.22776,Non-Intersection,MILDURA,Country,1,0,1,0,0,0,0,Yes
2018,November,29/11/18,18.15.00,Collision with vehicle,Thursday,No,Unk.,Serious injury accident,50 km/hr,144.9479,-37.80773,Intersection,MELBOURNE,Metro,2,0,2,0,0,0,0,No
2018,November,29/11/18,19.00.00,Collision with object,Thursday,No,Dusk/Dawn,Other injury accident,60 km/hr,144.84251,-37.69944,Non-Intersection,HUME,Metro,1,0,1,0,0,0,0,No
2018,November,29/11/18,12.30.00,Collision with vehicle,Wednesday,No,Day,Other injury accident,50 km/hr,144.35491,-38.11403,Non-Intersection,GEELONG,Country,2,0,1,1,0,0,0,No
2018,November,29/11/18,17.20.00,Collision with vehicle,Thursday,No,Day,Other injury accident,80 km/hr,144.78821,-37.80643,Non-Intersection,BRIMBANK,Metro,3,0,2,1,0,0,2,No
2018,November,29/11/18,10.25.00,Struck pedestrian,Wednesday,No,Day,Other injury accident,60 km/hr,145.15133,-37.95722,Intersection,DANDENONG,Metro,2,0,1,1,0,0,0,No
2018,November,29/11/18,06.00.00,Collision with vehicle,Wednesday,No,Day,Other injury accident,70 km/hr,145.02599,-37.90217,Intersection,GLEN EIRA,Metro,2,0,2,0,0,0,0,No
2018,November,29/11/18,08.15.00,Collision with object,Thursday,No,Day,Other injury accident,50 km/hr,144.50937,-38.27282,Non-Intersection,GEELONG,Country,1,0,0,1,0,0,0,No
2018,November,29/11/18,09.20.00,Collision with vehicle,Thursday,No,Day,Other injury accident,60 km/hr,143.86005,-37.54157,Intersection,BALLARAT,Country,2,0,0,2,0,0,1,No
2018,November,29/11/18,07.00.00,Collision with vehicle,Thursday,No,Day,Other injury accident,40 km/hr,144.99697,-37.83103,Intersection,YARRA RANGES,Metro,2,0,2,0,0,0,0,No
2018,November,29/11/18,09.35.00,Collision with vehicle,Wednesday,No,Day,Other injury accident,50 km/hr,145.30452,-38.00558,Non-Intersection,CASEY,Metro,2,0,0,2,0,0,0,No
2018,November,29/11/18,10.57.00,Collision with vehicle,Thursday,No,Day,Other injury accident,70 km/hr,144.81527,-37.72955,Non-Intersection,BRIMBANK,Metro,5,0,2,1,2,0,2,No
2018,November,29/11/18,10.25.00,Collision with vehicle,Thursday,No,Day,Other injury accident,60 km/hr,144.89718,-37.81438,Intersection,MARIBYRNONG,Metro,2,0,0,2,0,0,0,No
2018,November,29/11/18,07.45.00,Collision with vehicle,Thursday,No,Day,Other injury accident,60 km/hr,144.7025,-37.87252,Intersection,WYNDHAM,Metro,2,0,0,2,0,0,0,No
2018,November,29/11/18,11.00.00,No collision and no object struck,Thursday,No,Day,Serious injury accident,50 km/hr,145.00282,-37.92923,Intersection,BAYSIDE,Metro,1,0,1,0,0,0,0,No
2018,November,30/11/18,09.30.00,Collision with vehicle,Friday,No,Day,Other injury accident,50 km/hr,145.32836,-37.76011,Intersection,YARRA RANGES,Metro,4,0,1,2,2,0,0,No
2018,November,30/11/18,07.57.00,Collision with vehicle,Friday,Yes,Day,Other injury accident,30km/hr,144.99177,-37.80716,Intersection,YARRA RANGES,Metro,2,0,0,1,0,0,0,No
2018,November,30/11/18,09.30.00,Collision with vehicle,Friday,No,Day,Other injury accident,40 km/hr,144.97142,-37.82748,Intersection,MELBOURNE,Metro,3,0,1,2,1,0,0,No
2018,November,30/11/18,10.04.00,Collision with object,Thursday,No,Day,Other injury accident,80 km/hr,145.17737,-37.80946,Intersection,WHITEHORSE,Metro,1,0,0,1,0,0,0,No
2018,November,30/11/18,07.30.00,Collision with vehicle,Thursday,No,Day,Other injury accident,80 km/hr,145.18084,-37.99979,Intersection,DANDENONG,Metro,2,0,2,0,0,0,0,No
2018,November,30/11/18,11.15.00,Collision with object,Friday,No,Day,Serious injury accident,60 km/hr,145.02303,-37.65282,Non-Intersection,WHITTLESEA,Metro,1,0,1,0,0,1,0,No
2018,November,30/11/18,12.30.00,Collision with vehicle,Thursday,No,Day,Other injury accident,60 km/hr,144.94267,-37.58388,Intersection,HUME,Metro,4,0,2,1,1,0,0,No
2018,November,30/11/18,13.24.00,Collision with vehicle,Friday,No,Day,Serious injury accident,70 km/hr,145.05793,-37.93594,Non-Intersection,GLEN EIRA,Metro,2,0,1,1,0,1,1,No
2018,November,30/11/18,14.26.00,Collision with vehicle,Thursday,No,Day,Other injury accident,40 km/hr,144.84656,-37.78301,Intersection,BRIMBANK,Metro,4,0,2,0,0,0,0,No
2018,November,30/11/18,13.50.00,Collision with vehicle,Thursday,No,Day,Other injury accident,100 km/hr,143.04362,-36.57652,Intersection,NORTHERN GRAMPIANS,Country,3,0,2,1,1,0,1,No
2018,November,30/11/18,12.37.00,Collision with object,Friday,No,Day,Serious injury accident,100 km/hr,143.26481,-36.58671,Non-Intersection,NORTHERN GRAMPIANS,Country,1,0,1,0,0,0,0,No
2018,November,30/11/18,15.30.00,Collision with vehicle,Thursday,No,Day,Other injury accident,60 km/hr,144.97366,-37.7786,Intersection,MORELAND,Metro,3,0,2,1,0,0,1,No
2018,November,30/11/18,16.06.00,Collision with vehicle,Thursday,No,Day,Other injury accident,30km/hr,145.40554,-36.38191,Non-Intersection,SHEPPARTON,Country,2,0,1,1,0,0,1,No
2018,November,30/11/18,14.45.00,Collision with vehicle,Friday,No,Day,Other injury accident,50 km/hr,145.04225,-37.95532,Non-Intersection,BAYSIDE,Metro,2,0,1,1,0,0,0,No
2018,November,30/11/18,15.45.00,Collision with vehicle,Thursday,No,Day,Other injury accident,60 km/hr,145.93211,-38.1689,Intersection,BAW BAW,Country,3,0,2,1,1,1,0,No
2018,November,30/11/18,13.50.00,Collision with vehicle,Thursday,Yes,Day,Other injury accident,70 km/hr,145.03824,-37.87382,Intersection,GLEN EIRA,Metro,3,0,1,1,1,0,0,No
2018,November,30/11/18,16.55.00,Collision with vehicle,Thursday,No,Day,Serious injury accident,60 km/hr,145.01825,-37.95351,Non-Intersection,BAYSIDE,Metro,3,0,2,1,0,0,1,No
2018,November,30/11/18,15.55.00,Collision with vehicle,Thursday,No,Day,Other injury accident,60 km/hr,144.98459,-37.79126,Non-Intersection,YARRA RANGES,Metro,6,0,3,3,3,0,0,No
2018,November,30/11/18,15.14.00,Collision with object,Thursday,No,Day,Serious injury accident,100 km/hr,144.48627,-36.6211,Non-Intersection,BENDIGO,Country,1,0,1,0,0,1,0,No
2018,November,30/11/18,14.30.00,Collision with vehicle,Friday,No,Day,Other injury accident,50 km/hr,149.75212,-37.55263,Non-Intersection,EAST GIPPSLAND,Country,2,0,1,1,0,1,0,No
2018,November,30/11/18,17.57.00,Collision with vehicle,Friday,No,Day,Other injury accident,80 km/hr,144.8907,-37.72868,Non-Intersection,MOONEE VALLEY,Metro,4,0,3,1,0,0,0,No
2018,November,30/11/18,18.45.00,Collision with vehicle,Friday,No,Dusk/Dawn,Serious injury accident,50 km/hr,144.76141,-37.7696,Intersection,BRIMBANK,Metro,2,0,1,1,0,0,0,No
2018,November,30/11/18,18.30.00,Collision with vehicle,Friday,No,Day,Serious injury accident,60 km/hr,144.79385,-37.74355,Intersection,BRIMBANK,Metro,2,0,1,1,0,0,0,No
2018,November,30/11/18,19.10.00,Collision with vehicle,Friday,No,Day,Serious injury accident,60 km/hr,144.95958,-37.78173,Intersection,MELBOURNE,Metro,6,0,1,3,4,0,0,No
2018,November,30/11/18,21.33.00,Collision with vehicle,Thursday,No,Dark,Other injury accident,60 km/hr,145.0812,-37.71947,Intersection,BANYULE,Metro,6,0,2,1,3,0,0,No
2018,November,30/11/18,18.15.00,Collision with vehicle,Friday,No,Day,Other injury accident,60 km/hr,145.18097,-37.78713,Non-Intersection,MANNINGHAM,Metro,2,0,2,0,0,0,2,No
2018,November,30/11/18,21.40.00,Collision with vehicle,Friday,No,Dark,Other injury accident,80 km/hr,144.92878,-37.64055,Intersection,HUME,Metro,2,0,1,1,0,0,0,No
2018,November,30/11/18,10.45.00,Fall from or in moving vehicle,Thursday,No,Unk.,Other injury accident,50 km/hr,142.48725,-38.38074,Non-Intersection,WARRNAMBOOL,Country,2,0,2,0,1,0,1,No
2018,November,30/11/18,09.00.00,Collision with object,Thursday,No,Day,Serious injury accident,80 km/hr,145.38243,-36.38634,Non-Intersection,SHEPPARTON,Country,1,0,0,1,0,0,0,No
2018,November,30/11/18,15.48.00,Collision with vehicle,Thursday,No,Day,Serious injury accident,60 km/hr,144.65268,-37.88902,Intersection,WYNDHAM,Metro,7,0,4,3,5,0,0,No
2018,November,30/11/18,18.00.00,Vehicle overturned,Friday,No,Unk.,Serious injury accident,50 km/hr,144.8459,-37.81891,Intersection,HOBSONS BAY,Metro,1,0,1,0,0,0,0,No
2018,November,30/11/18,06.20.00,Collision with vehicle,Thursday,No,Day,Other injury accident,80 km/hr,146.15476,-37.22527,Non-Intersection,MANSFIELD,Country,2,0,2,0,0,0,1,No
2018,December,1/12/18,12.45.00,Collision with vehicle,Saturday,No,Day,Other injury accident,100 km/hr,145.17323,-38.14156,Non-Intersection,FRANKSTON,Metro,5,0,2,3,2,0,1,No
2018,December,1/12/18,04.00.00,No collision and no object struck,Saturday,No,Dark,Other injury accident,60 km/hr,143.8219,-37.57118,Intersection,BALLARAT,Country,2,0,1,0,0,0,0,No
2018,December,1/12/18,01.40.00,Collision with object,Friday,No,Dark,Other injury accident,60 km/hr,144.73681,-37.87333,Intersection,WYNDHAM,Metro,1,0,0,1,0,0,0,No
2018,December,1/12/18,06.00.00,Collision with vehicle,Friday,Yes,Day,Other injury accident,50 km/hr,145.27624,-37.78795,Non-Intersection,MAROONDAH,Metro,3,0,1,0,1,0,0,No
2018,December,1/12/18,06.54.00,Collision with vehicle,Saturday,No,Day,Serious injury accident,70 km/hr,144.45551,-38.18689,Intersection,GEELONG,Country,2,0,2,0,0,1,1,No
2018,December,1/12/18,09.20.00,Collision with vehicle,Saturday,No,Day,Serious injury accident,70 km/hr,144.94515,-37.81206,Intersection,MELBOURNE,Metro,3,0,3,0,1,0,0,No
2018,December,1/12/18,09.30.00,Vehicle overturned,Saturday,No,Day,Serious injury accident,80 km/hr,145.4312,-37.76743,Non-Intersection,YARRA RANGES,Metro,2,0,1,1,0,0,0,No
2018,December,1/12/18,12.30.00,Collision with vehicle,Friday,No,Day,Other injury accident,100 km/hr,145.24105,-36.41152,Intersection,SHEPPARTON,Country,2,0,2,0,0,0,0,No
2018,December,1/12/18,10.50.00,Collision with vehicle,Saturday,No,Day,Other injury accident,60 km/hr,144.36234,-38.06721,Intersection,GEELONG,Country,5,0,1,4,3,0,0,No
2018,December,1/12/18,10.42.00,Collision with vehicle,Saturday,No,Day,Other injury accident,80 km/hr,145.31982,-37.56113,Non-Intersection,NILLUMBIK,Metro,2,0,2,0,0,0,1,No
2018,December,1/12/18,09.43.00,Collision with vehicle,Saturday,No,Day,Serious injury accident,80 km/hr,145.35674,-38.13754,Non-Intersection,CASEY,Metro,2,0,2,0,0,0,0,No
2018,December,1/12/18,12.09.00,Collision with vehicle,Saturday,No,Day,Other injury accident,60 km/hr,145.22991,-37.7731,Non-Intersection,MANNINGHAM,Metro,2,0,2,0,0,0,0,No
2018,December,1/12/18,12.05.00,Collision with vehicle,Saturday,No,Day,Other injury accident,50 km/hr,145.31611,-38.08541,Intersection,CASEY,Metro,3,0,3,0,1,0,1,No
2018,December,1/12/18,14.05.00,Collision with vehicle,Saturday,No,Day,Other injury accident,40 km/hr,144.95608,-37.80912,Off Road,MELBOURNE,Metro,2,0,2,0,0,0,0,No
2018,December,1/12/18,12.30.00,Collision with vehicle,Saturday,No,Day,Other injury accident,60 km/hr,145.21104,-37.98382,Non-Intersection,DANDENONG,Metro,3,0,2,0,0,0,0,No
2018,December,1/12/18,13.50.00,Collision with vehicle,Saturday,No,Day,Other injury accident,60 km/hr,145.33792,-37.74984,Intersection,YARRA RANGES,Metro,3,0,0,3,1,0,1,No
2018,December,1/12/18,12.40.00,Collision with object,Saturday,No,Day,Other injury accident,80 km/hr,146.4049,-37.97325,Non-Intersection,BAW BAW,Country,2,0,1,0,0,0,0,No
2018,December,1/12/18,16.00.00,Collision with vehicle,Friday,No,Day,Other injury accident,80 km/hr,144.45933,-38.17462,Non-Intersection,GEELONG,Country,4,0,1,3,1,0,2,No
2018,December,1/12/18,18.23.00,Collision with vehicle,Friday,No,Day,Other injury accident,60 km/hr,144.95237,-37.80924,Intersection,MELBOURNE,Metro,4,0,1,3,2,0,1,No
2018,December,1/12/18,07.30.00,Collision with vehicle,Saturday,No,Day,Other injury accident,60 km/hr,145.11826,-37.79922,Intersection,WHITEHORSE,Metro,2,0,1,1,0,0,0,No
2018,December,1/12/18,17.55.00,Struck pedestrian,Saturday,Yes,Day,Serious injury accident,40 km/hr,145.20705,-38.05849,Non-Intersection,DANDENONG,Metro,2,0,1,0,0,0,0,No
2018,December,1/12/18,22.23.00,Collision with vehicle,Saturday,No,Dark,Serious injury accident,60 km/hr,144.94866,-37.8055,Intersection,MELBOURNE,Metro,2,0,2,0,0,0,0,Yes
2018,December,1/12/18,17.00.00,Collision with vehicle,Saturday,No,Day,Other injury accident,70 km/hr,144.95537,-37.67153,Non-Intersection,HUME,Metro,5,0,2,3,2,0,1,No
2018,December,1/12/18,21.56.00,Collision with vehicle,Saturday,Yes,Dark,Serious injury accident,80 km/hr,145.34116,-38.04538,Non-Intersection,CASEY,Metro,4,0,4,0,2,0,1,Yes
2018,December,1/12/18,17.25.00,Collision with vehicle,Friday,No,Day,Other injury accident,80 km/hr,144.85013,-37.81646,Intersection,BRIMBANK,Metro,2,0,1,0,0,0,0,No
2018,December,1/12/18,18.45.00,Collision with vehicle,Saturday,No,Day,Other injury accident,60 km/hr,143.85669,-37.55964,Intersection,BALLARAT,Country,3,0,1,2,1,0,1,No
2018,December,1/12/18,19.20.00,Collision with vehicle,Friday,No,Day,Other injury accident,60 km/hr,145.33845,-38.05993,Intersection,CASEY,Metro,2,0,0,2,0,0,0,No
2018,December,1/12/18,17.00.00,Collision with vehicle,Friday,No,Day,Other injury accident,70 km/hr,145.10774,-38.03726,Non-Intersection,KINGSTON,Metro,3,0,2,0,1,0,0,No
2018,December,1/12/18,13.00.00,Collision with vehicle,Saturday,No,Day,Other injury accident,70 km/hr,144.99299,-37.79985,Intersection,YARRA RANGES,Metro,2,0,0,2,0,0,1,No
2018,December,1/12/18,23.45.00,Collision with object,Saturday,No,Dark,Serious injury accident,100 km/hr,144.26196,-37.9322,Non-Intersection,GEELONG,Country,1,0,1,0,0,0,1,No
2018,December,2/12/18,01.00.00,Collision with vehicle,Sunday,Yes,Dark,Other injury accident,100 km/hr,144.8032,-37.80112,Non-Intersection,BRIMBANK,Metro,3,0,0,2,1,0,0,No
2018,December,2/12/18,00.15.00,Collision with object,Sunday,No,Dark,Other injury accident,50 km/hr,145.02984,-37.68021,Non-Intersection,WHITTLESEA,Metro,1,0,1,0,0,0,0,Yes
2018,December,2/12/18,02.12.00,Struck pedestrian,Sunday,No,Dark,Serious injury accident,80 km/hr,145.23941,-37.86102,Intersection,KNOX,Metro,2,0,2,0,0,0,0,No
2018,December,2/12/18,07.15.00,Struck animal,,No,Day,Other injury accident,80 km/hr,144.26108,-38.34673,Non-Intersection,SURF COAST,Country,2,0,1,1,0,0,0,No
2018,December,2/12/18,10.15.00,Collision with object,Sunday,No,Day,Other injury accident,70 km/hr,144.31096,-38.1003,Non-Intersection,GEELONG,Country,1,0,1,0,0,0,1,No
2018,December,2/12/18,08.45.00,Collision with vehicle,,No,Day,Other injury accident,60 km/hr,145.27965,-38.11265,Intersection,CASEY,Metro,3,0,0,3,1,0,0,No
2018,December,2/12/18,11.48.00,Collision with vehicle,Sunday,No,Day,Serious injury accident,100 km/hr,145.17081,-37.24759,Non-Intersection,MURRINDINDI,Country,3,0,2,1,1,0,0,No
2018,December,2/12/18,11.00.00,Collision with vehicle,Sunday,No,Day,Fatal accident,50 km/hr,144.93102,-37.69742,Non-Intersection,MORELAND,Metro,1,1,1,0,0,0,0,No
2018,December,2/12/18,14.30.00,Struck pedestrian,Sunday,No,Day,Serious injury accident,50 km/hr,145.3273,-38.09973,Non-Intersection,CASEY,Metro,4,0,2,2,2,0,1,No
2018,December,2/12/18,19.07.00,Collision with vehicle,,No,Day,Serious injury accident,80 km/hr,145.22496,-37.96219,Non-Intersection,DANDENONG,Metro,6,0,2,4,3,0,1,No
2018,December,2/12/18,15.35.00,Struck pedestrian,,No,Day,Other injury accident,50 km/hr,145.1638,-37.88019,Intersection,MONASH,Metro,2,0,1,1,0,0,1,No
2018,December,2/12/18,15.57.00,Collision with vehicle,,No,Day,Other injury accident,60 km/hr,143.97781,-38.5238,Non-Intersection,SURF COAST,Country,7,0,5,1,5,0,0,No
2018,December,2/12/18,18.28.00,Collision with vehicle,Sunday,No,Dusk/Dawn,Other injury accident,50 km/hr,143.83804,-37.59762,Intersection,BALLARAT,Country,3,0,1,2,1,0,2,No
2018,December,2/12/18,22.00.00,Struck animal,,No,Dark,Other injury accident,100 km/hr,146.9689,-36.13637,Non-Intersection,WODONGA,Country,1,0,0,1,0,0,1,No
2018,December,2/12/18,22.00.00,Collision with vehicle,,No,Dark,Other injury accident,60 km/hr,145.12696,-37.79776,Intersection,WHITEHORSE,Metro,3,0,2,1,1,0,1,No
2018,December,2/12/18,20.46.00,Collision with vehicle,Sunday,No,Dark,Serious injury accident,50 km/hr,145.34725,-38.14651,Non-Intersection,CASEY,Metro,5,0,2,3,2,0,0,No
2018,December,2/12/18,23.50.00,Collision with vehicle,Sunday,No,Dark,Other injury accident,40 km/hr,144.85219,-37.67546,Non-Intersection,HUME,Metro,4,0,1,2,2,0,1,No
2018,December,2/12/18,23.20.00,Collision with object,,No,Dark,Other injury accident,60 km/hr,145.35173,-37.91904,Non-Intersection,YARRA RANGES,Metro,1,0,1,0,0,0,1,No
2018,December,2/12/18,22.30.00,Collision with vehicle,Sunday,No,Dark,Other injury accident,60 km/hr,144.998,-37.87692,Intersection,GLEN EIRA,Metro,2,0,2,0,0,0,0,No
2018,December,2/12/18,04.20.00,Collision with vehicle,,Yes,Dark,Other injury accident,60 km/hr,145.05883,-37.69784,Intersection,WHITTLESEA,Metro,2,0,0,1,0,0,1,No
2018,December,3/12/18,14.00.00,Collision with vehicle,Monday,No,Day,Other injury accident,50 km/hr,144.83887,-37.86642,Non-Intersection,HOBSONS BAY,Metro,2,0,1,1,0,0,0,No
2018,December,3/12/18,05.20.00,Collision with object,Sunday,No,Dusk/Dawn,Serious injury accident,70 km/hr,144.44366,-38.18441,Non-Intersection,GEELONG,Country,1,0,0,1,0,0,1,No
2018,December,3/12/18,07.16.00,Collision with vehicle,Sunday,No,Day,Other injury accident,80 km/hr,145.40851,-36.44079,Intersection,SHEPPARTON,Country,2,0,1,1,0,0,0,No
2018,December,3/12/18,08.05.00,Collision with vehicle,Monday,No,Day,Other injury accident,100 km/hr,145.20386,-36.08545,Intersection,MOIRA,Country,6,0,0,6,4,0,0,No
2018,December,3/12/18,10.15.00,Collision with vehicle,Monday,No,Day,Other injury accident,60 km/hr,145.35307,-36.39552,Non-Intersection,SHEPPARTON,Country,2,0,1,1,0,0,0,No
2018,December,3/12/18,08.35.00,Collision with vehicle,Monday,No,Day,Serious injury accident,100 km/hr,145.26069,-36.58228,Non-Intersection,SHEPPARTON,Country,2,0,2,0,0,0,0,No
2018,December,3/12/18,09.50.00,Collision with vehicle,Monday,No,Day,Serious injury accident,50 km/hr,146.01719,-36.00902,Non-Intersection,MOIRA,Country,3,0,2,1,1,1,0,No
2018,December,3/12/18,11.25.00,Collision with object,Monday,No,Day,Serious injury accident,60 km/hr,143.84097,-37.59404,Non-Intersection,BALLARAT,Country,2,0,1,1,1,1,0,No
2018,December,3/12/18,13.16.00,Struck pedestrian,Sunday,No,Day,Serious injury accident,40 km/hr,145.05859,-37.88665,Non-Intersection,GLEN EIRA,Metro,3,0,2,1,1,0,0,No
2018,December,3/12/18,13.20.00,Collision with vehicle,Monday,No,Day,Other injury accident,60 km/hr,144.31668,-38.2106,Intersection,GEELONG,Country,2,0,1,1,0,0,0,No
2018,December,3/12/18,14.00.00,Collision with vehicle,Sunday,No,Day,Other injury accident,60 km/hr,147.63917,-37.82586,Intersection,EAST GIPPSLAND,Country,3,0,2,1,1,0,0,No
2018,December,3/12/18,10.26.00,Collision with vehicle,Monday,No,Day,Other injury accident,80 km/hr,146.69867,-36.58571,Non-Intersection,ALPINE,Country,2,0,1,1,0,0,0,No
2018,December,3/12/18,10.15.00,Collision with object,Monday,No,Day,Other injury accident,100 km/hr,141.93297,-35.10256,Non-Intersection,MILDURA,Country,1,0,0,1,0,0,1,No