year,month,date,time,accident_type,day,hit_run,light_condition,severity,speed_zone,longitude,latitude,node_type,lga,state_div,total_persons,fatality,males,females,passengers,old_driver,young_driver,alcohol
2018,December,13/12/18,21.09.00,Collision with object,Thursday,No,Dark,Serious injury accident,60 km/hr,145.43182,-36.38833,Intersection,SHEPPARTON,Country,1,0,1,0,0,0,0,Yes
2018,December,13/12/18,18.00.00,No collision and no object struck,Thursday,No,Day,Other injury accident,50 km/hr,142.19709,-36.71083,Non-Intersection,HORSHAM,Country,1,0,1,0,0,0,0,No
2018,December,13/12/18,15.30.00,Collision with vehicle,Thursday,No,Day,Other injury accident,60 km/hr,145.12639,-37.79589,Non-Intersection,MANNINGHAM,Metro,4,0,3,1,0,0,0,No
2018,December,13/12/18,21.30.00,Collision with vehicle,Thursday,No,Dark,Serious injury accident,50 km/hr,145.01638,-37.8333,Non-Intersection,STONNINGTON,Metro,2,0,2,0,0,0,1,No
2018,December,13/12/18,16.33.00,Collision with vehicle,Thursday,No,Day,Serious injury accident,80 km/hr,144.67415,-37.74547,Non-Intersection,MELTON,Metro,2,0,2,0,0,0,0,No
2018,December,13/12/18,07.00.00,Collision with vehicle,Wednesday,No,Day,Other injury accident,60 km/hr,145.20701,-37.58401,Non-Intersection,NILLUMBIK,Metro,2,0,2,0,0,0,1,No
2018,December,13/12/18,12.00.00,Collision with vehicle,Thursday,No,Day,Other injury accident,80 km/hr,145.05192,-37.95743,Intersection,KINGSTON,Metro,4,0,3,1,2,0,0,No
2018,December,14/12/18,17.45.00,Collision with vehicle,Friday,No,Day,Other injury accident,60 km/hr,145.05908,-37.7582,Intersection,BANYULE,Metro,3,0,2,1,0,0,1,No
2018,December,14/12/18,14.50.00,Collision with vehicle,Thursday,No,Day,Serious injury accident,90 km/hr,145.19464,-38.07164,Non-Intersection,DANDENONG,Metro,2,0,2,0,0,0,0,No
2018,December,14/12/18,18.59.00,Collision with vehicle,Thursday,No,Day,Serious injury accident,100 km/hr,145.54052,-38.31534,Non-Intersection,BASS COAST,Country,2,0,2,0,0,0,1,Yes
2018,December,14/12/18,18.10.00,Collision with vehicle,Thursday,No,Day,Other injury accident,60 km/hr,145.25772,-37.87618,Intersection,KNOX,Metro,4,0,3,1,2,0,1,No
2018,December,14/12/18,17.30.00,Collision with vehicle,Friday,No,Day,Other injury accident,80 km/hr,144.63522,-37.92027,Intersection,WYNDHAM,Metro,2,0,2,0,0,0,0,No
2018,December,14/12/18,15.20.00,Collision with vehicle,Friday,No,Day,Serious injury accident,50 km/hr,144.34668,-38.19885,Non-Intersection,GEELONG,Country,2,0,1,1,0,0,1,No
2018,December,14/12/18,17.00.00,Vehicle overturned,Friday,No,Dusk/Dawn,Other injury accident,100 km/hr,148.6579,-37.11902,Non-Intersection,EAST GIPPSLAND,Country,1,0,1,0,0,0,0,No
2018,December,14/12/18,21.55.00,Struck pedestrian,Friday,No,Dark,Other injury accident,50 km/hr,144.39044,-38.19168,Non-Intersection,GEELONG,Country,2,0,0,2,0,0,1,No
2018,December,14/12/18,13.30.00,Collision with vehicle,Thursday,No,Day,Other injury accident,50 km/hr,145.01385,-37.66526,Non-Intersection,WHITTLESEA,Metro,2,0,2,0,0,0,1,No
2018,December,14/12/18,18.08.00,Collision with vehicle,Thursday,No,Dark,Other injury accident,60 km/hr,144.93387,-37.70442,Intersection,MORELAND,Metro,2,0,1,1,0,0,0,No
2018,December,14/12/18,00.15.00,Collision with vehicle,Friday,No,Dark,Other injury accident,50 km/hr,145.01553,-37.72436,Non-Intersection,DAREBIN,Metro,7,0,7,0,5,0,0,No
2018,December,14/12/18,00.15.00,Collision with object,Friday,No,Dark,Serious injury accident,100 km/hr,144.75961,-37.64986,Intersection,HUME,Metro,3,0,1,2,0,0,0,No
2018,December,14/12/18,08.45.00,Struck pedestrian,Friday,No,Day,Other injury accident,60 km/hr,144.90626,-37.78369,Non-Intersection,MOONEE VALLEY,Metro,2,0,2,0,0,0,0,No
2018,December,14/12/18,09.56.00,Collision with vehicle,Friday,No,Day,Other injury accident,60 km/hr,144.97746,-37.73541,Intersection,MORELAND,Metro,2,0,1,1,0,0,0,No
2018,December,14/12/18,08.55.00,Vehicle overturned,Thursday,No,Day,Other injury accident,80 km/hr,146.29537,-38.99489,Non-Intersection,SOUTH GIPPSLAND,Country,2,0,2,0,1,0,0,No
2018,December,14/12/18,12.05.00,Collision with vehicle,Thursday,No,Day,Other injury accident,60 km/hr,144.74682,-37.74674,Intersection,MELTON,Metro,3,0,1,1,0,0,0,No
2018,December,14/12/18,11.30.00,Collision with vehicle,Friday,No,Day,Other injury accident,80 km/hr,144.92217,-37.66375,Intersection,HUME,Metro,3,0,0,3,0,0,1,No
2018,December,14/12/18,09.20.00,Collision with vehicle,Thursday,No,Day,Other injury accident,60 km/hr,144.89128,-37.74433,Non-Intersection,MOONEE VALLEY,Metro,2,0,2,0,0,0,0,No
2018,December,14/12/18,13.22.00,Struck pedestrian,Friday,No,Day,Other injury accident,50 km/hr,142.48638,-38.37659,Non-Intersection,WARRNAMBOOL,Country,3,0,1,2,1,0,1,No
2018,December,14/12/18,13.10.00,Collision with vehicle,Thursday,No,Day,Other injury accident,60 km/hr,145.94525,-38.47516,Intersection,SOUTH GIPPSLAND,Country,3,0,1,2,1,1,0,No
2018,December,14/12/18,15.05.00,Collision with vehicle,Friday,No,Day,Other injury accident,50 km/hr,145.00822,-37.69567,Intersection,DAREBIN,Metro,4,0,1,3,2,1,0,No
2018,December,14/12/18,12.00.00,Collision with object,Friday,No,Day,Serious injury accident,40 km/hr,145.0695,-37.72127,Non-Intersection,BANYULE,Metro,1,0,1,0,0,1,0,No
2018,December,14/12/18,17.20.00,Collision with vehicle,Thursday,No,Day,Other injury accident,60 km/hr,145.01227,-37.76463,Intersection,DAREBIN,Metro,2,0,2,0,0,0,1,No
2018,December,14/12/18,13.00.00,Collision with vehicle,Friday,No,Day,Other injury accident,60 km/hr,145.04452,-37.82524,Intersection,BOROONDARA,Metro,2,0,1,0,0,0,0,No
2018,December,14/12/18,16.11.00,Fall from or in moving vehicle,Friday,No,Day,Serious injury accident,40 km/hr,144.79496,-38.38678,Non-Intersection,MORNINGTON PENINSULA,Metro,1,0,0,1,0,0,0,No
2018,December,14/12/18,18.49.00,Collision with vehicle,Thursday,No,Dark,Other injury accident,60 km/hr,145.01345,-37.68254,Non-Intersection,WHITTLESEA,Metro,7,0,6,1,5,0,0,No
2018,December,14/12/18,15.30.00,Collision with vehicle,Friday,No,Day,Serious injury accident,60 km/hr,145.26124,-37.86951,Intersection,KNOX,Metro,3,0,2,1,1,0,0,No
2018,December,14/12/18,19.23.00,Collision with object,Friday,No,Day,Other injury accident,80 km/hr,144.89056,-37.70217,Non-Intersection,HUME,Metro,1,0,0,1,0,0,0,No
2018,December,14/12/18,19.00.00,Collision with object,Friday,No,Day,Other injury accident,100 km/hr,144.01994,-37.55036,Non-Intersection,MOORABOOL,Country,1,0,1,0,0,0,0,No
2018,December,14/12/18,16.30.00,Collision with object,Friday,No,Day,Other injury accident,80 km/hr,143.69358,-38.55659,Non-Intersection,COLAC OTWAY,Country,1,0,0,1,0,0,1,No
2018,December,14/12/18,17.15.00,Collision with vehicle,Friday,No,Day,Other injury accident,60 km/hr,145.5019,-38.08803,Intersection,CARDINIA,Metro,3,0,2,1,1,0,0,No
2018,December,14/12/18,16.40.00,Struck pedestrian,Friday,No,Day,Serious injury accident,50 km/hr,147.63287,-37.82546,Non-Intersection,EAST GIPPSLAND,Country,2,0,1,1,0,0,0,No
2018,December,14/12/18,11.00.00,Collision with vehicle,Thursday,No,Day,Other injury accident,80 km/hr,145.27263,-37.80082,Intersection,MAROONDAH,Metro,2,0,1,1,0,0,0,No
2018,December,15/12/18,01.25.00,Collision with vehicle,Saturday,No,Dark,Other injury accident,60 km/hr,145.03682,-37.81469,Intersection,BOROONDARA,Metro,5,0,2,3,3,0,1,No
2018,December,15/12/18,00.30.00,Collision with object,Saturday,No,Dark,Serious injury accident,80 km/hr,144.46913,-37.21515,Non-Intersection,MACEDON RANGES,Country,1,0,1,0,0,0,1,No
2018,December,15/12/18,06.45.00,Collision with vehicle,Saturday,No,Dusk/Dawn,Other injury accident,70 km/hr,145.00537,-37.64999,Intersection,WHITTLESEA,Metro,3,0,3,0,0,0,1,No
2018,December,15/12/18,09.50.00,Struck pedestrian,Friday,No,Day,Other injury accident,50 km/hr,144.73481,-37.27701,Non-Intersection,MACEDON RANGES,Country,2,0,0,2,0,0,0,No
2018,December,15/12/18,10.12.00,Collision with vehicle,Friday,No,Day,Other injury accident,40 km/hr,144.309,-36.72613,Intersection,BENDIGO,Country,2,0,1,1,0,0,0,No
2018,December,15/12/18,10.42.00,Collision with object,Friday,No,Day,Other injury accident,80 km/hr,145.22499,-38.0001,Non-Intersection,DANDENONG,Metro,1,0,1,0,0,1,0,No
2018,December,15/12/18,11.25.00,Collision with vehicle,Friday,No,Day,Other injury accident,50 km/hr,145.34344,-37.75477,Intersection,YARRA RANGES,Metro,4,0,2,2,2,0,0,No
2018,December,15/12/18,11.42.00,Collision with vehicle,Saturday,No,Day,Other injury accident,60 km/hr,141.60386,-38.34348,Non-Intersection,GLENELG,Country,3,0,2,1,0,0,1,No
2018,December,15/12/18,13.00.00,Collision with vehicle,Friday,No,Day,Serious injury accident,60 km/hr,145.10876,-38.0381,Non-Intersection,KINGSTON,Metro,2,0,1,1,0,0,1,No
2018,December,15/12/18,14.05.00,Collision with vehicle,Saturday,Yes,Day,Other injury accident,100 km/hr,145.32633,-38.03405,Non-Intersection,CASEY,Metro,2,0,0,1,0,0,0,No
2018,December,15/12/18,14.15.00,Collision with vehicle,Friday,No,Day,Serious injury accident,60 km/hr,144.96206,-37.82779,Intersection,MELBOURNE,Metro,5,0,3,2,3,0,0,No
2018,December,15/12/18,13.10.00,Collision with vehicle,Saturday,No,Day,Other injury accident,40 km/hr,144.95711,-37.81939,Intersection,MELBOURNE,Metro,2,0,0,2,0,0,0,No
2018,December,15/12/18,12.25.00,Collision with vehicle,Saturday,No,Day,Other injury accident,70 km/hr,145.1122,-37.77352,Intersection,MANNINGHAM,Metro,3,0,2,1,0,1,0,No
2018,December,15/12/18,00.54.00,Struck pedestrian,Saturday,No,Dark,Serious injury accident,40 km/hr,144.35731,-38.14861,Intersection,GEELONG,Country,2,0,2,0,0,0,0,No
2018,December,15/12/18,15.03.00,Collision with object,Saturday,No,Day,Other injury accident,80 km/hr,145.17936,-37.99505,Non-Intersection,DANDENONG,Metro,1,0,1,0,0,0,0,No
2018,December,15/12/18,16.45.00,Struck pedestrian,Friday,No,Day,Other injury accident,50 km/hr,145.00383,-37.77458,Non-Intersection,DAREBIN,Metro,2,0,2,0,0,0,0,No
2018,December,15/12/18,16.38.00,Struck pedestrian,Saturday,No,Day,Other injury accident,80 km/hr,144.35465,-38.10082,Non-Intersection,GEELONG,Country,2,0,2,0,0,0,0,No
2018,December,15/12/18,19.10.00,Struck pedestrian,Saturday,No,Day,Other injury accident,60 km/hr,144.99243,-37.8568,Non-Intersection,STONNINGTON,Metro,2,0,0,1,0,0,0,No
2018,December,15/12/18,18.02.00,Struck pedestrian,Saturday,No,Dusk/Dawn,Other injury accident,40 km/hr,144.9847,-37.79648,Non-Intersection,YARRA RANGES,Metro,2,0,0,2,0,0,0,No
2018,December,15/12/18,16.24.00,Collision with vehicle,Saturday,No,Day,Serious injury accident,50 km/hr,145.19937,-37.91414,Non-Intersection,MONASH,Metro,3,0,0,3,1,0,0,No
2018,December,15/12/18,20.18.00,Vehicle overturned,Saturday,No,Dusk/Dawn,Serious injury accident,100 km/hr,144.22998,-37.15594,Non-Intersection,MOUNT ALEXANDER,Country,1,0,1,0,0,0,0,No
2018,December,15/12/18,17.05.00,Collision with object,Saturday,No,Day,Other injury accident,60 km/hr,144.933,-37.6869,Non-Intersection,HUME,Metro,3,0,0,3,2,0,1,No
2018,December,15/12/18,17.45.00,Collision with object,Saturday,No,Day,Other injury accident,80 km/hr,146.19569,-38.32999,Non-Intersection,SOUTH GIPPSLAND,Country,4,0,1,3,3,0,0,No
2018,December,15/12/18,15.45.00,Collision with vehicle,Saturday,No,Day,Other injury accident,80 km/hr,145.11078,-37.9777,Intersection,KINGSTON,Metro,4,0,1,3,2,0,0,No
2018,December,15/12/18,20.21.00,Collision with vehicle,Saturday,Yes,Day,Other injury accident,50 km/hr,144.93746,-37.7166,Non-Intersection,MORELAND,Metro,1,0,1,0,0,0,1,Yes
2018,December,15/12/18,22.16.00,Vehicle overturned,Friday,No,Dark,Other injury accident,40 km/hr,144.99343,-37.81794,Intersection,YARRA RANGES,Metro,1,0,1,0,0,0,0,No
2018,December,15/12/18,19.00.00,Collision with vehicle,Saturday,No,Day,Other injury accident,60 km/hr,144.9867,-37.87022,Off Road,PORT PHILLIP,Metro,2,0,2,0,0,0,0,No
2018,December,15/12/18,20.45.00,Collision with object,Saturday,No,Dark,Fatal accident,80 km/hr,144.81537,-37.82623,Non-Intersection,WYNDHAM,Metro,2,2,2,0,1,0,0,No
2018,December,15/12/18,22.50.00,Struck pedestrian,Friday,No,Dark,Other injury accident,40 km/hr,145.1638,-37.88019,Intersection,MONASH,Metro,3,0,1,2,1,0,0,No
2018,December,15/12/18,14.00.00,Collision with vehicle,Friday,No,Day,Other injury accident,50 km/hr,144.86533,-37.85329,Intersection,HOBSONS BAY,Metro,3,0,2,1,1,1,0,No
2018,December,15/12/18,22.35.00,Collision with vehicle,Friday,No,Dark,Other injury accident,50 km/hr,144.97888,-37.41966,Intersection,MITCHELL,Country,3,0,2,1,1,1,1,No
2018,December,15/12/18,13.10.00,Collision with vehicle,Saturday,No,Day,Serious injury accident,100 km/hr,144.13163,-36.35629,Intersection,LODDON,Country,4,0,1,2,2,0,0,No
2018,December,15/12/18,19.30.00,Fall from or in moving vehicle,Saturday,No,Day,Serious injury accident,100 km/hr,146.18869,-36.18623,Non-Intersection,MOIRA,Country,2,0,1,1,1,0,1,No
2018,December,15/12/18,13.45.00,Collision with vehicle,Friday,No,Day,Other injury accident,60 km/hr,145.02967,-37.80254,Non-Intersection,BOROONDARA,Metro,2,0,1,1,0,0,0,No
2018,December,15/12/18,11.20.00,Collision with vehicle,Friday,No,Day,Other injury accident,40 km/hr,144.96335,-37.84101,Non-Intersection,PORT PHILLIP,Metro,2,0,2,0,0,0,0,No
2018,December,16/12/18,04.00.00,Struck pedestrian,,No,Dark,Serious injury accident,40 km/hr,144.99501,-37.84576,Intersection,STONNINGTON,Metro,2,0,2,0,0,0,0,No
2018,December,16/12/18,00.28.00,Collision with vehicle,,No,Dark,Serious injury accident,60 km/hr,144.88108,-37.82726,Non-Intersection,HOBSONS BAY,Metro,2,0,0,2,0,0,0,No
2018,December,16/12/18,00.05.00,Collision with vehicle,Sunday,No,Dark,Other injury accident,50 km/hr,144.95237,-37.80924,Intersection,MELBOURNE,Metro,3,0,3,0,1,0,1,No
2018,December,16/12/18,00.16.00,Collision with object,Sunday,No,Dark,Serious injury accident,60 km/hr,145.13178,-37.88583,Non-Intersection,MONASH,Metro,1,0,1,0,0,0,0,Yes
2018,December,16/12/18,08.25.00,Collision with vehicle,Sunday,No,Day,Serious injury accident,70 km/hr,145.0716,-37.9375,Non-Intersection,GLEN EIRA,Metro,2,0,1,1,1,0,0,No
2018,December,16/12/18,10.38.00,Collision with vehicle,,No,Day,Other injury accident,60 km/hr,145.51008,-37.6579,Intersection,YARRA RANGES,Metro,7,0,3,3,5,0,0,No
2018,December,16/12/18,10.02.00,Collision with object,,No,Day,Serious injury accident,50 km/hr,145.1205,-38.02461,Intersection,KINGSTON,Metro,1,0,0,1,0,0,0,No
2018,December,16/12/18,07.30.00,Collision with vehicle,,No,Day,Other injury accident,60 km/hr,145.70903,-37.19384,Intersection,MURRINDINDI,Country,2,0,0,2,0,0,1,No
2018,December,16/12/18,13.00.00,Collision with object,Sunday,No,Day,Other injury accident,50 km/hr,144.34532,-38.17575,Intersection,GEELONG,Country,2,0,0,2,1,0,0,No
2018,December,16/12/18,15.00.00,Struck pedestrian,Sunday,No,Day,Other injury accident,60 km/hr,145.00007,-37.81366,Intersection,YARRA RANGES,Metro,2,0,1,1,0,0,0,No
2018,December,16/12/18,15.06.00,Collision with vehicle,,No,Day,Other injury accident,60 km/hr,145.03344,-37.95527,Intersection,BAYSIDE,Metro,3,0,1,2,1,0,0,No
2018,December,16/12/18,14.45.00,Collision with vehicle,Sunday,No,Day,Other injury accident,60 km/hr,145.2455,-38.14784,Intersection,CASEY,Metro,2,0,1,1,0,0,0,No
2018,December,16/12/18,16.30.00,Collision with vehicle,Sunday,No,Day,Other injury accident,70 km/hr,144.77446,-37.77016,Non-Intersection,BRIMBANK,Metro,4,0,3,1,1,0,1,No
2018,December,16/12/18,13.25.00,Collision with vehicle,,No,Day,Serious injury accident,80 km/hr,145.42937,-37.83236,Intersection,YARRA RANGES,Metro,5,0,2,3,3,0,1,No
2018,December,16/12/18,16.00.00,Collision with object,Sunday,No,Day,Serious injury accident,100 km/hr,147.35267,-37.80934,Non-Intersection,EAST GIPPSLAND,Country,2,0,2,0,0,0,0,No
2018,December,16/12/18,16.00.00,Collision with vehicle,Sunday,No,Day,Serious injury accident,100 km/hr,145.1272,-38.26003,Non-Intersection,MORNINGTON PENINSULA,Metro,5,0,2,3,3,0,0,No
2018,December,16/12/18,17.25.00,Collision with vehicle,Sunday,No,Day,Serious injury accident,70 km/hr,144.45549,-38.18702,Intersection,GEELONG,Country,11,0,6,5,9,0,1,No
2018,December,16/12/18,15.39.00,Collision with vehicle,,No,Day,Other injury accident,40 km/hr,144.98039,-37.85798,Intersection,PORT PHILLIP,Metro,2,0,2,0,0,0,0,No
2018,December,16/12/18,16.30.00,Collision with vehicle,Sunday,No,Day,Other injury accident,80 km/hr,144.96341,-37.64534,Intersection,HUME,Metro,4,0,4,0,2,0,0,No
2018,December,16/12/18,16.05.00,Collision with vehicle,,No,Day,Other injury accident,80 km/hr,145.14578,-37.98226,Non-Intersection,DANDENONG,Metro,12,0,3,9,5,0,1,No
2018,December,16/12/18,23.30.00,Collision with object,,No,Dark,Other injury accident,100 km/hr,145.10151,-37.34124,Non-Intersection,MITCHELL,Country,1,0,1,0,0,0,0,No
2018,December,17/12/18,02.55.00,Collision with object,Monday,No,Dark,Serious injury accident,70 km/hr,145.14741,-37.69383,Non-Intersection,NILLUMBIK,Metro,1,0,0,1,0,0,1,No
2018,December,17/12/18,05.45.00,Collision with vehicle,Monday,Yes,Dusk/Dawn,Serious injury accident,50 km/hr,144.99195,-37.88173,Intersection,PORT PHILLIP,Metro,2,0,1,0,0,0,0,No
2018,December,17/12/18,08.45.00,Collision with object,Sunday,No,Day,Other injury accident,100 km/hr,143.92581,-38.36869,Non-Intersection,SURF COAST,Country,1,0,1,0,0,0,0,No
2018,December,17/12/18,08.55.00,Collision with object,Monday,No,Day,Other injury accident,100 km/hr,144.66651,-37.34551,Non-Intersection,MACEDON RANGES,Country,1,0,0,1,0,0,0,No
2018,December,17/12/18,07.49.00,Struck animal,Monday,No,Day,Other injury accident,100 km/hr,147.02144,-36.10902,Non-Intersection,WODONGA,Country,3,0,2,1,0,0,0,No
2018,December,17/12/18,13.05.00,Collision with vehicle,Monday,No,Day,Other injury accident,50 km/hr,145.07182,-37.75838,Intersection,BANYULE,Metro,4,0,3,1,0,0,0,No
2018,December,17/12/18,13.45.00,Collision with vehicle,Sunday,No,Day,Other injury accident,60 km/hr,145.02261,-37.74256,Intersection,DAREBIN,Metro,2,0,1,1,0,0,0,No
2018,December,17/12/18,12.00.00,Collision with vehicle,Sunday,No,Day,Other injury accident,60 km/hr,145.19629,-37.99137,Intersection,DANDENONG,Metro,2,0,2,0,0,0,0,No
2018,December,17/12/18,13.30.00,Collision with vehicle,Monday,No,Day,Other injury accident,60 km/hr,145.05926,-37.94642,Non-Intersection,KINGSTON,Metro,2,0,2,0,0,0,0,No
2018,December,17/12/18,15.36.00,Collision with object,Monday,No,Day,Other injury accident,100 km/hr,145.41276,-38.04752,Intersection,CARDINIA,Metro,3,0,0,3,2,0,0,No
2018,December,17/12/18,14.15.00,Collision with vehicle,Sunday,No,Day,Serious injury accident,80 km/hr,145.03617,-37.9351,Intersection,KINGSTON,Metro,2,0,1,1,0,0,0,No
2018,December,17/12/18,16.00.00,Collision with vehicle,Sunday,No,Day,Other injury accident,60 km/hr,145.13971,-37.81396,Intersection,WHITEHORSE,Metro,2,0,1,1,0,0,0,No
2018,December,17/12/18,16.30.00,Collision with object,Monday,No,Day,Serious injury accident,100 km/hr,144.44683,-37.27162,Non-Intersection,MACEDON RANGES,Country,1,0,1,0,0,0,1,No
2018,December,17/12/18,17.49.00,Vehicle overturned,Monday,No,Day,Other injury accident,50 km/hr,145.06192,-38.23482,Intersection,MORNINGTON PENINSULA,Metro,1,0,1,0,0,0,0,No
2018,December,17/12/18,19.10.00,Struck pedestrian,Monday,No,Day,Serious injury accident,70 km/hr,147.06819,-38.10516,Intersection,WELLINGTON,Country,3,0,2,1,0,0,1,No
2018,December,17/12/18,14.40.00,Collision with vehicle,Monday,No,Day,Other injury accident,80 km/hr,145.19445,-38.07175,Intersection,DANDENONG,Metro,3,0,2,1,1,0,0,No
2018,December,17/12/18,18.55.00,Collision with object,Monday,No,Day,Fatal accident,50 km/hr,142.20969,-36.72893,Non-Intersection,HORSHAM,Country,2,1,2,0,0,0,1,Yes
2018,December,17/12/18,21.42.00,Collision with object,Monday,No,Dark,Other injury accident,60 km/hr,144.96665,-37.74103,Non-Intersection,MORELAND,Metro,2,0,2,0,1,0,1,No
2018,December,17/12/18,21.45.00,Collision with vehicle,Monday,No,Dark,Other injury accident,60 km/hr,144.26398,-36.73788,Intersection,BENDIGO,Country,4,0,0,4,2,0,2,No
2018,December,17/12/18,18.20.00,Vehicle overturned,Sunday,No,Day,Other injury accident,80 km/hr,145.20263,-38.0027,Non-Intersection,DANDENONG,Metro,1,0,1,0,0,0,0,No
2018,December,17/12/18,16.10.00,Collision with object,Monday,No,Day,Other injury accident,100 km/hr,143.41022,-37.07028,Non-Intersection,PYRENEES,Country,1,0,1,0,0,0,0,No
2018,December,17/12/18,01.30.00,Collision with vehicle,Monday,No,Dark,Fatal accident,60 km/hr,144.28938,-36.77629,Intersection,BENDIGO,Country,4,1,3,1,2,0,1,No
2018,December,17/12/18,21.40.00,Collision with vehicle,Monday,No,Dark,Serious injury accident,60 km/hr,145.19382,-37.81825,Intersection,WHITEHORSE,Metro,7,0,4,3,5,0,0,No
2018,December,17/12/18,12.10.00,Collision with vehicle,Sunday,No,Day,Other injury accident,50 km/hr,145.04247,-37.75692,Intersection,BANYULE,Metro,2,0,1,1,0,1,0,No
2018,December,17/12/18,11.00.00,Collision with vehicle,Monday,No,Day,Other injury accident,60 km/hr,144.90562,-37.80555,Intersection,MARIBYRNONG,Metro,2,0,2,0,0,0,0,No
2018,December,18/12/18,16.30.00,Collision with vehicle,Monday,No,Day,Other injury accident,40 km/hr,144.98517,-37.79372,Intersection,YARRA RANGES,Metro,2,0,2,0,0,0,0,No
2018,December,18/12/18,07.23.00,Collision with vehicle,Tuesday,No,Day,Other injury accident,50 km/hr,144.9221,-37.82563,Intersection,MELBOURNE,Metro,2,0,2,0,0,0,0,No
2018,December,18/12/18,10.50.00,Collision with vehicle,Tuesday,No,Day,Serious injury accident,80 km/hr,145.14542,-37.92585,Intersection,DANDENONG,Metro,2,0,2,0,0,1,0,No
2018,December,18/12/18,10.00.00,Vehicle overturned,Monday,No,Day,Serious injury accident,100 km/hr,144.41638,-37.30095,Non-Intersection,MACEDON RANGES,Country,1,0,0,1,0,0,0,No
2018,December,18/12/18,12.05.00,Struck pedestrian,Tuesday,No,Day,Serious injury accident,50 km/hr,145.06187,-37.92059,Intersection,GLEN EIRA,Metro,3,0,2,1,1,0,0,No
2018,December,18/12/18,08.30.00,Vehicle overturned,Monday,No,Day,Serious injury accident,60 km/hr,144.12905,-37.86169,Non-Intersection,GOLDEN PLAINS,Country,1,0,1,0,0,0,0,No
2018,December,18/12/18,13.35.00,Struck pedestrian,Tuesday,No,Day,Other injury accident,50 km/hr,145.42763,-37.78105,Non-Intersection,YARRA RANGES,Metro,2,0,0,2,0,0,0,No
2018,December,18/12/18,14.10.00,Struck pedestrian,Monday,No,Day,Other injury accident,50 km/hr,145.07859,-37.91767,Non-Intersection,GLEN EIRA,Metro,2,0,1,1,0,0,0,No
2018,December,18/12/18,07.00.00,Collision with vehicle,Monday,No,Day,Other injury accident,70 km/hr,145.13045,-37.73041,Non-Intersection,BANYULE,Metro,2,0,1,1,0,0,1,No
2018,December,18/12/18,15.10.00,Collision with vehicle,Tuesday,No,Day,Other injury accident,60 km/hr,142.77715,-34.58307,Intersection,SWAN HILL,Country,2,0,0,2,0,0,1,No
2018,December,18/12/18,14.15.00,Collision with vehicle,Monday,No,Day,Other injury accident,80 km/hr,145.23986,-37.85152,Intersection,KNOX,Metro,2,0,1,1,0,1,0,No
2018,December,18/12/18,18.10.00,No collision and no object struck,Tuesday,No,Dusk/Dawn,Other injury accident,70 km/hr,145.05404,-37.88348,Non-Intersection,GLEN EIRA,Metro,1,0,1,0,0,0,0,No
2018,December,18/12/18,17.17.00,Collision with vehicle,Monday,No,Day,Other injury accident,60 km/hr,145.02985,-37.69347,Intersection,WHITTLESEA,Metro,2,0,2,0,0,0,1,No
2018,December,18/12/18,16.40.00,Collision with vehicle,Tuesday,No,Day,Other injury accident,100 km/hr,145.90638,-37.02274,Intersection,MANSFIELD,Country,2,0,2,0,0,0,0,No
2018,December,18/12/18,19.16.00,Collision with vehicle,Monday,Not known,Dusk/Dawn,Other injury accident,60 km/hr,143.84899,-37.56081,Intersection,BALLARAT,Country,3,0,0,3,1,1,0,No
2018,December,18/12/18,17.30.00,Collision with vehicle,Monday,No,Day,Other injury accident,60 km/hr,144.72142,-37.56997,Non-Intersection,HUME,Metro,2,0,1,1,0,0,1,No
2018,December,18/12/18,16.29.00,Collision with vehicle,Monday,Yes,Day,Other injury accident,100 km/hr,145.05957,-37.78539,Non-Intersection,BOROONDARA,Metro,2,0,1,1,0,0,0,No
2018,December,18/12/18,22.01.00,Collision with vehicle,Tuesday,No,Dark,Other injury accident,60 km/hr,145.04396,-37.74176,Non-Intersection,BANYULE,Metro,1,0,0,1,0,0,0,No
2018,December,18/12/18,23.57.00,Collision with vehicle,Monday,No,Dark,Other injury accident,60 km/hr,145.34756,-37.90741,Non-Intersection,YARRA RANGES,Metro,1,0,1,0,0,0,0,No
2018,December,18/12/18,17.50.00,Collision with vehicle,Monday,No,Unk.,Other injury accident,50 km/hr,144.96303,-37.6467,Non-Intersection,HUME,Metro,2,0,2,0,0,0,1,No
2018,December,18/12/18,17.05.00,Collision with vehicle,Monday,No,Day,Other injury accident,60 km/hr,145.22031,-37.817,Non-Intersection,MAROONDAH,Metro,2,0,1,1,0,0,0,No
2018,December,18/12/18,16.50.00,Collision with vehicle,Monday,No,Day,Other injury accident,60 km/hr,144.60275,-37.68947,Intersection,MELTON,Metro,5,0,4,1,3,0,1,No