year,month,date,time,accident_type,day,hit_run,light_condition,severity,speed_zone,longitude,latitude,node_type,lga,state_div,total_persons,fatality,males,females,passengers,old_driver,young_driver,alcohol
2018,December,18/12/18,15.15.00,Collision with vehicle,Tuesday,No,Day,Other injury accident,70 km/hr,144.7808,-37.73454,Non-Intersection,BRIMBANK,Metro,3,0,1,2,0,0,0,No
2018,December,19/12/18,10.30.00,Collision with object,Tuesday,No,Day,Other injury accident,50 km/hr,145.05324,-37.74413,Non-Intersection,BANYULE,Metro,1,0,1,0,0,0,0,No
2018,December,19/12/18,12.57.00,Collision with vehicle,Wednesday,No,Day,Other injury accident,40 km/hr,144.9682,-37.79723,Intersection,MELBOURNE,Metro,5,0,2,3,1,1,1,No
2018,December,19/12/18,10.00.00,Collision with vehicle,Tuesday,No,Day,Other injury accident,60 km/hr,145.03279,-37.94396,Intersection,BAYSIDE,Metro,4,0,2,2,2,0,0,No
2018,December,19/12/18,14.20.00,Collision with vehicle,Wednesday,Yes,Day,Other injury accident,80 km/hr,145.05923,-37.85993,Non-Intersection,STONNINGTON,Metro,3,0,1,1,0,0,1,No
2018,December,19/12/18,13.52.00,Collision with vehicle,Wednesday,No,Day,Other injury accident,60 km/hr,144.98396,-37.85207,Intersection,STONNINGTON,Metro,2,0,0,2,0,0,0,No
2018,December,19/12/18,17.10.00,Collision with vehicle,Wednesday,No,Day,Other injury accident,60 km/hr,144.53921,-38.23949,Intersection,GEELONG,Country,2,0,1,1,0,0,1,No
2018,December,19/12/18,17.30.00,Collision with vehicle,Tuesday,No,Day,Other injury accident,70 km/hr,145.06459,-37.93674,Intersection,GLEN EIRA,Metro,3,0,2,1,1,1,0,No
2018,December,19/12/18,16.15.00,Collision with vehicle,Wednesday,No,Day,Other injury accident,80 km/hr,145.19701,-37.80169,Non-Intersection,MANNINGHAM,Metro,6,0,6,0,3,0,0,No
2018,December,19/12/18,17.44.00,Struck pedestrian,Wednesday,No,Day,Serious injury accident,80 km/hr,145.15057,-37.99151,Intersection,DANDENONG,Metro,2,0,2,0,0,0,0,No
2018,December,19/12/18,17.45.00,Collision with vehicle,Wednesday,No,Day,Other injury accident,60 km/hr,144.82567,-38.37078,Non-Intersection,MORNINGTON PENINSULA,Metro,5,0,2,3,3,0,0,No
2018,December,19/12/18,21.50.00,Struck pedestrian,Wednesday,No,Dark,Other injury accident,40 km/hr,145.09079,-37.89311,Intersection,MONASH,Metro,3,0,1,2,0,0,0,No
2018,December,19/12/18,13.22.00,Collision with vehicle,Wednesday,No,Day,Other injury accident,70 km/hr,145.35705,-38.05284,Intersection,CASEY,Metro,2,0,2,0,0,0,0,No
2018,December,19/12/18,13.52.00,Collision with vehicle,Tuesday,No,Day,Other injury accident,80 km/hr,145.2544,-38.00393,Non-Intersection,CASEY,Metro,3,0,0,0,0,0,0,No
2018,December,19/12/18,17.40.00,Collision with vehicle,Wednesday,No,Day,Other injury accident,50 km/hr,144.8085,-37.79666,Non-Intersection,BRIMBANK,Metro,3,0,2,1,1,0,1,No
2018,December,19/12/18,16.30.00,Collision with vehicle,Tuesday,No,Day,Other injury accident,50 km/hr,144.93776,-37.79604,Non-Intersection,MELBOURNE,Metro,3,0,2,1,1,0,1,No
2018,December,19/12/18,22.55.00,Collision with object,Wednesday,No,Dark,Other injury accident,80 km/hr,144.895,-37.51334,Intersection,HUME,Metro,1,0,1,0,0,0,0,No
2018,December,19/12/18,23.45.00,Collision with vehicle,Tuesday,No,Dark,Other injury accident,60 km/hr,144.81214,-37.76037,Intersection,BRIMBANK,Metro,4,0,2,2,2,0,0,No
2018,December,19/12/18,16.59.00,Collision with object,Wednesday,No,Day,Serious injury accident,110 km/hr,144.41889,-37.222,Non-Intersection,MACEDON RANGES,Country,1,0,0,1,0,0,0,No
2018,December,19/12/18,16.07.00,Collision with vehicle,Wednesday,No,Day,Serious injury accident,50 km/hr,144.45094,-37.24774,Intersection,MACEDON RANGES,Country,2,0,1,1,0,0,1,No
2018,December,19/12/18,16.42.00,Collision with vehicle,Tuesday,No,Day,Other injury accident,70 km/hr,144.6252,-37.68235,Non-Intersection,MELTON,Metro,2,0,2,0,0,0,0,No
2018,December,19/12/18,16.00.00,Collision with vehicle,Wednesday,No,Day,Serious injury accident,80 km/hr,144.81527,-37.72955,Non-Intersection,BRIMBANK,Metro,2,0,2,0,0,0,0,No
2018,December,19/12/18,13.55.00,Collision with vehicle,Tuesday,No,Unk.,Other injury accident,60 km/hr,144.97186,-37.77056,Intersection,MORELAND,Metro,2,0,1,1,0,0,0,No
2018,December,19/12/18,21.00.00,Collision with vehicle,Wednesday,Yes,Dark,Other injury accident,50 km/hr,144.72728,-37.7084,Off Road,MELTON,Metro,2,0,1,1,0,0,1,No
2018,December,19/12/18,02.00.00,Collision with vehicle,Wednesday,No,Dark,Other injury accident,60 km/hr,145.02555,-37.68673,Non-Intersection,WHITTLESEA,Metro,2,0,2,0,0,0,0,No
2018,December,19/12/18,08.00.00,Collision with vehicle,Tuesday,No,Day,Other injury accident,50 km/hr,144.89946,-37.80402,Intersection,MARIBYRNONG,Metro,2,0,1,1,0,0,0,No
2018,December,19/12/18,08.52.00,Collision with vehicle,Tuesday,No,Day,Other injury accident,60 km/hr,144.99737,-37.78645,Non-Intersection,YARRA RANGES,Metro,2,0,1,1,0,0,0,No
2018,December,19/12/18,06.20.00,Collision with vehicle,Wednesday,No,Day,Fatal accident,100 km/hr,145.51613,-37.83325,Non-Intersection,YARRA RANGES,Metro,2,1,2,0,0,0,1,No
2018,December,19/12/18,13.29.00,Struck pedestrian,Tuesday,No,Day,Other injury accident,60 km/hr,145.01876,-37.90358,Non-Intersection,BAYSIDE,Metro,2,0,2,0,0,0,0,No
2018,December,19/12/18,09.05.00,Struck pedestrian,Tuesday,No,Day,Other injury accident,50 km/hr,144.97552,-37.73694,Non-Intersection,MORELAND,Metro,6,0,2,0,3,0,0,No
2018,December,19/12/18,13.40.00,Collision with vehicle,Wednesday,No,Day,Other injury accident,50 km/hr,144.98456,-37.80513,Intersection,YARRA RANGES,Metro,2,0,1,1,0,0,0,No
2018,December,19/12/18,10.19.00,Collision with object,Wednesday,No,Day,Other injury accident,40 km/hr,144.88336,-37.74157,Non-Intersection,MOONEE VALLEY,Metro,1,0,0,1,0,0,0,No
2018,December,20/12/18,08.22.00,Collision with vehicle,Thursday,No,Day,Other injury accident,40 km/hr,144.97834,-37.77854,Non-Intersection,MORELAND,Metro,2,0,2,0,0,0,0,No
2018,December,20/12/18,08.50.00,Collision with vehicle,Thursday,No,Day,Other injury accident,60 km/hr,144.9361,-37.78362,Intersection,MOONEE VALLEY,Metro,2,0,2,0,0,0,0,No
2018,December,20/12/18,08.10.00,Collision with vehicle,Wednesday,No,Day,Serious injury accident,100 km/hr,145.64915,-37.85586,Non-Intersection,YARRA RANGES,Metro,2,0,1,1,0,0,1,No
2018,December,20/12/18,09.40.00,Collision with vehicle,Thursday,No,Day,Other injury accident,60 km/hr,144.74154,-37.85358,Intersection,WYNDHAM,Metro,5,0,3,2,2,0,0,No
2018,December,20/12/18,09.00.00,Vehicle overturned,Wednesday,No,Day,Other injury accident,100 km/hr,145.32431,-37.32499,Non-Intersection,MURRINDINDI,Country,1,0,1,0,0,1,0,No
2018,December,20/12/18,10.00.00,Struck pedestrian,Wednesday,No,Day,Serious injury accident,60 km/hr,148.09403,-37.7308,Non-Intersection,EAST GIPPSLAND,Country,2,0,1,1,0,0,0,No
2018,December,20/12/18,12.03.00,Collision with vehicle,Wednesday,No,Day,Other injury accident,60 km/hr,144.95532,-37.80847,Intersection,MELBOURNE,Metro,4,0,3,1,2,0,0,No
2018,December,20/12/18,17.30.00,Struck pedestrian,Thursday,No,Dusk/Dawn,Other injury accident,100 km/hr,145.15022,-38.09412,Non-Intersection,FRANKSTON,Metro,2,0,1,1,0,0,0,No
2018,December,20/12/18,13.20.00,Collision with vehicle,Thursday,No,Day,Serious injury accident,80 km/hr,145.17232,-37.9941,Intersection,DANDENONG,Metro,3,0,2,1,0,0,0,No
2018,December,20/12/18,14.00.00,Collision with vehicle,Thursday,No,Day,Other injury accident,60 km/hr,144.99077,-37.89122,Intersection,BAYSIDE,Metro,2,0,2,0,0,0,0,No
2018,December,20/12/18,14.00.00,Collision with vehicle,Wednesday,No,Day,Other injury accident,60 km/hr,145.01871,-37.77548,Non-Intersection,DAREBIN,Metro,2,0,1,1,0,0,1,No
2018,December,20/12/18,15.10.00,Collision with vehicle,Thursday,No,Day,Other injury accident,50 km/hr,145.0629,-37.81518,Non-Intersection,BOROONDARA,Metro,1,0,0,1,0,1,0,No
2018,December,20/12/18,16.08.00,Collision with vehicle,Wednesday,No,Day,Other injury accident,60 km/hr,145.13687,-37.68495,Intersection,BANYULE,Metro,2,0,1,1,0,0,0,No
2018,December,20/12/18,15.30.00,No collision and no object struck,Wednesday,No,Day,Other injury accident,50 km/hr,146.32635,-36.35561,Non-Intersection,WANGARATTA,Country,3,0,1,0,0,0,0,No
2018,December,20/12/18,15.53.00,Vehicle overturned,Thursday,No,Day,Other injury accident,100 km/hr,145.59921,-38.08352,Non-Intersection,CARDINIA,Metro,1,0,0,1,0,0,0,No
2018,December,20/12/18,18.10.00,Collision with vehicle,Thursday,No,Day,Serious injury accident,100 km/hr,145.12719,-38.30009,Intersection,MORNINGTON PENINSULA,Metro,2,0,0,2,0,0,0,No
2018,December,20/12/18,08.30.00,Collision with vehicle,Wednesday,No,Day,Other injury accident,60 km/hr,144.98385,-37.78331,Intersection,YARRA RANGES,Metro,2,0,1,1,0,0,0,No
2018,December,20/12/18,19.50.00,Struck pedestrian,Thursday,No,Dusk/Dawn,Other injury accident,40 km/hr,144.98126,-37.86699,Non-Intersection,PORT PHILLIP,Metro,2,0,2,0,0,0,1,No
2018,December,20/12/18,14.45.00,Collision with vehicle,Thursday,No,Day,Serious injury accident,60 km/hr,143.55982,-35.33471,Intersection,SWAN HILL,Country,5,0,2,3,2,0,2,No
2018,December,20/12/18,18.30.00,Struck pedestrian,Wednesday,No,Day,Other injury accident,60 km/hr,144.86532,-37.78186,Non-Intersection,MARIBYRNONG,Metro,2,0,2,0,0,0,0,No
2018,December,20/12/18,19.30.00,Collision with vehicle,Wednesday,No,Day,Other injury accident,70 km/hr,145.016,-37.65119,Intersection,WHITTLESEA,Metro,3,0,2,1,1,0,0,No
2018,December,20/12/18,18.10.00,Collision with vehicle,Thursday,No,Day,Serious injury accident,80 km/hr,145.17027,-38.0454,Intersection,DANDENONG,Metro,2,0,1,1,0,0,0,No
2018,December,20/12/18,17.00.00,Struck pedestrian,Thursday,No,Day,Other injury accident,60 km/hr,144.94536,-37.75323,Non-Intersection,MORELAND,Metro,2,0,1,1,0,0,0,No
2018,December,20/12/18,19.45.00,Collision with vehicle,Thursday,No,Dusk/Dawn,Other injury accident,50 km/hr,144.92818,-37.72123,Non-Intersection,MORELAND,Metro,1,0,0,1,0,0,0,No
2018,December,20/12/18,15.45.00,Collision with vehicle,Wednesday,No,Day,Other injury accident,50 km/hr,145.07292,-37.68377,Intersection,WHITTLESEA,Metro,2,0,1,1,0,0,1,No
2018,December,20/12/18,13.51.00,Collision with vehicle,Wednesday,No,Day,Other injury accident,60 km/hr,144.92796,-37.74395,Non-Intersection,MOONEE VALLEY,Metro,4,0,3,1,1,0,0,No
2018,December,20/12/18,16.00.00,Collision with vehicle,Wednesday,No,Day,Other injury accident,40 km/hr,144.96316,-37.81425,Intersection,MELBOURNE,Metro,3,0,0,1,1,0,0,No
2018,December,20/12/18,19.30.00,Collision with vehicle,Thursday,No,Unk.,Other injury accident,40 km/hr,144.96266,-37.80994,Non-Intersection,MELBOURNE,Metro,2,0,2,0,0,0,0,No
2018,December,20/12/18,10.01.00,Fall from or in moving vehicle,Thursday,No,Day,Serious injury accident,40 km/hr,143.00551,-38.16803,Non-Intersection,CORANGAMITE,Country,1,0,1,0,0,0,0,No
2018,December,20/12/18,16.36.00,Collision with vehicle,Thursday,No,Day,Other injury accident,80 km/hr,145.16911,-38.15604,Intersection,FRANKSTON,Metro,8,0,3,3,5,0,1,No
2018,December,21/12/18,13.00.00,Collision with vehicle,Friday,No,Day,Other injury accident,60 km/hr,145.07153,-37.76004,Intersection,BANYULE,Metro,2,0,1,1,0,0,0,No
2018,December,21/12/18,07.00.00,Collision with vehicle,Friday,No,Day,Other injury accident,60 km/hr,144.79034,-37.7918,Intersection,BRIMBANK,Metro,3,0,2,1,0,0,0,No
2018,December,21/12/18,08.40.00,Collision with vehicle,Thursday,No,Day,Serious injury accident,50 km/hr,145.2337,-37.98705,Non-Intersection,CASEY,Metro,2,0,1,1,0,0,1,No
2018,December,21/12/18,11.00.00,Collision with vehicle,Friday,No,Day,Other injury accident,50 km/hr,144.99793,-37.81567,Intersection,YARRA RANGES,Metro,2,0,2,0,0,0,0,No
2018,December,21/12/18,10.15.00,Collision with object,Friday,No,Day,Other injury accident,100 km/hr,145.37711,-38.06648,Non-Intersection,CASEY,Metro,1,0,1,0,0,0,0,No
2018,December,21/12/18,10.30.00,Struck pedestrian,Thursday,No,Day,Serious injury accident,50 km/hr,145.19825,-37.92145,Intersection,MONASH,Metro,2,0,1,1,0,0,0,No
2018,December,21/12/18,12.30.00,Collision with vehicle,Friday,No,Day,Other injury accident,100 km/hr,142.34569,-36.50257,Intersection,HORSHAM,Country,3,0,2,1,1,1,0,No
2018,December,21/12/18,11.10.00,Collision with vehicle,Friday,Not known,Day,Serious injury accident,60 km/hr,144.78065,-37.7274,Non-Intersection,BRIMBANK,Metro,3,0,3,0,0,1,0,No
2018,December,21/12/18,15.24.00,Collision with object,Friday,No,Day,Other injury accident,80 km/hr,145.23838,-37.97315,Non-Intersection,CASEY,Metro,2,0,2,0,0,0,0,Yes
2018,December,21/12/18,16.45.00,Collision with vehicle,Friday,No,Day,Serious injury accident,50 km/hr,144.34298,-38.17482,Non-Intersection,GEELONG,Country,3,0,2,0,0,0,0,No
2018,December,21/12/18,16.05.00,Collision with vehicle,Friday,No,Day,Other injury accident,80 km/hr,145.22732,-37.81062,Intersection,MAROONDAH,Metro,4,0,1,3,2,0,0,No
2018,December,21/12/18,11.30.00,Collision with vehicle,Friday,No,Day,Other injury accident,50 km/hr,145.16633,-37.83548,Non-Intersection,WHITEHORSE,Metro,2,0,1,1,0,0,0,No
2018,December,21/12/18,16.48.00,Collision with object,Friday,No,Day,Other injury accident,60 km/hr,144.96376,-37.72992,Non-Intersection,MORELAND,Metro,2,0,1,1,0,0,0,No
2018,December,21/12/18,17.19.00,Collision with vehicle,Friday,No,Day,Serious injury accident,100 km/hr,145.37407,-38.06462,Non-Intersection,CASEY,Metro,3,0,2,1,1,0,0,No
2018,December,21/12/18,20.12.00,Collision with vehicle,Friday,No,Dusk/Dawn,Other injury accident,40 km/hr,145.02344,-37.86749,Intersection,GLEN EIRA,Metro,3,0,2,1,1,0,1,No
2018,December,21/12/18,22.07.00,Collision with object,Friday,No,Dark,Other injury accident,70 km/hr,145.18298,-37.7758,Intersection,MANNINGHAM,Metro,1,0,0,1,0,0,0,No
2018,December,21/12/18,14.20.00,Collision with vehicle,Thursday,No,Day,Other injury accident,80 km/hr,144.80747,-37.83394,Non-Intersection,WYNDHAM,Metro,4,0,4,0,2,0,0,No
2018,December,21/12/18,22.14.00,No collision and no object struck,Friday,No,Dark,Serious injury accident,60 km/hr,146.52617,-38.20211,Non-Intersection,LATROBE,Country,1,0,1,0,0,0,0,No
2018,December,21/12/18,21.33.00,Collision with vehicle,Friday,No,Dark,Serious injury accident,80 km/hr,145.32716,-38.11874,Intersection,CASEY,Metro,3,0,1,2,1,0,2,No
2018,December,21/12/18,22.30.00,Struck pedestrian,Friday,No,Dark,Fatal accident,100 km/hr,145.54718,-38.25395,Non-Intersection,CARDINIA,Metro,4,1,4,0,0,0,3,No
2018,December,21/12/18,17.15.00,Collision with object,Friday,No,Day,Other injury accident,60 km/hr,143.33742,-37.95282,Non-Intersection,CORANGAMITE,Country,2,0,2,0,1,0,0,No
2018,December,21/12/18,15.10.00,Collision with vehicle,Friday,No,Day,Other injury accident,80 km/hr,145.06924,-37.97949,Non-Intersection,KINGSTON,Metro,2,0,1,1,0,0,0,No
2018,December,21/12/18,17.55.00,Collision with vehicle,Thursday,No,Day,Other injury accident,60 km/hr,145.01106,-37.73876,Non-Intersection,DAREBIN,Metro,4,0,0,3,0,0,0,No
2018,December,21/12/18,16.00.00,Collision with object,Friday,No,Day,Serious injury accident,60 km/hr,145.73065,-38.62789,Non-Intersection,BASS COAST,Country,2,0,1,1,0,1,0,No
2018,December,21/12/18,23.55.00,Fall from or in moving vehicle,Thursday,No,Dark,Serious injury accident,60 km/hr,144.73144,-37.85013,Non-Intersection,WYNDHAM,Metro,2,0,1,1,1,0,0,No
2018,December,21/12/18,16.40.00,Collision with vehicle,Thursday,No,Day,Other injury accident,80 km/hr,142.79529,-38.07918,Intersection,MOYNE,Country,5,0,2,2,3,0,1,No
2018,December,21/12/18,12.05.00,Collision with vehicle,Thursday,No,Day,Other injury accident,50 km/hr,143.84087,-37.58226,Intersection,BALLARAT,Country,2,0,0,2,0,0,1,No
2018,December,21/12/18,17.10.00,Collision with vehicle,Thursday,No,Day,Other injury accident,60 km/hr,145.30146,-37.85197,Non-Intersection,KNOX,Metro,2,0,0,2,0,0,2,No
2018,December,21/12/18,11.40.00,Collision with vehicle,Thursday,No,Day,Other injury accident,70 km/hr,144.60342,-37.68995,Intersection,MELTON,Metro,3,0,1,2,0,1,0,No
2018,December,22/12/18,09.30.00,Collision with vehicle,Saturday,No,Day,Serious injury accident,80 km/hr,145.14937,-37.96677,Intersection,DANDENONG,Metro,3,0,2,1,1,0,0,No
2018,December,22/12/18,00.05.00,Collision with object,Friday,No,Dark,Other injury accident,50 km/hr,144.93888,-37.70196,Non-Intersection,MORELAND,Metro,5,0,5,0,4,0,1,No
2018,December,22/12/18,05.10.00,Collision with object,Saturday,No,Dusk/Dawn,Other injury accident,70 km/hr,145.50275,-37.94991,Non-Intersection,CARDINIA,Metro,3,0,3,0,2,0,0,No
2018,December,22/12/18,06.20.00,Vehicle overturned,Saturday,No,Day,Other injury accident,60 km/hr,144.93745,-37.80534,Non-Intersection,MELBOURNE,Metro,1,0,1,0,0,0,0,No
2018,December,22/12/18,05.55.00,Collision with vehicle,Friday,No,Day,Other injury accident,50 km/hr,144.95237,-37.80924,Intersection,MELBOURNE,Metro,2,0,1,1,0,0,0,No
2018,December,22/12/18,03.11.00,Collision with object,Saturday,No,Dark,Serious injury accident,60 km/hr,142.0409,-37.52153,Non-Intersection,SOUTHERN GRAMPIANS,Country,1,0,1,0,0,0,0,Yes
2018,December,22/12/18,08.19.00,Collision with vehicle,Friday,No,Day,Other injury accident,80 km/hr,144.94705,-37.61704,Intersection,HUME,Metro,3,0,2,1,0,0,0,No
2018,December,22/12/18,12.12.00,Collision with vehicle,Saturday,No,Day,Other injury accident,60 km/hr,145.10709,-37.70131,Intersection,BANYULE,Metro,2,0,2,0,0,0,0,No
2018,December,22/12/18,11.17.00,Collision with vehicle,Friday,No,Day,Other injury accident,60 km/hr,145.07338,-37.94362,Non-Intersection,KINGSTON,Metro,3,0,1,2,1,0,0,No
2018,December,22/12/18,11.00.00,Collision with vehicle,Friday,No,Day,Other injury accident,60 km/hr,144.9008,-37.79028,Intersection,MARIBYRNONG,Metro,2,0,1,1,0,0,0,No
2018,December,22/12/18,12.00.00,Collision with vehicle,Saturday,No,Day,Other injury accident,100 km/hr,141.96255,-36.40451,Non-Intersection,HINDMARSH,Country,4,0,3,1,1,0,0,No
2018,December,22/12/18,12.10.00,Collision with vehicle,Friday,No,Day,Other injury accident,40 km/hr,144.99692,-37.77977,Non-Intersection,DAREBIN,Metro,2,0,1,1,0,0,0,No
2018,December,22/12/18,00.10.00,Vehicle overturned,Saturday,No,Dark,Other injury accident,60 km/hr,146.9778,-37.956,Non-Intersection,WELLINGTON,Country,5,0,3,2,4,0,0,No
2018,December,22/12/18,15.27.00,Collision with vehicle,Saturday,No,Day,Other injury accident,60 km/hr,144.96579,-37.80781,Intersection,MELBOURNE,Metro,2,0,2,0,0,0,0,No
2018,December,22/12/18,18.08.00,Collision with vehicle,Saturday,No,Day,Other injury accident,60 km/hr,145.1577,-37.81104,Intersection,WHITEHORSE,Metro,4,0,3,1,2,0,0,No
2018,December,22/12/18,18.00.00,Fall from or in moving vehicle,Friday,No,Day,Serious injury accident,100 km/hr,144.26872,-38.33729,Non-Intersection,SURF COAST,Country,2,0,1,1,0,0,0,No
2018,December,22/12/18,13.19.00,Collision with vehicle,Saturday,No,Day,Other injury accident,60 km/hr,144.83021,-37.76907,Non-Intersection,BRIMBANK,Metro,3,0,3,0,1,0,1,No
2018,December,22/12/18,14.50.00,Struck pedestrian,Saturday,Yes,Day,Other injury accident,80 km/hr,144.93097,-37.64725,Non-Intersection,HUME,Metro,2,0,1,0,0,0,0,No
2018,December,22/12/18,16.35.00,Collision with vehicle,Saturday,No,Day,Other injury accident,50 km/hr,144.92333,-37.69128,Intersection,HUME,Metro,3,0,2,1,1,0,2,No
2018,December,22/12/18,15.30.00,Collision with vehicle,Saturday,No,Day,Other injury accident,60 km/hr,144.98976,-37.87229,Non-Intersection,PORT PHILLIP,Metro,8,0,3,3,4,0,0,No
2018,December,22/12/18,04.40.00,Collision with vehicle,Friday,No,Dark,Other injury accident,80 km/hr,144.81445,-37.82995,Non-Intersection,WYNDHAM,Metro,4,0,3,1,0,0,2,No
2018,December,22/12/18,18.50.00,Collision with vehicle,Saturday,No,Day,Other injury accident,50 km/hr,144.94382,-37.70282,Non-Intersection,MORELAND,Metro,3,0,2,0,1,0,1,No
2018,December,22/12/18,21.00.00,Vehicle overturned,Saturday,No,Dark,Serious injury accident,100 km/hr,144.24813,-36.83013,Intersection,BENDIGO,Country,2,0,2,0,1,0,1,Yes
2018,December,22/12/18,22.25.00,Collision with vehicle,Saturday,No,Dark,Other injury accident,100 km/hr,144.94192,-37.56361,Non-Intersection,HUME,Metro,2,0,2,0,0,0,0,No
2018,December,22/12/18,09.30.00,No collision and no object struck,Saturday,No,Day,Serious injury accident,80 km/hr,146.62564,-38.0523,Non-Intersection,LATROBE,Country,1,0,1,0,0,0,0,No
2018,December,22/12/18,21.25.00,Collision with vehicle,Friday,No,Dark,Other injury accident,80 km/hr,145.50695,-38.0656,Intersection,CARDINIA,Metro,7,0,3,4,5,0,1,No
2018,December,23/12/18,09.30.00,Collision with vehicle,Sunday,No,Day,Serious injury accident,50 km/hr,144.35256,-38.19679,Intersection,GEELONG,Country,2,0,1,1,0,0,0,No
2018,December,23/12/18,01.47.00,Collision with vehicle,Sunday,No,Dark,Other injury accident,50 km/hr,145.21578,-38.08489,Non-Intersection,FRANKSTON,Metro,1,0,0,1,0,0,0,Yes
2018,December,23/12/18,10.40.00,Collision with vehicle,Sunday,No,Day,Other injury accident,50 km/hr,145.25778,-38.00333,Intersection,CASEY,Metro,2,0,0,2,0,1,0,No
2018,December,23/12/18,09.30.00,Collision with vehicle,Sunday,No,Day,Other injury accident,60 km/hr,144.95884,-37.78769,Intersection,MELBOURNE,Metro,5,0,3,2,3,0,0,No
2018,December,23/12/18,11.15.00,Collision with vehicle,,No,Day,Other injury accident,60 km/hr,145.41236,-37.86216,Intersection,YARRA RANGES,Metro,3,0,0,3,1,0,0,No
2018,December,23/12/18,12.40.00,Collision with vehicle,Sunday,No,Day,Other injury accident,60 km/hr,145.15036,-37.96217,Intersection,DANDENONG,Metro,4,0,2,2,2,0,1,No
2018,December,23/12/18,10.15.00,Collision with vehicle,Sunday,No,Day,Other injury accident,50 km/hr,144.98776,-37.86094,Intersection,PORT PHILLIP,Metro,2,0,1,1,0,0,0,No
2018,December,23/12/18,12.55.00,Collision with vehicle,,No,Day,Other injury accident,60 km/hr,145.41853,-37.78234,Intersection,YARRA RANGES,Metro,4,0,0,3,2,0,0,No
2018,December,23/12/18,11.51.00,Collision with object,Sunday,No,Day,Serious injury accident,80 km/hr,144.54554,-38.22787,Non-Intersection,GEELONG,Country,1,0,1,0,0,1,0,No
2018,December,23/12/18,10.50.00,Collision with vehicle,Sunday,No,Day,Other injury accident,50 km/hr,145.12531,-37.58702,Intersection,WHITTLESEA,Metro,2,0,1,1,0,0,0,No
2018,December,23/12/18,18.40.00,Collision with vehicle,Sunday,No,Day,Other injury accident,60 km/hr,145.291,-37.7938,Intersection,MAROONDAH,Metro,2,0,0,2,0,0,0,No
2018,December,23/12/18,12.00.00,Collision with vehicle,Sunday,No,Day,Other injury accident,60 km/hr,144.9141,-37.75053,Intersection,MOONEE VALLEY,Metro,5,0,3,2,3,1,0,No
2018,December,23/12/18,14.26.00,Collision with vehicle,Sunday,No,Day,Other injury accident,60 km/hr,144.94051,-37.78783,Intersection,MELBOURNE,Metro,4,0,2,1,2,0,1,No
2018,December,23/12/18,11.59.00,Collision with vehicle,Sunday,No,Day,Other injury accident,60 km/hr,147.82926,-37.81994,Non-Intersection,EAST GIPPSLAND,Country,4,0,1,1,2,0,1,No
2018,December,23/12/18,16.20.00,Collision with vehicle,,No,Day,Other injury accident,60 km/hr,145.08416,-37.70253,Intersection,BANYULE,Metro,4,0,2,2,2,0,1,No
2018,December,23/12/18,16.00.00,No collision and no object struck,Sunday,No,Day,Other injury accident,60 km/hr,145.0006,-37.81079,Non-Intersection,YARRA RANGES,Metro,3,0,2,1,0,0,0,No
2018,December,23/12/18,16.11.00,Collision with vehicle,Sunday,No,Day,Serious injury accident,50 km/hr,145.32289,-37.78562,Intersection,YARRA RANGES,Metro,2,0,1,1,0,0,0,No
2018,December,23/12/18,19.10.00,Vehicle overturned,Sunday,No,Day,Serious injury accident,100 km/hr,142.26726,-36.70717,Non-Intersection,HORSHAM,Country,2,0,1,1,1,0,1,No
2018,December,23/12/18,19.45.00,Collision with object,Sunday,No,Day,Serious injury accident,50 km/hr,145.12586,-37.683,Non-Intersection,NILLUMBIK,Metro,2,0,2,0,1,0,1,Yes
2018,December,23/12/18,19.42.00,Collision with vehicle,Sunday,No,Day,Serious injury accident,80 km/hr,144.79631,-37.77031,Intersection,BRIMBANK,Metro,5,0,4,1,3,0,1,No
2018,December,23/12/18,22.45.00,Collision with object,,No,Dark,Other injury accident,110 km/hr,144.68269,-37.58045,Non-Intersection,HUME,Metro,2,0,1,1,0,0,0,No
2018,December,23/12/18,17.20.00,Struck pedestrian,,No,Day,Serious injury accident,50 km/hr,144.90046,-37.80176,Non-Intersection,MARIBYRNONG,Metro,2,0,1,0,0,0,0,No
2018,December,23/12/18,23.50.00,Struck pedestrian,,No,Dark,Serious injury accident,60 km/hr,145.02606,-37.35477,Non-Intersection,MITCHELL,Country,3,0,1,2,1,0,0,No
2018,December,23/12/18,23.42.00,Collision with vehicle,Sunday,No,Dark,Other injury accident,80 km/hr,144.92217,-37.66375,Intersection,HUME,Metro,4,0,4,0,2,0,1,No
2018,December,23/12/18,23.40.00,Struck pedestrian,,No,Dark,Other injury accident,40 km/hr,144.75684,-37.8826,Intersection,HOBSONS BAY,Metro,4,0,2,2,2,0,1,No
2018,December,23/12/18,14.10.00,Collision with vehicle,Sunday,No,Day,Other injury accident,60 km/hr,145.0064,-37.95205,Non-Intersection,BAYSIDE,Metro,2,0,1,1,0,0,1,No