year,month,date,time,accident_type,day,hit_run,light_condition,severity,speed_zone,longitude,latitude,node_type,lga,state_div,total_persons,fatality,males,females,passengers,old_driver,young_driver,alcohol
2018,December,23/12/18,12.00.00,Collision with vehicle,Sunday,No,Day,Other injury accident,50 km/hr,144.96367,-37.7635,Non-Intersection,MORELAND,Metro,3,0,0,2,0,0,0,No
2018,December,23/12/18,14.00.00,Struck pedestrian,,No,Day,Serious injury accident,50 km/hr,145.10637,-37.88221,Intersection,MONASH,Metro,2,0,0,2,0,0,0,No
2018,December,24/12/18,14.20.00,Collision with vehicle,Monday,No,Day,Serious injury accident,70 km/hr,145.02616,-37.86548,Intersection,STONNINGTON,Metro,5,0,2,3,3,0,0,No
2018,December,24/12/18,04.10.00,Struck animal,Monday,No,Dark,Other injury accident,80 km/hr,145.05814,-38.26128,Non-Intersection,MORNINGTON PENINSULA,Metro,1,0,0,1,0,0,1,No
2018,December,24/12/18,04.00.00,Collision with object,Monday,No,Dark,Other injury accident,70 km/hr,144.78161,-37.71789,Non-Intersection,BRIMBANK,Metro,1,0,1,0,0,0,0,No
2018,December,24/12/18,08.20.00,Collision with object,Monday,No,Day,Serious injury accident,60 km/hr,145.20648,-37.96117,Non-Intersection,DANDENONG,Metro,1,0,1,0,0,0,0,No
2018,December,24/12/18,11.45.00,Collision with vehicle,Monday,No,Day,Other injury accident,80 km/hr,145.09399,-37.64615,Intersection,WHITTLESEA,Metro,2,0,1,1,0,0,0,No
2018,December,24/12/18,10.00.00,Collision with vehicle,Sunday,No,Day,Serious injury accident,60 km/hr,145.22215,-37.9777,Intersection,DANDENONG,Metro,3,0,1,2,1,0,0,No
2018,December,24/12/18,13.40.00,Struck pedestrian,Monday,No,Day,Other injury accident,60 km/hr,145.12803,-37.88111,Non-Intersection,MONASH,Metro,3,0,1,2,1,0,0,No
2018,December,24/12/18,13.45.00,Collision with object,Sunday,No,Day,Other injury accident,60 km/hr,144.92024,-37.71882,Non-Intersection,MORELAND,Metro,1,0,0,1,0,1,0,No
2018,December,24/12/18,14.50.00,Collision with vehicle,Monday,No,Day,Other injury accident,70 km/hr,144.95858,-37.69172,Intersection,HUME,Metro,2,0,1,1,0,0,2,No
2018,December,24/12/18,13.30.00,Collision with vehicle,Sunday,No,Day,Other injury accident,60 km/hr,143.85589,-37.55945,Non-Intersection,BALLARAT,Country,2,0,2,0,0,1,0,No
2018,December,24/12/18,16.31.00,Collision with object,Monday,No,Day,Other injury accident,40 km/hr,143.8014,-37.4847,Non-Intersection,BALLARAT,Country,1,0,0,1,0,0,0,No
2018,December,24/12/18,16.45.00,Collision with object,Sunday,No,Day,Other injury accident,100 km/hr,142.80356,-37.79821,Non-Intersection,ARARAT,Country,1,0,0,1,0,0,1,No
2018,December,24/12/18,11.30.00,Collision with vehicle,Monday,No,Day,Serious injury accident,50 km/hr,141.99491,-35.89579,Non-Intersection,HINDMARSH,Country,2,0,1,1,0,0,0,No
2018,December,24/12/18,16.30.00,Collision with vehicle,Sunday,No,Day,Other injury accident,70 km/hr,144.82871,-37.77715,Intersection,BRIMBANK,Metro,2,0,2,0,0,0,0,No
2018,December,24/12/18,19.00.00,Collision with vehicle,Monday,No,Day,Other injury accident,70 km/hr,145.17916,-37.79648,Intersection,MANNINGHAM,Metro,2,0,0,2,0,0,0,No
2018,December,24/12/18,18.00.00,Collision with vehicle,Monday,No,Day,Other injury accident,100 km/hr,145.01262,-37.79186,Non-Intersection,YARRA RANGES,Metro,3,0,2,1,0,0,2,No
2018,December,24/12/18,18.06.00,Collision with vehicle,Monday,No,Day,Other injury accident,60 km/hr,144.9385,-37.73151,Intersection,MORELAND,Metro,4,0,1,3,2,0,2,No
2018,December,24/12/18,18.55.00,Collision with vehicle,Monday,No,Day,Other injury accident,70 km/hr,145.19998,-37.77199,Off Road,MANNINGHAM,Metro,2,0,2,0,0,0,1,No
2018,December,24/12/18,17.08.00,Collision with vehicle,Sunday,No,Day,Other injury accident,80 km/hr,145.23307,-37.92801,Intersection,KNOX,Metro,2,0,2,0,0,0,0,Yes
2018,December,24/12/18,18.10.00,Collision with vehicle,Monday,No,Day,Serious injury accident,60 km/hr,146.54367,-38.30171,Non-Intersection,LATROBE,Country,2,0,1,1,0,0,0,No
2018,December,24/12/18,22.15.00,Collision with vehicle,Sunday,No,Dark,Other injury accident,80 km/hr,145.33675,-38.06856,Intersection,CASEY,Metro,3,0,1,2,1,0,1,No
2018,December,24/12/18,02.45.00,Collision with vehicle,Monday,No,Dark,Other injury accident,60 km/hr,144.34089,-38.30285,Intersection,SURF COAST,Country,2,0,2,0,0,0,1,Yes
2018,December,24/12/18,22.40.00,Collision with vehicle,Monday,No,Dark,Other injury accident,60 km/hr,145.15674,-37.93315,Intersection,DANDENONG,Metro,4,0,2,2,2,0,1,No
2018,December,25/12/18,21.30.00,Collision with vehicle,Tuesday,No,Dark,Other injury accident,50 km/hr,145.02095,-37.98057,Intersection,BAYSIDE,Metro,2,0,1,1,0,0,2,No
2018,December,25/12/18,01.45.00,Collision with object,Tuesday,No,Dark,Other injury accident,70 km/hr,145.12458,-38.12971,Non-Intersection,FRANKSTON,Metro,1,0,1,0,0,0,1,Yes
2018,December,25/12/18,01.58.00,Collision with vehicle,Monday,No,Dark,Other injury accident,60 km/hr,144.80136,-37.73993,Non-Intersection,BRIMBANK,Metro,1,0,1,0,0,0,1,No
2018,December,25/12/18,02.22.00,Collision with object,Tuesday,No,Dark,Serious injury accident,100 km/hr,144.599,-37.94564,Non-Intersection,WYNDHAM,Metro,1,0,0,1,0,0,1,No
2018,December,25/12/18,11.30.00,Collision with vehicle,Monday,No,Day,Other injury accident,80 km/hr,144.98236,-36.3988,Intersection,CAMPASPE,Country,3,0,2,1,1,0,0,No
2018,December,25/12/18,12.30.00,Collision with vehicle,Tuesday,No,Day,Other injury accident,40 km/hr,145.02539,-37.78588,Non-Intersection,YARRA RANGES,Metro,2,0,2,0,0,0,0,No
2018,December,25/12/18,11.25.00,Collision with vehicle,Tuesday,No,Day,Other injury accident,80 km/hr,145.72543,-37.85687,Non-Intersection,YARRA RANGES,Metro,4,0,3,1,2,0,1,No
2018,December,25/12/18,15.05.00,Collision with vehicle,Monday,No,Day,Other injury accident,60 km/hr,145.05863,-37.74295,Non-Intersection,BANYULE,Metro,1,0,1,0,0,0,1,No
2018,December,25/12/18,16.31.00,Collision with vehicle,Tuesday,No,Day,Other injury accident,50 km/hr,145.17688,-37.88669,Intersection,MONASH,Metro,4,0,3,1,2,0,1,No
2018,December,25/12/18,17.02.00,Collision with vehicle,Tuesday,No,Day,Other injury accident,80 km/hr,145.36114,-37.96118,Intersection,YARRA RANGES,Metro,5,0,3,2,2,0,1,No
2018,December,25/12/18,18.00.00,Collision with object,Tuesday,No,Day,Serious injury accident,100 km/hr,145.14606,-36.80993,Non-Intersection,STRATHBOGIE,Country,1,0,0,1,0,0,0,No
2018,December,25/12/18,20.01.00,Collision with vehicle,Tuesday,No,Day,Other injury accident,60 km/hr,144.2632,-36.77022,Intersection,BENDIGO,Country,4,0,3,1,2,0,1,No
2018,December,25/12/18,04.45.00,Collision with object,Tuesday,No,Dark,Serious injury accident,80 km/hr,144.60951,-38.22175,Non-Intersection,GEELONG,Country,1,0,0,1,0,0,0,Yes
2018,December,25/12/18,20.30.00,Struck animal,Monday,No,Dark,Other injury accident,100 km/hr,147.20805,-36.37702,Non-Intersection,TOWONG,Country,2,0,1,1,1,0,1,No
2018,December,26/12/18,15.30.00,Vehicle overturned,Wednesday,No,Day,Serious injury accident,80 km/hr,144.39359,-37.72757,Non-Intersection,MOORABOOL,Country,1,0,1,0,0,0,0,No
2018,December,26/12/18,06.40.00,Collision with object,Wednesday,No,Dusk/Dawn,Serious injury accident,60 km/hr,141.11511,-37.24357,Intersection,WEST WIMMERA,Country,2,0,2,0,1,0,1,No
2018,December,26/12/18,11.39.00,Collision with vehicle,Wednesday,No,Day,Other injury accident,40 km/hr,144.95629,-37.82373,Non-Intersection,MELBOURNE,Metro,3,0,2,1,1,0,0,No
2018,December,26/12/18,11.25.00,Collision with vehicle,Tuesday,No,Day,Other injury accident,90 km/hr,144.89345,-38.3751,Non-Intersection,MORNINGTON PENINSULA,Metro,4,0,4,0,1,0,1,No
2018,December,26/12/18,14.00.00,Collision with vehicle,Wednesday,No,Day,Other injury accident,60 km/hr,145.71551,-38.09892,Intersection,CARDINIA,Metro,6,0,2,1,4,0,0,No
2018,December,26/12/18,14.13.00,Collision with vehicle,Wednesday,No,Day,Other injury accident,40 km/hr,143.82387,-37.53443,Non-Intersection,BALLARAT,Country,2,0,1,1,0,0,0,No
2018,December,26/12/18,01.30.00,Collision with vehicle,Wednesday,No,Unk.,Other injury accident,100 km/hr,145.1449,-38.09789,Intersection,FRANKSTON,Metro,5,0,2,3,2,0,0,No
2018,December,26/12/18,12.53.00,Struck pedestrian,Wednesday,No,Day,Fatal accident,60 km/hr,144.85112,-37.79133,Intersection,MARIBYRNONG,Metro,2,1,1,1,0,0,0,No
2018,December,26/12/18,19.40.00,Struck pedestrian,Wednesday,No,Dusk/Dawn,Other injury accident,60 km/hr,145.0233,-37.88003,Intersection,GLEN EIRA,Metro,2,0,1,1,0,0,0,No
2018,December,26/12/18,23.23.00,Collision with vehicle,Wednesday,No,Dark,Other injury accident,40 km/hr,144.97589,-37.86065,Intersection,PORT PHILLIP,Metro,2,0,2,0,0,0,0,No
2018,December,26/12/18,20.46.00,Collision with vehicle,Tuesday,No,Dusk/Dawn,Other injury accident,40 km/hr,145.03007,-37.73283,Non-Intersection,DAREBIN,Metro,2,0,1,1,0,0,0,No
2018,December,27/12/18,13.05.00,Collision with object,Thursday,No,Day,Serious injury accident,60 km/hr,145.3112,-37.7841,Non-Intersection,YARRA RANGES,Metro,1,0,1,0,0,1,0,No
2018,December,27/12/18,12.04.00,Collision with vehicle,Wednesday,No,Day,Serious injury accident,70 km/hr,145.11079,-37.69497,Non-Intersection,BANYULE,Metro,3,0,0,3,1,0,1,No
2018,December,27/12/18,14.20.00,Collision with vehicle,Thursday,No,Day,Other injury accident,60 km/hr,145.09152,-37.99923,Intersection,KINGSTON,Metro,2,0,1,1,0,0,0,No
2018,December,27/12/18,12.54.00,Collision with vehicle,Wednesday,No,Day,Other injury accident,50 km/hr,145.04651,-38.2449,Non-Intersection,MORNINGTON PENINSULA,Metro,2,0,1,1,0,0,1,No
2018,December,27/12/18,14.40.00,Struck pedestrian,Thursday,No,Day,Other injury accident,60 km/hr,144.95711,-37.8255,Intersection,MELBOURNE,Metro,2,0,2,0,0,0,0,No
2018,December,27/12/18,14.15.00,Collision with vehicle,Thursday,No,Day,Serious injury accident,100 km/hr,145.67216,-37.04415,Non-Intersection,MURRINDINDI,Country,6,0,3,3,4,0,0,No
2018,December,27/12/18,17.17.00,Collision with vehicle,Wednesday,No,Day,Other injury accident,60 km/hr,144.95477,-37.73301,Non-Intersection,MORELAND,Metro,2,0,1,1,0,0,0,No
2018,December,27/12/18,16.40.00,Collision with object,Thursday,No,Day,Other injury accident,100 km/hr,143.67526,-37.42932,Non-Intersection,BALLARAT,Country,1,0,0,1,0,1,0,No
2018,December,27/12/18,16.00.00,Collision with vehicle,Wednesday,No,Day,Other injury accident,40 km/hr,144.9782,-37.79989,Non-Intersection,YARRA RANGES,Metro,2,0,2,0,0,0,0,No
2018,December,27/12/18,21.15.00,Collision with vehicle,Thursday,No,Dark,Serious injury accident,60 km/hr,145.15913,-37.80379,Intersection,WHITEHORSE,Metro,2,0,2,0,0,0,0,No
2018,December,27/12/18,23.50.00,Collision with vehicle,Thursday,Yes,Dark,Other injury accident,40 km/hr,144.95495,-37.81218,Intersection,MELBOURNE,Metro,2,0,1,0,0,0,0,No
2018,December,27/12/18,22.05.00,Struck pedestrian,Thursday,No,Dark,Serious injury accident,60 km/hr,144.96839,-37.79226,Intersection,MELBOURNE,Metro,2,0,1,1,0,0,0,No
2018,December,27/12/18,23.40.00,Collision with object,Thursday,No,Dark,Other injury accident,80 km/hr,145.65803,-37.82575,Non-Intersection,YARRA RANGES,Metro,2,0,2,0,1,0,0,No
2018,December,27/12/18,16.35.00,Collision with vehicle,Wednesday,No,Day,Serious injury accident,50 km/hr,144.87179,-38.36473,Intersection,MORNINGTON PENINSULA,Metro,3,0,2,1,0,0,0,No
2018,December,27/12/18,20.00.00,Vehicle overturned,Thursday,No,Dark,Serious injury accident,100 km/hr,142.83071,-36.32537,Non-Intersection,BULOKE,Country,1,0,1,0,0,0,0,No
2018,December,27/12/18,19.15.00,Other accident,Thursday,No,Day,Other injury accident,80 km/hr,145.17452,-37.82596,Non-Intersection,WHITEHORSE,Metro,2,0,1,1,0,0,0,No
2018,December,27/12/18,00.25.00,Collision with vehicle,Wednesday,No,Dark,Other injury accident,60 km/hr,145.09891,-37.93563,Non-Intersection,KINGSTON,Metro,1,0,1,0,0,0,1,No
2018,December,27/12/18,06.15.00,Collision with vehicle,Thursday,No,Day,Other injury accident,70 km/hr,144.99493,-37.75176,Intersection,DAREBIN,Metro,2,0,2,0,0,0,0,No
2018,December,27/12/18,07.00.00,Collision with vehicle,Thursday,No,Day,Serious injury accident,80 km/hr,145.27323,-38.49809,Intersection,BASS COAST,Country,2,0,2,0,0,0,0,No
2018,December,27/12/18,08.00.00,Collision with vehicle,Thursday,No,Day,Other injury accident,60 km/hr,145.00955,-37.70553,Intersection,DAREBIN,Metro,3,0,2,1,1,0,1,No
2018,December,27/12/18,07.42.00,Fall from or in moving vehicle,Wednesday,No,Day,Serious injury accident,60 km/hr,145.33819,-36.37913,Intersection,SHEPPARTON,Country,2,0,2,0,0,0,0,No
2018,December,27/12/18,09.25.00,Collision with object,Thursday,No,Day,Other injury accident,60 km/hr,145.01603,-37.66853,Non-Intersection,WHITTLESEA,Metro,1,0,0,1,0,0,0,No
2018,December,27/12/18,10.30.00,Collision with vehicle,Wednesday,No,Day,Other injury accident,80 km/hr,145.30038,-37.89037,Non-Intersection,KNOX,Metro,3,0,2,1,1,1,1,No
2018,December,27/12/18,10.50.00,Collision with vehicle,Thursday,No,Day,Other injury accident,100 km/hr,142.18031,-34.26063,Intersection,MILDURA,Country,4,0,1,3,2,0,0,No
2018,December,28/12/18,07.40.00,Collision with vehicle,Thursday,No,Day,Other injury accident,60 km/hr,147.9941,-37.87782,Intersection,EAST GIPPSLAND,Country,2,0,1,1,0,0,0,No
2018,December,28/12/18,09.10.00,Collision with vehicle,Thursday,No,Day,Other injury accident,40 km/hr,145.00709,-37.8112,Intersection,YARRA RANGES,Metro,2,0,1,1,0,0,1,No
2018,December,28/12/18,07.59.00,Vehicle overturned,Friday,No,Day,Other injury accident,50 km/hr,145.18989,-37.71497,Non-Intersection,NILLUMBIK,Metro,1,0,1,0,0,0,0,No
2018,December,28/12/18,07.00.00,Collision with object,Friday,No,Day,Serious injury accident,100 km/hr,145.73634,-38.12157,Non-Intersection,CARDINIA,Metro,1,0,0,1,0,0,1,No
2018,December,28/12/18,09.35.00,Collision with vehicle,Friday,No,Day,Other injury accident,60 km/hr,145.01219,-37.86798,Intersection,GLEN EIRA,Metro,4,0,2,2,2,0,0,No
2018,December,28/12/18,10.32.00,Collision with vehicle,Friday,No,Day,Other injury accident,60 km/hr,145.03952,-37.86712,Intersection,STONNINGTON,Metro,4,0,3,1,2,0,1,No
2018,December,28/12/18,11.30.00,Collision with vehicle,Friday,No,Day,Serious injury accident,50 km/hr,144.99464,-38.30444,Intersection,MORNINGTON PENINSULA,Metro,2,0,2,0,0,0,0,No
2018,December,28/12/18,12.40.00,Struck pedestrian,Thursday,No,Day,Serious injury accident,40 km/hr,144.66074,-37.90166,Non-Intersection,WYNDHAM,Metro,2,0,1,1,0,0,0,No
2018,December,28/12/18,19.33.00,Collision with vehicle,Thursday,No,Day,Other injury accident,70 km/hr,144.99318,-37.76071,Non-Intersection,DAREBIN,Metro,3,0,2,1,0,0,1,No
2018,December,28/12/18,20.15.00,Collision with vehicle,Friday,No,Day,Other injury accident,70 km/hr,145.07648,-37.95472,Intersection,KINGSTON,Metro,3,0,3,0,1,0,0,No
2018,December,28/12/18,11.15.00,Collision with vehicle,Friday,No,Day,Other injury accident,60 km/hr,144.90804,-37.75603,Intersection,MOONEE VALLEY,Metro,4,0,0,3,2,0,1,No
2018,December,29/12/18,08.35.00,Collision with object,Friday,No,Day,Other injury accident,40 km/hr,144.99463,-37.78691,Non-Intersection,YARRA RANGES,Metro,1,0,1,0,0,0,0,No
2018,December,29/12/18,08.45.00,Collision with object,Saturday,No,Day,Other injury accident,100 km/hr,143.73423,-37.21163,Non-Intersection,CENTRAL GOLDFIELDS,Country,1,0,0,1,0,0,0,No
2018,December,29/12/18,14.43.00,Vehicle overturned,Saturday,No,Day,Serious injury accident,100 km/hr,146.32991,-38.19004,Non-Intersection,LATROBE,Country,1,0,1,0,0,0,0,No
2018,December,29/12/18,15.04.00,Collision with vehicle,Saturday,No,Day,Other injury accident,50 km/hr,145.06156,-37.93544,Intersection,GLEN EIRA,Metro,3,0,3,0,1,0,1,No
2018,December,29/12/18,15.40.00,Collision with object,Saturday,No,Day,Other injury accident,100 km/hr,143.50283,-38.02702,Intersection,CORANGAMITE,Country,3,0,1,2,2,0,0,No
2018,December,29/12/18,18.10.00,Struck pedestrian,Saturday,Yes,Day,Other injury accident,50 km/hr,145.15846,-38.12567,Intersection,FRANKSTON,Metro,2,0,1,1,0,0,0,No
2018,December,29/12/18,16.15.00,Collision with vehicle,Saturday,No,Day,Serious injury accident,100 km/hr,144.80535,-37.29713,Non-Intersection,MACEDON RANGES,Country,4,0,3,1,2,0,1,No
2018,December,29/12/18,16.55.00,Collision with vehicle,Friday,No,Day,Other injury accident,50 km/hr,144.90618,-38.35546,Intersection,MORNINGTON PENINSULA,Metro,3,0,2,1,1,0,0,No
2018,December,29/12/18,17.45.00,Collision with object,Saturday,No,Day,Fatal accident,100 km/hr,143.61911,-37.68101,Non-Intersection,GOLDEN PLAINS,Country,1,1,1,0,0,0,0,No
2018,December,29/12/18,21.12.00,Struck pedestrian,Saturday,Yes,Dark,Serious injury accident,50 km/hr,144.36716,-38.15178,Non-Intersection,GEELONG,Country,3,0,2,1,0,0,0,No
2018,December,29/12/18,20.40.00,Collision with vehicle,Saturday,No,Dusk/Dawn,Other injury accident,80 km/hr,145.31034,-38.02682,Intersection,CASEY,Metro,2,0,1,1,0,0,1,No
2018,December,29/12/18,13.50.00,Collision with vehicle,Saturday,No,Day,Serious injury accident,80 km/hr,144.3182,-38.31482,Intersection,SURF COAST,Country,8,0,3,5,6,0,1,No
2018,December,29/12/18,09.31.00,Collision with vehicle,Friday,No,Day,Other injury accident,80 km/hr,144.45626,-38.26672,Intersection,GEELONG,Country,2,0,2,0,0,0,0,No
2018,December,29/12/18,16.30.00,Collision with vehicle,Friday,No,Dusk/Dawn,Other injury accident,100 km/hr,145.7013,-37.59717,Non-Intersection,MURRINDINDI,Country,6,0,4,2,4,0,0,No
2018,December,29/12/18,22.50.00,Collision with object,Saturday,No,Dark,Other injury accident,80 km/hr,145.3824,-36.38636,Non-Intersection,SHEPPARTON,Country,1,0,0,1,0,0,1,No
2018,December,29/12/18,14.20.00,Collision with vehicle,Saturday,No,Day,Other injury accident,50 km/hr,144.98346,-37.86432,Intersection,PORT PHILLIP,Metro,2,0,2,0,0,0,0,No
2018,December,29/12/18,20.30.00,Collision with object,Saturday,No,Unk.,Other injury accident,60 km/hr,144.73249,-37.56624,Non-Intersection,HUME,Metro,2,0,1,1,1,0,1,No
2018,December,30/12/18,03.05.00,Collision with object,,No,Dark,Serious injury accident,50 km/hr,145.12256,-38.02317,Non-Intersection,KINGSTON,Metro,2,0,2,0,1,0,1,No
2018,December,30/12/18,05.55.00,Collision with vehicle,Sunday,No,Dusk/Dawn,Serious injury accident,60 km/hr,145.1651,-37.98196,Intersection,DANDENONG,Metro,6,0,3,1,3,0,0,No
2018,December,30/12/18,10.50.00,Collision with vehicle,,No,Day,Other injury accident,80 km/hr,145.16846,-37.99363,Intersection,DANDENONG,Metro,2,0,1,1,0,0,1,No
2018,December,30/12/18,11.00.00,Collision with vehicle,,No,Day,Other injury accident,40 km/hr,144.31969,-38.33758,Non-Intersection,SURF COAST,Country,2,0,1,1,0,0,1,No
2018,December,30/12/18,09.30.00,Collision with vehicle,Sunday,No,Day,Other injury accident,50 km/hr,144.79954,-37.73982,Intersection,BRIMBANK,Metro,5,0,1,2,3,0,0,No
2018,December,30/12/18,13.02.00,Collision with object,Sunday,No,Day,Other injury accident,50 km/hr,145.70629,-37.7551,Non-Intersection,YARRA RANGES,Metro,2,0,2,0,1,0,1,No
2018,December,30/12/18,08.41.00,Collision with object,Sunday,No,Day,Serious injury accident,60 km/hr,145.32821,-37.91858,Non-Intersection,YARRA RANGES,Metro,2,0,1,1,0,0,0,No
2018,December,30/12/18,02.05.00,Collision with object,,No,Dark,Serious injury accident,80 km/hr,144.02807,-37.77614,Non-Intersection,MOORABOOL,Country,3,0,2,1,2,0,0,No
2018,December,30/12/18,13.47.00,Collision with object,Sunday,No,Day,Other injury accident,100 km/hr,144.48492,-37.4979,Non-Intersection,MACEDON RANGES,Country,3,0,3,0,2,0,1,No
2018,December,30/12/18,12.49.00,Collision with object,Sunday,No,Day,Other injury accident,100 km/hr,145.03245,-37.56623,Non-Intersection,WHITTLESEA,Metro,1,0,1,0,0,0,0,No
2018,December,30/12/18,10.25.00,Collision with object,,No,Day,Other injury accident,100 km/hr,142.30185,-36.78818,Non-Intersection,HORSHAM,Country,1,0,1,0,0,0,0,No
2018,December,30/12/18,13.40.00,No collision and no object struck,Sunday,No,Day,Serious injury accident,80 km/hr,146.2088,-37.83784,Non-Intersection,BAW BAW,Country,1,0,1,0,0,0,0,No
2018,December,30/12/18,17.08.00,Collision with vehicle,,No,Day,Other injury accident,60 km/hr,144.71774,-37.56568,Intersection,HUME,Metro,4,0,3,1,2,0,1,No
2018,December,30/12/18,13.10.00,Collision with object,,No,Day,Other injury accident,80 km/hr,145.20402,-37.94515,Non-Intersection,DANDENONG,Metro,1,0,1,0,0,0,0,No
2018,December,30/12/18,23.00.00,Collision with object,Sunday,No,Dark,Other injury accident,80 km/hr,144.72087,-37.92621,Intersection,WYNDHAM,Metro,1,0,0,1,0,0,0,No
2018,December,30/12/18,10.10.00,Collision with vehicle,Sunday,No,Day,Other injury accident,100 km/hr,145.75274,-38.20964,Non-Intersection,BAW BAW,Country,4,0,1,3,2,0,1,No
2018,December,30/12/18,12.00.00,Collision with object,Sunday,No,Day,Other injury accident,100 km/hr,146.14348,-37.31067,Non-Intersection,MANSFIELD,Country,1,0,1,0,0,0,0,No
2018,December,30/12/18,18.00.00,Collision with vehicle,Sunday,No,Day,Other injury accident,80 km/hr,145.63537,-37.574,Non-Intersection,MURRINDINDI,Country,2,0,1,1,0,0,0,No
2018,December,30/12/18,17.56.00,Collision with vehicle,,No,Day,Other injury accident,50 km/hr,144.99464,-37.80523,Non-Intersection,YARRA RANGES,Metro,1,0,1,0,0,0,0,No
2018,December,30/12/18,12.30.00,Collision with vehicle,Sunday,No,Day,Other injury accident,60 km/hr,144.57776,-37.68879,Intersection,MELTON,Metro,3,0,3,0,0,1,0,No
2018,December,31/12/18,02.30.00,Struck pedestrian,Monday,No,Dark,Fatal accident,80 km/hr,145.15752,-38.15289,Non-Intersection,FRANKSTON,Metro,3,1,1,2,1,0,0,No
2018,December,31/12/18,10.00.00,Collision with object,Monday,No,Day,Other injury accident,50 km/hr,143.97886,-38.53232,Non-Intersection,SURF COAST,Country,1,0,1,0,0,0,0,No
2018,December,31/12/18,09.30.00,Collision with vehicle,Monday,No,Day,Other injury accident,80 km/hr,145.11348,-37.95765,Intersection,KINGSTON,Metro,2,0,1,1,0,0,0,No
2018,December,31/12/18,13.05.00,Collision with object,Monday,No,Day,Serious injury accident,80 km/hr,145.24566,-37.7129,Non-Intersection,NILLUMBIK,Metro,1,0,1,0,0,0,0,No
2018,December,31/12/18,14.15.00,Collision with vehicle,Monday,No,Day,Other injury accident,70 km/hr,145.04034,-38.23291,Intersection,MORNINGTON PENINSULA,Metro,2,0,0,2,0,0,0,No
2018,December,31/12/18,12.20.00,Collision with vehicle,Monday,No,Day,Other injury accident,80 km/hr,145.32373,-37.55953,Non-Intersection,NILLUMBIK,Metro,3,0,2,1,1,0,0,No
2018,December,31/12/18,14.25.00,Collision with vehicle,Sunday,No,Day,Other injury accident,80 km/hr,145.19967,-37.92364,Non-Intersection,MONASH,Metro,3,0,2,1,1,0,0,No
2018,December,31/12/18,16.55.00,Collision with vehicle,Monday,No,Day,Other injury accident,70 km/hr,144.41785,-38.17776,Non-Intersection,GEELONG,Country,4,0,1,3,2,0,0,No
2018,December,31/12/18,17.40.00,Collision with vehicle,Monday,No,Day,Other injury accident,80 km/hr,145.31441,-38.18019,Intersection,CASEY,Metro,2,0,2,0,0,0,0,No
2018,December,31/12/18,17.35.00,Collision with vehicle,Monday,No,Day,Other injury accident,60 km/hr,144.97761,-37.84847,Non-Intersection,PORT PHILLIP,Metro,5,0,3,2,3,0,1,No
2018,December,31/12/18,16.20.00,Collision with vehicle,Monday,No,Day,Other injury accident,60 km/hr,145.12803,-37.88478,Non-Intersection,MONASH,Metro,4,0,2,2,2,0,0,No
2018,December,31/12/18,18.15.00,Collision with vehicle,Monday,No,Day,Other injury accident,60 km/hr,144.56667,-37.69217,Intersection,MELTON,Metro,2,0,1,1,0,0,0,No
2018,December,31/12/18,18.30.00,Collision with object,Monday,No,Day,Other injury accident,50 km/hr,144.35283,-38.18271,Intersection,GEELONG,Country,1,0,0,1,0,0,0,No
2018,December,31/12/18,18.15.00,Collision with vehicle,Sunday,No,Day,Other injury accident,110 km/hr,146.89355,-36.1106,Non-Intersection,WODONGA,Country,3,0,1,2,1,0,0,No
2018,December,31/12/18,18.15.00,No collision and no object struck,Sunday,No,Day,Serious injury accident,60 km/hr,145.20246,-37.57937,Non-Intersection,NILLUMBIK,Metro,1,0,1,0,0,0,0,No
2018,December,31/12/18,23.00.00,Collision with object,Monday,No,Dark,Other injury accident,80 km/hr,145.11247,-37.91285,Non-Intersection,MONASH,Metro,2,0,1,0,1,0,1,Yes
2018,December,31/12/18,19.25.00,Collision with vehicle,Monday,No,Day,Other injury accident,60 km/hr,145.16349,-37.99014,Non-Intersection,DANDENONG,Metro,4,0,2,2,1,0,0,No
2018,December,31/12/18,21.44.00,Collision with vehicle,Sunday,No,Dark,Other injury accident,50 km/hr,145.24589,-38.06471,Non-Intersection,CASEY,Metro,1,0,1,0,0,0,0,No
2018,December,31/12/18,18.16.00,Collision with object,Monday,No,Day,Other injury accident,100 km/hr,142.36158,-36.81952,Non-Intersection,HORSHAM,Country,2,0,1,1,1,0,0,No
2018,December,31/12/18,22.00.00,No collision and no object struck,Sunday,Yes,Dark,Other injury accident,50 km/hr,145.04943,-38.24119,Non-Intersection,MORNINGTON PENINSULA,Metro,2,0,0,1,0,0,0,No